family_id	head	size	book_hits	raw_hits	book_members	peak_word	charged	labelled	charged_pct	pos_ct	neg_ct	contrast	held	done	eligible
oewn-01429048-v	sleep together	29	1843	24739	13	have	26	29	0.9	25	1	1	0	0	1
oewn-00064841-v	suffer	27	1338	21608	24	have	19	27	0.7	0	19	0	0	0	1
oewn-02488014-v	murder	10	1209	1452	8	off	9	10	0.9	0	9	0	0	0	1
oewn-02677669-v	satisfy	10	695	8088	8	do	8	10	0.8	4	4	1	0	0	1
oewn-00690278-v	trust	16	606	4082	16	look	15	16	0.94	15	0	0	0	0	1
oewn-02534046-v	fail	39	442	4121	19	miss	34	39	0.87	0	34	0	0	0	1
oewn-00597330-v	know	10	417	3663	5	know	7	10	0.7	7	0	0	0	0	1
oewn-00620568-v	identify	11	356	3127	6	tell	9	11	0.82	0	9	0	0	0	1
oewn-00695834-v	respect	12	354	909	9	fear	12	12	1.0	12	0	0	0	0	1
oewn-00205454-v	better	21	322	983	16	better	19	21	0.9	16	3	1	0	0	1
oewn-01801358-v	grieve	8	288	331	8	pity	8	8	1.0	0	8	0	0	0	1
oewn-00727236-v	surprise	14	277	916	7	catch	11	14	0.79	5	6	1	0	0	1
oewn-01796596-v	pain	11	256	1085	9	try	10	11	0.91	4	6	1	0	0	1
oewn-00611237-v	remember	9	245	1503	8	mind	8	9	0.89	5	3	1	0	0	1
oewn-01797206-v	hurt	16	238	440	15	spite	13	16	0.81	0	13	0	0	0	1
oewn-02156396-v	watch	9	235	1279	6	mind	9	9	1.0	9	0	0	0	0	1
oewn-02581157-v	deceive	33	202	663	24	fool	23	33	0.7	3	20	1	0	0	1
oewn-02462665-v	respect	9	201	696	8	observe	8	9	0.89	8	0	0	0	0	1
oewn-01810472-v	capture	15	174	1968	13	work	13	15	0.87	13	0	0	0	0	1
oewn-02550045-v	gamble	11	171	441	7	chance	9	11	0.82	8	1	1	0	0	1
oewn-02513385-v	trouble	9	171	556	8	trouble	9	9	1.0	0	9	0	0	0	1
oewn-01811849-v	attract	16	156	689	14	catch	15	16	0.94	15	0	0	0	0	1
oewn-02329474-v	lend	11	151	1065	9	bring	9	11	0.82	8	1	1	0	0	1
oewn-00635105-v	speculate	14	144	523	8	suppose	11	14	0.79	11	0	0	0	0	1
oewn-02459338-v	back	10	135	1299	7	back	8	10	0.8	8	0	0	0	0	1
oewn-01148517-v	strive	10	131	730	5	trouble	10	10	1.0	2	8	1	0	0	1
oewn-01778057-v	hate	10	131	180	9	hate	10	10	1.0	0	10	0	0	0	1
oewn-00663742-v	check	13	129	1271	9	follow	13	13	1.0	13	0	0	0	0	1
oewn-00064660-v	indispose	16	127	600	10	wear	16	16	1.0	12	4	1	0	0	1
oewn-00074774-v	tire	20	117	602	10	wear	15	20	0.75	12	3	1	0	0	1
oewn-02355171-v	rid	10	115	632	6	clear	8	10	0.8	6	2	1	0	0	1
oewn-02725274-v	tend	8	112	1056	6	run	6	8	0.75	6	0	0	0	0	1
oewn-00839722-v	feign	12	109	385	7	mouth	9	12	0.75	0	9	0	0	0	1
oewn-01040538-v	chew the fat	19	107	467	6	visit	14	19	0.74	14	0	0	0	0	1
oewn-02551275-v	risk	9	103	255	6	adventure	8	9	0.89	0	8	0	0	0	1
oewn-00799092-v	refuse	13	100	336	11	refuse	10	13	0.77	0	10	0	0	0	1
oewn-01802947-v	disappoint	8	88	252	5	fail	8	8	1.0	4	4	1	0	0	1
oewn-01885173-v	roll	16	87	540	13	roll	12	16	0.75	0	12	0	0	0	1
oewn-02197640-v	spot	14	87	447	11	resolve	13	14	0.93	13	0	0	0	0	1
oewn-00826456-v	call on the carpet	27	76	298	13	jaw	27	27	1.0	0	27	0	0	0	1
oewn-00249545-v	progress	9	76	368	7	advance	7	9	0.78	7	0	0	0	0	1
oewn-01812341-v	disgust	12	73	262	7	shock	12	12	1.0	0	12	0	0	0	1
oewn-00843665-v	denounce	11	65	278	8	grass	10	11	0.91	0	10	0	0	0	1
oewn-00478872-v	mar	13	64	236	12	cloud	13	13	1.0	0	13	0	0	0	1
oewn-01803805-v	humiliate	12	64	194	12	humble	12	12	1.0	0	12	0	0	0	1
oewn-00798638-v	reject	11	59	181	10	avoid	10	11	0.91	0	10	0	0	0	1
oewn-00860817-v	cheer	11	52	188	6	rejoice	11	11	1.0	11	0	0	0	0	1
oewn-00022679-v	stimulate	23	51	212	15	animate	17	23	0.74	17	0	0	0	0	1
oewn-02427126-v	free	14	51	783	10	clear	10	14	0.71	8	2	1	0	0	1
oewn-02581808-v	flim-flam	9	50	53	4	trick	8	9	0.89	0	8	0	0	0	1
oewn-01766380-v	agitate	12	45	346	7	charge	10	12	0.83	0	10	0	0	0	1
oewn-00905999-v	acquit	9	37	321	7	clear	7	9	0.78	6	1	1	0	0	1
oewn-01794768-v	confuse	8	35	120	7	confuse	6	8	0.75	0	6	0	0	0	1
oewn-01812736-v	repel	9	34	90	7	disgust	9	9	1.0	0	9	0	0	0	1
oewn-01815703-v	elate	13	31	114	9	puff	13	13	1.0	12	1	1	0	0	1
oewn-02582588-v	cheat on	8	29	145	4	wander	7	8	0.88	0	7	0	0	0	1
oewn-02064997-v	flinch	10	26	69	7	shrink	8	10	0.8	0	8	0	0	0	1
oewn-02585532-v	corrupt	22	24	73	12	poison	19	22	0.86	6	13	1	0	0	1
oewn-00258155-v	expand	9	23	125	5	swell	8	9	0.89	3	5	1	0	0	1
oewn-00770823-v	wheedle	11	22	34	6	bully	11	11	1.0	10	1	1	0	0	1
oewn-00273709-v	inure	10	22	31	4	prepare for	7	10	0.7	0	7	0	0	0	1
oewn-02583006-v	fudge	8	22	105	5	cook	7	8	0.88	0	7	0	0	0	1
oewn-01804404-v	take down	8	21	85	6	disgrace	6	8	0.75	0	6	0	0	0	1
oewn-02539728-v	waive	8	19	109	7	kick	6	8	0.75	0	6	0	0	0	1
oewn-01800044-v	rage	17	18	54	2	rage	17	17	1.0	0	17	0	0	0	1
oewn-00208618-v	worsen	8	18	50	7	exasperate	6	8	0.75	1	5	1	0	0	1
oewn-00843259-v	denounce	8	14	85	4	condemn	7	8	0.88	0	7	0	0	0	1
oewn-00848188-v	defame	15	10	20	7	smear	11	15	0.73	9	2	1	0	0	1
oewn-02609706-v	exist	114	20373	213162	100	be	32	114	0.28	25	7	1	0	0	0
oewn-02622439-v	be	37	14073	150426	35	be	14	37	0.38	14	0	0	0	0	0
oewn-02372362-v	act	486	13752	180136	419	have	84	486	0.17	38	46	1	0	1	0
oewn-02415985-v	work	36	6826	53285	24	be	0	36	0.0	0	0	0	0	0	0
oewn-02661230-v	be	65	6496	78745	56	be	3	65	0.05	1	2	1	0	0	0
oewn-00126072-v	change	833	6088	48535	394	go	153	833	0.18	77	76	1	0	0	0
oewn-02681865-v	refer	41	5150	52683	32	be	2	41	0.05	2	0	0	0	0	0
oewn-02208144-v	have	43	5141	68448	41	have	9	43	0.21	7	2	1	0	0	0
oewn-02703567-v	embody	7	4717	46352	7	be	0	7	0.0	0	0	0	0	0	0
oewn-00117793-v	stay	12	4474	48733	7	be	2	12	0.17	0	2	0	0	0	0
oewn-02626667-v	constitute	18	4471	55164	17	be	1	18	0.06	1	0	0	0	0	0
oewn-01839438-v	travel	264	4409	51028	211	do	23	264	0.09	1	22	1	0	0	0
oewn-00109468-v	change	338	4370	65427	188	have	51	338	0.15	24	27	1	0	0	0
oewn-00837915-v	typify	12	4295	46689	9	be	3	12	0.25	3	0	0	0	0	0
oewn-02620216-v	be	5	4267	46446	5	be	0	5	0.0	0	0	0	0	0	0
oewn-02670846-v	equal	9	4236	46028	8	be	0	9	0.0	0	0	0	0	0	0
oewn-02272834-v	take	4	4233	48329	4	be	0	4	0.0	0	0	0	0	0	0
oewn-02450790-v	be	4	4191	46253	4	be	0	4	0.0	0	0	0	0	0	0
oewn-02708368-v	cost	6	4185	45857	5	be	0	6	0.0	0	0	0	0	0	0
oewn-01829179-v	desire	30	3717	11388	26	like	19	30	0.63	16	3	1	0	0	0
oewn-01620211-v	make	129	3555	41293	107	do	1	129	0.01	1	0	0	0	0	0
oewn-02215637-v	get	85	3527	63880	75	have	4	85	0.05	4	0	0	0	0	0
oewn-00153083-v	increase	43	3340	4564	33	up	3	43	0.07	3	0	0	0	0	0
oewn-00630153-v	think	92	3242	28760	68	see	23	92	0.25	12	11	1	0	0	0
oewn-00942415-v	express	46	2720	20370	37	say	13	46	0.28	0	13	0	0	1	0
oewn-02110960-v	perceive	31	2572	29400	28	have	6	31	0.19	5	1	1	0	0	0
oewn-00935783-v	unwrap	36	2560	8851	25	out	0	36	0.0	0	0	0	0	0	0
oewn-01011267-v	state	37	2496	20247	32	say	4	37	0.11	0	4	0	0	0	0
oewn-02209474-v	own	4	2412	19037	4	have	0	4	0.0	0	0	0	0	0	0
oewn-00772482-v	induce	56	2364	35554	47	have	1	56	0.02	0	1	0	0	0	0
oewn-01775456-v	feel	81	2285	9553	66	like	55	81	0.68	25	30	1	0	0	0
oewn-02112480-v	experience	10	2245	43198	9	have	1	10	0.1	1	0	0	0	0	0
oewn-01854282-v	move	201	2232	22679	156	place	6	201	0.03	3	3	1	0	0	0
oewn-01994295-v	surface	10	2194	2741	8	well	0	10	0.0	0	0	0	0	0	0
oewn-01835473-v	move	211	2164	19594	178	take	18	211	0.09	2	16	1	0	0	0
oewn-00742582-v	communicate	72	2164	17731	54	get	12	72	0.17	6	6	1	0	0	0
oewn-02636270-v	have	30	2107	30594	29	have	1	30	0.03	1	0	0	0	0	0
oewn-01496967-v	put	119	2091	13832	92	place	1	119	0.01	1	0	0	0	0	0
oewn-02134989-v	look	35	2007	5235	24	look	6	35	0.17	5	1	1	0	1	0
oewn-02139137-v	appear	5	1957	6496	5	look	0	5	0.0	0	0	0	0	0	0
oewn-00145958-v	change state	180	1875	20832	96	go	16	180	0.09	9	7	1	0	1	0
oewn-00944022-v	talk	104	1851	12007	67	say	7	104	0.07	0	7	0	0	1	0
oewn-02655932-v	populate	28	1794	2782	20	room	1	28	0.04	1	0	0	0	0	0
oewn-01146304-v	hunt	25	1767	3355	17	whale	0	25	0.0	0	0	0	0	0	0
oewn-00833312-v	inform	85	1731	10248	68	tell	27	85	0.32	13	14	1	0	0	0
oewn-01326622-v	kill	82	1644	3292	55	off	18	82	0.22	1	17	1	0	0	0
oewn-02137900-v	look	37	1583	11281	34	make	5	37	0.14	5	0	0	0	0	0
oewn-02332196-v	supply	136	1547	7495	86	give	1	136	0.01	0	1	0	0	0	0
oewn-00930591-v	convey	14	1546	11352	13	say	2	14	0.14	2	0	0	0	0	0
oewn-01335412-v	cover	105	1521	5809	82	face	2	105	0.02	1	1	1	0	0	0
oewn-01159300-v	consume	36	1503	23121	30	have	6	36	0.17	0	6	0	0	0	0
oewn-00281861-v	discolor	32	1497	3004	27	turn	0	32	0.0	0	0	0	0	0	0
oewn-00699355-v	decide	26	1477	7616	19	will	0	26	0.0	0	0	0	0	0	0
oewn-00120124-v	make	7	1454	27543	7	have	0	7	0.0	0	0	0	0	0	0
oewn-00692380-v	see	47	1435	12485	39	see	17	47	0.36	15	2	1	0	0	0
oewn-00596016-v	know	14	1435	13833	9	know	7	14	0.5	7	0	0	0	0	0
oewn-01832347-v	hanker	8	1425	1450	7	long	0	8	0.0	0	0	0	0	0	0
oewn-02112831-v	undergo	13	1377	26405	13	have	0	13	0.0	0	0	0	0	0	0
oewn-00945869-v	express	43	1334	4183	31	give	8	43	0.19	4	4	1	0	0	0
oewn-00672179-v	evaluate	61	1326	10986	52	think	12	61	0.2	7	5	1	0	0	0
oewn-02444366-v	direct	13	1316	25233	13	have	0	13	0.0	0	0	0	0	0	0
oewn-02382049-v	interact	55	1298	19114	38	have	7	55	0.13	4	3	1	0	0	0
oewn-02240906-v	accept	17	1293	23644	16	have	0	17	0.0	0	0	0	0	0	0
oewn-00050369-v	wear	10	1290	2258	10	don	0	10	0.0	0	0	0	0	0	0
oewn-01555301-v	cut	88	1272	2556	60	saw	1	88	0.01	0	1	0	0	0	0
oewn-02114674-v	experience	16	1264	17671	16	come	1	16	0.06	1	0	0	0	0	0
oewn-02205200-v	give	30	1242	6754	24	will	1	30	0.03	1	0	0	0	0	0
oewn-01649143-v	cause	32	1241	14176	29	do	0	32	0.0	0	0	0	0	0	0
oewn-02225243-v	transfer	22	1235	12267	18	go	1	22	0.05	1	0	0	0	0	0
oewn-02235554-v	pass	29	1228	8335	26	hand	5	29	0.17	5	0	0	0	0	0
oewn-01114241-v	score	20	1208	23628	16	have	0	20	0.0	0	0	0	0	0	0
oewn-00056644-v	give birth	24	1207	19493	19	have	0	24	0.0	0	0	0	0	0	0
oewn-00296959-v	adjust	50	1202	6919	27	time	5	50	0.1	5	0	0	0	0	0
oewn-00691086-v	think	22	1195	12662	19	see	1	22	0.05	1	0	0	0	0	0
oewn-00046251-v	dress	32	1185	2257	13	don	3	32	0.09	3	0	0	0	0	0
oewn-00206293-v	better	57	1154	5541	39	down	21	57	0.37	21	0	0	0	0	0
oewn-00010428-v	act	79	1152	17856	53	do	9	79	0.11	5	4	1	0	0	0
oewn-02214901-v	receive	12	1139	20894	12	have	1	12	0.08	1	0	0	0	0	0
oewn-00427534-v	emerge	6	1124	3869	6	out	1	6	0.17	1	0	0	0	0	0
oewn-02233837-v	bequeath	8	1122	4492	7	will	1	8	0.12	1	0	0	0	0	0
oewn-02409366-v	remove	26	1121	2993	19	can	0	26	0.0	0	0	0	0	0	0
oewn-00212840-v	preserve	14	1121	3092	9	can	0	14	0.0	0	0	0	0	0	0
oewn-00982485-v	give voice	17	1113	2714	8	ask	0	17	0.0	0	0	0	0	0	0
oewn-00985856-v	utter	108	1108	7722	74	give	9	108	0.08	1	8	1	0	0	0
oewn-00748704-v	order	12	1098	10264	12	say	0	12	0.0	0	0	0	0	0	0
oewn-00065410-v	suffer	13	1096	20376	11	have	7	13	0.54	0	7	0	0	0	0
oewn-02407967-v	displace	21	1088	2814	13	can	1	21	0.05	1	0	0	0	0	0
oewn-00120854-v	have	5	1088	18574	5	have	0	5	0.0	0	0	0	0	0	0
oewn-00748070-v	ordain	7	1081	3089	7	will	0	7	0.0	0	0	0	0	0	0
oewn-00340744-v	happen	58	1080	14832	46	go	1	58	0.02	1	0	0	0	0	0
oewn-01756303-v	produce	13	1065	18181	6	have	0	13	0.0	0	0	0	0	0	0
oewn-02003830-v	lead	13	1028	5271	11	take	4	13	0.31	0	4	0	0	0	0
oewn-01185006-v	provide	44	1027	4570	33	give	0	44	0.0	0	0	0	0	0	0
oewn-00980581-v	pronounce	46	1024	8526	18	say	2	46	0.04	1	1	1	0	0	0
oewn-01716563-v	perform	38	1005	16975	25	do	4	38	0.11	4	0	0	0	0	0
oewn-02690747-v	continue	17	997	8130	16	go	0	17	0.0	0	0	0	0	0	0
oewn-00755473-v	request	12	992	9931	10	say	0	12	0.0	0	0	0	0	0	0
oewn-02696550-v	lie	36	985	7690	28	look	1	36	0.03	0	1	0	0	0	0
oewn-01431486-v	copulate	44	968	5547	23	know	27	44	0.61	27	0	0	0	0	0
oewn-00173351-v	remove	208	964	10842	135	take	7	208	0.03	1	6	1	0	0	0
oewn-00721987-v	expect	17	948	5099	16	look	8	17	0.47	0	8	0	0	0	0
oewn-02009962-v	arrive	28	929	12604	24	come	2	28	0.07	2	0	0	0	0	0
oewn-00342215-v	proceed	10	902	14850	9	do	0	10	0.0	0	0	0	0	0	0
oewn-00721658-v	expect	21	892	5672	17	think	13	21	0.62	10	3	1	0	0	0
oewn-02714280-v	spend	15	878	8149	13	do	0	15	0.0	0	0	0	0	0	0
oewn-02024442-v	reach	28	870	16676	24	come	0	28	0.0	0	0	0	0	0	0
oewn-00490773-v	quantify	15	867	3757	10	time	0	15	0.0	0	0	0	0	0	0
oewn-00954556-v	tell	45	862	7653	33	tell	0	45	0.0	0	0	0	0	0	0
oewn-00803980-v	permit	46	854	6990	35	give	16	46	0.35	1	15	1	0	0	0
oewn-02624202-v	survive	13	854	6083	11	go	0	13	0.0	0	0	0	0	0	0
oewn-01828678-v	wish	4	851	3511	4	like	0	4	0.0	0	0	0	0	0	0
oewn-01818782-v	comfort	17	844	2838	14	still	4	17	0.24	4	0	0	0	0	0
oewn-02204104-v	give	64	835	8172	51	give	4	64	0.06	4	0	0	0	0	0
oewn-00676526-v	choose	53	829	10102	39	go	3	53	0.06	3	0	0	0	0	0
oewn-01639939-v	imagine	28	825	7092	14	see	6	28	0.21	2	4	1	0	0	0
oewn-02634015-v	necessitate	35	820	10089	30	take	4	35	0.11	2	2	1	0	0	0
oewn-02555993-v	care	16	808	7098	14	see	0	16	0.0	0	0	0	0	0	0
oewn-00688348-v	accept	22	790	5426	18	know	7	22	0.32	7	0	0	0	0	0
oewn-02464596-v	house	9	790	1589	7	house	0	9	0.0	0	0	0	0	0	0
oewn-00590283-v	understand	32	789	10095	29	see	5	32	0.16	3	2	1	0	0	0
oewn-00724156-v	concentrate	19	785	4978	16	think	0	19	0.0	0	0	0	0	0	0
oewn-01763170-v	arouse	53	774	3443	49	draw	16	53	0.3	3	13	1	0	0	0
oewn-00754770-v	request	43	770	5379	38	ask	2	43	0.05	1	1	1	0	0	0
oewn-02445109-v	head	11	769	3072	9	head	0	11	0.0	0	0	0	0	0	0
oewn-00924838-v	read	7	758	8437	7	say	0	7	0.0	0	0	0	0	0	0
oewn-01948551-v	boat	8	753	982	5	boat	0	8	0.0	0	0	0	0	0	0
oewn-00929020-v	speculate	7	750	7212	7	say	1	7	0.14	0	1	0	0	0	0
oewn-01151427-v	side	4	749	933	4	side	0	4	0.0	0	0	0	0	0	0
oewn-02738673-v	accommodate	6	748	2324	6	house	0	6	0.0	0	0	0	0	0	0
oewn-01104324-v	beat	54	747	1616	37	best	8	54	0.15	2	6	1	0	0	0
oewn-02180712-v	sound	120	739	7120	80	go	1	120	0.01	0	1	0	0	0	0
oewn-01781131-v	like	6	736	2920	6	like	5	6	0.83	5	0	0	0	0	0
oewn-00600349-v	learn	17	730	6112	13	see	7	17	0.41	4	3	1	0	0	0
oewn-00735655-v	align	4	729	734	2	side	0	4	0.0	0	0	0	0	0	0
oewn-01853188-v	come	23	721	5019	22	come	0	23	0.0	0	0	0	0	0	0
oewn-02710209-v	measure	6	717	2350	6	last	0	6	0.0	0	0	0	0	0	0
oewn-01672498-v	work	13	715	1502	7	work	0	13	0.0	0	0	0	0	0	0
oewn-01744489-v	till	5	714	1752	5	turn	0	5	0.0	0	0	0	0	0	0
oewn-00609334-v	remember	13	692	6764	11	know	1	13	0.08	1	0	0	0	0	0
oewn-00702806-v	determine	18	690	3311	13	time	2	18	0.11	0	2	0	0	0	0
oewn-01644397-v	carry through	16	684	7916	15	do	1	16	0.06	0	1	0	0	0	0
oewn-02135744-v	examine	25	680	7096	21	see	5	25	0.2	5	0	0	0	0	0
oewn-01643749-v	create	6	679	12609	6	do	0	6	0.0	0	0	0	0	0	0
oewn-00652006-v	distinguish	29	669	5515	16	know	13	29	0.45	4	9	1	0	0	0
oewn-02710788-v	last	9	650	2172	8	last	3	9	0.33	0	3	0	0	0	0
oewn-00137133-v	affect	51	645	4346	40	work	21	51	0.41	1	20	1	0	0	0
oewn-02685709-v	continue	20	642	7453	16	do	5	20	0.25	0	5	0	0	0	0
oewn-02535833-v	try	30	640	1924	21	try	11	30	0.37	8	3	1	0	0	0
oewn-00947287-v	recite	10	638	6832	6	say	0	10	0.0	0	0	0	0	0	0
oewn-01012145-v	declare	44	637	2281	38	account	5	44	0.11	0	5	0	0	0	0
oewn-00817348-v	answer	15	631	2498	13	answer	4	15	0.27	1	3	1	0	0	0
oewn-01656555-v	create from raw material	32	627	11127	27	make	0	32	0.0	0	0	0	0	0	0
oewn-00040084-v	groom	33	622	7943	18	do	4	33	0.12	4	0	0	0	0	0
oewn-01318273-v	search	27	622	3094	25	want	7	27	0.26	1	6	1	0	0	0
oewn-01959843-v	ride	27	616	905	14	boat	6	27	0.22	3	3	1	0	0	0
oewn-02675578-v	suffice	13	616	7685	10	do	8	13	0.62	3	5	1	0	0	0
oewn-00038562-v	dress	9	616	7940	6	do	0	9	0.0	0	0	0	0	0	0
oewn-01018787-v	assert	8	614	6573	7	say	0	8	0.0	0	0	0	0	0	0
oewn-01018011-v	allege	4	605	6525	4	say	0	4	0.0	0	0	0	0	0	0
oewn-00680201-v	schedule	5	598	2902	3	time	0	5	0.0	0	0	0	0	0	0
oewn-02566500-v	make	4	598	9667	4	do	0	4	0.0	0	0	0	0	0	0
oewn-00356912-v	change surface	33	595	2022	25	even	0	33	0.0	0	0	0	0	0	0
oewn-01987785-v	change posture	27	594	4016	23	right	0	27	0.0	0	0	0	0	0	0
oewn-02629610-v	become	19	593	8602	16	come	3	19	0.16	3	0	0	0	0	0
oewn-01161188-v	use	47	591	8640	35	take	12	47	0.26	9	3	1	0	0	0
oewn-02567910-v	do	12	585	8009	4	do	1	12	0.08	1	0	0	0	0	0
oewn-02013448-v	leave	65	581	6369	50	get	0	65	0.0	0	0	0	0	0	0
oewn-00964479-v	talk	36	581	2548	21	speak	3	36	0.08	1	2	1	0	0	0
oewn-00353480-v	end	43	577	5371	35	end	1	43	0.02	0	1	0	0	0	0
oewn-00407168-v	fix	31	573	3594	22	work	2	31	0.06	0	2	0	0	0	0
oewn-02651923-v	count	5	573	1007	5	matter	0	5	0.0	0	0	0	0	0	0
oewn-02663315-v	match	46	571	4291	35	look	14	46	0.3	13	1	1	0	0	0
oewn-01208838-v	touch	33	561	4662	27	feel	0	33	0.0	0	0	0	0	0	0
oewn-00710367-v	intend	10	561	4369	10	think	0	10	0.0	0	0	0	0	0	0
oewn-02574587-v	practice	6	560	7010	4	do	0	6	0.0	0	0	0	0	0	0
oewn-00756987-v	demand	9	555	3298	8	want	1	9	0.11	0	1	0	0	0	0
oewn-01806476-v	express emotion	12	552	1745	7	cry	2	12	0.17	0	2	0	0	1	0
oewn-01191258-v	want	5	551	2546	5	want	1	5	0.2	0	1	0	0	0	0
oewn-02615799-v	end	32	550	6780	31	go	6	32	0.19	2	4	1	0	0	0
oewn-02561834-v	support	24	548	2690	18	back	5	24	0.21	5	0	0	0	0	0
oewn-02595401-v	consort	13	546	3723	10	see	0	13	0.0	0	0	0	0	0	0
oewn-02445887-v	control	42	540	3973	29	head	1	42	0.02	1	0	0	0	0	0
oewn-00463047-v	suppress	19	539	1687	12	still	0	19	0.0	0	0	0	0	0	0
oewn-00799359-v	accept	21	535	3954	17	give	10	21	0.48	10	0	0	0	0	0
oewn-01908923-v	walk	93	534	2165	68	walk	14	93	0.15	0	14	0	0	0	0
oewn-02271905-v	spend	41	532	4358	32	place	2	41	0.05	0	2	0	0	0	0
oewn-02026953-v	meet	13	532	6162	13	see	0	13	0.0	0	0	0	0	0	0
oewn-02529837-v	succeed	34	522	4617	28	pass	1	34	0.03	1	0	0	0	0	0
oewn-02158938-v	detect	19	522	6068	16	see	8	19	0.42	8	0	0	0	0	0
oewn-00633399-v	think	8	521	4025	8	think	0	8	0.0	0	0	0	0	0	0
oewn-02168177-v	spy	11	516	2923	11	find	0	11	0.0	0	0	0	0	0	0
oewn-00719282-v	react	27	515	2854	24	answer	9	27	0.33	5	4	1	0	0	0
oewn-01153576-v	aim	19	508	7402	17	take	0	19	0.0	0	0	0	0	0	0
oewn-00790226-v	probe	8	503	2339	7	hear	2	8	0.25	2	0	0	0	0	0
oewn-02057865-v	approach	15	502	1311	12	close	0	15	0.0	0	0	0	0	0	0
oewn-01343121-v	fasten	82	499	2785	67	stay	4	82	0.05	4	0	0	0	0	0
oewn-00685199-v	believe	8	491	2117	8	believe	3	8	0.38	2	1	1	0	0	0
oewn-02174146-v	hear	6	491	4540	6	get	0	6	0.0	0	0	0	0	0	0
oewn-01130619-v	protect	29	485	2857	23	keep	14	29	0.48	0	14	0	0	0	0
oewn-01309802-v	flush	8	483	1863	5	even	0	8	0.0	0	0	0	0	0	0
oewn-01299048-v	attach	57	482	2960	48	enter	2	57	0.04	0	2	0	0	0	0
oewn-02175483-v	listen	4	482	1841	4	hear	0	4	0.0	0	0	0	0	0	0
oewn-01013058-v	affirm	15	481	5636	15	take	3	15	0.2	3	0	0	0	0	0
oewn-02662486-v	shelter	9	478	982	8	house	0	9	0.0	0	0	0	0	0	0
oewn-02686624-v	discontinue	65	475	4288	49	part	8	65	0.12	0	8	0	0	0	0
oewn-01002259-v	record	39	474	5200	33	take	0	39	0.0	0	0	0	0	0	0
oewn-00149403-v	become	13	474	11516	11	go	3	13	0.23	0	3	0	0	0	0
oewn-00598039-v	know	6	474	4237	4	know	0	6	0.0	0	0	0	0	0	0
oewn-01402698-v	hit	63	472	4502	40	get	14	63	0.22	0	14	0	0	0	0
oewn-02418610-v	work	46	468	2538	23	work	3	46	0.07	2	1	1	0	0	0
oewn-02463535-v	relate	31	466	5527	27	come	10	31	0.32	9	1	1	0	0	0
oewn-01297878-v	join	36	463	2220	23	close	1	36	0.03	0	1	0	0	0	0
oewn-00346415-v	get down	34	462	6821	27	get	1	34	0.03	1	0	0	0	0	0
oewn-01110559-v	get the better of	29	462	2445	23	down	0	29	0.0	0	0	0	0	0	0
oewn-02555278-v	attend	6	462	5920	6	see	0	6	0.0	0	0	0	0	0	0
oewn-02020375-v	enter	27	460	1180	20	enter	4	27	0.15	0	4	0	0	0	0
oewn-02008888-v	return	18	460	2342	13	home	0	18	0.0	0	0	0	0	0	0
oewn-01954657-v	transport	10	458	1307	9	ship	0	10	0.0	0	0	0	0	0	0
oewn-02230274-v	save	9	457	1138	8	enter	0	9	0.0	0	0	0	0	0	0
oewn-00069650-v	injure	40	455	2742	29	turn	12	40	0.3	0	12	0	0	0	0
oewn-00674352-v	estimate	20	455	7916	11	make	1	20	0.05	0	1	0	0	0	0
oewn-00047662-v	dress	31	454	1009	20	dress	5	31	0.16	3	2	1	0	0	0
oewn-02691775-v	run	15	451	9788	13	go	2	15	0.13	2	0	0	0	0	0
oewn-01820398-v	satisfy	6	450	1271	6	please	4	6	0.67	4	0	0	0	0	0
oewn-00276406-v	regularize	4	448	1343	1	even	0	4	0.0	0	0	0	0	0	0
oewn-01412877-v	strike	35	447	3095	27	down	0	35	0.0	0	0	0	0	0	0
oewn-02614382-v	begin	14	444	6063	12	come	0	14	0.0	0	0	0	0	0	0
oewn-00768463-v	persuade	30	443	3916	21	make	10	30	0.33	10	0	0	0	0	0
oewn-02506551-v	hear	4	443	2122	2	hear	0	4	0.0	0	0	0	0	0	0
oewn-02699161-v	front	4	442	3606	4	look	0	4	0.0	0	0	0	0	0	0
oewn-01768652-v	calm	20	441	1542	13	still	9	20	0.45	9	0	0	0	0	0
oewn-02139513-v	sound	10	441	5930	8	go	2	10	0.2	1	1	1	0	0	0
oewn-01635076-v	create by mental act	39	439	4772	24	make	4	39	0.1	0	4	0	0	0	0
oewn-01022014-v	note	10	439	1665	10	watch	0	10	0.0	0	0	0	0	0	0
oewn-02638434-v	miss	6	439	3038	6	miss	1	6	0.17	0	1	0	0	0	0
oewn-01185870-v	fit	27	437	2565	20	answer	13	27	0.48	10	3	1	0	0	0
oewn-02133754-v	see	8	437	6499	6	see	1	8	0.12	1	0	0	0	0	0
oewn-01663142-v	shape	37	430	2500	23	work	5	37	0.14	5	0	0	0	0	0
oewn-01139564-v	shoot	9	427	2562	7	down	0	9	0.0	0	0	0	0	0	0
oewn-00656296-v	classify	23	425	1275	16	sort	3	23	0.13	0	3	0	0	0	0
oewn-01668067-v	cook	21	425	4921	14	make	0	21	0.0	0	0	0	0	0	0
oewn-01916152-v	traverse	19	424	4524	15	take	0	19	0.0	0	0	0	0	0	0
oewn-02630344-v	originate	15	424	6200	14	come	0	15	0.0	0	0	0	0	0	0
oewn-01779085-v	love	9	422	1512	8	love	3	9	0.33	3	0	0	0	0	0
oewn-01935739-v	steer	25	421	2408	19	head	0	25	0.0	0	0	0	0	0	0
oewn-01159815-v	consume	33	418	2758	29	pass	8	33	0.24	4	4	1	0	0	0
oewn-02005890-v	chase	15	418	1011	15	dog	0	15	0.0	0	0	0	0	0	0
oewn-00156409-v	increase	40	416	2217	32	rise	1	40	0.03	1	0	0	0	0	0
oewn-00994073-v	gesticulate	28	416	1536	23	shake	0	28	0.0	0	0	0	0	0	0
oewn-01172332-v	drink	25	416	2491	16	down	9	25	0.36	9	0	0	0	0	0
oewn-00252905-v	develop	37	414	1726	27	grow	10	37	0.27	10	0	0	0	0	0
oewn-01996535-v	advance	38	413	6252	29	go	0	38	0.0	0	0	0	0	0	0
oewn-02154940-v	watch	9	412	4855	8	see	0	9	0.0	0	0	0	0	1	0
oewn-00142011-v	shape	39	408	4166	33	turn	4	39	0.1	4	0	0	0	0	0
oewn-02311442-v	levy	10	407	1040	6	lay	1	10	0.1	0	1	0	0	0	0
oewn-00646245-v	analyze	38	405	2399	30	name	14	38	0.37	14	0	0	0	0	0
oewn-02531751-v	achieve	18	405	5198	16	make	1	18	0.06	0	1	0	0	0	0
oewn-00462448-v	hush	12	405	1380	7	still	0	12	0.0	0	0	0	0	0	0
oewn-01111670-v	outdo	8	404	413	4	best	3	8	0.38	3	0	0	0	0	0
oewn-01589983-v	enclose	40	396	1162	29	case	0	40	0.0	0	0	0	0	0	0
oewn-01452567-v	transport	23	396	5535	23	take	3	23	0.13	0	3	0	0	0	0
oewn-01407698-v	hit	48	395	3131	38	carry	1	48	0.02	0	1	0	0	0	0
oewn-00474948-v	polish	12	393	2214	9	down	6	12	0.5	6	0	0	0	0	0
oewn-00465234-v	align	17	389	552	5	true	0	17	0.0	0	0	0	0	0	0
oewn-00122978-v	change	56	388	4524	40	break	8	56	0.14	2	6	1	0	0	0
oewn-02004900-v	pursue	14	384	1214	14	follow	0	14	0.0	0	0	0	0	0	0
oewn-01771801-v	affect	34	383	2743	24	strike	3	34	0.09	2	1	1	0	0	0
oewn-02081903-v	bring	20	381	5463	19	take	1	20	0.05	0	1	0	0	0	0
oewn-00072742-v	excrete	58	378	6772	21	make	0	58	0.0	0	0	0	0	0	0
oewn-00809123-v	object	13	378	1308	7	mind	1	13	0.08	0	1	0	0	0	0
oewn-01911251-v	turn	57	375	3328	37	turn	1	57	0.02	0	1	0	0	0	0
oewn-00138328-v	change by reversal	36	373	2849	21	turn	5	36	0.14	5	0	0	0	0	0
oewn-02158139-v	search	10	373	2971	10	look	1	10	0.1	1	0	0	0	0	0
oewn-01158153-v	bet	12	371	5342	9	see	0	12	0.0	0	0	0	0	0	0
oewn-02548492-v	obey	8	371	1748	7	mind	1	8	0.12	1	0	0	0	0	0
oewn-01559703-v	separate	33	370	2573	24	part	0	33	0.0	0	0	0	0	0	0
oewn-00915018-v	shout	28	367	2194	20	call	7	28	0.25	1	6	1	0	0	0
oewn-02441196-v	manage	25	367	3125	19	mind	3	25	0.12	0	3	0	0	0	0
oewn-01694952-v	write	16	364	1540	13	letter	1	16	0.06	0	1	0	0	0	0
oewn-01199335-v	eat up	11	363	2132	8	down	0	11	0.0	0	0	0	0	0	0
oewn-02475258-v	unite	27	361	801	15	marry	0	27	0.0	0	0	0	0	0	0
oewn-02273988-v	conserve	5	361	363	4	husband	0	5	0.0	0	0	0	0	0	0
oewn-00636134-v	reason	19	360	2972	15	find	2	19	0.11	2	0	0	0	0	0
oewn-00193180-v	enliven	12	360	395	5	spirit	7	12	0.58	7	0	0	0	0	0
oewn-02632685-v	become	11	360	5289	8	come	0	11	0.0	0	0	0	0	0	0
oewn-00736371-v	think about	6	359	4072	6	take	1	6	0.17	1	0	0	0	0	0
oewn-00624823-v	interpret	29	357	7097	17	see	6	29	0.21	0	6	0	0	0	0
oewn-00261534-v	repair	27	356	1802	16	point	0	27	0.0	0	0	0	0	0	0
oewn-00592510-v	understand	19	355	3996	15	see	2	19	0.11	2	0	0	0	0	0
oewn-02173796-v	observe	18	355	4785	12	see	3	18	0.17	3	0	0	0	0	0
oewn-02493222-v	visit	9	354	7506	9	see	3	9	0.33	3	0	0	0	0	0
oewn-00761546-v	plead	10	351	644	10	pray	0	10	0.0	0	0	0	0	0	0
oewn-00995046-v	write	31	350	2088	25	write	2	31	0.06	0	2	0	0	0	0
oewn-00031813-v	laugh	21	349	476	11	laugh	3	21	0.14	0	3	0	0	1	0
oewn-00632042-v	chew over	23	348	1390	17	question	3	23	0.13	2	1	1	0	0	0
oewn-00701581-v	determine	21	346	3183	16	place	0	21	0.0	0	0	0	0	0	0
oewn-01079008-v	move	17	346	5949	12	go	3	17	0.18	0	3	0	0	0	0
oewn-00730579-v	recognize	7	345	3410	5	know	6	7	0.86	6	0	0	0	0	0
oewn-00661773-v	rank	5	345	5122	5	come	0	5	0.0	0	0	0	0	0	0
oewn-01978076-v	raise	37	341	1990	28	wind	0	37	0.0	0	0	0	0	0	0
oewn-00830768-v	teach	27	340	1709	22	talk	4	27	0.15	3	1	1	0	0	0
oewn-02149298-v	hide	27	340	1200	23	hide	0	27	0.0	0	0	0	0	0	0
oewn-00427911-v	disappear	23	340	5892	16	go	8	23	0.35	2	6	1	0	0	0
oewn-00828170-v	knock	54	339	1512	35	round	40	54	0.74	0	40	0	0	1	0
oewn-01974840-v	descend	45	339	3099	36	light	0	45	0.0	0	0	0	0	0	0
oewn-01466592-v	arrange	56	338	2892	40	set	0	56	0.0	0	0	0	0	0	0
oewn-00014398-v	rest	7	338	1064	4	sleep	0	7	0.0	0	0	0	0	0	0
oewn-01547474-v	lay	12	337	1870	7	lay	0	12	0.0	0	0	0	0	0	0
oewn-00909100-v	complain	41	336	644	25	plain	26	41	0.63	0	26	0	0	1	0
oewn-01092746-v	contend	36	336	1309	24	settle	5	36	0.14	0	5	0	0	0	0
oewn-00014735-v	sleep	17	336	636	8	sleep	0	17	0.0	0	0	0	0	0	0
oewn-00775012-v	present	11	336	2481	11	face	0	11	0.0	0	0	0	0	0	0
oewn-00065962-v	cry	14	335	1281	9	cry	13	14	0.93	0	13	0	0	1	0
oewn-02553283-v	help	22	332	1473	19	help	4	22	0.18	4	0	0	0	0	0
oewn-01401573-v	beat	15	332	1161	11	full	0	15	0.0	0	0	0	0	0	0
oewn-01548665-v	rest	7	329	2591	7	stand	0	7	0.0	0	0	0	0	0	0
oewn-00349400-v	begin	18	328	2951	15	begin	0	18	0.0	0	0	0	0	0	0
oewn-00965602-v	speak	5	327	1733	5	speak	2	5	0.4	1	1	1	0	0	0
oewn-01849662-v	travel	10	326	701	7	sail	0	10	0.0	0	0	0	0	0	0
oewn-01679858-v	decorate	70	324	1383	46	hang	3	70	0.04	2	1	1	0	0	0
oewn-02519853-v	treat	44	324	1176	21	step	18	44	0.41	1	17	1	0	0	0
oewn-01242426-v	down	6	324	1943	4	down	0	6	0.0	0	0	0	0	0	0
oewn-01646466-v	effect	18	323	3683	16	get	0	18	0.0	0	0	0	0	0	0
oewn-00858506-v	praise	27	322	578	20	compliment	15	27	0.56	15	0	0	0	1	0
oewn-02070867-v	run	31	321	1659	29	run	0	31	0.0	0	0	0	0	0	0
oewn-01108050-v	surpass	41	320	1798	21	better	9	41	0.22	8	1	1	0	0	0
oewn-00725311-v	occur	5	320	4520	5	come	2	5	0.4	2	0	0	0	0	0
oewn-02560630-v	promote	17	319	1731	15	help	7	17	0.41	7	0	0	0	0	0
oewn-01850858-v	travel	7	318	1501	7	ship	0	7	0.0	0	0	0	0	0	0
oewn-02019450-v	exit	23	316	6000	20	go	0	23	0.0	0	0	0	0	0	0
oewn-00616690-v	neglect	13	316	2302	11	miss	4	13	0.31	0	4	0	0	0	0
oewn-00955248-v	tell	9	315	2058	7	tell	0	9	0.0	0	0	0	0	0	0
oewn-02403605-v	ennoble	8	314	399	5	lord	2	8	0.25	2	0	0	0	0	0
oewn-00899241-v	ask	10	313	1713	10	ask	0	10	0.0	0	0	0	0	0	0
oewn-00638921-v	calculate	44	312	1649	28	reckon	3	44	0.07	1	2	1	0	0	0
oewn-00359085-v	die	31	311	5782	20	go	4	31	0.13	0	4	0	0	1	0
oewn-02648041-v	delay	20	311	677	14	table	0	20	0.0	0	0	0	0	0	0
oewn-00732037-v	think of	9	311	1970	8	mean	0	9	0.0	0	0	0	0	0	0
oewn-01488938-v	encase	8	311	728	7	case	0	8	0.0	0	0	0	0	0	0
oewn-02731589-v	refrain	28	310	2254	21	leave	7	28	0.25	0	7	0	0	0	0
oewn-02414542-v	hire	15	309	1725	11	ship	0	15	0.0	0	0	0	0	0	0
oewn-00658931-v	categorize	8	308	655	5	sort	0	8	0.0	0	0	0	0	0	0
oewn-00893836-v	thank	5	307	419	4	thank	0	5	0.0	0	0	0	0	0	0
oewn-00834860-v	inform	4	305	1972	3	tell	0	4	0.0	0	0	0	0	0	0
oewn-01783082-v	frighten	18	304	406	13	alarm	4	18	0.22	3	1	1	0	0	0
oewn-00898754-v	greet	17	304	1957	17	wish	2	17	0.12	1	1	1	0	0	0
oewn-00813037-v	avoid	29	302	2155	23	miss	5	29	0.17	0	5	0	0	0	0
oewn-00666401-v	verify	21	301	4270	18	see	1	21	0.05	1	0	0	0	0	0
oewn-01765558-v	stimulate	31	300	1096	29	shake	19	31	0.61	11	8	1	0	0	0
oewn-02344167-v	yield	9	298	4178	9	give	0	9	0.0	0	0	0	0	0	0
oewn-00747485-v	order	6	298	3051	5	place	0	6	0.0	0	0	0	0	0	0
oewn-02458316-v	prevent	41	297	1396	29	stop	7	41	0.17	5	2	1	0	0	0
oewn-01438013-v	transmit	17	297	4850	15	get	0	17	0.0	0	0	0	0	0	0
oewn-00666706-v	prove	14	297	2694	12	find	9	14	0.64	7	2	1	0	0	0
oewn-02133338-v	witness	4	297	5078	4	see	0	4	0.0	0	0	0	0	0	0
oewn-01208316-v	touch	34	295	1835	32	meet	5	34	0.15	0	5	0	0	0	0
oewn-01774422-v	disturb	19	294	1305	17	trouble	8	19	0.42	0	8	0	0	0	0
oewn-00078513-v	treat	41	292	1390	24	doctor	1	41	0.02	1	0	0	0	0	0
oewn-01566925-v	destroy	36	292	4333	26	get	12	36	0.33	0	12	0	0	0	0
oewn-00670017-v	digest	22	292	2272	18	stand	14	22	0.64	0	14	0	0	0	0
oewn-00933429-v	denote	19	291	1968	13	return	0	19	0.0	0	0	0	0	0	0
oewn-02256551-v	pay	41	290	2005	28	return	0	41	0.0	0	0	0	0	0	0
oewn-00523831-v	receive	7	289	6865	7	take	0	7	0.0	0	0	0	0	0	0
oewn-01819152-v	still	5	289	1189	4	still	1	5	0.2	0	1	0	0	0	0
oewn-02684248-v	concern	5	289	1022	5	interest	5	5	1.0	4	1	1	0	0	0
oewn-01528454-v	function	13	288	7008	13	go	0	13	0.0	0	0	0	0	0	0
oewn-02542223-v	influence	24	285	2239	20	work	4	24	0.17	1	3	1	0	0	0
oewn-00667804-v	confirm	17	285	2136	16	back	8	17	0.47	8	0	0	0	0	0
oewn-02651091-v	total	10	284	6600	8	come	2	10	0.2	0	2	0	0	0	0
oewn-02141597-v	show	24	283	3835	22	give	1	24	0.04	1	0	0	0	0	0
oewn-02427979-v	let	6	283	2440	6	let	1	6	0.17	0	1	0	0	0	0
oewn-02144506-v	expose	22	282	2046	16	open	3	22	0.14	1	2	1	0	0	0
oewn-02242867-v	obtain	34	281	1583	27	carry	21	34	0.62	15	6	1	0	0	0
oewn-00780320-v	interrupt	35	280	2266	25	break	0	35	0.0	0	0	0	0	0	0
oewn-01967949-v	jump	30	280	1381	21	hop	0	30	0.0	0	0	0	0	0	0
oewn-02496526-v	celebrate	13	280	599	6	receive	0	13	0.0	0	0	0	0	0	0
oewn-01075360-v	play	43	279	3267	25	call	6	43	0.14	3	3	1	0	0	0
oewn-02295101-v	earn	4	279	935	4	letter	0	4	0.0	0	0	0	0	0	0
oewn-02326737-v	steal	46	277	1288	28	roll	8	46	0.17	0	8	0	0	1	0
oewn-01702148-v	write	37	277	1298	21	write	0	37	0.0	0	0	0	0	0	0
oewn-01081176-v	confront	9	277	1402	7	face	3	9	0.33	0	3	0	0	0	0
oewn-00706993-v	plan	9	276	820	7	hope	0	9	0.0	0	0	0	0	0	0
oewn-00761314-v	beg	7	276	401	7	pray	0	7	0.0	0	0	0	0	0	0
oewn-00686564-v	disbelieve	6	276	555	6	doubt	2	6	0.33	0	2	0	0	0	0
oewn-00922307-v	determine	8	275	4127	8	see	0	8	0.0	0	0	0	0	0	0
oewn-01624592-v	produce	50	274	6011	24	make	3	50	0.06	0	3	0	0	0	0
oewn-02039764-v	bend	31	274	1135	25	bow	3	31	0.1	0	3	0	0	0	0
oewn-01121587-v	attack	27	273	1305	18	strike	2	27	0.07	0	2	0	0	0	0
oewn-00876925-v	propose	19	273	1422	16	move	0	19	0.0	0	0	0	0	0	0
oewn-00957180-v	mean	14	273	3889	13	get	0	14	0.0	0	0	0	0	0	0
oewn-00689827-v	distrust	4	273	551	4	doubt	1	4	0.25	1	0	0	0	0	0
oewn-01861378-v	stay	10	272	1418	7	wait	0	10	0.0	0	0	0	0	0	0
oewn-00200023-v	correct	9	272	1092	7	right	3	9	0.33	3	0	0	0	0	0
oewn-00815640-v	hash out	32	271	1037	21	consider	0	32	0.0	0	0	0	0	0	0
oewn-02155378-v	watch	11	271	4073	5	see	0	10	0.0	0	0	0	0	0	0
oewn-01324555-v	scratch	5	271	373	5	character	0	5	0.0	0	0	0	0	0	0
oewn-01819595-v	please	10	270	801	10	please	3	10	0.3	3	0	0	0	0	0
oewn-02115410-v	subject	10	270	1272	6	put	0	10	0.0	0	0	0	0	0	0
oewn-01441809-v	catch	9	270	1068	8	stop	0	9	0.0	0	0	0	0	0	0
oewn-02640346-v	result	9	270	4737	9	come	0	9	0.0	0	0	0	0	0	0
oewn-00954214-v	voice	7	270	813	4	voice	0	7	0.0	0	0	0	0	0	0
oewn-02054081-v	pass	37	269	5890	28	make	2	37	0.05	0	2	0	0	0	0
oewn-00136799-v	leave	5	269	2232	4	leave	1	5	0.2	0	1	0	0	0	0
oewn-02396945-v	delegate	29	268	3545	21	place	11	29	0.38	6	5	1	0	0	0
oewn-02211988-v	buy	16	267	7596	9	take	0	16	0.0	0	0	0	0	0	0
oewn-02344409-v	equip	41	265	1430	28	set	0	41	0.0	0	0	0	0	0	0
oewn-01751753-v	print	13	265	1426	6	letter	0	13	0.0	0	0	0	0	0	0
oewn-02618797-v	attend	5	265	423	5	go to	0	5	0.0	0	0	0	0	0	0
oewn-02525657-v	right	10	264	1061	5	right	0	10	0.0	0	0	0	0	0	0
oewn-00140787-v	change shape	42	261	3397	32	turn	4	42	0.1	4	0	0	0	0	0
oewn-00636568-v	solve	14	261	3252	13	work	2	14	0.14	1	1	1	0	0	0
oewn-02029396-v	accompany	8	260	4475	8	see	0	8	0.0	0	0	0	0	0	0
oewn-00966726-v	converse	25	259	1036	16	question	14	25	0.56	14	0	0	0	0	0
oewn-00034281-v	grimace	15	259	594	11	smile	5	15	0.33	0	5	0	0	0	0
oewn-01091334-v	station	9	259	2705	9	place	0	9	0.0	0	0	0	0	0	0
oewn-02512195-v	compel	20	258	1539	18	walk	6	20	0.3	5	1	1	0	0	0
oewn-02210054-v	take	30	257	3760	21	take	8	30	0.27	1	7	1	0	0	0
oewn-00715072-v	associate	15	257	1726	8	mean	1	15	0.07	1	0	0	0	0	0
oewn-02128368-v	cause to be perceived	12	256	4668	9	go	7	12	0.58	1	6	1	0	0	0
oewn-00343467-v	come	7	256	4259	7	come	0	7	0.0	0	0	0	0	0	0
oewn-01709988-v	arrange	9	255	1737	4	put	2	9	0.22	2	0	0	0	0	0
oewn-01266847-v	coat	55	254	693	25	finish	0	55	0.0	0	0	0	0	0	0
oewn-01791774-v	annoy	35	254	2994	24	get	5	35	0.14	0	5	0	0	0	0
oewn-01026199-v	mention	21	253	1826	16	name	4	21	0.19	0	4	0	0	0	0
oewn-02031458-v	crowd	15	252	677	12	crowd	0	15	0.0	0	0	0	0	0	0
oewn-00736077-v	consider	10	252	3596	10	take	4	10	0.4	0	4	0	0	0	0
oewn-02620422-v	live	18	251	1418	10	live	5	18	0.28	5	0	0	0	0	0
oewn-01030757-v	name	17	251	1680	14	call	4	17	0.24	4	0	0	0	0	0
oewn-00664507-v	see	17	250	3795	12	see	3	17	0.18	3	0	0	0	0	0
oewn-00509113-v	mark	27	249	1747	17	draw	0	27	0.0	0	0	0	0	0	0
oewn-00956640-v	publicize	27	249	1571	19	air	1	27	0.04	1	0	0	0	0	0
oewn-01215136-v	seize	31	248	3673	29	get	1	31	0.03	1	0	0	0	0	0
oewn-02377696-v	go	8	247	5374	6	go	0	8	0.0	0	0	0	0	0	0
oewn-02687605-v	keep	19	246	2156	16	keep	0	19	0.0	0	0	0	0	0	0
oewn-02169987-v	inspect	7	245	519	6	case	0	7	0.0	0	0	0	0	0	0
oewn-01133033-v	wall	7	244	337	6	wall	0	7	0.0	0	0	0	0	0	0
oewn-01168667-v	eat	38	243	617	20	eat	0	38	0.0	0	0	0	0	0	0
oewn-02207166-v	keep	25	241	2279	19	keep	2	25	0.08	0	2	0	0	0	0
oewn-00870255-v	challenge	22	241	835	17	question	6	22	0.27	5	1	1	0	0	0
oewn-00615374-v	leave	9	241	2558	9	leave	6	9	0.67	0	6	0	0	0	0
oewn-00453467-v	fill	45	240	1255	33	line	3	45	0.07	2	1	1	0	0	0
oewn-01825946-v	feel for	9	240	535	9	care	6	9	0.67	1	5	1	0	0	0
oewn-01089608-v	arm	7	240	484	5	arm	0	7	0.0	0	0	0	0	0	0
oewn-01293672-v	join	24	239	916	17	piece	2	24	0.08	0	2	0	0	0	0
oewn-01875972-v	push	37	238	1818	28	drive	4	37	0.11	0	4	0	0	0	0
oewn-01210571-v	cover	22	238	769	20	clothe	2	22	0.09	0	2	0	0	0	0
oewn-02177332-v	make noise	36	237	491	21	noise	0	36	0.0	0	0	0	0	0	0
oewn-02494483-v	marry	13	237	489	6	marry	2	13	0.15	0	2	0	0	0	0
oewn-00601387-v	learn	11	236	3748	10	take	0	11	0.0	0	0	0	0	0	0
oewn-01165070-v	exploit	9	236	2184	8	work	6	9	0.67	6	0	0	0	0	0
oewn-00094214-v	grow	20	235	3561	16	get	0	20	0.0	0	0	0	0	0	0
oewn-00918880-v	guess	13	235	1566	13	call	2	13	0.15	0	2	0	0	0	0
oewn-00342572-v	come	7	235	4727	7	come	3	7	0.43	0	3	0	0	0	0
oewn-00976399-v	announce	20	234	1568	12	cry	0	20	0.0	0	0	0	0	0	0
oewn-02455370-v	prevent	17	234	1893	15	keep	0	17	0.0	0	0	0	0	0	0
oewn-00757790-v	ask	4	234	2123	4	ask	0	4	0.0	0	0	0	0	0	0
oewn-02290474-v	find	17	233	2906	13	find	0	17	0.0	0	0	0	0	0	0
oewn-00786670-v	question	12	233	899	7	question	3	12	0.25	3	0	0	0	0	0
oewn-02762779-v	precipitate	10	233	732	10	fall	0	10	0.0	0	0	0	0	0	0
oewn-02150244-v	hide	8	233	397	3	hide	1	8	0.12	0	1	0	0	0	0
oewn-00028558-v	smile	7	233	451	7	smile	2	7	0.29	2	0	0	0	0	0
oewn-00423043-v	appear	45	232	1930	29	show	6	45	0.13	6	0	0	0	0	0
oewn-02387229-v	officiate	5	232	555	5	marry	0	5	0.0	0	0	0	0	0	0
oewn-02495105-v	marry	6	231	552	5	marry	0	6	0.0	0	0	0	0	0	0
oewn-01465557-v	entangle	8	230	658	6	felt	0	8	0.0	0	0	0	0	0	0
oewn-01780648-v	dislike	5	230	390	5	object	4	5	0.8	0	4	0	0	0	0
oewn-02062918-v	rush	26	229	1388	17	tear	0	26	0.0	0	0	0	0	0	0
oewn-02545000-v	dominate	5	229	619	4	subject	0	5	0.0	0	0	0	0	0	0
oewn-01690027-v	represent	28	228	1941	16	present	0	28	0.0	0	0	0	0	0	0
oewn-00871877-v	warn	9	226	617	7	warn	2	9	0.22	0	2	0	0	0	0
oewn-00064414-v	hurt	7	226	721	7	trouble	6	7	0.86	0	6	0	0	0	0
oewn-00284671-v	color	42	225	871	23	touch	0	42	0.0	0	0	0	0	0	0
oewn-00744289-v	communicate	28	224	2262	22	pass	2	28	0.07	2	0	0	0	0	0
oewn-00929401-v	hint	9	223	586	8	touch	2	9	0.22	2	0	0	0	0	0
oewn-02648898-v	postpone	21	222	1874	16	call	2	21	0.1	0	2	0	0	0	0
oewn-01999581-v	proceed	9	222	1744	7	head	0	9	0.0	0	0	0	0	0	0
oewn-01850262-v	voyage	5	222	443	4	sail	0	5	0.0	0	0	0	0	0	0
oewn-01793821-v	upset	21	221	829	15	throw	14	21	0.67	4	10	1	0	0	0
oewn-02534950-v	fail	14	221	1856	9	miss	1	14	0.07	0	1	0	0	0	0
oewn-01825361-v	interest	11	220	965	11	interest	4	11	0.36	4	0	0	0	0	0
oewn-02733337-v	stay	9	220	1313	8	remain	0	9	0.0	0	0	0	0	0	0
oewn-00623406-v	confuse	27	219	3362	21	get	11	27	0.41	0	11	0	0	0	0
oewn-00435327-v	fail	17	219	5314	12	go	0	17	0.0	0	0	0	0	0	0
oewn-00634289-v	reason	16	219	895	9	reason	1	16	0.06	0	1	0	0	0	0
oewn-00991233-v	address	7	219	1181	2	speak	0	7	0.0	0	0	0	0	0	0
oewn-01180862-v	feed	32	218	2153	16	give	5	32	0.16	0	5	0	0	0	0
oewn-02236972-v	transfer	28	218	1958	19	send	5	28	0.18	5	0	0	0	0	0
oewn-00144670-v	form	18	217	1571	11	head	0	18	0.0	0	0	0	0	0	0
oewn-01074673-v	compete	19	216	2383	18	run	4	19	0.21	4	0	0	0	0	0
oewn-01983915-v	land	15	216	1185	8	light	0	15	0.0	0	0	0	0	0	0
oewn-00920843-v	determine	22	214	2235	14	find	5	22	0.23	5	0	0	0	0	0
oewn-00624056-v	perplex	21	214	3157	18	get	3	21	0.14	0	3	0	0	0	0
oewn-00215377-v	wet	20	214	662	14	water	2	20	0.1	2	0	0	0	0	0
oewn-00973682-v	pronounce	17	214	2196	13	find	10	17	0.59	10	0	0	0	0	0
oewn-01591414-v	tag	14	214	1913	11	point	3	14	0.21	0	3	0	0	0	0
oewn-02275982-v	invest	11	214	2133	10	place	0	11	0.0	0	0	0	0	0	0
oewn-01782485-v	reverence	7	214	583	6	fear	4	7	0.57	4	0	0	0	0	0
oewn-02536865-v	endeavor	7	214	346	5	endeavour	1	7	0.14	0	1	0	0	0	0
oewn-01525056-v	wind	12	213	851	12	wind	0	12	0.0	0	0	0	0	0	0
oewn-01654986-v	organize	14	212	1319	12	lay	0	14	0.0	0	0	0	0	0	0
oewn-01955339-v	send	14	212	3421	14	turn	0	14	0.0	0	0	0	0	0	0
oewn-02116512-v	expose	11	212	767	5	air	1	11	0.09	0	1	0	0	0	0
oewn-02705946-v	harmonize	11	212	4291	8	go	0	11	0.0	0	0	0	0	0	0
oewn-00231172-v	grow	29	211	1775	24	rise	3	29	0.1	3	0	0	0	0	0
oewn-00659723-v	rate	16	211	1759	9	place	4	16	0.25	2	2	1	0	0	0
oewn-02765572-v	ignite	12	211	1421	10	light	0	12	0.0	0	0	0	0	0	0
oewn-02134765-v	view	5	211	748	4	consider	3	5	0.6	3	0	0	0	0	0
oewn-02433771-v	meet	23	210	1412	15	meet	2	23	0.09	2	0	0	0	0	0
oewn-01622948-v	destroy	38	209	996	23	end	5	38	0.13	2	3	1	0	0	0
oewn-01238728-v	hit	26	208	1011	15	strike	0	26	0.0	0	0	0	0	0	0
oewn-00874568-v	rede	20	208	755	13	warn	7	20	0.35	4	3	1	0	0	0
oewn-01472854-v	receive	8	206	3746	7	see	1	8	0.12	1	0	0	0	0	0
oewn-01349980-v	confine	14	205	440	10	lock	0	14	0.0	0	0	0	0	0	0
oewn-02460829-v	watch	10	205	1708	8	follow	5	10	0.5	5	0	0	0	0	0
oewn-01868216-v	start	8	205	4662	6	go	0	8	0.0	0	0	0	0	0	0
oewn-00151509-v	decrease	56	203	1968	42	break	10	56	0.18	1	9	1	0	0	0
oewn-01170802-v	eat	33	203	968	22	eat	0	33	0.0	0	0	0	0	0	0
oewn-02018017-v	depart	15	201	1254	11	part	0	15	0.0	0	0	0	0	0	0
oewn-00923271-v	bespeak	21	199	1324	20	point	0	21	0.0	0	0	0	0	0	0
oewn-02773266-v	emit	19	198	985	16	sound	2	19	0.11	2	0	0	0	0	0
oewn-01435927-v	bring	7	198	3368	7	get	0	7	0.0	0	0	0	0	0	0
oewn-00485097-v	complete	30	197	1101	20	close	1	30	0.03	1	0	0	0	0	0
oewn-01348685-v	open	21	197	1028	17	open	0	21	0.0	0	0	0	0	0	0
oewn-01570056-v	plant	11	197	1269	7	set	0	11	0.0	0	0	0	0	0	0
oewn-01645456-v	initiate	31	196	801	24	attempt	0	31	0.0	0	0	0	0	0	0
oewn-00824028-v	declare	21	196	2112	12	call	5	21	0.24	4	1	1	0	0	0
oewn-01549783-v	lie	11	196	657	7	lie	1	11	0.09	0	1	0	0	0	0
oewn-00711208-v	intend	10	196	1250	9	mean	0	10	0.0	0	0	0	0	0	0
oewn-01585566-v	trace	10	196	1595	8	write	0	10	0.0	0	0	0	0	0	0
oewn-00452793-v	fill	5	196	699	4	water	1	5	0.2	0	1	0	0	0	0
oewn-00259743-v	damage	36	195	1285	29	break	20	36	0.56	0	20	0	0	0	0
oewn-00293903-v	fancify	24	195	944	13	become	11	24	0.46	11	0	0	0	0	0
oewn-00706456-v	plan	22	195	765	17	plan	0	22	0.0	0	0	0	0	0	0
oewn-01507886-v	attract	12	195	4111	12	get	1	12	0.08	0	1	0	0	0	0
oewn-00925764-v	indicate	12	194	1911	9	point	0	12	0.0	0	0	0	0	0	0
oewn-02294200-v	gain	22	193	4030	16	make	0	22	0.0	0	0	0	0	0	0
oewn-01102556-v	win	12	193	3737	11	take	5	12	0.42	4	1	1	0	0	0
oewn-02547977-v	comply	9	193	1867	7	keep	0	9	0.0	0	0	0	0	0	0
oewn-01198570-v	abstain	8	193	435	7	fast	3	8	0.38	0	3	0	0	0	0
oewn-01832678-v	love	4	193	800	4	love	3	4	0.75	3	0	0	0	0	0
oewn-02299397-v	distribute	20	192	2396	12	give	0	20	0.0	0	0	0	0	0	0
oewn-00919743-v	predict	17	192	1722	14	call	2	17	0.12	2	0	0	0	0	0
oewn-00474503-v	perfect	9	192	757	5	round	0	9	0.0	0	0	0	0	0	0
oewn-02633444-v	come	4	192	3659	3	come	0	4	0.0	0	0	0	0	0	0
oewn-02679754-v	excel	17	191	1355	12	pass	7	17	0.41	4	3	1	0	0	0
oewn-01320383-v	search	10	191	4217	8	go	3	10	0.3	3	0	0	0	0	0
oewn-00914001-v	exclaim	9	191	973	6	cry	6	9	0.67	0	6	0	0	0	0
oewn-01141530-v	bet on	9	191	1313	3	back	0	9	0.0	0	0	0	0	0	0
oewn-02021901-v	board	6	190	1129	6	ship	0	6	0.0	0	0	0	0	0	0
oewn-01167359-v	use	5	190	792	4	use	0	5	0.0	0	0	0	0	0	0
oewn-02644022-v	wait	26	189	647	14	wait	0	26	0.0	0	0	0	0	0	0
oewn-00228662-v	water	6	188	600	4	water	0	6	0.0	0	0	0	0	0	0
oewn-01560556-v	separate	29	185	919	20	part	1	29	0.03	1	0	0	0	0	0
oewn-01893603-v	shake	27	185	609	14	shake	0	27	0.0	0	0	0	0	0	0
oewn-02211401-v	take	26	185	3056	21	take	8	26	0.31	0	8	0	0	1	0
oewn-02234332-v	fall	6	185	2588	6	pass	0	6	0.0	0	0	0	0	0	0
oewn-01219607-v	hold	22	183	2712	18	hold	0	22	0.0	0	0	0	0	0	0
oewn-00643760-v	divide	5	182	4240	4	go	0	5	0.0	0	0	0	0	0	0
oewn-01849171-v	tour	4	182	3476	3	see	0	4	0.0	0	0	0	0	0	0
oewn-00814706-v	consider	10	181	3506	10	see	0	10	0.0	0	0	0	0	0	0
oewn-01657416-v	make	10	181	2989	10	make	0	10	0.0	0	0	0	0	0	0
oewn-00222898-v	reinforce	7	181	607	5	line	0	7	0.0	0	0	0	0	0	0
oewn-02639021-v	include	18	180	1969	16	hold	0	18	0.0	0	0	0	0	0	0
oewn-02174335-v	listen	13	179	726	8	listen	4	13	0.31	1	3	1	0	0	0
oewn-02461453-v	guard	12	179	923	5	sit	0	12	0.0	0	0	0	0	0	0
oewn-01892504-v	tremble	8	178	297	8	tremble	4	8	0.5	4	0	0	0	0	0
oewn-00139943-v	change integrity	78	177	1671	41	break	0	78	0.0	0	0	0	0	0	0
oewn-02563998-v	thwart	14	177	546	12	cross	3	14	0.21	0	3	0	0	0	0
oewn-02059573-v	travel rapidly	13	177	1070	7	run	0	13	0.0	0	0	0	0	0	0
oewn-01393270-v	press	5	177	426	3	iron	0	5	0.0	0	0	0	0	0	0
oewn-02213685-v	lease	5	177	1049	3	let	0	5	0.0	0	0	0	0	0	0
oewn-00118331-v	continue	9	176	2346	8	stand	0	9	0.0	0	0	0	0	0	0
oewn-00781106-v	pause	9	176	1261	5	rest	0	9	0.0	0	0	0	0	0	0
oewn-02647119-v	hesitate	7	176	359	5	pause	1	7	0.14	1	0	0	0	0	0
oewn-00683348-v	measure	17	175	672	9	mark	3	17	0.18	3	0	0	0	1	0
oewn-01821097-v	displease	17	175	451	15	devil	3	17	0.18	0	3	0	0	0	0
oewn-01031885-v	label	13	175	2796	10	call	5	13	0.38	5	0	0	0	0	0
oewn-02076777-v	elapse	12	175	1336	10	pass	0	12	0.0	0	0	0	0	0	0
oewn-01662082-v	fashion	7	175	309	5	tie	0	7	0.0	0	0	0	0	0	0
oewn-01733312-v	sing	33	174	1510	17	place	1	33	0.03	1	0	0	0	0	0
oewn-01545905-v	sit	13	174	1353	11	sit	0	13	0.0	0	0	0	0	0	0
oewn-00428350-v	vanish	4	174	4221	4	go	0	4	0.0	0	0	0	0	0	0
oewn-02436167-v	separate	24	173	1705	14	part	2	24	0.08	0	2	0	0	0	0
oewn-00750288-v	inflict	15	173	2381	13	give	6	15	0.4	0	6	0	0	0	0
oewn-01081873-v	meet	7	173	1774	6	face	2	7	0.29	0	2	0	0	0	0
oewn-01771015-v	worry	7	173	558	5	fear	7	7	1.0	1	6	1	0	0	0
oewn-00864347-v	attack	21	172	981	16	round	9	21	0.43	0	9	0	0	0	0
oewn-01846997-v	travel	13	172	1319	9	run	2	13	0.15	0	2	0	0	0	0
oewn-01756692-v	produce	8	172	1749	6	leave	0	8	0.0	0	0	0	0	0	0
oewn-00070587-v	trouble	6	172	556	4	trouble	3	6	0.5	0	3	0	0	0	0
oewn-01852660-v	go	6	172	4353	6	go	3	6	0.5	0	3	0	0	0	0
oewn-00204228-v	worsen	24	171	1545	19	lose	15	24	0.62	0	15	0	0	0	0
oewn-01957669-v	transport	19	171	557	15	raft	0	19	0.0	0	0	0	0	0	0
oewn-02503969-v	reserve	7	171	2086	6	keep	0	7	0.0	0	0	0	0	0	0
oewn-00904886-v	wish	4	171	860	3	wish	0	4	0.0	0	0	0	0	0	0
oewn-02003250-v	precede	4	171	1708	4	head	0	4	0.0	0	0	0	0	0	0
oewn-02078906-v	escape	18	170	1372	16	break	0	18	0.0	0	0	0	0	0	0
oewn-00845147-v	charge	18	169	403	12	charge	11	18	0.61	9	2	1	0	0	0
oewn-00933814-v	mean	6	169	1063	6	mean	0	6	0.0	0	0	0	0	0	0
oewn-01712535-v	dance	53	168	1133	16	break	0	53	0.0	0	0	0	0	0	0
oewn-00182551-v	add	30	168	941	22	add	0	30	0.0	0	0	0	0	0	0
oewn-01949375-v	sail	16	168	1702	11	run	1	16	0.06	0	1	0	0	0	0
oewn-00312341-v	darken	14	168	637	11	shadow	1	14	0.07	0	1	0	0	0	0
oewn-01060446-v	comment	11	168	522	6	notice	4	11	0.36	0	4	0	0	1	0
oewn-01428543-v	pet	5	168	272	4	neck	3	5	0.6	2	1	1	0	0	0
oewn-01393487-v	iron	4	168	297	3	iron	0	4	0.0	0	0	0	0	0	0
oewn-00856102-v	deceive	23	167	504	16	fool	12	23	0.52	6	6	1	0	0	0
oewn-01122487-v	assail	27	166	1182	24	set	8	27	0.3	0	8	0	0	0	0
oewn-01153025-v	target	9	166	1962	8	place	0	9	0.0	0	0	0	0	0	0
oewn-01273348-v	line	5	166	1308	3	face	0	5	0.0	0	0	0	0	0	0
oewn-01511000-v	throw	31	165	2014	24	pass	0	31	0.0	0	0	0	0	0	0
oewn-02641740-v	leave	4	165	1863	4	leave	0	4	0.0	0	0	0	0	0	0
oewn-00957633-v	elaborate	21	164	253	12	instance	3	21	0.14	3	0	0	0	0	0
oewn-01903255-v	thrust	18	164	1062	15	drive	0	18	0.0	0	0	0	0	0	0
oewn-00808164-v	approve	14	164	1380	8	back	6	14	0.43	6	0	0	0	0	0
oewn-00488684-v	load	9	164	584	6	doctor	5	9	0.56	0	5	0	0	0	0
oewn-00899077-v	address	4	164	1276	4	call	0	4	0.0	0	0	0	0	0	0
oewn-02405179-v	prefer	4	164	285	4	advantage	4	4	1.0	4	0	0	0	0	0
oewn-02502465-v	subjugate	4	164	326	3	subject	0	4	0.0	0	0	0	0	0	0
oewn-00905339-v	forgive	11	163	639	9	free	1	11	0.09	1	0	0	0	0	0
oewn-01701711-v	create verbally	8	163	709	6	write	0	8	0.0	0	0	0	0	0	0
oewn-01469999-v	surround	15	162	476	15	ring	1	15	0.07	1	0	0	0	0	0
oewn-00087206-v	sicken	7	162	5021	6	take	5	7	0.71	0	5	0	0	0	0
oewn-00382272-v	transform	6	162	1557	4	turn	0	6	0.0	0	0	0	0	0	0
oewn-01383303-v	gather	38	161	713	28	shock	0	38	0.0	0	0	0	0	0	0
oewn-00223926-v	weaken	29	161	710	25	slow	5	29	0.17	2	3	1	0	0	0
oewn-02079709-v	flee	21	161	1102	14	break	2	21	0.1	2	0	0	0	0	0
oewn-02665841-v	fit	4	161	4213	3	go	3	4	0.75	3	0	0	0	0	0
oewn-02684473-v	matter to	4	161	447	4	interest	4	4	1.0	4	0	0	0	0	0
oewn-02578034-v	victimize	15	160	317	5	short	2	15	0.13	0	2	0	0	0	0
oewn-02492581-v	meet	11	159	1846	9	call	2	11	0.18	2	0	0	0	0	0
oewn-02034003-v	separate	9	159	870	8	part	0	9	0.0	0	0	0	0	0	0
oewn-00063866-v	relieve	7	159	413	7	comfort	7	7	1.0	5	2	1	0	0	0
oewn-02627475-v	form	5	159	3414	4	make	0	5	0.0	0	0	0	0	0	0
oewn-00225327-v	weaken	36	158	1360	20	break	4	36	0.11	4	0	0	0	0	0
oewn-00767694-v	urge	10	158	729	9	hurry	0	10	0.0	0	0	0	0	0	0
oewn-02560130-v	foster	7	158	940	7	grow	3	7	0.43	3	0	0	0	0	0
oewn-01622373-v	re-create	28	157	1628	18	present	0	28	0.0	0	0	0	0	0	0
oewn-00233707-v	restrain	25	157	2588	22	keep	1	25	0.04	0	1	0	0	0	0
oewn-01230239-v	penetrate	38	156	1731	28	break	2	38	0.05	2	0	0	0	0	0
oewn-01119003-v	resist	16	156	1716	13	stand	2	16	0.12	0	2	0	0	0	0
oewn-01709353-v	compose	13	156	1394	7	set	2	13	0.15	2	0	0	0	0	0
oewn-01088514-v	race	9	156	2856	6	place	0	9	0.0	0	0	0	0	0	0
oewn-02292634-v	lose	7	156	811	4	lose	3	7	0.43	2	1	1	0	0	0
oewn-02519655-v	wrong	5	156	156	2	wrong	2	5	0.4	0	2	0	0	0	0
oewn-00731363-v	wonder	4	156	467	4	wonder	4	4	1.0	4	0	0	0	0	0
oewn-01450719-v	pull	28	155	1895	20	draw	1	28	0.04	0	1	0	0	0	0
oewn-00426920-v	appear	4	155	1157	4	air	0	4	0.0	0	0	0	0	0	0
oewn-02762516-v	rain	16	154	314	12	rain	4	16	0.25	0	4	0	0	0	0
oewn-02477113-v	register	12	154	1072	11	enter	0	12	0.0	0	0	0	0	0	0
oewn-02712676-v	defy	8	154	982	7	hold	4	8	0.5	0	4	0	0	0	0
oewn-01715304-v	stage	7	154	2282	5	place	0	7	0.0	0	0	0	0	0	0
oewn-02622766-v	exist	7	154	922	6	live	1	7	0.14	1	0	0	0	0	0
oewn-01515097-v	fling	5	154	321	5	sky	0	5	0.0	0	0	0	0	0	0
oewn-00611060-v	mind	4	154	858	3	mind	2	4	0.5	2	0	0	0	0	0
oewn-00472642-v	extinguish	24	152	599	16	cut	1	24	0.04	0	1	0	0	0	0
oewn-00334996-v	break	22	152	1669	16	run	2	22	0.09	0	2	0	0	0	0
oewn-01093838-v	fight	18	152	1194	13	stand	1	18	0.06	0	1	0	0	0	0
oewn-01260866-v	fell	10	152	861	6	drop	0	10	0.0	0	0	0	0	0	0
oewn-01636885-v	gestate	8	152	1794	5	find	1	8	0.12	1	0	0	0	0	0
oewn-02228837-v	get rid of	50	151	442	21	remove	0	50	0.0	0	0	0	0	0	0
oewn-01288043-v	tie	19	151	519	15	tie	0	19	0.0	0	0	0	0	0	0
oewn-02481345-v	appoint	17	151	3543	11	make	4	17	0.24	1	3	1	0	0	0
oewn-00892111-v	guarantee	7	151	3198	7	make	1	7	0.14	1	0	0	0	0	0
oewn-02444146-v	set about	6	151	1112	6	face	3	6	0.5	0	3	0	0	0	0
oewn-00737576-v	arrange	9	150	1260	5	put	0	9	0.0	0	0	0	0	0	0
oewn-02301114-v	impart	5	150	2955	5	give	0	5	0.0	0	0	0	0	0	0
oewn-01060995-v	notice	4	150	555	4	notice	0	4	0.0	0	0	0	0	0	0
oewn-01285148-v	hollow	19	149	352	13	dig	0	19	0.0	0	0	0	0	0	0
oewn-02584595-v	observe	10	149	1748	7	keep	0	10	0.0	0	0	0	0	0	0
oewn-02122959-v	notice	6	149	774	6	notice	2	6	0.33	2	0	0	0	0	0
oewn-00344828-v	happen	5	149	806	4	appear	0	5	0.0	0	0	0	0	0	0
oewn-01357376-v	connect	20	148	877	14	join	0	20	0.0	0	0	0	0	0	0
oewn-00589616-v	grok	19	148	541	12	figure	1	19	0.05	1	0	0	0	0	0
oewn-00950103-v	count	18	148	791	11	add	1	18	0.06	0	1	0	0	0	0
oewn-00426024-v	appear	8	148	660	5	appear	0	8	0.0	0	0	0	0	0	0
oewn-00929986-v	indicate	7	148	1913	7	call	0	7	0.0	0	0	0	0	0	0
oewn-01852297-v	stay in place	7	148	838	4	remain	0	7	0.0	0	0	0	0	0	0
oewn-00087488-v	contract	4	148	5242	4	take	3	4	0.75	0	3	0	0	0	0
oewn-01143220-v	fish	14	147	334	9	fish	0	14	0.0	0	0	0	0	0	0
oewn-01991174-v	position	10	147	3117	8	take	0	10	0.0	0	0	0	0	0	0
oewn-00886738-v	oblige	9	147	1008	6	hold	0	9	0.0	0	0	0	0	0	0
oewn-02133118-v	watch	7	146	865	6	watch	3	7	0.43	3	0	0	0	0	0
oewn-00895399-v	excuse	5	146	415	5	frank	0	5	0.0	0	0	0	0	0	0
oewn-00807038-v	agree	20	145	1733	18	hold	0	20	0.0	0	0	0	0	0	0
oewn-01347791-v	close	12	145	1226	10	close	5	12	0.42	5	0	0	0	0	0
oewn-00251067-v	mature	7	145	1887	5	find	0	7	0.0	0	0	0	0	0	0
oewn-01217985-v	get	7	145	2882	6	get	0	7	0.0	0	0	0	0	0	0
oewn-02126629-v	ache	13	144	802	13	bite	9	13	0.69	0	9	0	0	0	0
oewn-00885532-v	promise	9	144	644	8	promise	2	9	0.22	0	2	0	0	0	0
oewn-01017253-v	testify	14	143	891	13	show	0	14	0.0	0	0	0	0	0	0
oewn-02551772-v	honor	11	142	517	9	drink	6	11	0.55	6	0	0	0	0	0
oewn-00220887-v	strengthen	6	142	1310	3	back	1	6	0.17	1	0	0	0	0	0
oewn-00818972-v	admit	16	141	527	11	confess	4	16	0.25	0	4	0	0	0	0
oewn-01137207-v	blast	11	141	700	7	fire	0	11	0.0	0	0	0	0	0	0
oewn-00949109-v	specify	10	141	1605	7	set	0	10	0.0	0	0	0	0	0	0
oewn-01515257-v	flip	8	141	266	7	sky	0	8	0.0	0	0	0	0	0	0
oewn-00832422-v	lecture	4	141	752	4	talk	0	4	0.0	0	0	0	0	0	0
oewn-00608509-v	study	15	140	592	9	learn	0	15	0.0	0	0	0	0	0	0
oewn-01113439-v	gain	11	140	752	8	win	7	11	0.64	7	0	0	0	0	0
oewn-01166589-v	exploit	10	140	313	6	mine	3	10	0.3	3	0	0	0	0	0
oewn-02270039-v	account	9	140	607	8	account	0	9	0.0	0	0	0	0	0	0
oewn-00774234-v	argue	7	140	459	6	reason	0	7	0.0	0	0	0	0	0	0
oewn-01658171-v	construct	23	139	3488	12	make	1	23	0.04	0	1	0	0	0	0
oewn-00338881-v	break up	21	139	782	14	grind	0	21	0.0	0	0	0	0	0	0
oewn-01891569-v	glide	16	139	382	10	slip	0	16	0.0	0	0	0	0	0	0
oewn-02437377-v	organize	15	139	1241	6	put	0	15	0.0	0	0	0	0	0	0
oewn-01275580-v	stamp	7	139	321	4	frank	0	7	0.0	0	0	0	0	0	0
oewn-02641628-v	necessitate	4	139	922	4	mean	3	4	0.75	3	0	0	0	0	0
oewn-02537291-v	test	10	138	1071	9	try	6	10	0.6	6	0	0	0	0	0
oewn-00850387-v	mind	5	138	829	1	mind	1	5	0.2	0	1	0	0	0	0
oewn-00592914-v	perceive	4	138	438	4	sense	0	4	0.0	0	0	0	0	0	0
oewn-01983476-v	embark	4	138	683	2	ship	0	4	0.0	0	0	0	0	0	0
oewn-02398228-v	transfer	4	138	313	3	second	0	4	0.0	0	0	0	0	0	0
oewn-02500687-v	confine	22	137	1040	18	keep	2	22	0.09	0	2	0	0	0	0
oewn-02722040-v	attach to	11	137	404	7	attend	0	11	0.0	0	0	0	0	0	0
oewn-01130221-v	defend	10	137	655	10	stop	1	10	0.1	0	1	0	0	0	0
oewn-02388582-v	leave	8	137	1427	6	leave	0	8	0.0	0	0	0	0	0	0
oewn-00850760-v	mock	23	136	329	17	rag	3	23	0.13	0	3	0	0	0	0
oewn-01331921-v	sew	21	136	461	13	fell	0	21	0.0	0	0	0	0	0	0
oewn-00209244-v	decay	20	136	1012	16	break	7	20	0.35	0	7	0	0	0	0
oewn-00081834-v	help	7	136	633	6	help	2	7	0.29	2	0	0	0	0	0
oewn-00808840-v	disapprove	6	136	291	6	object	2	6	0.33	0	2	0	0	0	0
oewn-02567247-v	practice	4	136	1227	4	use	3	4	0.75	3	0	0	0	0	0
oewn-02262178-v	exchange	21	135	709	17	change	4	21	0.19	0	4	0	0	0	0
oewn-01641910-v	plan	13	135	405	11	plan	0	13	0.0	0	0	0	0	0	0
oewn-02647547-v	wait	5	135	540	4	wait	4	5	0.8	1	3	1	0	0	0
oewn-02693758-v	cover	15	134	1021	14	continue	0	15	0.0	0	0	0	0	0	0
oewn-00713964-v	calculate	8	134	821	7	reckon	0	8	0.0	0	0	0	0	0	0
oewn-01000444-v	record	8	134	1328	6	write	0	8	0.0	0	0	0	0	0	0
oewn-01690851-v	picture	6	134	767	6	show	0	6	0.0	0	0	0	0	0	0
oewn-01728336-v	play	18	133	598	9	play	0	18	0.0	0	0	0	0	0	0
oewn-02195552-v	change intensity	12	133	408	8	quiet	0	12	0.0	0	0	0	0	0	0
oewn-00813960-v	confront	6	133	1045	6	face	3	6	0.5	0	3	0	0	0	0
oewn-02733758-v	sell	6	133	940	6	bring	0	6	0.0	0	0	0	0	0	0
oewn-00771598-v	convert	4	133	141	3	convince	0	4	0.0	0	0	0	0	0	0
oewn-01428804-v	neck	4	133	168	3	neck	2	4	0.5	2	0	0	0	0	0
oewn-01479113-v	obstruct	38	132	836	24	stop	7	38	0.18	0	7	0	0	0	0
oewn-01972576-v	rise	30	132	1462	23	rise	1	30	0.03	1	0	0	0	0	0
oewn-01160479-v	consume	20	132	697	14	drink	1	20	0.05	1	0	0	0	0	0
oewn-01718067-v	perform	24	130	2868	11	give	1	24	0.04	1	0	0	0	0	0
oewn-00017858-v	go to bed	12	130	522	6	bed	0	12	0.0	0	0	0	0	0	0
oewn-00932561-v	imply	7	130	566	5	suppose	5	7	0.71	5	0	0	0	0	0
oewn-02142175-v	disclose	6	130	1081	6	face	0	6	0.0	0	0	0	0	0	0
oewn-01173463-v	hit the bottle	18	129	1352	10	hold	0	18	0.0	0	0	0	0	0	0
oewn-00667394-v	lay down	5	129	3665	5	make	2	5	0.4	2	0	0	0	0	0
oewn-02222048-v	finance	5	129	1237	4	back	0	5	0.0	0	0	0	0	0	0
oewn-00218901-v	dry	18	128	548	5	air	1	18	0.06	0	1	0	0	0	0
oewn-00790800-v	investigate	10	128	375	10	examine	2	10	0.2	2	0	0	0	0	0
oewn-02252785-v	recover	5	128	1652	5	find	0	5	0.0	0	0	0	0	0	0
oewn-01063503-v	express	4	128	492	4	state	0	4	0.0	0	0	0	0	0	0
oewn-01266043-v	strip	13	127	749	8	tear	0	13	0.0	0	0	0	0	0	0
oewn-00018806-v	awaken	12	127	1177	9	call	6	12	0.5	6	0	0	0	0	0
oewn-00442400-v	decrease	48	126	1189	34	cut	8	48	0.17	2	6	1	0	0	0
oewn-00802592-v	dismiss	22	126	168	12	slight	7	22	0.32	2	5	1	0	0	0
oewn-02411715-v	succeed	9	126	1009	8	follow	0	9	0.0	0	0	0	0	0	0
oewn-01641524-v	discover	4	126	1685	4	find	0	4	0.0	0	0	0	0	0	0
oewn-00975088-v	air	12	125	821	7	air	0	12	0.0	0	0	0	0	0	0
oewn-00124250-v	move	6	125	1681	6	pass	0	6	0.0	0	0	0	0	0	0
oewn-00380830-v	switch	6	125	1253	4	back	0	6	0.0	0	0	0	0	0	0
oewn-00125649-v	turn	4	125	2493	4	turn	0	4	0.0	0	0	0	0	0	0
oewn-01546780-v	seat	4	125	997	3	sit	0	4	0.0	0	0	0	0	0	0
oewn-01536935-v	dirty	22	124	328	16	spot	15	22	0.68	0	15	0	0	0	0
oewn-01097629-v	serve	10	124	1110	7	sit	0	10	0.0	0	0	0	0	0	0
oewn-01654152-v	start	7	124	1216	6	open	0	7	0.0	0	0	0	0	0	0
oewn-02113108-v	get	4	124	2821	4	get	0	4	0.0	0	0	0	0	0	0
oewn-01633150-v	raise	20	123	694	14	raise	8	20	0.4	0	8	0	0	0	0
oewn-02402779-v	promote	16	123	768	11	raise	10	16	0.62	10	0	0	0	0	0
oewn-01880523-v	move back and forth	11	123	660	10	shake	0	11	0.0	0	0	0	0	0	0
oewn-00728262-v	impute	24	122	486	12	charge	0	24	0.0	0	0	0	0	0	0
oewn-02439823-v	join	19	122	723	12	enter	0	19	0.0	0	0	0	0	0	0
oewn-01227308-v	operate	15	122	1723	12	turn	0	15	0.0	0	0	0	0	0	0
oewn-00092045-v	devolve	13	122	626	12	drop	6	13	0.46	0	6	0	0	0	0
oewn-00902866-v	introduce	8	122	1244	6	present	0	8	0.0	0	0	0	0	0	0
oewn-02137210-v	gaze	7	122	132	3	gaze	3	7	0.43	0	3	0	0	1	0
oewn-01813288-v	overwhelm	15	121	730	13	kill	3	15	0.2	2	1	1	0	0	0
oewn-02042202-v	lean	13	121	557	12	lean	0	13	0.0	0	0	0	0	0	0
oewn-02183962-v	sound	13	121	1143	10	sound	1	13	0.08	1	0	0	0	0	0
oewn-02293158-v	acquire	7	121	720	6	win	1	7	0.14	0	1	0	0	0	0
oewn-01067899-v	keep	4	121	1200	4	keep	0	4	0.0	0	0	0	0	0	0
oewn-02169748-v	glance	4	121	242	3	glance	0	4	0.0	0	0	0	0	0	0
oewn-02401858-v	name	4	121	3327	2	make	0	4	0.0	0	0	0	0	0	0
oewn-01576346-v	tear	12	120	657	12	tear	7	12	0.58	0	7	0	0	0	0
oewn-02506927-v	judge	4	120	883	2	try	0	4	0.0	0	0	0	0	0	0
oewn-00792365-v	telecommunicate	17	119	1899	8	call	0	17	0.0	0	0	0	0	0	0
oewn-01632781-v	bring	6	119	2150	6	work	0	6	0.0	0	0	0	0	0	0
oewn-01993067-v	collapse	16	118	2889	15	give	0	16	0.0	0	0	0	0	0	0
oewn-00617464-v	exclude	7	118	252	6	except	0	7	0.0	0	0	0	0	0	0
oewn-01743695-v	grow	7	118	1937	6	keep	0	7	0.0	0	0	0	0	0	0
oewn-01786469-v	dismay	6	118	313	5	alarm	0	6	0.0	0	0	0	0	0	0
oewn-01165936-v	mine	4	118	237	1	mine	0	4	0.0	0	0	0	0	0	0
oewn-01950855-v	row	6	117	433	5	pull	0	6	0.0	0	0	0	0	0	0
oewn-02079296-v	scat	17	116	1073	10	run	0	17	0.0	0	0	0	0	0	0
oewn-02768426-v	burn	11	116	848	5	light	0	11	0.0	0	0	0	0	0	0
oewn-01028104-v	name	9	116	822	7	name	0	9	0.0	0	0	0	0	0	0
oewn-01813031-v	shock	8	116	322	4	floor	5	8	0.62	5	0	0	0	0	0
oewn-02754802-v	deck	7	116	315	7	deck	6	7	0.86	6	0	0	0	0	0
oewn-00611721-v	forget	6	116	409	4	forget	2	6	0.33	2	0	0	0	0	0
oewn-02247246-v	sell	29	115	875	15	move	6	29	0.21	0	6	0	0	0	0
oewn-01723161-v	act	15	115	3446	10	make	0	15	0.0	0	0	0	0	0	0
oewn-01964770-v	swim	11	115	421	8	swim	0	11	0.0	0	0	0	0	0	0
oewn-02113644-v	suffer	5	115	1104	5	die	3	5	0.6	1	2	1	0	0	0
oewn-00114965-v	convert	47	114	1394	14	work	1	47	0.02	1	0	0	0	0	0
oewn-01482779-v	capture	15	114	1279	11	run	0	15	0.0	0	0	0	0	0	0
oewn-01443719-v	pierce	13	114	503	11	bite	0	13	0.0	0	0	0	0	0	0
oewn-02685340-v	prolong	7	114	1227	7	keep	0	7	0.0	0	0	0	0	0	0
oewn-00144967-v	round	4	114	665	3	round	0	4	0.0	0	0	0	0	0	0
oewn-01768023-v	perturb	9	113	464	9	trouble	0	9	0.0	0	0	0	0	0	0
oewn-00281690-v	lighten	8	113	733	6	light	0	8	0.0	0	0	0	0	0	0
oewn-01801741-v	afflict	7	113	781	6	try	7	7	1.0	3	4	1	0	0	0
oewn-00045868-v	gain	6	113	829	5	round	0	6	0.0	0	0	0	0	0	0
oewn-01444129-v	pierce	14	112	452	12	stick	0	14	0.0	0	0	0	0	0	0
oewn-01216829-v	take	8	112	2790	7	take	0	8	0.0	0	0	0	0	0	0
oewn-00700621-v	decide	6	112	735	5	judge	0	6	0.0	0	0	0	0	0	0
oewn-02245263-v	seek	5	112	429	5	seek	0	5	0.0	0	0	0	0	0	0
oewn-01930264-v	run	18	111	1485	13	run	0	18	0.0	0	0	0	0	0	0
oewn-01927862-v	climb	8	111	280	7	struggle	0	8	0.0	0	0	0	0	0	0
oewn-02708690-v	suit	5	111	2836	5	take	3	5	0.6	3	0	0	0	0	0
oewn-01522610-v	undo	29	110	941	15	open	0	29	0.0	0	0	0	0	0	0
oewn-02516039-v	control	23	110	1430	18	hold	2	23	0.09	2	0	0	0	0	0
oewn-00794133-v	call	17	110	1292	13	call	0	17	0.0	0	0	0	0	0	0
oewn-00753573-v	command	13	110	460	10	command	0	13	0.0	0	0	0	0	0	0
oewn-01582662-v	unfold	10	110	978	6	open	0	10	0.0	0	0	0	0	0	0
oewn-02162161-v	obscure	9	110	279	6	cloud	0	9	0.0	0	0	0	0	0	0
oewn-02420961-v	busy	7	110	241	5	occupy	2	7	0.29	2	0	0	0	0	0
oewn-00642490-v	add	4	110	462	3	add	0	4	0.0	0	0	0	0	0	0
oewn-01583316-v	envelop	19	109	470	13	hide	1	19	0.05	1	0	0	0	0	0
oewn-01817851-v	rejoice	10	109	270	6	joy	5	10	0.5	5	0	0	0	0	0
oewn-01552687-v	deface	9	109	360	8	mark	5	9	0.56	0	5	0	0	0	0
oewn-00286768-v	stain	7	109	164	5	vein	0	7	0.0	0	0	0	0	0	0
oewn-00292635-v	light	7	109	718	4	light	0	7	0.0	0	0	0	0	0	0
oewn-00775477-v	argue	18	108	285	9	spar	5	18	0.28	5	0	0	0	0	0
oewn-02769698-v	shine	17	108	491	15	burn	6	17	0.35	3	3	1	0	0	0
oewn-01650771-v	establish	10	108	912	9	name	0	10	0.0	0	0	0	0	0	0
oewn-00248912-v	senesce	9	108	1284	5	turn	3	9	0.33	3	0	0	0	0	0
oewn-00620141-v	identify	6	108	297	4	mistake	1	6	0.17	1	0	0	0	0	0
oewn-00001740-v	breathe	22	107	316	12	breathe	2	22	0.09	0	2	0	0	0	0
oewn-02412046-v	tug	8	107	807	8	drive	3	8	0.38	0	3	0	0	0	0
oewn-02412468-v	fight	8	107	671	8	drive	0	8	0.0	0	0	0	0	0	0
oewn-00295007-v	bloom	5	107	115	4	flower	0	5	0.0	0	0	0	0	0	0
oewn-00633898-v	assume	5	107	539	3	suppose	3	5	0.6	0	3	0	0	0	0
oewn-00626148-v	take	4	107	2950	3	take	0	4	0.0	0	0	0	0	0	0
oewn-02473085-v	divide	21	106	360	8	lot	3	21	0.14	3	0	0	0	0	0
oewn-00169459-v	change magnitude	7	106	500	6	fall	0	7	0.0	0	0	0	0	0	0
oewn-01694189-v	draw	21	105	766	15	draw	0	21	0.0	0	0	0	0	0	0
oewn-00835688-v	misinform	19	105	461	9	lie	13	19	0.68	7	6	1	0	0	0
oewn-01219234-v	hold	14	105	993	11	hold	0	14	0.0	0	0	0	0	0	0
oewn-01944262-v	fly	10	105	407	9	fly	1	10	0.1	0	1	0	0	0	0
oewn-00914426-v	shout	9	105	367	8	shout	0	9	0.0	0	0	0	0	0	0
oewn-02243552-v	procure	7	105	414	6	engage	3	7	0.43	2	1	1	0	0	0
oewn-00610654-v	forget	6	105	417	3	forget	4	6	0.67	0	4	0	0	0	0
oewn-01280538-v	fold	23	104	461	19	cross	1	23	0.04	1	0	0	0	0	0
oewn-02120601-v	stimulate	23	104	1265	13	work	6	23	0.26	6	0	0	0	0	0
oewn-00804987-v	authorize	17	104	1210	12	pass	0	17	0.0	0	0	0	0	0	0
oewn-00619438-v	err	9	104	300	6	mistake	4	9	0.44	0	4	0	0	0	0
oewn-01214794-v	guide	7	104	1998	7	pass	0	7	0.0	0	0	0	0	0	0
oewn-00978685-v	advertise	14	103	553	11	press	0	14	0.0	0	0	0	0	0	0
oewn-00010047-v	move involuntarily	8	103	458	5	shake	0	8	0.0	0	0	0	0	0	0
oewn-02702643-v	rise	7	103	656	6	rise	0	7	0.0	0	0	0	0	0	0
oewn-00820214-v	concede	6	103	187	5	confess	0	6	0.0	0	0	0	0	0	0
oewn-02309962-v	roll up	24	102	814	20	catch	2	24	0.08	2	0	0	0	0	0
oewn-00187671-v	insert	23	102	657	17	shoot	2	23	0.09	0	2	0	0	0	0
oewn-00351115-v	persevere	17	102	918	10	follow	10	17	0.59	0	10	0	0	0	0
oewn-01631641-v	originate	13	102	1171	11	set	0	13	0.0	0	0	0	0	0	0
oewn-01480632-v	barricade	11	102	1017	7	close	7	11	0.64	0	7	0	0	0	0
oewn-02129213-v	smell	10	102	552	8	wind	3	10	0.3	3	0	0	0	0	0
oewn-00023861-v	zonk out	7	102	110	5	faint	4	7	0.57	0	4	0	0	0	0
oewn-02423786-v	play	21	101	517	15	play	4	21	0.19	4	0	0	0	0	0
oewn-01092289-v	group	9	101	146	5	group	2	9	0.22	2	0	0	0	0	0
oewn-01129837-v	besiege	8	101	235	6	hem in	0	8	0.0	0	0	0	0	0	0
oewn-02321848-v	give	8	101	3475	8	give	0	8	0.0	0	0	0	0	0	0
oewn-01553977-v	scar	7	101	345	4	mark	0	7	0.0	0	0	0	0	0	0
oewn-02505278-v	punish	18	100	162	11	revenge	7	18	0.39	0	7	0	0	0	0
oewn-00859605-v	exuberate	6	100	181	4	glory	5	6	0.83	5	0	0	0	0	0
oewn-00961556-v	hark back	6	100	820	5	return	0	6	0.0	0	0	0	0	0	0
oewn-02214527-v	subscribe	5	100	3505	4	take	0	5	0.0	0	0	0	0	0	0
oewn-02745355-v	meet	5	100	959	5	meet	2	5	0.4	0	2	0	0	0	0
oewn-00853615-v	ridicule	16	99	178	11	expose	3	16	0.19	0	3	0	0	0	0
oewn-00440913-v	decelerate	11	99	330	6	delay	0	11	0.0	0	0	0	0	0	0
oewn-00888984-v	give	9	99	1880	8	give	2	9	0.22	2	0	0	0	0	0
oewn-00352060-v	stick to	6	99	1665	5	keep	0	6	0.0	0	0	0	0	0	0
oewn-01156228-v	get even	6	99	2715	4	get	0	6	0.0	0	0	0	0	0	0
oewn-02399325-v	fill	4	99	2774	4	take	0	4	0.0	0	0	0	0	0	0
oewn-00071765-v	make	17	98	2849	5	make	0	17	0.0	0	0	0	0	0	0
oewn-01413739-v	flog	16	98	227	15	cat	0	16	0.0	0	0	0	0	0	0
oewn-02700775-v	situate	9	98	1211	6	place	0	9	0.0	0	0	0	0	0	0
oewn-01548893-v	stand	7	98	970	2	stand	0	7	0.0	0	0	0	0	0	0
oewn-02540158-v	woo	7	98	302	7	court	4	7	0.57	4	0	0	0	0	0
oewn-00340548-v	arise	6	98	954	6	open	1	6	0.17	1	0	0	0	0	0
oewn-02750526-v	open	5	98	834	5	open	0	5	0.0	0	0	0	0	0	0
oewn-00221295-v	strengthen	23	97	318	12	secure	4	23	0.17	2	2	1	0	0	0
oewn-02580591-v	cheat	15	97	343	12	cook	9	15	0.6	0	9	0	0	0	0
oewn-02287351-v	store	12	97	960	7	keep	1	12	0.08	0	1	0	0	0	0
oewn-00421085-v	tighten	8	97	482	6	wind	0	8	0.0	0	0	0	0	0	0
oewn-00441241-v	check	7	97	595	7	stay	0	7	0.0	0	0	0	0	0	0
oewn-02546367-v	serve	7	97	362	7	attend	0	7	0.0	0	0	0	0	0	0
oewn-00445584-v	melt	6	97	1352	5	try	0	6	0.0	0	0	0	0	0	0
oewn-00619957-v	mistake	4	97	214	3	mistake	0	4	0.0	0	0	0	0	0	0
oewn-00726794-v	amaze	4	97	122	4	astonish	4	4	1.0	1	3	1	0	0	0
oewn-00234091-v	restrict	32	96	414	19	tie	4	32	0.12	0	4	0	0	0	0
oewn-02422604-v	idle	26	96	205	10	moon	13	26	0.5	0	13	0	0	0	0
oewn-01961388-v	ride	10	96	868	6	sit	0	10	0.0	0	0	0	0	0	0
oewn-02059191-v	tear	6	96	660	6	tear	0	6	0.0	0	0	0	0	0	0
oewn-00544490-v	develop	4	96	3135	4	make	0	4	0.0	0	0	0	0	0	0
oewn-02527076-v	protest	13	95	1059	13	strike	0	13	0.0	0	0	0	0	0	0
oewn-01728928-v	play	11	95	1137	7	follow	1	11	0.09	1	0	0	0	0	0
oewn-00649877-v	research	10	95	240	7	search	0	10	0.0	0	0	0	0	0	0
oewn-02706727-v	hold	8	95	1574	8	hold	0	8	0.0	0	0	0	0	0	0
oewn-01879288-v	rock	7	95	643	6	shake	1	7	0.14	0	1	0	0	0	0
oewn-01910816-v	walk	5	95	707	5	walk	0	5	0.0	0	0	0	0	0	0
oewn-02566682-v	effect	4	95	510	3	carry	0	4	0.0	0	0	0	0	0	0
oewn-02682907-v	involve	4	95	339	4	regard	0	4	0.0	0	0	0	0	0	0
oewn-00551194-v	switch	14	94	1733	11	break	1	14	0.07	1	0	0	0	0	0
oewn-01228779-v	caress	12	94	236	10	nose	3	12	0.25	2	1	1	0	0	0
oewn-00272745-v	stabilize	10	94	454	6	settle	0	10	0.0	0	0	0	0	0	0
oewn-01177764-v	toast	6	94	1919	5	give	0	6	0.0	0	0	0	0	0	0
oewn-01886807-v	weave	6	94	525	6	wind	0	6	0.0	0	0	0	0	0	0
oewn-02147248-v	model	5	94	792	4	sit	1	5	0.2	0	1	0	0	0	0
oewn-00019441-v	affect	29	93	465	19	calm	19	29	0.66	11	8	1	0	0	0
oewn-01225746-v	twist	22	93	334	19	mat	2	22	0.09	0	2	0	0	0	0
oewn-01304044-v	restrain	20	93	1087	15	hold	0	20	0.0	0	0	0	0	0	0
oewn-00387981-v	revert	15	93	788	8	return	6	15	0.4	0	6	0	0	0	0
oewn-02233480-v	assign	10	93	419	8	allow	0	10	0.0	0	0	0	0	0	0
oewn-02570061-v	exempt	8	93	452	6	free	0	8	0.0	0	0	0	0	0	0
oewn-02066560-v	crouch	7	93	442	6	bow	0	7	0.0	0	0	0	0	0	0
oewn-02701971-v	dominate	7	93	323	7	shadow	0	7	0.0	0	0	0	0	0	0
oewn-00718436-v	presuppose	6	93	454	2	suppose	0	6	0.0	0	0	0	0	0	0
oewn-02376902-v	exert	6	93	1677	4	work	2	6	0.33	0	2	0	0	0	0
oewn-01019835-v	demand	5	93	1089	5	call	0	5	0.0	0	0	0	0	0	0
oewn-01197832-v	sample	5	93	742	4	try	1	5	0.2	1	0	0	0	0	0
oewn-02054955-v	make	5	93	3534	4	make	1	5	0.2	0	1	0	0	0	0
oewn-01770600-v	worry	4	93	473	4	care	0	4	0.0	0	0	0	0	0	0
oewn-02227100-v	discard	29	92	450	15	toss	0	29	0.0	0	0	0	0	0	0
oewn-01793315-v	harass	20	92	247	15	rag	0	20	0.0	0	0	0	0	0	0
oewn-01514338-v	propel	16	92	1226	13	throw	0	16	0.0	0	0	0	0	0	0
oewn-01035399-v	cover	11	92	728	9	deal	0	11	0.0	0	0	0	0	0	0
oewn-01469607-v	border	10	92	278	8	edge	0	10	0.0	0	0	0	0	0	0
oewn-02618403-v	occur	10	92	1004	6	run	0	10	0.0	0	0	0	0	0	0
oewn-02321284-v	release	8	92	2031	7	give	2	8	0.25	0	2	0	0	0	0
oewn-00868169-v	bless	6	92	274	3	bless	0	6	0.0	0	0	0	0	0	0
oewn-02431018-v	open	6	92	872	6	open	0	6	0.0	0	0	0	0	0	0
oewn-01703755-v	spell	5	92	610	2	write	0	5	0.0	0	0	0	0	0	0
oewn-01234216-v	knife	4	92	101	4	knife	0	4	0.0	0	0	0	0	0	0
oewn-00075867-v	tire	12	91	352	9	tire	0	12	0.0	0	0	0	0	0	0
oewn-00274244-v	habituate	8	91	172	7	teach	0	8	0.0	0	0	0	0	0	0
oewn-02552164-v	recognize	6	91	308	5	honour	5	6	0.83	5	0	0	0	0	0
oewn-02629987-v	form	5	91	553	2	form	0	5	0.0	0	0	0	0	0	0
oewn-00450647-v	empty	18	90	737	11	clear	0	18	0.0	0	0	0	0	0	0
oewn-01203727-v	chew	13	90	204	10	jaw	6	13	0.46	0	6	0	0	0	0
oewn-00783045-v	continue	8	90	550	6	continue	0	8	0.0	0	0	0	0	0	0
oewn-01193481-v	delight	8	90	308	4	delight	5	8	0.62	0	5	0	0	0	0
oewn-01033289-v	mail	7	90	637	5	send	0	7	0.0	0	0	0	0	0	0
oewn-02380222-v	prosecute	7	90	859	6	close	0	7	0.0	0	0	0	0	0	0
oewn-00164252-v	refresh	6	90	494	5	air	0	6	0.0	0	0	0	0	0	0
oewn-01062366-v	give	4	90	2145	4	give	2	4	0.5	2	0	0	0	0	0
oewn-01845021-v	travel	4	90	645	4	hop	0	4	0.0	0	0	0	0	0	0
oewn-01282617-v	flex	12	89	1297	7	turn	0	12	0.0	0	0	0	0	0	0
oewn-02226741-v	change hands	9	89	1909	7	pass	1	9	0.11	1	0	0	0	0	0
oewn-00097837-v	resuscitate	8	89	379	6	raise	0	8	0.0	0	0	0	0	0	0
oewn-01278326-v	score	7	89	665	6	line	0	7	0.0	0	0	0	0	0	0
oewn-02657519-v	lodge	7	89	1025	5	keep	0	7	0.0	0	0	0	0	0	0
oewn-00880167-v	submit	6	89	2333	5	give	1	6	0.17	1	0	0	0	0	0
oewn-02153218-v	show	6	89	1013	5	present	1	6	0.17	1	0	0	0	0	0
oewn-01822202-v	encourage	24	88	337	17	encourage	9	24	0.38	5	4	1	0	0	0
oewn-01863207-v	stop	15	88	1407	14	hold	0	15	0.0	0	0	0	0	0	0
oewn-01295488-v	match	7	88	382	5	couple	1	7	0.14	0	1	0	0	0	0
oewn-02095432-v	pace	6	88	683	5	walk	0	6	0.0	0	0	0	0	0	0
oewn-02643286-v	bide	6	88	642	4	stay	0	6	0.0	0	0	0	0	0	0
oewn-02260076-v	accord	5	88	1784	5	give	0	5	0.0	0	0	0	0	0	0
oewn-02285938-v	store	19	87	222	11	collect	0	19	0.0	0	0	0	0	0	0
oewn-00844668-v	accuse	11	87	278	9	charge	3	11	0.27	0	3	0	0	0	0
oewn-00778568-v	charm	9	87	313	7	charm	0	9	0.0	0	0	0	0	0	0
oewn-01259164-v	carve	9	87	222	8	grave	0	9	0.0	0	0	0	0	0	0
oewn-01200739-v	smoke	7	87	201	5	smoke	0	7	0.0	0	0	0	0	0	0
oewn-02241406-v	accept	5	87	2711	5	take	0	5	0.0	0	0	0	0	0	0
oewn-02170904-v	study	8	86	554	6	consider	2	8	0.25	2	0	0	0	0	0
oewn-01397118-v	grate	7	86	399	5	grind	0	7	0.0	0	0	0	0	0	0
oewn-02085825-v	leave behind	4	86	173	3	distance	0	4	0.0	0	0	0	0	0	0
oewn-00890307-v	contract	14	85	472	13	sign	0	14	0.0	0	0	0	0	0	0
oewn-02249738-v	deal	14	85	777	10	deal	0	14	0.0	0	0	0	0	0	0
oewn-01184590-v	gratify	8	85	142	5	gratify	2	8	0.25	2	0	0	0	0	0
oewn-01252288-v	rub	23	84	329	15	strain	2	23	0.09	0	2	0	0	0	0
oewn-01255535-v	smooth	11	84	306	9	float	0	11	0.0	0	0	0	0	0	0
oewn-02454205-v	exclude	10	84	261	5	shut	2	10	0.2	0	2	0	0	0	0
oewn-01427110-v	embrace	8	84	351	6	lock	4	8	0.5	4	0	0	0	0	0
oewn-02592550-v	charm	8	84	208	6	charm	0	8	0.0	0	0	0	0	0	0
oewn-00162496-v	replace	7	84	780	6	change	1	7	0.14	0	1	0	0	0	0
oewn-00945595-v	talk of	6	84	110	4	talk of	1	6	0.17	1	0	0	0	0	0
oewn-01214263-v	manipulate	25	83	1246	19	work	9	25	0.36	6	3	1	0	0	0
oewn-00276642-v	tidy	12	83	2900	7	make	0	12	0.0	0	0	0	0	0	0
oewn-02259066-v	settle	10	83	834	8	pay	0	10	0.0	0	0	0	0	0	0
oewn-00546637-v	develop	5	83	2568	5	take	3	5	0.6	3	0	0	0	0	0
oewn-02507387-v	expel	29	82	353	16	bar	2	29	0.07	0	2	0	0	0	0
oewn-01424276-v	insert	24	82	625	13	enter	0	24	0.0	0	0	0	0	0	0
oewn-00417926-v	equal	11	82	799	4	draw	0	11	0.0	0	0	0	0	0	0
oewn-01216178-v	seize	11	82	265	6	seize	0	11	0.0	0	0	0	0	0	0
oewn-00364717-v	interrupt	9	82	1019	8	break	0	9	0.0	0	0	0	0	0	0
oewn-01604155-v	hold	8	82	1482	7	hold	0	8	0.0	0	0	0	0	0	0
oewn-02002464-v	follow	8	82	1005	6	follow	1	8	0.12	0	1	0	0	0	0
oewn-02565578-v	stop	6	82	761	5	stop	0	6	0.0	0	0	0	0	0	0
oewn-02588700-v	perpetrate	5	82	3025	4	make	0	5	0.0	0	0	0	0	0	0
oewn-01802463-v	try	4	82	735	4	try	4	4	1.0	4	0	0	0	0	0
oewn-01810076-v	brace	4	82	137	4	nerve	4	4	1.0	0	4	0	0	0	0
oewn-00852181-v	tease	21	81	258	16	rag	10	21	0.48	0	10	0	0	0	0
oewn-01516062-v	shed	17	81	868	10	throw	0	17	0.0	0	0	0	0	0	0
oewn-02391530-v	invest	12	81	458	10	order	1	12	0.08	0	1	0	0	0	0
oewn-00602438-v	steep	9	81	347	8	drink	0	9	0.0	0	0	0	0	0	0
oewn-00314788-v	obscure	6	81	289	6	hide	5	6	0.83	0	5	0	0	0	0
oewn-02525332-v	behave	5	81	612	3	walk	3	5	0.6	3	0	0	0	0	0
oewn-00628065-v	read	4	81	1309	3	call	0	4	0.0	0	0	0	0	0	0
oewn-01758079-v	prepare	4	81	202	4	prepare	0	4	0.0	0	0	0	0	0	0
oewn-02604140-v	assemble	4	81	2905	4	make	0	4	0.0	0	0	0	0	0	0
oewn-02572443-v	transgress	22	80	620	14	break	8	22	0.36	0	8	0	0	0	0
oewn-00150107-v	adjust	16	80	261	7	match	4	16	0.25	1	3	1	0	0	0
oewn-01312361-v	dig	15	80	212	13	dig	0	15	0.0	0	0	0	0	0	0
oewn-00599310-v	learn	11	80	507	6	learn	4	11	0.36	4	0	0	0	0	0
oewn-00287688-v	tint	7	80	369	4	touch	0	7	0.0	0	0	0	0	0	0
oewn-01258721-v	carve	7	80	184	5	grave	0	7	0.0	0	0	0	0	0	0
oewn-01218568-v	grasp	6	80	420	6	hang	0	6	0.0	0	0	0	0	0	0
oewn-02593624-v	cope	20	79	656	11	deal	1	20	0.05	0	1	0	0	0	0
oewn-02671359-v	resemble	9	79	203	9	recall	5	9	0.56	4	1	1	0	0	0
oewn-01029183-v	add	8	79	393	6	add	4	8	0.5	0	4	0	0	0	0
oewn-01513459-v	engage	8	79	863	8	throw	0	8	0.0	0	0	0	0	0	0
oewn-00705641-v	contemplate	6	79	368	5	think of	0	6	0.0	0	0	0	0	0	0
oewn-02296669-v	yield	6	79	1011	6	bear	1	6	0.17	1	0	0	0	0	0
oewn-02639962-v	prove	5	79	311	5	prove	0	5	0.0	0	0	0	0	0	0
oewn-01422636-v	box	4	79	252	2	box	0	4	0.0	0	0	0	0	0	0
oewn-00420903-v	tighten	14	78	419	10	press	0	14	0.0	0	0	0	0	0	0
oewn-02201394-v	change taste	10	78	86	3	bitter	4	10	0.4	4	0	0	0	0	0
oewn-00434185-v	wax	7	78	924	7	rise	0	7	0.0	0	0	0	0	0	0
oewn-00897737-v	justify	6	78	283	6	explain	0	6	0.0	0	0	0	0	0	0
oewn-00948137-v	enumerate	6	78	620	4	name	0	6	0.0	0	0	0	0	0	0
oewn-00427254-v	reappear	5	78	693	3	return	2	5	0.4	2	0	0	0	0	0
oewn-02497847-v	entertain	5	78	151	5	amuse	3	5	0.6	3	0	0	0	0	0
oewn-01349486-v	open	4	78	779	3	open	0	4	0.0	0	0	0	0	0	0
oewn-01449876-v	press	18	77	605	10	grind	1	18	0.06	0	1	0	0	0	0
oewn-01746767-v	imitate	14	77	1133	11	follow	6	14	0.43	6	0	0	0	0	0
oewn-00254647-v	develop	12	77	628	10	grow	0	12	0.0	0	0	0	0	0	0
oewn-02065423-v	dart	7	77	444	7	shoot	0	7	0.0	0	0	0	0	0	0
oewn-02543752-v	bind	7	77	390	6	tie	0	7	0.0	0	0	0	0	0	0
oewn-00816512-v	refute	6	77	697	6	answer	3	6	0.5	0	3	0	0	0	0
oewn-00104622-v	exhaust	30	76	1193	14	pass	2	30	0.07	1	1	1	0	0	0
oewn-00530070-v	issue	14	76	694	13	fall	0	14	0.0	0	0	0	0	0	0
oewn-01531609-v	implant	9	76	386	8	sink	0	9	0.0	0	0	0	0	0	0
oewn-00681308-v	choose	8	76	217	5	choose	5	8	0.62	0	5	0	0	0	0
oewn-01023429-v	conclude	6	76	623	5	settle	0	6	0.0	0	0	0	0	0	0
oewn-02655144-v	occupy	6	76	453	6	crowd	0	6	0.0	0	0	0	0	0	0
oewn-01934845-v	drive	5	76	675	4	drive	0	5	0.0	0	0	0	0	0	0
oewn-00960366-v	repeat	22	75	397	14	repeat	0	22	0.0	0	0	0	0	0	0
oewn-00007012-v	blow	9	75	398	7	blow	5	9	0.56	0	5	0	0	0	0
oewn-00855315-v	joke	9	75	221	5	fool	6	9	0.67	6	0	0	0	0	0
oewn-01847631-v	travel to	5	75	389	4	visit	0	5	0.0	0	0	0	0	0	0
oewn-01903884-v	flit	5	75	186	5	dart	0	5	0.0	0	0	0	0	0	0
oewn-01944952-v	fly	16	74	353	7	fly	1	16	0.06	0	1	0	0	0	0
oewn-02672316-v	differ	14	74	233	12	depart	7	14	0.5	4	3	1	0	0	0
oewn-02413117-v	work	11	74	1573	7	work	0	11	0.0	0	0	0	0	0	0
oewn-00837582-v	falsify	7	74	160	6	murder	0	7	0.0	0	0	0	0	0	0
oewn-02268154-v	confer	5	74	262	4	bless	1	5	0.2	0	1	0	0	0	0
oewn-01683875-v	deck	4	74	224	2	deck	0	4	0.0	0	0	0	0	0	0
oewn-00806138-v	yield	10	73	370	8	bow	5	10	0.5	5	0	0	0	0	0
oewn-01898642-v	dance	7	73	221	2	dance	0	7	0.0	0	0	0	0	0	0
oewn-00525762-v	assume	6	73	2587	5	take	0	6	0.0	0	0	0	0	0	0
oewn-00916373-v	shriek	6	73	137	4	pipe	0	6	0.0	0	0	0	0	0	0
oewn-01038191-v	queer	6	73	190	6	queer	6	6	1.0	0	6	0	0	0	0
oewn-02401347-v	appoint	6	73	619	4	name	0	6	0.0	0	0	0	0	0	0
oewn-02744576-v	wind	6	73	446	5	wind	0	6	0.0	0	0	0	0	0	0
oewn-02266695-v	award	5	73	592	5	present	0	5	0.0	0	0	0	0	0	0
oewn-01439155-v	turn	4	73	1502	3	turn	0	4	0.0	0	0	0	0	0	0
oewn-01559128-v	tear	4	73	358	4	tear	0	4	0.0	0	0	0	0	0	0
oewn-00797525-v	forbid	17	72	197	10	bar	0	17	0.0	0	0	0	0	0	0
oewn-01864781-v	stop	17	72	835	14	stop	1	17	0.06	0	1	0	0	0	0
oewn-02484912-v	issue	9	72	605	6	free	0	9	0.0	0	0	0	0	0	0
oewn-00979368-v	proclaim	6	72	226	5	exclaim	0	6	0.0	0	0	0	0	0	0
oewn-00260813-v	afflict	5	72	367	5	visit	5	5	1.0	0	5	0	0	0	0
oewn-00870790-v	challenge	5	72	1696	5	call	1	5	0.2	0	1	0	0	0	0
oewn-01457813-v	hoist	5	72	520	3	wind	0	5	0.0	0	0	0	0	0	0
oewn-01780135-v	care for	5	72	130	5	treasure	1	5	0.2	1	0	0	0	0	0
oewn-01866904-v	stop	5	72	1242	3	call	0	5	0.0	0	0	0	0	0	0
oewn-00840203-v	make	4	72	2844	3	make	0	4	0.0	0	0	0	0	0	0
oewn-01399864-v	beat	34	71	366	18	beat	6	34	0.18	0	6	0	0	0	0
oewn-01660471-v	assemble	16	71	287	9	piece	3	16	0.19	0	3	0	0	0	0
oewn-01520294-v	intertwine	15	71	414	9	wind	0	15	0.0	0	0	0	0	0	0
oewn-02232813-v	abandon	14	71	506	13	change	0	14	0.0	0	0	0	0	0	0
oewn-01989043-v	lie down	7	71	538	7	lie	0	7	0.0	0	0	0	0	0	0
oewn-02056400-v	pass	7	71	1654	6	pass	0	7	0.0	0	0	0	0	0	0
oewn-00894956-v	excuse	4	71	256	3	explain	0	4	0.0	0	0	0	0	0	0
oewn-02470006-v	spare	4	71	441	4	save	4	4	1.0	0	4	0	0	0	0
oewn-01461602-v	separate	25	70	445	14	separate	0	25	0.0	0	0	0	0	0	0
oewn-02048992-v	revolve	17	70	297	11	wheel	0	17	0.0	0	0	0	0	0	0
oewn-01789790-v	anger	15	70	154	11	anger	4	15	0.27	0	4	0	0	0	0
oewn-00777201-v	quarrel	13	70	102	7	quarrel	7	13	0.54	5	2	1	0	0	0
oewn-02628315-v	connect	13	70	433	8	join	0	13	0.0	0	0	0	0	0	0
oewn-02392628-v	educate	9	70	366	5	prepare	2	9	0.22	2	0	0	0	0	0
oewn-02545454-v	rear	8	70	381	7	raise	0	8	0.0	0	0	0	0	0	0
oewn-02763991-v	pour	8	70	243	5	stream	0	8	0.0	0	0	0	0	0	0
oewn-01764964-v	inflame	7	70	277	6	wake	0	7	0.0	0	0	0	0	0	0
oewn-02250547-v	transact	6	70	569	6	deal	0	6	0.0	0	0	0	0	0	0
oewn-00908688-v	sentence	5	70	141	4	doom	0	5	0.0	0	0	0	0	0	0
oewn-01219086-v	clasp	5	70	206	5	bosom	4	5	0.8	4	0	0	0	0	0
oewn-01004785-v	film	4	70	2641	3	take	0	4	0.0	0	0	0	0	0	0
oewn-02302103-v	offer	4	70	1886	4	give	0	4	0.0	0	0	0	0	0	0
oewn-01381221-v	spread	23	69	328	15	spread	0	23	0.0	0	0	0	0	0	0
oewn-00323648-v	cook	21	69	224	11	cook	0	21	0.0	0	0	0	0	0	0
oewn-00884747-v	boast	14	69	365	12	blow	4	14	0.29	4	0	0	0	1	0
oewn-01637684-v	think up	12	69	352	10	think of	5	12	0.42	0	5	0	0	0	0
oewn-02453050-v	form	11	69	583	6	form	0	11	0.0	0	0	0	0	0	0
oewn-00513958-v	enable	8	69	119	7	invest	1	8	0.12	1	0	0	0	0	0
oewn-02775199-v	blow	7	69	391	7	blow	2	7	0.29	0	2	0	0	0	0
oewn-01213301-v	handle	6	69	181	6	field	2	6	0.33	0	2	0	0	0	0
oewn-01745745-v	plow	6	69	1122	6	turn	0	6	0.0	0	0	0	0	0	0
oewn-00671680-v	take	4	69	2546	4	take	0	4	0.0	0	0	0	0	0	0
oewn-01532886-v	bury	4	69	898	4	set	0	4	0.0	0	0	0	0	0	0
oewn-00658247-v	group	11	68	247	8	gather	0	11	0.0	0	0	0	0	0	0
oewn-01293025-v	attach	11	68	408	10	stick	0	11	0.0	0	0	0	0	0	0
oewn-01989937-v	sink	11	68	598	8	drop	0	11	0.0	0	0	0	0	0	0
oewn-00615748-v	abandon	9	68	240	8	desert	4	9	0.44	0	4	0	0	0	0
oewn-00992687-v	address	7	68	394	7	address	0	7	0.0	0	0	0	0	0	0
oewn-01906776-v	float	7	68	515	6	blow	0	7	0.0	0	0	0	0	0	0
oewn-01433863-v	snog	6	68	148	4	kiss	0	6	0.0	0	0	0	0	0	0
oewn-01155952-v	revenge	5	68	80	4	revenge	3	5	0.6	0	3	0	0	0	0
oewn-01621566-v	institute	5	68	719	5	bring	0	5	0.0	0	0	0	0	0	0
oewn-02531113-v	work	4	68	1102	4	work	0	4	0.0	0	0	0	0	0	0
oewn-01896097-v	bounce	15	67	333	11	spring	0	15	0.0	0	0	0	0	0	0
oewn-00099475-v	exercise	13	67	480	7	press	8	13	0.62	3	5	1	0	0	0
oewn-02295422-v	profit	13	67	484	8	clear	7	13	0.54	7	0	0	0	0	0
oewn-00941308-v	explain	11	67	230	7	explain	7	11	0.64	7	0	0	0	0	0
oewn-02557529-v	save	9	67	649	8	save	5	9	0.56	2	3	1	0	0	0
oewn-01809651-v	ache	6	67	441	5	die	0	6	0.0	0	0	0	0	0	0
oewn-01020361-v	claim	5	67	288	4	claim	0	5	0.0	0	0	0	0	0	0
oewn-00729953-v	blame	4	67	377	4	charge	0	4	0.0	0	0	0	0	0	0
oewn-02579332-v	cheat	38	66	331	20	beat	4	38	0.11	3	1	1	0	0	0
oewn-01634614-v	regenerate	24	66	254	10	restore	4	24	0.17	3	1	1	0	0	0
oewn-01740703-v	reproduce	21	66	332	10	repeat	3	21	0.14	3	0	0	0	0	0
oewn-00073791-v	stool	10	66	2801	3	make	0	10	0.0	0	0	0	0	0	0
oewn-01133899-v	check	8	66	578	8	stop	0	8	0.0	0	0	0	0	0	0
oewn-00651134-v	explore	5	66	147	4	cave	0	5	0.0	0	0	0	0	0	0
oewn-01397703-v	plate	13	65	143	6	silver	0	13	0.0	0	0	0	0	0	0
oewn-01422127-v	agitate	13	65	431	9	beat	2	13	0.15	2	0	0	0	0	0
oewn-00236085-v	limit	11	65	232	7	number	0	11	0.0	0	0	0	0	0	0
oewn-02354208-v	entrust	10	65	389	8	trust	5	10	0.5	5	0	0	0	0	0
oewn-01914366-v	startle	7	65	578	4	start	1	7	0.14	0	1	0	0	0	0
oewn-01111038-v	overcome	6	65	265	6	master	0	6	0.0	0	0	0	0	0	0
oewn-00032974-v	frown	5	65	202	4	lower	5	5	1.0	0	5	0	0	0	0
oewn-00757492-v	appeal	5	65	1151	5	turn	0	5	0.0	0	0	0	0	0	0
oewn-01278925-v	line	4	65	381	2	line	0	4	0.0	0	0	0	0	0	0
oewn-01806967-v	torment	15	64	218	13	rag	1	15	0.07	0	1	0	0	0	0
oewn-02073479-v	pour	13	64	520	11	drop	0	13	0.0	0	0	0	0	0	0
oewn-02530710-v	pass	10	64	931	6	pass	6	10	0.6	6	0	0	0	0	0
oewn-02164982-v	radiate	9	64	217	8	flash	5	9	0.56	5	0	0	0	0	0
oewn-00791110-v	call	7	64	1015	5	call	0	7	0.0	0	0	0	0	0	0
oewn-01062889-v	carry	7	64	662	4	carry	0	7	0.0	0	0	0	0	0	0
oewn-01178529-v	regale	6	64	212	5	wine	1	6	0.17	0	1	0	0	0	0
oewn-00841513-v	overstate	29	63	306	17	blow	7	29	0.24	7	0	0	0	1	0
oewn-00626756-v	read	13	63	558	6	read	3	13	0.23	3	0	0	0	0	0
oewn-02476750-v	enroll	13	63	679	8	enter	0	13	0.0	0	0	0	0	0	0
oewn-00784574-v	entice	12	63	963	10	call	3	12	0.25	2	1	1	0	0	0
oewn-01041202-v	sign	9	63	342	4	sign	0	9	0.0	0	0	0	0	0	0
oewn-02431242-v	close up	8	63	674	8	close	0	8	0.0	0	0	0	0	0	0
oewn-00888280-v	vow	7	63	370	6	engage	0	7	0.0	0	0	0	0	0	0
oewn-02260917-v	prize	7	63	226	7	value	2	7	0.29	2	0	0	0	0	0
oewn-00766267-v	agree	6	63	171	5	agree	1	6	0.17	1	0	0	0	0	0
oewn-02053645-v	pass	6	63	1158	6	pass	0	6	0.0	0	0	0	0	0	0
oewn-02716547-v	bound	5	63	195	5	shore	0	5	0.0	0	0	0	0	0	0
oewn-02725805-v	belong to	5	63	176	4	belong	0	5	0.0	0	0	0	0	0	0
oewn-00881748-v	flatter	14	62	96	3	flatter	3	14	0.21	3	0	0	0	1	0
oewn-00811316-v	hedge	13	62	224	10	beg	1	13	0.08	0	1	0	0	0	0
oewn-01182162-v	feed	10	62	329	10	eat	0	10	0.0	0	0	0	0	0	0
oewn-00765444-v	settle	9	62	676	8	clear	0	9	0.0	0	0	0	0	0	0
oewn-02305021-v	bid	9	62	1235	4	call	1	9	0.11	0	1	0	0	0	0
oewn-00779033-v	hex	8	62	121	5	spell	0	8	0.0	0	0	0	0	0	0
oewn-00904187-v	absolve	8	62	427	7	free	0	8	0.0	0	0	0	0	0	0
oewn-00989103-v	describe	8	62	667	7	draw	2	8	0.25	2	0	0	0	0	0
oewn-01484705-v	hang	7	62	661	7	drop	0	7	0.0	0	0	0	0	0	0
oewn-02393545-v	educate	7	62	248	6	school	6	7	0.86	6	0	0	0	0	0
oewn-01102003-v	lose	6	62	762	3	lose	2	6	0.33	0	2	0	0	0	0
oewn-01236557-v	roof	4	62	68	4	roof	0	4	0.0	0	0	0	0	0	0
oewn-02260270-v	allow	4	62	348	4	allow	3	4	0.75	3	0	0	0	0	0
oewn-02279327-v	assume	13	61	377	9	seize	5	13	0.38	0	5	0	0	0	0
oewn-02426474-v	free	12	61	939	8	run	7	12	0.58	7	0	0	0	0	0
oewn-01226565-v	grip	9	61	258	6	bite	1	9	0.11	1	0	0	0	0	0
oewn-01993887-v	sink	9	61	702	7	sink	0	9	0.0	0	0	0	0	0	0
oewn-00966943-v	broach	8	61	657	8	deal	0	8	0.0	0	0	0	0	0	0
oewn-01425939-v	close	8	61	639	6	close	0	8	0.0	0	0	0	0	0	0
oewn-02040935-v	slope	8	61	561	8	fall	0	8	0.0	0	0	0	0	0	0
oewn-02236443-v	convey	8	61	938	7	pass	0	8	0.0	0	0	0	0	0	0
oewn-01167895-v	strain	6	61	224	5	task	2	6	0.33	2	0	0	0	0	0
oewn-01439891-v	send	6	61	379	5	send	0	6	0.0	0	0	0	0	0	0
oewn-02711395-v	inhere in	5	61	559	4	rest	0	5	0.0	0	0	0	0	0	0
oewn-00377673-v	burn	17	60	332	10	burn	5	17	0.29	0	5	0	0	0	0
oewn-01280991-v	wrinkle	15	60	164	12	knit	3	15	0.2	0	3	0	0	0	0
oewn-01730049-v	play	14	60	581	12	play	1	14	0.07	1	0	0	0	0	0
oewn-00822637-v	attest	11	60	277	9	reflect	2	11	0.18	1	1	1	0	0	0
oewn-02387509-v	leave office	11	60	578	9	fall	4	11	0.36	0	4	0	0	0	0
oewn-01394891-v	wipe	9	60	167	7	sweep	0	9	0.0	0	0	0	0	0	0
oewn-00310092-v	burst	7	60	397	6	blow	0	7	0.0	0	0	0	0	0	0
oewn-00601765-v	absorb	7	60	438	7	engage	0	7	0.0	0	0	0	0	0	0
oewn-02072341-v	spurt	7	60	328	5	blow	0	7	0.0	0	0	0	0	0	0
oewn-02289796-v	refund	7	60	686	4	return	0	7	0.0	0	0	0	0	0	0
oewn-00319617-v	elongate	4	60	299	3	tree	0	4	0.0	0	0	0	0	0	0
oewn-01708311-v	author	4	60	104	2	ghost	0	4	0.0	0	0	0	0	0	0
oewn-02035003-v	separate	15	59	749	13	break	0	15	0.0	0	0	0	0	0	0
oewn-01973223-v	ascend	7	59	578	7	rise	0	7	0.0	0	0	0	0	0	0
oewn-02167378-v	glitter	7	59	135	7	shine	1	7	0.14	0	1	0	0	0	0
oewn-01187158-v	sustain	6	59	1246	5	keep	0	6	0.0	0	0	0	0	0	0
oewn-01222557-v	brace	6	59	132	4	steady	0	6	0.0	0	0	0	0	0	0
oewn-02073176-v	pour	6	59	174	4	spout	0	6	0.0	0	0	0	0	0	0
oewn-00878858-v	research	4	59	147	4	consult	0	4	0.0	0	0	0	0	0	0
oewn-01378910-v	scatter	19	58	250	12	dust	0	19	0.0	0	0	0	0	0	0
oewn-00856586-v	gull	12	58	239	9	fool	0	12	0.0	0	0	0	0	0	0
oewn-01977139-v	lower	9	58	302	9	lower	0	9	0.0	0	0	0	0	0	0
oewn-01491585-v	charge	6	58	220	4	charge	0	6	0.0	0	0	0	0	0	0
oewn-01769760-v	worry	6	58	276	5	eat	2	6	0.33	2	0	0	0	0	0
oewn-01506036-v	stack	5	58	160	4	pile	0	5	0.0	0	0	0	0	0	0
oewn-01636439-v	project	5	58	696	5	throw	0	5	0.0	0	0	0	0	0	0
oewn-02091423-v	land	5	58	339	4	land	0	5	0.0	0	0	0	0	0	0
oewn-02588127-v	action	5	58	131	5	action	0	5	0.0	0	0	0	0	0	0
oewn-02314145-v	give	4	58	1786	4	give	0	4	0.0	0	0	0	0	0	0
oewn-02490159-v	shoot	4	58	295	3	shoot	0	4	0.0	0	0	0	0	0	0
oewn-02646524-v	hesitate	14	57	193	11	hesitate	2	14	0.14	0	2	0	0	0	0
oewn-02006752-v	chase away	13	57	407	10	fire	0	13	0.0	0	0	0	0	0	0
oewn-02217607-v	deny	8	57	323	8	refuse	2	8	0.25	0	2	0	0	0	0
oewn-00246343-v	grow	7	57	460	5	grow	1	7	0.14	0	1	0	0	0	0
oewn-01489937-v	burden	7	57	122	5	weight	0	7	0.0	0	0	0	0	0	0
oewn-02048171-v	circle	7	57	158	6	circle	0	7	0.0	0	0	0	0	0	0
oewn-00496934-v	seclude	5	57	498	4	lose	0	5	0.0	0	0	0	0	0	0
oewn-02729107-v	elude	5	57	340	5	escape	0	5	0.0	0	0	0	0	0	0
oewn-00105712-v	feel	4	57	732	2	feel	3	4	0.75	2	1	1	0	0	0
oewn-02257962-v	pay	4	57	507	3	pay	0	4	0.0	0	0	0	0	0	0
oewn-00516235-v	process	49	56	782	19	run	10	49	0.2	0	10	0	0	0	0
oewn-00430013-v	reduce	23	56	460	19	cut	1	23	0.04	0	1	0	0	0	0
oewn-00873606-v	bode	15	56	103	13	threaten	1	15	0.07	1	0	0	0	0	0
oewn-00513267-v	disable	10	56	745	8	hold	4	10	0.4	0	4	0	0	0	0
oewn-00890750-v	sign	10	56	299	7	sign	0	10	0.0	0	0	0	0	0	0
oewn-01003339-v	set forth	7	56	602	6	draw	0	7	0.0	0	0	0	0	0	0
oewn-00371065-v	cool	6	56	170	4	ice	0	6	0.0	0	0	0	0	0	0
oewn-00787624-v	investigate	4	56	186	4	inquire	0	4	0.0	0	0	0	0	0	0
oewn-00807711-v	concede	4	56	210	4	forgive	1	4	0.25	1	0	0	0	0	0
oewn-01550172-v	recumb	4	56	544	3	rest	0	4	0.0	0	0	0	0	0	0
oewn-01535377-v	clean	25	55	376	9	sweep	2	25	0.08	1	1	1	0	0	0
oewn-02510211-v	coerce	18	55	547	8	drive	5	18	0.28	5	0	0	0	0	0
oewn-01534786-v	spot	14	55	204	10	spot	0	14	0.0	0	0	0	0	0	0
oewn-00896259-v	apologize	12	55	275	9	colour	0	12	0.0	0	0	0	0	0	0
oewn-02196212-v	season	12	55	109	9	season	3	12	0.25	0	3	0	0	0	0
oewn-02517217-v	regulate	9	55	347	5	order	2	9	0.22	0	2	0	0	0	0
oewn-01915332-v	circle	8	55	150	6	circle	0	8	0.0	0	0	0	0	0	0
oewn-00612810-v	remember	6	55	360	4	remember	0	6	0.0	0	0	0	0	0	0
oewn-01313320-v	excavate	6	55	434	6	drive	0	6	0.0	0	0	0	0	0	0
oewn-02124916-v	bite	5	55	321	4	bite	5	5	1.0	0	5	0	0	0	0
oewn-01612191-v	pull	14	54	410	12	pull	0	14	0.0	0	0	0	0	0	0
oewn-02324030-v	overcharge	14	54	222	12	rob	0	14	0.0	0	0	0	0	0	0
oewn-02719247-v	stick out	13	54	244	8	bag	0	13	0.0	0	0	0	0	0	0
oewn-00846978-v	abuse	10	54	228	6	shout	4	10	0.4	0	4	0	0	0	0
oewn-01022365-v	write down	10	54	248	7	note	0	10	0.0	0	0	0	0	0	0
oewn-02084180-v	impart	10	54	569	8	carry	0	10	0.0	0	0	0	0	0	0
oewn-01048804-v	howl	9	54	194	5	howl	0	9	0.0	0	0	0	0	0	0
oewn-00080825-v	administer	7	54	1831	5	give	0	7	0.0	0	0	0	0	0	0
oewn-02353564-v	commit	7	54	499	3	send	5	7	0.71	5	0	0	0	0	0
oewn-02207710-v	keep	5	54	940	4	keep	4	5	0.8	0	4	0	0	0	0
oewn-01094777-v	battle	4	54	55	3	battle	2	4	0.5	0	2	0	0	0	0
oewn-01651214-v	establish	4	54	1780	4	give	0	4	0.0	0	0	0	0	0	0
oewn-01477180-v	let go of	19	53	268	13	loose	0	19	0.0	0	0	0	0	0	0
oewn-00231983-v	grow	16	53	723	7	grow	0	16	0.0	0	0	0	0	0	0
oewn-00005041-v	inhale	14	53	656	10	draw	0	14	0.0	0	0	0	0	0	0
oewn-02463257-v	disrespect	13	53	590	10	break	6	13	0.46	0	6	0	0	0	0
oewn-00054856-v	reproduce	12	53	813	9	set	1	12	0.08	1	0	0	0	0	0
oewn-00758383-v	claim	9	53	369	8	charge	0	9	0.0	0	0	0	0	0	0
oewn-01448551-v	bite	9	53	222	6	bite	0	9	0.0	0	0	0	0	0	0
oewn-02066140-v	lunge	6	53	190	5	dart	0	6	0.0	0	0	0	0	0	0
oewn-01098310-v	act	4	53	409	3	act	0	4	0.0	0	0	0	0	0	0
oewn-00169614-v	modify	23	52	241	10	temper	4	23	0.17	2	2	1	0	0	0
oewn-02064069-v	diffuse	9	52	807	7	run	0	9	0.0	0	0	0	0	0	0
oewn-02163017-v	disguise	8	52	117	6	cloak	3	8	0.38	0	3	0	0	0	0
oewn-02329178-v	lend	7	52	347	4	trust	0	7	0.0	0	0	0	0	0	0
oewn-02388984-v	take office	7	52	444	5	enter	0	7	0.0	0	0	0	0	0	0
oewn-00686739-v	include	5	52	666	3	carry	0	5	0.0	0	0	0	0	0	0
oewn-01221568-v	prop up	5	52	135	4	shore	0	5	0.0	0	0	0	0	0	0
oewn-02255433-v	compensate	5	52	1707	4	give	0	5	0.0	0	0	0	0	0	0
oewn-02313721-v	contribute	5	52	1715	4	give	1	5	0.2	1	0	0	0	0	0
oewn-01084999-v	enter	4	52	508	3	enter	0	4	0.0	0	0	0	0	0	0
oewn-01593092-v	patch	4	52	207	2	piece	0	4	0.0	0	0	0	0	0	0
oewn-02645159-v	loiter	15	51	134	8	lurk	2	15	0.13	2	0	0	0	0	0
oewn-01633724-v	call up	13	51	496	12	raise	0	13	0.0	0	0	0	0	0	0
oewn-02055618-v	travel by	12	51	812	7	pass	0	12	0.0	0	0	0	0	0	0
oewn-00572138-v	remove	11	51	378	7	free	5	11	0.45	2	3	1	0	0	0
oewn-00709957-v	plot	10	51	114	6	scheme	0	10	0.0	0	0	0	0	0	0
oewn-02047080-v	circulate	10	51	347	8	spread	0	10	0.0	0	0	0	0	0	0
oewn-00959711-v	repeat	8	51	225	5	repeat	0	8	0.0	0	0	0	0	0	0
oewn-02188233-v	resound	8	51	225	4	ring	0	8	0.0	0	0	0	0	0	0
oewn-02389183-v	install	8	51	316	6	seat	0	8	0.0	0	0	0	0	0	0
oewn-00007739-v	blink	7	51	242	4	bat	0	7	0.0	0	0	0	0	0	0
oewn-00379335-v	burn	7	51	506	4	fire	1	7	0.14	0	1	0	0	0	0
oewn-00992844-v	address	6	51	362	4	address	2	6	0.33	0	2	0	0	0	0
oewn-01047931-v	roar	6	51	223	4	howl	0	6	0.0	0	0	0	0	0	0
oewn-02172999-v	blind	6	51	144	3	blind	1	6	0.17	0	1	0	0	0	0
oewn-02589224-v	rebel	6	51	516	6	rise	0	6	0.0	0	0	0	0	0	0
oewn-01225209-v	twist	5	51	240	4	wave	0	5	0.0	0	0	0	0	0	0
oewn-01656984-v	manufacture	5	51	157	4	raft	0	5	0.0	0	0	0	0	0	0
oewn-02100445-v	turn	4	51	1101	3	turn	0	4	0.0	0	0	0	0	0	0
oewn-00278429-v	order	16	50	338	9	order	1	16	0.06	1	0	0	0	0	0
oewn-00161033-v	change	10	50	843	6	break	0	10	0.0	0	0	0	0	0	0
oewn-00329612-v	branch	10	50	191	4	separate	1	10	0.1	1	0	0	0	0	0
oewn-00022309-v	sedate	9	50	140	6	calm	5	9	0.56	5	0	0	0	0	0
oewn-02044118-v	bow	8	50	232	4	bow	0	8	0.0	0	0	0	0	0	0
oewn-01788114-v	break down	7	50	456	5	die	3	7	0.43	0	3	0	0	0	0
oewn-01989538-v	sag	7	50	188	7	bag	0	7	0.0	0	0	0	0	0	0
oewn-00868366-v	consecrate	5	50	192	4	bless	0	5	0.0	0	0	0	0	0	0
oewn-01778720-v	contemn	5	50	72	4	disdain	4	5	0.8	0	4	0	0	0	0
oewn-01905776-v	roll	5	50	375	5	roll	0	5	0.0	0	0	0	0	0	0
oewn-02381180-v	engage	5	50	467	4	engage	0	5	0.0	0	0	0	0	0	0
oewn-00338044-v	crack	4	50	124	3	crack	2	4	0.5	1	1	1	0	0	0
oewn-00970243-v	circulate	21	49	1098	13	run	0	21	0.0	0	0	0	0	0	0
oewn-01136251-v	fire	9	49	574	6	fire	0	9	0.0	0	0	0	0	0	0
oewn-02206426-v	distribute	9	49	337	7	deal	0	9	0.0	0	0	0	0	0	0
oewn-02325354-v	charge	9	49	204	5	charge	1	9	0.11	1	0	0	0	0	0
oewn-00331892-v	grind	8	49	288	6	grind	0	8	0.0	0	0	0	0	0	0
oewn-00448264-v	dissolve	7	49	1026	6	run	0	7	0.0	0	0	0	0	0	0
oewn-02174871-v	attend	6	49	396	4	hang	0	6	0.0	0	0	0	0	0	0
oewn-02448714-v	operate	6	49	1383	5	work	0	6	0.0	0	0	0	0	0	0
oewn-00510688-v	spot	5	49	251	4	spot	0	5	0.0	0	0	0	0	0	0
oewn-00860989-v	cheer	5	49	130	3	amuse	5	5	1.0	1	4	1	0	0	0
oewn-00393662-v	sharpen	4	49	554	3	point	0	4	0.0	0	0	0	0	0	0
oewn-02094251-v	turn	4	49	1132	2	turn	0	4	0.0	0	0	0	0	0	0
oewn-02456614-v	impede	17	48	205	12	jam	0	17	0.0	0	0	0	0	0	0
oewn-00227591-v	intensify	15	48	435	15	raise	0	15	0.0	0	0	0	0	0	0
oewn-01823114-v	discourage	14	48	102	13	depress	5	14	0.36	0	5	0	0	0	0
oewn-01379697-v	discharge	12	48	466	11	play	0	12	0.0	0	0	0	0	0	0
oewn-01738383-v	duplicate	10	48	263	4	repeat	0	10	0.0	0	0	0	0	0	0
oewn-01655681-v	bear	7	48	473	6	bear	0	7	0.0	0	0	0	0	0	0
oewn-02383714-v	react	7	48	203	4	pursue	0	7	0.0	0	0	0	0	0	0
oewn-02522260-v	mistreat	7	48	364	4	step	7	7	1.0	0	7	0	0	0	0
oewn-00605971-v	memorize	6	48	266	4	learn	0	6	0.0	0	0	0	0	0	0
oewn-00812391-v	get off	6	48	274	6	escape	0	6	0.0	0	0	0	0	0	0
oewn-01578506-v	situate	6	48	366	5	fix	0	6	0.0	0	0	0	0	0	0
oewn-00679602-v	assign	5	48	104	4	detail	0	5	0.0	0	0	0	0	0	0
oewn-01519166-v	force	5	48	526	4	drive	0	5	0.0	0	0	0	0	0	0
oewn-00876672-v	recommend	4	48	139	4	recommend	0	4	0.0	0	0	0	0	0	0
oewn-01442997-v	intercept	4	48	434	4	stop	0	4	0.0	0	0	0	0	0	0
oewn-02095677-v	step	4	48	381	4	step	0	4	0.0	0	0	0	0	0	0
oewn-02575545-v	undertake	4	48	492	4	rise	0	4	0.0	0	0	0	0	0	0
oewn-02691488-v	reach	4	48	540	3	touch	0	4	0.0	0	0	0	0	0	0
oewn-00838384-v	misrepresent	13	47	192	10	affect	5	13	0.38	0	5	0	0	0	0
oewn-01440941-v	deliver	12	47	564	10	drop	1	12	0.08	0	1	0	0	0	0
oewn-01818363-v	depress	12	47	102	10	chill	4	12	0.33	0	4	0	0	0	0
oewn-02218472-v	withhold	12	47	230	7	reserve	0	12	0.0	0	0	0	0	0	0
oewn-02635337-v	obviate	11	47	139	9	release	0	11	0.0	0	0	0	0	0	0
oewn-02716988-v	enclose	11	47	199	10	confine	0	11	0.0	0	0	0	0	0	0
oewn-00778104-v	oppose	9	47	151	7	protest	6	9	0.67	0	6	0	0	0	0
oewn-02278138-v	impound	9	47	261	5	seize	2	9	0.22	1	1	1	0	0	0
oewn-00460731-v	delay	7	47	425	5	catch	0	7	0.0	0	0	0	0	0	0
oewn-00745330-v	reach	7	47	530	5	raise	0	7	0.0	0	0	0	0	0	0
oewn-01725433-v	dissemble	7	47	343	6	act	0	7	0.0	0	0	0	0	0	0
oewn-00296747-v	tune	6	47	123	3	service	2	6	0.33	2	0	0	0	0	0
oewn-00875857-v	familiarize	6	47	146	5	acquaint	1	6	0.17	1	0	0	0	0	0
oewn-00090640-v	maim	5	47	81	5	mar	2	5	0.4	0	2	0	0	0	0
oewn-02723347-v	dangle	5	47	425	5	drop	0	5	0.0	0	0	0	0	0	0
oewn-00887802-v	pledge	4	47	1689	2	give	2	4	0.5	1	1	1	0	0	0
oewn-01689208-v	create	4	47	654	4	draw	0	4	0.0	0	0	0	0	0	0
oewn-02093687-v	turn	4	47	1094	3	turn	0	4	0.0	0	0	0	0	0	0
oewn-02314987-v	render	4	47	684	2	return	0	4	0.0	0	0	0	0	0	0
oewn-00300361-v	adapt	23	46	285	15	fit	4	23	0.17	4	0	0	0	0	0
oewn-00257393-v	swell	15	46	151	7	swell	8	15	0.53	0	8	0	0	0	0
oewn-01323662-v	snip	14	46	427	11	dress	1	14	0.07	1	0	0	0	0	0
oewn-00158612-v	accumulate	12	46	299	8	gather	0	12	0.0	0	0	0	0	0	0
oewn-02147756-v	bring out	10	46	172	9	reveal	0	10	0.0	0	0	0	0	0	0
oewn-02012411-v	depart	9	46	213	4	quit	0	9	0.0	0	0	0	0	0	0
oewn-00923709-v	mark	8	46	371	5	mark	3	8	0.38	3	0	0	0	0	0
oewn-01874268-v	skid	8	46	211	6	slip	0	8	0.0	0	0	0	0	0	0
oewn-01872363-v	writhe	7	46	101	7	twist	0	7	0.0	0	0	0	0	0	0
oewn-02160976-v	vanish	7	46	397	4	clear	6	7	0.86	0	6	0	0	0	0
oewn-02653599-v	prevail	7	46	772	5	run	0	7	0.0	0	0	0	0	0	0
oewn-02036260-v	diverge	6	46	186	4	separate	0	6	0.0	0	0	0	0	0	0
oewn-00105308-v	joke	5	46	85	4	joke	2	5	0.4	2	0	0	0	0	0
oewn-00433636-v	drop	5	46	552	4	drop	0	5	0.0	0	0	0	0	0	0
oewn-02482757-v	cancel	20	45	342	10	lift	6	20	0.3	0	6	0	0	0	0
oewn-01509775-v	hurl	9	45	256	8	cast	2	9	0.22	0	2	0	0	0	0
oewn-00784104-v	solicit	7	45	198	6	beg	0	7	0.0	0	0	0	0	0	0
oewn-01120867-v	attack	7	45	230	6	attack	2	7	0.29	0	2	0	0	0	0
oewn-01987278-v	arise	7	45	552	5	rise	0	7	0.0	0	0	0	0	0	0
oewn-02195078-v	soften	7	45	177	7	dull	0	7	0.0	0	0	0	0	0	0
oewn-02556841-v	rescue	7	45	398	5	save	7	7	1.0	7	0	0	0	0	0
oewn-02654741-v	occupy	7	45	183	7	occupy	0	7	0.0	0	0	0	0	0	0
oewn-02277394-v	appropriate	5	45	538	5	carry	0	5	0.0	0	0	0	0	0	0
oewn-00067316-v	sweat	4	45	45	2	sweat	0	4	0.0	0	0	0	0	0	0
oewn-00835938-v	lie	4	45	309	2	lie	1	4	0.25	0	1	0	0	0	0
oewn-01723780-v	act	13	44	495	4	play	4	13	0.31	4	0	0	0	0	0
oewn-02185344-v	ring	8	44	180	6	ring	0	8	0.0	0	0	0	0	0	0
oewn-01457421-v	haul	7	44	164	3	drag	0	7	0.0	0	0	0	0	0	0
oewn-02306786-v	bear	6	44	560	3	bear	2	6	0.33	0	2	0	0	0	0
oewn-00154951-v	rise	5	44	498	5	rise	3	5	0.6	3	0	0	0	0	0
oewn-00219829-v	dry	5	44	100	2	dry	0	5	0.0	0	0	0	0	0	0
oewn-00532569-v	lower	5	44	209	3	lower	0	5	0.0	0	0	0	0	0	0
oewn-02559394-v	discipline	5	44	275	5	train	0	5	0.0	0	0	0	0	0	0
oewn-01210147-v	touch	4	44	432	4	touch	0	4	0.0	0	0	0	0	0	0
oewn-01875673-v	jostle	4	44	110	3	shove	0	4	0.0	0	0	0	0	0	0
oewn-02561616-v	contribute	4	44	338	4	lead	3	4	0.75	3	0	0	0	0	0
oewn-00941888-v	clarify	26	43	348	15	clear	3	26	0.12	3	0	0	0	0	0
oewn-02580280-v	victimize	9	43	95	6	deceive	4	9	0.44	0	4	0	0	0	0
oewn-02032212-v	pour	8	43	187	5	stream	0	8	0.0	0	0	0	0	0	0
oewn-00070949-v	torture	7	43	116	4	torture	0	7	0.0	0	0	0	0	0	0
oewn-01359453-v	adhere	7	43	355	7	stick	0	7	0.0	0	0	0	0	0	0
oewn-01372011-v	break	7	43	699	5	break	0	7	0.0	0	0	0	0	0	0
oewn-01565786-v	segment	7	43	140	3	quarter	0	7	0.0	0	0	0	0	0	0
oewn-02544431-v	intervene	7	43	81	6	interfere	1	7	0.14	0	1	0	0	0	0
oewn-01152836-v	weight-lift	6	43	264	4	press	3	6	0.5	0	3	0	0	0	0
oewn-01816687-v	inspire	6	43	153	6	encourage	1	6	0.17	1	0	0	0	0	0
oewn-00682265-v	bias	5	43	106	4	weight	3	5	0.6	0	3	0	0	0	0
oewn-00749422-v	force	4	43	389	4	force	2	4	0.5	0	2	0	0	0	0
oewn-02007615-v	hound	4	43	233	4	hunt	0	4	0.0	0	0	0	0	0	0
oewn-02151220-v	conceal	4	43	88	4	conceal	0	4	0.0	0	0	0	0	0	0
oewn-00226992-v	intensify	16	42	229	13	build	0	16	0.0	0	0	0	0	0	0
oewn-01688794-v	paint	12	42	249	5	charge	0	12	0.0	0	0	0	0	0	0
oewn-01884106-v	beat	10	42	328	9	beat	0	10	0.0	0	0	0	0	0	0
oewn-02265169-v	trade	10	42	693	7	run	0	10	0.0	0	0	0	0	0	0
oewn-00390886-v	dampen	9	42	603	9	break	1	9	0.11	0	1	0	0	0	0
oewn-02771882-v	reflect	9	42	185	5	reflect	6	9	0.67	6	0	0	0	0	0
oewn-01226180-v	curl	8	42	198	5	wave	0	8	0.0	0	0	0	0	0	0
oewn-01226979-v	wield	8	42	348	7	sweep	4	8	0.5	1	3	1	0	0	0
oewn-00045548-v	reduce	7	42	145	4	thin	0	7	0.0	0	0	0	0	0	0
oewn-00318501-v	lengthen	7	42	200	7	stretch	0	7	0.0	0	0	0	0	0	0
oewn-01530059-v	wedge	7	42	277	5	force	0	7	0.0	0	0	0	0	0	0
oewn-02232523-v	abandon	6	42	227	5	quit	0	6	0.0	0	0	0	0	0	0
oewn-02356006-v	price	6	42	80	4	rig	3	6	0.5	1	2	1	0	0	0
oewn-00005815-v	cough	5	42	70	4	whoop	0	5	0.0	0	0	0	0	0	0
oewn-02405902-v	elect	5	42	598	2	return	0	5	0.0	0	0	0	0	0	0
oewn-00014542-v	be active	4	42	405	4	move	0	4	0.0	0	0	0	0	0	0
oewn-00900454-v	bow	4	42	209	2	bow	0	4	0.0	0	0	0	0	0	0
oewn-01237919-v	knead	4	42	813	2	work	1	4	0.25	1	0	0	0	0	0
oewn-01456329-v	shlep	4	42	42	1	tow	0	4	0.0	0	0	0	0	0	0
oewn-01390440-v	compress	20	41	353	15	press	0	20	0.0	0	0	0	0	0	0
oewn-01366351-v	put on	15	41	383	9	dress	0	15	0.0	0	0	0	0	0	0
oewn-01630392-v	generate	9	41	364	8	free	1	9	0.11	1	0	0	0	0	0
oewn-01485079-v	pack	8	41	186	4	bag	0	8	0.0	0	0	0	0	0	0
oewn-02238869-v	allocate	8	41	503	4	present	0	8	0.0	0	0	0	0	0	0
oewn-02672941-v	contrast	6	41	114	5	contrast	0	6	0.0	0	0	0	0	0	0
oewn-02392176-v	prepare	5	41	308	5	prepare	0	5	0.0	0	0	0	0	0	0
oewn-00486540-v	culminate	4	41	206	4	top	0	4	0.0	0	0	0	0	0	0
oewn-00708009-v	project	4	41	358	4	offer	0	4	0.0	0	0	0	0	0	0
oewn-00749139-v	order	4	41	328	4	order	0	4	0.0	0	0	0	0	0	0
oewn-01574185-v	decapitate	4	41	41	3	guillotine	0	4	0.0	0	0	0	0	0	0
oewn-02297086-v	derive	4	41	632	4	draw	0	4	0.0	0	0	0	0	0	0
oewn-02669057-v	conform	4	41	239	3	fit	1	4	0.25	1	0	0	0	0	0
oewn-00795741-v	provoke	14	40	169	12	tempt	0	14	0.0	0	0	0	0	0	0
oewn-00896689-v	defend	13	40	223	9	excuse	2	13	0.15	0	2	0	0	0	0
oewn-02319255-v	deprive	13	40	164	9	clean	5	13	0.38	0	5	0	0	0	0
oewn-01677786-v	weave	11	40	114	11	weave	0	11	0.0	0	0	0	0	0	0
oewn-01203078-v	drug	9	40	360	4	drop	0	9	0.0	0	0	0	0	0	0
oewn-00168396-v	regenerate	7	40	143	4	restore	4	7	0.57	2	2	1	0	0	0
oewn-01126313-v	strike	7	40	541	6	strike	1	7	0.14	1	0	0	0	0	0
oewn-00973047-v	call	5	40	925	4	call	5	5	1.0	1	4	1	0	0	0
oewn-01557581-v	cut out	5	40	400	4	die	0	5	0.0	0	0	0	0	0	0
oewn-00316131-v	depreciate	4	40	43	3	expense	1	4	0.25	0	1	0	0	0	0
oewn-02726229-v	follow	4	40	1013	3	follow	0	4	0.0	0	0	0	0	0	0
oewn-00179456-v	take away	17	39	503	10	mark	0	17	0.0	0	0	0	0	0	0
oewn-01541851-v	absorb	14	39	586	8	draw	0	14	0.0	0	0	0	0	0	0
oewn-01998474-v	withdraw	14	39	232	10	retire	8	14	0.57	0	8	0	0	0	0
oewn-02119407-v	desensitize	13	39	115	9	dull	6	13	0.46	0	6	0	0	0	0
oewn-01861703-v	start	11	39	526	3	start	1	11	0.09	0	1	0	0	0	0
oewn-02717862-v	depend on	11	39	144	6	ride	0	11	0.0	0	0	0	0	0	0
oewn-01248201-v	polish	10	39	130	7	shine	0	10	0.0	0	0	0	0	0	0
oewn-02000767-v	march	10	39	128	6	march	0	10	0.0	0	0	0	0	0	0
oewn-02303593-v	offer	9	39	284	4	offer	3	9	0.33	1	2	1	0	0	0
oewn-00520136-v	bubble	7	39	76	4	foam	0	7	0.0	0	0	0	0	0	0
oewn-00638236-v	deduce	7	39	108	6	derive	0	7	0.0	0	0	0	0	0	0
oewn-01140949-v	gamble	7	39	597	5	play	0	7	0.0	0	0	0	0	0	0
oewn-00494639-v	devalue	6	39	183	4	lower	2	6	0.33	0	2	0	0	0	0
oewn-01182648-v	serve	6	39	163	3	serve	0	6	0.0	0	0	0	0	0	0
oewn-01445640-v	bore	5	39	81	2	bore	0	5	0.0	0	0	0	0	0	0
oewn-01787213-v	preoccupy	5	39	115	4	ghost	1	5	0.2	1	0	0	0	0	0
oewn-02300511-v	share	5	39	121	2	share	0	5	0.0	0	0	0	0	0	0
oewn-00320687-v	bake	4	39	360	3	fire	0	4	0.0	0	0	0	0	0	0
oewn-00483404-v	harmonize	4	39	157	3	key	0	4	0.0	0	0	0	0	0	0
oewn-01679140-v	forge	4	39	99	2	hammer	0	4	0.0	0	0	0	0	0	0
oewn-01878561-v	float	4	39	229	3	float	0	4	0.0	0	0	0	0	0	0
oewn-02038831-v	arch	4	39	61	3	arch	0	4	0.0	0	0	0	0	0	0
oewn-02210796-v	come by	4	39	100	4	hit	0	4	0.0	0	0	0	0	0	0
oewn-00759589-v	disown	18	38	208	13	deny	5	18	0.28	0	5	0	0	0	0
oewn-01464634-v	mix	14	38	168	9	mix	0	14	0.0	0	0	0	0	0	0
oewn-00383306-v	transform	13	38	781	5	work	2	13	0.15	0	2	0	0	0	0
oewn-02199916-v	sweeten	11	38	40	5	honey	4	11	0.36	4	0	0	0	0	0
oewn-02650318-v	predominate	11	38	145	7	rule	0	11	0.0	0	0	0	0	0	0
oewn-01425540-v	plug	9	38	159	6	secure	0	9	0.0	0	0	0	0	0	0
oewn-02683377-v	involve	9	38	281	6	sweep	0	9	0.0	0	0	0	0	0	0
oewn-01432088-v	breed	8	38	234	2	cross	3	8	0.38	0	3	0	0	0	0
oewn-00702474-v	determine	7	38	235	4	determine	0	7	0.0	0	0	0	0	0	0
oewn-01817635-v	exult	7	38	126	4	rejoice	3	7	0.43	3	0	0	0	0	0
oewn-00020664-v	hypnotize	6	38	62	4	entrance	0	6	0.0	0	0	0	0	0	0
oewn-02060390-v	rout out	6	38	193	5	hunt	0	6	0.0	0	0	0	0	0	0
oewn-02488856-v	execute	6	38	410	5	hang	0	6	0.0	0	0	0	0	0	0
oewn-00795242-v	invite	5	38	192	5	invite	0	5	0.0	0	0	0	0	0	0
oewn-01228534-v	stroke	5	38	117	5	stroke	0	5	0.0	0	0	0	0	0	0
oewn-01346574-v	fasten	5	38	385	5	stick	0	5	0.0	0	0	0	0	0	0
oewn-02198732-v	taste	5	38	223	5	taste	0	5	0.0	0	0	0	0	0	0
oewn-00751211-v	direct	4	38	268	3	command	1	4	0.25	0	1	0	0	0	0
oewn-00805801-v	assent	4	38	42	4	assent	1	4	0.25	1	0	0	0	0	0
oewn-01380788-v	strew	4	38	75	4	straw	0	4	0.0	0	0	0	0	0	0
oewn-01449520-v	brandish	4	38	172	2	wave	0	4	0.0	0	0	0	0	0	0
oewn-02161530-v	produce	4	38	308	4	offer	0	4	0.0	0	0	0	0	0	0
oewn-02450374-v	conduct	4	38	349	3	deal	0	4	0.0	0	0	0	0	0	0
oewn-00395719-v	blend	24	37	185	10	mix	0	24	0.0	0	0	0	0	0	0
oewn-01015376-v	stress	23	37	88	13	accent	3	23	0.13	3	0	0	0	0	0
oewn-00195686-v	clear	10	37	369	4	clear	0	10	0.0	0	0	0	0	0	0
oewn-00932330-v	suggest	9	37	168	7	smell	6	9	0.67	3	3	1	0	0	0
oewn-01512805-v	throw	9	37	644	7	throw	0	9	0.0	0	0	0	0	0	0
oewn-02322641-v	impoverish	9	37	565	7	break	0	9	0.0	0	0	0	0	0	0
oewn-00075174-v	exhaust	8	37	668	5	play	2	8	0.25	0	2	0	0	0	0
oewn-00520443-v	foam	8	37	63	5	foam	0	8	0.0	0	0	0	0	0	0
oewn-01881348-v	swing	8	37	209	7	swing	1	8	0.12	1	0	0	0	0	0
oewn-00958719-v	qualify	7	37	354	7	mark	4	7	0.57	0	4	0	0	0	0
oewn-01824240-v	enjoy	7	37	129	6	enjoy	7	7	1.0	7	0	0	0	0	0
oewn-02280210-v	claim	7	37	188	6	claim	0	7	0.0	0	0	0	0	0	0
oewn-00825981-v	chastise	6	37	136	4	flame	5	6	0.83	0	5	0	0	0	0
oewn-02592711-v	govern	6	37	121	5	rule	1	6	0.17	0	1	0	0	0	0
oewn-00638550-v	establish	5	37	230	5	build	0	5	0.0	0	0	0	0	0	0
oewn-01032165-v	designate	5	37	168	5	number	0	5	0.0	0	0	0	0	0	0
oewn-01808928-v	anticipate	5	37	95	4	look for	3	5	0.6	0	3	0	0	0	0
oewn-00299337-v	set	4	37	729	2	set	0	4	0.0	0	0	0	0	0	0
oewn-01503011-v	set down	11	36	152	4	plank	0	11	0.0	0	0	0	0	0	0
oewn-01925957-v	climb	10	36	264	8	ride	0	10	0.0	0	0	0	0	0	0
oewn-02454712-v	admit	7	36	191	5	admit	0	7	0.0	0	0	0	0	0	0
oewn-02519126-v	disadvantage	7	36	59	5	prejudice	7	7	1.0	0	7	0	0	0	0
oewn-00015491-v	nap	6	36	39	4	doze	0	6	0.0	0	0	0	0	0	0
oewn-00226497-v	dilute	6	36	354	5	cut	0	6	0.0	0	0	0	0	0	0
oewn-00335806-v	break	6	36	560	6	break	0	6	0.0	0	0	0	0	0	0
oewn-01474455-v	commandeer	6	36	71	1	pirate	0	6	0.0	0	0	0	0	0	0
oewn-01766135-v	arouse	6	36	185	6	excite	5	6	0.83	5	0	0	0	0	0
oewn-02730292-v	relate	6	36	158	4	relate	2	6	0.33	2	0	0	0	0	0
oewn-00545629-v	lift	5	36	463	5	raise	3	5	0.6	3	0	0	0	0	0
oewn-01085766-v	demolish	5	36	180	3	destroy	1	5	0.2	0	1	0	0	0	0
oewn-01362135-v	string	5	36	569	5	draw	0	5	0.0	0	0	0	0	0	0
oewn-00483111-v	harmonize	4	36	139	3	key	0	4	0.0	0	0	0	0	0	0
oewn-00950885-v	number	4	36	173	2	number	0	4	0.0	0	0	0	0	0	0
oewn-01995963-v	follow	4	36	601	3	follow	0	4	0.0	0	0	0	0	0	0
oewn-01697776-v	copy	13	35	175	7	trace	0	13	0.0	0	0	0	0	0	0
oewn-01858118-v	draw	13	35	594	8	draw	0	13	0.0	0	0	0	0	0	0
oewn-00420328-v	loosen	9	35	145	9	loose	0	9	0.0	0	0	0	0	0	0
oewn-01196951-v	host	8	35	50	3	host	0	8	0.0	0	0	0	0	0	0
oewn-01013752-v	affirm	7	35	189	5	claim	0	7	0.0	0	0	0	0	0	0
oewn-01648288-v	realize	7	35	225	5	express	1	7	0.14	1	0	0	0	0	0
oewn-02479662-v	endow	7	35	207	6	cover	0	7	0.0	0	0	0	0	0	0
oewn-01043634-v	summon	6	35	131	4	summon	0	6	0.0	0	0	0	0	0	0
oewn-00529419-v	recover	5	35	163	5	recover	0	5	0.0	0	0	0	0	0	0
oewn-01095583-v	war	5	35	35	1	war	3	5	0.6	0	3	0	0	0	0
oewn-01895242-v	vibrate	5	35	308	2	shake	0	5	0.0	0	0	0	0	0	0
oewn-02446762-v	hold	5	35	704	3	hold	0	5	0.0	0	0	0	0	0	0
oewn-02326371-v	rob	4	35	166	4	pick	1	4	0.25	0	1	0	0	1	0
oewn-02509452-v	banish	4	35	142	3	bar	0	4	0.0	0	0	0	0	0	0
oewn-00371917-v	heat	15	34	127	10	heat	0	15	0.0	0	0	0	0	0	0
oewn-01527659-v	stuff	10	34	168	7	jam	0	10	0.0	0	0	0	0	0	0
oewn-00192383-v	deaden	9	34	572	8	break	0	9	0.0	0	0	0	0	0	0
oewn-00604693-v	train	9	34	269	6	prepare	1	9	0.11	1	0	0	0	0	0
oewn-00752538-v	charge	9	34	193	7	charge	3	9	0.33	0	3	0	0	0	0
oewn-02028855-v	cluster	9	34	74	5	bunch	0	9	0.0	0	0	0	0	0	0
oewn-01285811-v	wrap	8	34	112	4	wrap	0	8	0.0	0	0	0	0	0	0
oewn-01492094-v	drop	8	34	416	7	drop	0	8	0.0	0	0	0	0	0	0
oewn-02478854-v	veto	8	34	242	4	kill	3	8	0.38	0	3	0	0	0	0
oewn-00328172-v	steep	7	34	500	4	draw	1	7	0.14	0	1	0	0	0	0
oewn-02167732-v	monitor	7	34	132	4	spy	0	7	0.0	0	0	0	0	0	0
oewn-01734912-v	sing	6	34	154	3	sing	0	6	0.0	0	0	0	0	0	0
oewn-01999243-v	draw	6	34	696	6	draw	0	6	0.0	0	0	0	0	0	0
oewn-00083983-v	medicate	5	34	47	3	medicine	0	5	0.0	0	0	0	0	0	0
oewn-00832735-v	instruct	5	34	154	4	direct	0	5	0.0	0	0	0	0	0	0
oewn-01036184-v	discourse	5	34	76	3	talk about	1	5	0.2	1	0	0	0	0	0
oewn-01043826-v	dish the dirt	5	34	41	4	gossip	2	5	0.4	0	2	0	0	0	0
oewn-01487029-v	bunch	5	34	94	4	bundle	0	5	0.0	0	0	0	0	0	0
oewn-02232269-v	foreswear	5	34	158	4	quit	0	5	0.0	0	0	0	0	0	0
oewn-02415071-v	sign	5	34	257	3	sign	0	5	0.0	0	0	0	0	0	0
oewn-02625202-v	last out	5	34	310	1	stay	0	5	0.0	0	0	0	0	0	0
oewn-02669721-v	repose on	5	34	96	3	owe	0	5	0.0	0	0	0	0	0	0
oewn-01570669-v	afforest	4	34	34	1	forest	0	4	0.0	0	0	0	0	0	0
oewn-02222955-v	collect	4	34	386	4	raise	0	4	0.0	0	0	0	0	0	0
oewn-02642040-v	lead	4	34	319	4	lead	0	4	0.0	0	0	0	0	0	0
oewn-02713660-v	defy	4	34	163	4	refuse	1	4	0.25	0	1	0	0	0	0
oewn-00067770-v	exude	16	33	163	11	stream	0	16	0.0	0	0	0	0	0	0
oewn-00083562-v	operate on	13	33	404	5	fix	7	13	0.54	0	7	0	0	0	0
oewn-01558524-v	incise	10	33	130	8	worry	0	10	0.0	0	0	0	0	0	0
oewn-01971380-v	dive	10	33	235	5	jump	0	10	0.0	0	0	0	0	0	0
oewn-02037140-v	swerve	10	33	286	8	cut	0	10	0.0	0	0	0	0	0	0
oewn-00318689-v	prolong	9	33	160	6	extend	0	9	0.0	0	0	0	0	0	0
oewn-00860463-v	cheer	9	33	133	4	cheer	0	9	0.0	0	0	0	0	0	0
oewn-02552922-v	dishonor	9	33	131	6	shame	5	9	0.56	0	5	0	0	0	0
oewn-02242120-v	refuse	8	33	198	7	refuse	0	8	0.0	0	0	0	0	0	0
oewn-00063062-v	irritate	7	33	134	7	rub	1	7	0.14	1	0	0	0	0	0
oewn-00441741-v	slow	7	33	98	3	slow	2	7	0.29	0	2	0	0	0	0
oewn-00664100-v	check	7	33	348	4	mark	0	7	0.0	0	0	0	0	0	0
oewn-01986880-v	rear	7	33	169	6	pitch	0	7	0.0	0	0	0	0	0	0
oewn-00825097-v	contradict	6	33	168	4	deny	1	6	0.17	0	1	0	0	0	0
oewn-01375347-v	spray	6	33	103	3	mist	0	6	0.0	0	0	0	0	0	0
oewn-02565990-v	enforce	6	33	727	6	run	1	6	0.17	0	1	0	0	0	0
oewn-00653662-v	distinguish	5	33	319	5	mark	0	5	0.0	0	0	0	0	0	0
oewn-01020937-v	stipulate	5	33	163	4	condition	0	5	0.0	0	0	0	0	0	0
oewn-01651668-v	stage	5	33	124	3	arrange	0	5	0.0	0	0	0	0	0	0
oewn-02010848-v	reach	5	33	293	3	reach	0	5	0.0	0	0	0	0	0	0
oewn-00735067-v	resolve	4	33	192	2	resolve	0	4	0.0	0	0	0	0	0	0
oewn-00948787-v	number	4	33	186	2	number	0	4	0.0	0	0	0	0	0	0
oewn-01891013-v	wheel	4	33	268	3	roll	0	4	0.0	0	0	0	0	0	0
oewn-02672137-v	approximate	4	33	151	3	approach	2	4	0.5	0	2	0	0	0	0
oewn-00398482-v	disintegrate	19	32	680	11	run	0	19	0.0	0	0	0	0	0	0
oewn-00061366-v	sterilize	17	32	305	3	fix	7	17	0.41	0	7	0	0	0	0
oewn-02016196-v	transfer	13	32	524	7	carry	0	13	0.0	0	0	0	0	0	0
oewn-02316367-v	withdraw	13	32	590	8	draw	0	13	0.0	0	0	0	0	0	0
oewn-00446124-v	solidify	12	32	614	4	set	0	12	0.0	0	0	0	0	0	0
oewn-02563025-v	obstruct	12	32	346	7	hang	1	12	0.08	0	1	0	0	0	0
oewn-01478583-v	free	10	32	238	6	free	6	10	0.6	2	4	1	0	0	0
oewn-01596858-v	squash	10	32	179	8	tread	0	10	0.0	0	0	0	0	0	0
oewn-01223449-v	cling	9	32	192	6	stick	0	9	0.0	0	0	0	0	0	0
oewn-00439133-v	accelerate	7	32	92	6	speed	3	7	0.43	3	0	0	0	0	0
oewn-00565772-v	fold	7	32	121	7	fold	0	7	0.0	0	0	0	0	0	0
oewn-02164320-v	flash	7	32	136	6	flash	5	7	0.71	5	0	0	0	0	0
oewn-00457695-v	match	6	32	255	3	fit	0	6	0.0	0	0	0	0	0	0
oewn-00258536-v	swell	5	32	130	4	swell	2	5	0.4	0	2	0	0	0	0
oewn-01790925-v	anger	5	32	85	3	anger	0	5	0.0	0	0	0	0	0	0
oewn-02432763-v	ordain	5	32	761	3	pass	0	5	0.0	0	0	0	0	0	0
oewn-01691771-v	map	4	32	76	4	map	0	4	0.0	0	0	0	0	0	0
oewn-00687584-v	reject	18	31	95	14	reject	5	18	0.28	2	3	1	0	0	0
oewn-02428558-v	inhibit	11	31	132	9	choke	0	11	0.0	0	0	0	0	0	0
oewn-00196708-v	burn	9	31	319	7	burn	0	9	0.0	0	0	0	0	0	0
oewn-02429499-v	oppress	9	31	148	7	crush	3	9	0.33	0	3	0	0	0	0
oewn-01981715-v	drop	7	31	533	3	drop	0	7	0.0	0	0	0	0	0	0
oewn-00432779-v	decline	6	31	407	6	drop	0	6	0.0	0	0	0	0	0	0
oewn-00696992-v	value	6	31	194	3	float	4	6	0.67	2	2	1	0	0	0
oewn-01249165-v	sharpen	6	31	121	5	edge	0	6	0.0	0	0	0	0	0	0
oewn-01889423-v	churn	6	31	240	4	roll	6	6	1.0	2	4	1	0	0	0
oewn-02275660-v	beg	6	31	123	1	beg	1	6	0.17	1	0	0	0	0	0
oewn-01579309-v	crop	5	31	165	5	grass	0	5	0.0	0	0	0	0	0	0
oewn-01745327-v	cultivate	5	31	757	3	work	2	5	0.4	0	2	0	0	0	0
oewn-02740827-v	hang	5	31	308	4	hang	5	5	1.0	0	5	0	0	0	0
oewn-01622250-v	unmake	4	31	128	2	destroy	2	4	0.5	2	0	0	0	0	0
oewn-02684649-v	intrigue	4	31	177	4	seize	2	4	0.5	2	0	0	0	0	0
oewn-01353852-v	extract	12	30	285	9	pull	0	12	0.0	0	0	0	0	0	0
oewn-00782236-v	chime in	9	30	133	4	interrupt	2	9	0.22	0	2	0	0	0	0
oewn-01980855-v	drop	8	30	396	6	drop	2	8	0.25	2	0	0	0	0	0
oewn-02484290-v	validate	8	30	235	2	sign	0	8	0.0	0	0	0	0	0	0
oewn-82474083-v	euthanize	7	30	130	2	destroy	2	7	0.29	0	2	0	0	0	0
oewn-00893988-v	acknowledge	6	30	158	6	acknowledge	2	6	0.33	0	2	0	0	0	0
oewn-01796126-v	embarrass	6	30	84	6	confuse	6	6	1.0	0	6	0	0	0	0
oewn-02712465-v	hum	6	30	92	5	hum	0	6	0.0	0	0	0	0	0	0
oewn-00039201-v	wave	5	30	148	1	wave	0	5	0.0	0	0	0	0	0	0
oewn-02257739-v	pay up	5	30	257	3	pay	0	5	0.0	0	0	0	0	0	0
oewn-02288169-v	retain	5	30	683	4	hold	0	5	0.0	0	0	0	0	0	0
oewn-02351891-v	adopt	5	30	637	4	follow	0	5	0.0	0	0	0	0	0	0
oewn-02381520-v	pursue	5	30	121	3	pursue	0	5	0.0	0	0	0	0	0	0
oewn-00343988-v	recur	4	30	165	2	repeat	0	4	0.0	0	0	0	0	0	0
oewn-00847588-v	disparage	15	29	80	10	disgrace	5	15	0.33	0	5	0	0	0	0
oewn-01572394-v	install	12	29	252	8	post	0	12	0.0	0	0	0	0	0	0
oewn-02410532-v	supplant	12	29	66	7	replace	0	12	0.0	0	0	0	0	0	0
oewn-02548878-v	disobey	12	29	84	8	weaken	1	12	0.08	0	1	0	0	0	0
oewn-00717773-v	rule	9	29	107	6	rule	0	9	0.0	0	0	0	0	0	0
oewn-02483482-v	invalidate	9	29	545	5	break	6	9	0.67	0	6	0	0	0	0
oewn-00648747-v	measure	8	29	229	2	shoot	2	8	0.25	1	1	1	0	0	0
oewn-00903562-v	precede	8	29	142	4	introduce	0	8	0.0	0	0	0	0	0	0
oewn-01459400-v	pinch	8	29	106	5	squeeze	1	8	0.12	1	0	0	0	0	0
oewn-00203443-v	corrupt	7	29	207	6	stretch	5	7	0.71	0	5	0	0	0	0
oewn-00217578-v	flood	7	29	125	6	flow	0	7	0.0	0	0	0	0	0	0
oewn-00389306-v	lay waste to	7	29	170	5	ruin	0	7	0.0	0	0	0	0	0	0
oewn-01096497-v	campaign	7	29	663	4	run	0	7	0.0	0	0	0	0	0	0
oewn-01363602-v	plaster	7	29	53	4	mud	0	7	0.0	0	0	0	0	0	0
oewn-01797944-v	fuss	7	29	91	4	scruple	3	7	0.43	0	3	0	0	0	0
oewn-00604200-v	train	5	29	240	4	prepare	0	5	0.0	0	0	0	0	0	0
oewn-00885156-v	gloat	5	29	103	4	triumph	5	5	1.0	3	2	1	0	1	0
oewn-01675909-v	knit	5	29	89	3	knit	0	5	0.0	0	0	0	0	0	0
oewn-01151936-v	play	4	29	541	4	play	0	4	0.0	0	0	0	0	0	0
oewn-01483990-v	hang	4	29	303	4	hang	1	4	0.25	0	1	0	0	0	0
oewn-00006238-v	expectorate	14	28	35	5	cough	3	14	0.21	3	0	0	0	0	0
oewn-00283850-v	dye	12	28	118	6	stain	1	12	0.08	1	0	0	0	0	0
oewn-01492646-v	load	12	28	127	8	load	0	12	0.0	0	0	0	0	0	0
oewn-01551969-v	delete	11	28	464	4	strike	0	11	0.0	0	0	0	0	0	0
oewn-01600207-v	shoot	11	28	627	5	break	0	11	0.0	0	0	0	0	0	0
oewn-01342187-v	uncover	9	28	124	8	expose	0	9	0.0	0	0	0	0	0	0
oewn-02270824-v	save	9	28	254	4	save	0	9	0.0	0	0	0	0	0	0
oewn-01365439-v	paint	7	28	141	4	paint	0	7	0.0	0	0	0	0	0	0
oewn-02120261-v	sensitize	7	28	210	3	stir	0	7	0.0	0	0	0	0	0	0
oewn-02199359-v	disgust	7	28	68	4	disgust	0	7	0.0	0	0	0	0	0	0
oewn-00511445-v	mottle	6	28	135	4	cloud	0	6	0.0	0	0	0	0	0	0
oewn-00736950-v	date	6	28	114	2	date	0	6	0.0	0	0	0	0	0	0
oewn-01049617-v	bark	6	28	87	4	quest	0	6	0.0	0	0	0	0	0	0
oewn-01196254-v	satiate	6	28	177	5	fill	6	6	1.0	2	4	1	0	0	0
oewn-01432586-v	crossbreed	6	28	194	1	cross	0	6	0.0	0	0	0	0	0	0
oewn-02410046-v	take out	6	28	377	6	clear	0	6	0.0	0	0	0	0	0	0
oewn-02082838-v	bring in	5	28	166	4	introduce	0	5	0.0	0	0	0	0	0	0
oewn-00607995-v	inculcate	4	28	55	3	din	0	4	0.0	0	0	0	0	0	0
oewn-01354457-v	press out	4	28	201	2	express	0	4	0.0	0	0	0	0	0	0
oewn-02300169-v	partake	4	28	101	3	share	0	4	0.0	0	0	0	0	0	0
oewn-02571602-v	sin	4	28	319	4	fall	4	4	1.0	1	3	1	0	0	0
oewn-00043880-v	overdress	25	27	273	7	dress	3	25	0.12	0	3	0	0	0	0
oewn-00241924-v	shrink	12	27	135	7	shrink	2	12	0.17	0	2	0	0	0	0
oewn-00035769-v	cleanse	11	27	191	8	clean	0	11	0.0	0	0	0	0	0	0
oewn-02517971-v	discriminate	11	27	125	7	separate	3	11	0.27	0	3	0	0	0	0
oewn-01475976-v	putter	9	27	79	4	potter	0	9	0.0	0	0	0	0	0	0
oewn-01006737-v	type	7	27	59	3	shift	1	7	0.14	0	1	0	0	0	0
oewn-01473673-v	kidnap	6	27	94	3	snatch	0	6	0.0	0	0	0	0	0	0
oewn-00861956-v	applaud	5	27	128	4	hail	4	5	0.8	4	0	0	0	1	0
oewn-01118865-v	yield	5	27	442	5	fall	0	5	0.0	0	0	0	0	0	0
oewn-01530857-v	lodge	5	27	174	4	stick	0	5	0.0	0	0	0	0	0	0
oewn-00357608-v	heave	4	27	238	4	lift	0	4	0.0	0	0	0	0	0	0
oewn-02060895-v	drive	4	27	476	2	drive	0	4	0.0	0	0	0	0	0	0
oewn-02140736-v	reflect	4	27	89	4	reflect	0	4	0.0	0	0	0	0	0	0
oewn-02485579-v	distribute	4	27	122	3	supply	0	4	0.0	0	0	0	0	0	0
oewn-02594833-v	befriend	4	27	27	2	pal	0	4	0.0	0	0	0	0	0	0
oewn-00105087-v	emit	13	26	157	9	breathe	0	13	0.0	0	0	0	0	0	0
oewn-02298282-v	hand over	9	26	183	6	render	0	9	0.0	0	0	0	0	0	0
oewn-02667330-v	deviate	9	26	126	6	depart	1	9	0.11	0	1	0	0	0	0
oewn-00612092-v	remind	8	26	54	2	remind	0	8	0.0	0	0	0	0	0	0
oewn-00766947-v	reconcile	8	26	270	7	settle	1	8	0.12	0	1	0	0	0	0
oewn-00827994-v	deplore	8	26	31	4	accurse	0	8	0.0	0	0	0	0	0	0
oewn-02240011-v	surrender	8	26	202	5	sell	0	8	0.0	0	0	0	0	0	0
oewn-00313162-v	darken	7	26	42	5	darken	3	7	0.43	0	3	0	0	0	0
oewn-01888570-v	cant	6	26	98	5	pitch	0	6	0.0	0	0	0	0	0	0
oewn-02029675-v	escort	6	26	41	5	escort	0	6	0.0	0	0	0	0	0	0
oewn-00376536-v	freeze	5	26	99	2	ice	0	5	0.0	0	0	0	0	0	0
oewn-00792796-v	summon	5	26	135	5	demand	0	5	0.0	0	0	0	0	0	0
oewn-01233816-v	nudge	5	26	54	4	elbow	0	5	0.0	0	0	0	0	0	0
oewn-01486416-v	pack	5	26	117	5	pack	0	5	0.0	0	0	0	0	0	0
oewn-01727101-v	rehearse	5	26	76	4	practise	0	5	0.0	0	0	0	0	0	0
oewn-01906398-v	scurry	5	26	30	3	scuttle	0	5	0.0	0	0	0	0	0	0
oewn-02447914-v	oversee	5	26	152	5	build	0	5	0.0	0	0	0	0	0	0
oewn-01784760-v	terrify	4	26	34	3	terrify	3	4	0.75	3	0	0	0	0	0
oewn-01882056-v	oscillate	4	26	148	3	hunt	0	4	0.0	0	0	0	0	0	0
oewn-02678923-v	balance	19	25	152	9	correct	0	19	0.0	0	0	0	0	0	0
oewn-01580466-v	immerse	15	25	231	12	plunge	0	15	0.0	0	0	0	0	0	0
oewn-02678329-v	compensate	11	25	551	8	carry	3	11	0.27	3	0	0	0	0	0
oewn-00242575-v	shrivel	10	25	104	6	blast	4	10	0.4	4	0	0	0	0	0
oewn-00603217-v	espouse	9	25	95	7	embrace	0	9	0.0	0	0	0	0	0	0
oewn-01823521-v	intimidate	9	25	101	6	dash	0	9	0.0	0	0	0	0	0	0
oewn-00788478-v	examine	8	25	129	2	examine	0	8	0.0	0	0	0	0	0	0
oewn-01859592-v	move	8	25	351	5	move	0	8	0.0	0	0	0	0	0	0
oewn-00886061-v	pledge	7	25	65	7	vow	0	7	0.0	0	0	0	0	0	0
oewn-02617665-v	specify	7	25	189	3	determine	5	7	0.71	5	0	0	0	0	0
oewn-00210263-v	decompose	6	25	254	4	hang	0	6	0.0	0	0	0	0	0	0
oewn-00311168-v	boom	6	25	109	5	boom	0	6	0.0	0	0	0	0	0	0
oewn-01563925-v	collide	6	25	177	5	shock	3	6	0.5	0	3	0	0	0	0
oewn-00457106-v	soak	5	25	61	5	steep	0	5	0.0	0	0	0	0	0	0
oewn-01023638-v	arrange	5	25	294	5	settle	0	5	0.0	0	0	0	0	0	0
oewn-01279534-v	notch	5	25	296	4	mark	0	5	0.0	0	0	0	0	0	0
oewn-00871595-v	charge	4	25	195	4	charge	1	4	0.25	0	1	0	0	0	0
oewn-01976312-v	fall	4	25	596	4	fall	0	4	0.0	0	0	0	0	0	0
oewn-02271765-v	save	4	25	251	3	save	0	4	0.0	0	0	0	0	0	0
oewn-02273196-v	waste	4	25	403	4	blow	0	4	0.0	0	0	0	0	0	0
oewn-02564777-v	ruin	4	25	539	4	break	3	4	0.75	0	3	0	0	0	0
oewn-02720849-v	teem	4	25	74	3	crawl	0	4	0.0	0	0	0	0	0	0
oewn-02318230-v	deprive	14	24	81	10	deprive	1	14	0.07	0	1	0	0	0	0
oewn-00277172-v	disorder	12	24	58	7	disorder	3	12	0.25	0	3	0	0	0	0
oewn-00431323-v	thin out	9	24	272	8	dress	0	9	0.0	0	0	0	0	0	0
oewn-01231635-v	permeate	9	24	71	6	penetrate	2	9	0.22	2	0	0	0	0	0
oewn-01894785-v	convulse	9	24	143	5	toss	1	9	0.11	1	0	0	0	0	0
oewn-00208905-v	deteriorate	8	24	208	3	wear	3	8	0.38	0	3	0	0	0	0
oewn-02032840-v	disperse	8	24	532	6	break	0	8	0.0	0	0	0	0	0	0
oewn-02068815-v	deviate	8	24	106	6	depart	0	8	0.0	0	0	0	0	0	0
oewn-02412896-v	precede	8	24	94	5	precede	0	8	0.0	0	0	0	0	0	0
oewn-00361585-v	be born	7	24	305	4	fall	0	7	0.0	0	0	0	0	0	0
oewn-00470295-v	wear	7	24	208	3	wear	0	7	0.0	0	0	0	0	0	0
oewn-01254492-v	smear	6	24	94	4	dust	0	6	0.0	0	0	0	0	0	0
oewn-02724891-v	sulk	6	24	73	6	brood	6	6	1.0	0	6	0	0	0	0
oewn-00027261-v	stretch	5	24	161	5	stretch	1	5	0.2	1	0	0	0	0	0
oewn-00373318-v	heat	5	24	85	4	heat	2	5	0.4	0	2	0	0	0	0
oewn-00938019-v	break	5	24	516	5	break	0	5	0.0	0	0	0	0	0	0
oewn-01005294-v	photograph	5	24	211	4	shoot	0	5	0.0	0	0	0	0	0	0
oewn-01384737-v	pick	5	24	136	5	pick	0	5	0.0	0	0	0	0	0	0
oewn-01442364-v	snatch	5	24	101	3	snatch	0	5	0.0	0	0	0	0	0	0
oewn-01528083-v	malfunction	5	24	81	2	jam	1	5	0.2	0	1	0	0	0	0
oewn-01958986-v	dispatch	5	24	32	3	despatch	0	5	0.0	0	0	0	0	0	0
oewn-02097888-v	beat	5	24	255	4	beat	0	5	0.0	0	0	0	0	0	0
oewn-02386868-v	assume	5	24	130	4	resume	0	5	0.0	0	0	0	0	0	0
oewn-00082467-v	dress	4	24	251	3	dress	0	4	0.0	0	0	0	0	0	0
oewn-00090460-v	mutilate	4	24	52	4	mar	2	4	0.5	0	2	0	0	0	0
oewn-00643334-v	multiply	4	24	369	3	raise	0	4	0.0	0	0	0	0	0	0
oewn-01749530-v	print	4	24	51	3	print	0	4	0.0	0	0	0	0	0	0
oewn-02179501-v	rattle	4	24	50	2	rattle	0	4	0.0	0	0	0	0	0	0
oewn-02309628-v	snap up	4	24	48	2	grab	0	4	0.0	0	0	0	0	0	0
oewn-02362227-v	save	4	24	250	3	save	0	4	0.0	0	0	0	0	0	0
oewn-02776675-v	overcast	4	24	128	4	cloud	0	4	0.0	0	0	0	0	0	0
oewn-00084491-v	drug	14	23	84	5	poison	1	14	0.07	0	1	0	0	0	0
oewn-00010234-v	act involuntarily	10	23	48	3	wink	0	10	0.0	0	0	0	0	0	0
oewn-01521557-v	weave	10	23	189	5	shoot	0	10	0.0	0	0	0	0	0	0
oewn-01647199-v	trip	10	23	84	4	trip	0	10	0.0	0	0	0	0	0	0
oewn-00820635-v	insist	9	23	98	3	insist	6	9	0.67	0	6	0	0	0	0
oewn-02262575-v	substitute	9	23	132	6	exchange	0	9	0.0	0	0	0	0	0	0
oewn-02073816-v	spill	7	23	63	6	overflow	0	7	0.0	0	0	0	0	0	0
oewn-02284977-v	conserve	7	23	109	4	preserve	4	7	0.57	0	4	0	0	0	0
oewn-00484112-v	harmonize	6	23	64	5	proportion	1	6	0.17	1	0	0	0	0	0
oewn-00891621-v	guarantee	5	23	131	5	secure	0	5	0.0	0	0	0	0	0	0
oewn-02468933-v	avoid	5	23	98	4	avoid	0	5	0.0	0	0	0	0	0	0
oewn-00073096-v	evacuate	4	23	109	3	empty	0	4	0.0	0	0	0	0	0	0
oewn-00336733-v	smash	4	23	140	3	dash	0	4	0.0	0	0	0	0	0	0
oewn-00337070-v	crack	4	23	649	4	break	0	4	0.0	0	0	0	0	0	0
oewn-01995486-v	submerge	4	23	94	3	drown	0	4	0.0	0	0	0	0	0	0
oewn-01481233-v	clog	15	22	167	7	stuff	0	15	0.0	0	0	0	0	0	0
oewn-01637966-v	fabricate	13	22	87	7	spin	5	13	0.38	0	5	0	0	0	0
oewn-01925197-v	slog	12	22	72	7	tramp	0	12	0.0	0	0	0	0	0	0
oewn-00036355-v	wash	10	22	168	6	hush	2	10	0.2	2	0	0	0	0	0
oewn-00248276-v	multiply	9	22	96	5	double	0	9	0.0	0	0	0	0	0	0
oewn-01666666-v	cast	9	22	242	3	press	0	9	0.0	0	0	0	0	0	0
oewn-00444339-v	harden	7	22	105	2	temper	0	7	0.0	0	0	0	0	0	0
oewn-00967719-v	report	7	22	98	3	report	0	7	0.0	0	0	0	0	0	0
oewn-01582002-v	lift	7	22	236	3	lift	0	7	0.0	0	0	0	0	0	0
oewn-00093529-v	waste	6	22	113	4	waste	0	6	0.0	0	0	0	0	0	0
oewn-00244010-v	unite	6	22	89	3	unite	0	6	0.0	0	0	0	0	0	0
oewn-00984546-v	inflect	6	22	106	2	compare	2	6	0.33	2	0	0	0	0	0
oewn-01446945-v	transfix	6	22	68	5	pin	0	6	0.0	0	0	0	0	0	0
oewn-01540197-v	tarnish	6	22	66	5	stain	0	6	0.0	0	0	0	0	0	0
oewn-01589199-v	toy	6	22	378	6	play	4	6	0.67	4	0	0	0	0	0
oewn-02034269-v	disperse	6	22	102	6	scatter	0	6	0.0	0	0	0	0	0	0
oewn-02050704-v	spin	6	22	99	3	whirl	0	6	0.0	0	0	0	0	0	0
oewn-02125653-v	itch	6	22	35	3	tingle	2	6	0.33	0	2	0	0	0	0
oewn-01902275-v	jiggle	5	22	24	3	wag	0	5	0.0	0	0	0	0	0	0
oewn-00449635-v	empty	4	22	125	2	empty	0	4	0.0	0	0	0	0	0	0
oewn-01006107-v	score	4	22	289	2	mark	0	4	0.0	0	0	0	0	0	0
oewn-01490942-v	empty	4	22	102	2	empty	0	4	0.0	0	0	0	0	0	0
oewn-01700543-v	color	4	22	125	3	colour	0	4	0.0	0	0	0	0	0	0
oewn-01938286-v	park	4	22	44	1	park	0	4	0.0	0	0	0	0	0	0
oewn-01222867-v	cling to	10	21	55	5	clutch	6	10	0.6	6	0	0	0	0	0
oewn-02070438-v	flow	9	21	99	5	flow	0	9	0.0	0	0	0	0	0	0
oewn-02086937-v	spread	9	21	165	6	spread	0	9	0.0	0	0	0	0	0	0
oewn-02394092-v	socialize	8	21	130	3	swing	0	8	0.0	0	0	0	0	0	0
oewn-02288941-v	bribe	7	21	100	4	buy	0	7	0.0	0	0	0	0	0	0
oewn-02308311-v	forfeit	7	21	70	6	give up	0	7	0.0	0	0	0	0	0	0
oewn-00742058-v	assign	6	21	46	5	attribute	0	6	0.0	0	0	0	0	0	0
oewn-01661660-v	disassemble	6	21	436	3	strike	0	6	0.0	0	0	0	0	0	0
oewn-01725631-v	simulate	6	21	323	5	play	1	6	0.17	0	1	0	0	0	0
oewn-02245889-v	extort	6	21	122	6	squeeze	0	6	0.0	0	0	0	0	0	0
oewn-00025196-v	tense	5	21	225	4	stretch	0	5	0.0	0	0	0	0	0	0
oewn-00311895-v	blur	5	21	94	5	dim	0	5	0.0	0	0	0	0	0	0
oewn-00682064-v	prejudice	5	21	43	4	prejudice	1	5	0.2	1	0	0	0	0	0
oewn-00768022-v	push	5	21	119	4	push	0	5	0.0	0	0	0	0	0	0
oewn-01112928-v	overpower	5	21	54	3	overwhelm	3	5	0.6	0	3	0	0	0	0
oewn-01265500-v	skin	5	21	76	3	skin	0	5	0.0	0	0	0	0	0	0
oewn-01513208-v	switch off	5	21	452	4	cut	0	5	0.0	0	0	0	0	0	0
oewn-02253616-v	access	5	21	177	3	address	0	5	0.0	0	0	0	0	0	0
oewn-02254246-v	recover	5	21	131	3	recover	0	5	0.0	0	0	0	0	0	0
oewn-01179996-v	forage	4	21	43	3	prey	0	4	0.0	0	0	0	0	0	0
oewn-01946206-v	glide	4	21	65	3	glide	0	4	0.0	0	0	0	0	0	0
oewn-02729826-v	go back	4	21	91	2	ascend	0	4	0.0	0	0	0	0	0	0
oewn-00498786-v	impregnate	13	20	199	7	charge	4	13	0.31	2	2	1	0	0	0
oewn-00306798-v	explode	10	20	136	6	burst	0	10	0.0	0	0	0	0	0	0
oewn-00092442-v	recuperate	9	20	123	4	recover	3	9	0.33	0	3	0	0	0	0
oewn-01302344-v	detach	9	20	57	5	cut off	0	9	0.0	0	0	0	0	0	0
oewn-02352633-v	consign	8	20	259	7	charge	0	8	0.0	0	0	0	0	0	0
oewn-02749936-v	brood	7	20	80	6	hover	4	7	0.57	0	4	0	0	0	0
oewn-01233274-v	prod	6	20	42	4	goose	0	6	0.0	0	0	0	0	0	0
oewn-02152799-v	cover	6	20	156	3	cover	4	6	0.67	0	4	0	0	0	0
oewn-02508185-v	admit	6	20	99	3	admit	0	6	0.0	0	0	0	0	0	0
oewn-01476839-v	range	5	20	82	4	range	0	5	0.0	0	0	0	0	0	0
oewn-02197016-v	zest	5	20	27	4	ginger	0	5	0.0	0	0	0	0	0	0
oewn-00264117-v	bulge	4	20	58	4	bulk	0	4	0.0	0	0	0	0	0	0
oewn-00718663-v	postulate	4	20	69	2	insist	0	4	0.0	0	0	0	0	0	0
oewn-01032865-v	covenant	4	20	113	4	communicate	0	4	0.0	0	0	0	0	0	0
oewn-01393934-v	roll out	4	20	214	3	roll	0	4	0.0	0	0	0	0	0	0
oewn-01516758-v	pitch	4	20	120	3	pitch	0	4	0.0	0	0	0	0	0	0
oewn-02145619-v	produce	4	20	131	3	produce	0	4	0.0	0	0	0	0	0	0
oewn-02709149-v	yield	4	20	135	3	yield	1	4	0.25	0	1	0	0	0	0
oewn-00244786-v	abridge	15	19	310	11	cut	0	15	0.0	0	0	0	0	0	0
oewn-02349564-v	plunder	11	19	77	7	strip	0	11	0.0	0	0	0	0	0	0
oewn-00553892-v	decay	9	19	70	6	spoil	1	9	0.11	0	1	0	0	0	0
oewn-01009951-v	sum up	9	19	72	5	resume	0	9	0.0	0	0	0	0	0	0
oewn-02477646-v	list	9	19	136	3	post	0	9	0.0	0	0	0	0	0	0
oewn-01503512-v	sow	7	19	88	5	scatter	0	7	0.0	0	0	0	0	0	0
oewn-01771464-v	seethe	7	19	64	3	boil	6	7	0.86	0	6	0	0	0	0
oewn-01781734-v	adore	7	19	39	4	worship	1	7	0.14	1	0	0	0	0	0
oewn-00264920-v	inflate	6	19	119	5	heave	0	6	0.0	0	0	0	0	0	0
oewn-00416323-v	settle	6	19	250	4	settle	0	6	0.0	0	0	0	0	0	0
oewn-00504245-v	stimulate	6	19	125	5	excite	0	6	0.0	0	0	0	0	0	0
oewn-00969657-v	publish	6	19	122	5	issue	0	6	0.0	0	0	0	0	0	0
oewn-01456044-v	drag	6	19	200	3	train	1	6	0.17	0	1	0	0	0	0
oewn-01962474-v	ride horseback	6	19	111	5	post	0	6	0.0	0	0	0	0	0	0
oewn-02076087-v	overflow	6	19	37	4	overflow	0	6	0.0	0	0	0	0	0	0
oewn-00878196-v	confer	5	19	64	2	consult	0	5	0.0	0	0	0	0	0	0
oewn-01066821-v	write out	5	19	338	4	cut	0	5	0.0	0	0	0	0	0	0
oewn-01313763-v	dig	5	19	228	4	lift	0	5	0.0	0	0	0	0	0	0
oewn-02097668-v	beat	5	19	226	4	beat	0	5	0.0	0	0	0	0	0	0
oewn-00337528-v	crack	4	19	152	4	crack	0	4	0.0	0	0	0	0	0	0
oewn-01805829-v	mortify	4	19	87	4	subdue	0	4	0.0	0	0	0	0	0	0
oewn-02675266-v	exceed	4	19	59	4	exceed	0	4	0.0	0	0	0	0	0	0
oewn-00052265-v	inseminate	15	18	19	4	prang up	0	15	0.0	0	0	0	0	0	0
oewn-00801460-v	revoke	13	18	165	6	lift	0	13	0.0	0	0	0	0	0	0
oewn-00495205-v	isolate	12	18	78	7	withdraw	0	12	0.0	0	0	0	0	0	0
oewn-01785339-v	strong-arm	11	18	28	3	bully	0	11	0.0	0	0	0	0	0	0
oewn-00910304-v	foster	9	18	147	7	serve	2	9	0.22	2	0	0	0	0	0
oewn-00436806-v	roll up	8	18	80	6	bolt	0	8	0.0	0	0	0	0	0	0
oewn-00829391-v	preach	7	18	38	4	preach	0	7	0.0	0	0	0	0	0	0
oewn-01164741-v	recycle	7	18	109	2	recover	1	7	0.14	0	1	0	0	0	0
oewn-01387093-v	collect	7	18	82	5	collect	0	7	0.0	0	0	0	0	0	0
oewn-01939335-v	bicycle	7	18	68	3	wheel	0	7	0.0	0	0	0	0	0	0
oewn-02436818-v	administer	7	18	71	5	manage	0	7	0.0	0	0	0	0	0	0
oewn-00230031-v	enhance	6	18	300	3	raise	0	6	0.0	0	0	0	0	0	0
oewn-01534530-v	impress	6	18	94	5	impress	0	6	0.0	0	0	0	0	0	0
oewn-01821905-v	cheer	6	18	62	5	cheer	4	6	0.67	4	0	0	0	0	0
oewn-00004227-v	exhale	5	18	221	4	blow	1	5	0.2	0	1	0	0	0	0
oewn-00493642-v	pollute	5	18	59	4	foul	0	5	0.0	0	0	0	0	0	0
oewn-00852919-v	incite	5	18	310	5	raise	0	5	0.0	0	0	0	0	0	0
oewn-01420833-v	beat	5	18	216	4	beat	2	5	0.4	2	0	0	0	0	0
oewn-01650408-v	provoke	5	18	138	5	pick	1	5	0.2	0	1	0	0	0	0
oewn-02479404-v	empower	5	18	48	5	entitle	0	5	0.0	0	0	0	0	0	0
oewn-00217853-v	flow	4	18	134	4	flow	0	4	0.0	0	0	0	0	0	0
oewn-00305890-v	narrow	4	18	84	2	narrow	0	4	0.0	0	0	0	0	0	0
oewn-00521437-v	interrupt	4	18	71	3	interrupt	2	4	0.5	0	2	0	0	0	0
oewn-00898147-v	uphold	4	18	74	4	justify	0	4	0.0	0	0	0	0	0	0
oewn-01205348-v	nourish	4	18	382	4	carry	0	4	0.0	0	0	0	0	0	0
oewn-01259737-v	chop	4	18	57	4	axe	0	4	0.0	0	0	0	0	0	0
oewn-01322669-v	reap	4	18	242	4	cut	0	4	0.0	0	0	0	0	0	0
oewn-01644092-v	design	4	18	305	3	cut	0	4	0.0	0	0	0	0	0	0
oewn-02047875-v	orb	4	18	37	4	revolve	0	4	0.0	0	0	0	0	0	0
oewn-02431646-v	restore	4	18	90	3	restore	0	4	0.0	0	0	0	0	0	0
oewn-02609063-v	unite	4	18	83	3	unite	0	4	0.0	0	0	0	0	0	0
oewn-00027698-v	exsert	12	17	130	7	extend	0	12	0.0	0	0	0	0	0	0
oewn-00515544-v	bring out	8	17	319	6	raise	0	8	0.0	0	0	0	0	0	0
oewn-01927367-v	hop on	8	17	84	6	mount	0	8	0.0	0	0	0	0	0	0
oewn-02558146-v	restore	8	17	81	4	restore	3	8	0.38	3	0	0	0	0	0
oewn-00405549-v	organize	7	17	20	4	structure	0	7	0.0	0	0	0	0	0	0
oewn-00717446-v	pin down	7	17	66	3	narrow	0	7	0.0	0	0	0	0	0	0
oewn-01356709-v	seal	7	17	87	4	pack	0	7	0.0	0	0	0	0	0	0
oewn-00195256-v	denude	6	17	84	2	strip	0	6	0.0	0	0	0	0	0	0
oewn-00871260-v	contest	6	17	35	5	contend	0	6	0.0	0	0	0	0	0	0
oewn-01301254-v	detach	6	17	464	4	break	0	6	0.0	0	0	0	0	0	0
oewn-01359073-v	affix	6	17	147	5	post	0	6	0.0	0	0	0	0	0	0
oewn-01421321-v	shuffle	6	17	290	4	cut	0	6	0.0	0	0	0	0	0	0
oewn-02331351-v	shop	5	17	60	3	shop	0	5	0.0	0	0	0	0	0	0
oewn-01492993-v	load	4	17	170	2	charge	0	4	0.0	0	0	0	0	0	0
oewn-01495382-v	bruise	4	17	111	3	jam	0	4	0.0	0	0	0	0	0	0
oewn-02128797-v	smell	4	17	86	4	smell	4	4	1.0	1	3	1	0	0	0
oewn-02491069-v	hang	4	17	240	2	hang	0	4	0.0	0	0	0	0	0	0
oewn-00763758-v	negociate	13	16	22	4	bargain	0	13	0.0	0	0	0	0	0	0
oewn-00368338-v	unify	12	16	78	5	unite	0	12	0.0	0	0	0	0	0	0
oewn-00179205-v	take off	11	16	85	5	strip	0	11	0.0	0	0	0	0	0	0
oewn-00381684-v	convert	10	16	125	2	float	0	10	0.0	0	0	0	0	0	0
oewn-01579924-v	dunk	10	16	127	8	plunge	0	10	0.0	0	0	0	0	0	0
oewn-01784999-v	intimidate	10	16	28	4	bully	0	10	0.0	0	0	0	0	0	0
oewn-02001894-v	lag	10	16	116	6	drag	0	10	0.0	0	0	0	0	0	0
oewn-02223876-v	support	10	16	126	6	provide	1	10	0.1	1	0	0	0	0	0
oewn-00049617-v	undress	9	16	85	5	strip	0	9	0.0	0	0	0	0	0	0
oewn-00541315-v	widen	9	16	161	5	stretch	0	9	0.0	0	0	0	0	0	0
oewn-00806464-v	disagree	9	16	41	6	differ	1	9	0.11	0	1	0	0	0	0
oewn-01665698-v	level	8	16	79	6	level	0	8	0.0	0	0	0	0	0	0
oewn-02449527-v	license	8	16	68	7	recognise	0	8	0.0	0	0	0	0	0	0
oewn-02573434-v	rape	8	16	47	7	assault	0	8	0.0	0	0	0	0	0	0
oewn-00711834-v	mastermind	7	16	132	4	direct	0	7	0.0	0	0	0	0	0	0
oewn-02157242-v	peruse	7	16	55	5	thumb	0	7	0.0	0	0	0	0	0	0
oewn-02705339-v	represent	7	16	100	6	represent	0	7	0.0	0	0	0	0	0	0
oewn-00438402-v	specialize	6	16	63	1	narrow	0	6	0.0	0	0	0	0	0	0
oewn-01054173-v	peep	6	16	56	4	peep	0	6	0.0	0	0	0	0	0	0
oewn-01099911-v	enlist	6	16	284	4	raise	0	6	0.0	0	0	0	0	0	0
oewn-01985637-v	rear	6	16	85	5	rear	3	6	0.5	3	0	0	0	0	0
oewn-00305203-v	constrict	5	16	63	1	narrow	0	5	0.0	0	0	0	0	0	0
oewn-00622345-v	confuse	5	16	72	4	confuse	0	5	0.0	0	0	0	0	0	0
oewn-02148002-v	excavate	5	16	102	5	dig	0	5	0.0	0	0	0	0	0	0
oewn-02317458-v	recall	5	16	134	3	recall	4	5	0.8	0	4	0	0	0	0
oewn-02399804-v	substitute	5	16	155	3	cover	0	5	0.0	0	0	0	0	0	0
oewn-02406665-v	nominate	5	16	89	3	propose	3	5	0.6	3	0	0	0	0	0
oewn-00081478-v	bring around	4	16	60	3	cure	1	4	0.25	1	0	0	0	0	0
oewn-00618547-v	neglect	4	16	62	3	neglect	0	4	0.0	0	0	0	0	0	0
oewn-00654571-v	compare	4	16	62	2	compare	0	4	0.0	0	0	0	0	0	0
oewn-01128786-v	invade	4	16	113	4	occupy	0	4	0.0	0	0	0	0	0	0
oewn-01544361-v	spill	4	16	71	4	shed	0	4	0.0	0	0	0	0	0	0
oewn-01576722-v	shred	4	16	32	4	tease	3	4	0.75	0	3	0	0	0	0
oewn-02089989-v	dock	4	16	63	4	wharf	0	4	0.0	0	0	0	0	0	0
oewn-02261162-v	cash	4	16	25	2	cash	0	4	0.0	0	0	0	0	0	0
oewn-00200761-v	edit	14	15	72	6	alter	0	14	0.0	0	0	0	0	0	0
oewn-02497032-v	revel	11	15	22	5	racket	0	11	0.0	0	0	0	0	0	0
oewn-00165779-v	proof	10	15	76	1	proof	4	10	0.4	0	4	0	0	0	0
oewn-02766580-v	erupt	9	15	300	4	catch	0	9	0.0	0	0	0	0	0	0
oewn-01014100-v	confirm	8	15	81	5	confirm	0	8	0.0	0	0	0	0	0	0
oewn-01462658-v	sift	8	15	109	7	strain	0	8	0.0	0	0	0	0	0	0
oewn-00401789-v	complicate	7	15	84	5	involve	0	7	0.0	0	0	0	0	0	0
oewn-01483400-v	trap	6	15	49	4	trap	0	6	0.0	0	0	0	0	0	0
oewn-01986058-v	straighten	6	15	72	5	rear	0	6	0.0	0	0	0	0	0	0
oewn-00355288-v	check	5	15	86	4	check	0	5	0.0	0	0	0	0	0	0
oewn-01290655-v	fetter	5	15	20	5	cuff	0	5	0.0	0	0	0	0	0	0
oewn-01921542-v	shuffle	5	15	105	4	drag	2	5	0.4	0	2	0	0	0	0
oewn-00777876-v	oppose	4	15	62	3	oppose	0	4	0.0	0	0	0	0	0	0
oewn-00825330-v	reprimand	4	15	16	2	censure	3	4	0.75	0	3	0	0	1	0
oewn-01204494-v	swallow	4	15	106	3	swallow	0	4	0.0	0	0	0	0	0	0
oewn-01564990-v	crash	4	15	78	3	wrap	0	4	0.0	0	0	0	0	0	0
oewn-01991507-v	square	4	15	96	4	square	0	4	0.0	0	0	0	0	0	0
oewn-02676679-v	serve	4	15	95	4	serve	0	4	0.0	0	0	0	0	0	0
oewn-01038676-v	chatter	19	14	29	13	chatter	0	19	0.0	0	0	0	0	0	0
oewn-00216642-v	drench	13	14	57	8	flush	0	13	0.0	0	0	0	0	0	0
oewn-01039782-v	chat up	11	14	35	7	flirt	1	11	0.09	1	0	0	0	0	0
oewn-02767855-v	snuff out	11	14	84	7	put out	0	11	0.0	0	0	0	0	0	0
oewn-00862284-v	laud	10	14	39	7	exalt	6	10	0.6	6	0	0	0	1	0
oewn-00193830-v	compound	8	14	86	3	mix	0	8	0.0	0	0	0	0	0	0
oewn-00009140-v	shed	7	14	45	2	shed	0	7	0.0	0	0	0	0	0	0
oewn-00302911-v	domesticate	7	14	472	5	break	5	7	0.71	5	0	0	0	0	0
oewn-00444071-v	harden	7	14	56	4	cure	1	7	0.14	0	1	0	0	0	0
oewn-01029677-v	opine	7	14	17	3	speak out	5	7	0.71	0	5	0	0	0	0
oewn-00403446-v	complicate	6	14	35	3	perplex	0	6	0.0	0	0	0	0	0	0
oewn-00467564-v	integrate	6	14	67	2	fold	1	6	0.17	0	1	0	0	0	0
oewn-01305902-v	bind	6	14	112	4	bind	0	6	0.0	0	0	0	0	0	0
oewn-01377432-v	sprinkle	6	14	50	5	salt	2	6	0.33	2	0	0	0	0	0
oewn-01807900-v	manipulate	6	14	90	5	handle	4	6	0.67	1	3	1	0	0	0
oewn-02372031-v	vacate	6	14	77	5	give up	4	6	0.67	0	4	0	0	0	0
oewn-00074587-v	shed blood	5	14	86	2	flow	0	5	0.0	0	0	0	0	0	0
oewn-00238763-v	deoxidize	5	14	58	2	pole	0	5	0.0	0	0	0	0	0	0
oewn-00468364-v	integrate	5	14	73	2	unite	0	5	0.0	0	0	0	0	0	0
oewn-01008466-v	sketch	5	14	31	3	sketch	0	5	0.0	0	0	0	0	0	0
oewn-01016830-v	testify	5	14	33	4	testify	0	5	0.0	0	0	0	0	0	0
oewn-01258531-v	carve	5	14	52	3	carve	0	5	0.0	0	0	0	0	0	0
oewn-00247103-v	double	4	14	75	3	double	0	4	0.0	0	0	0	0	0	0
oewn-00363763-v	drop	4	14	291	2	drop	0	4	0.0	0	0	0	0	0	0
oewn-00620873-v	date	4	14	57	1	date	1	4	0.25	0	1	0	0	0	0
oewn-00818217-v	deny	4	14	74	3	deny	2	4	0.5	0	2	0	0	0	0
oewn-00829664-v	preach	4	14	27	2	preach	0	4	0.0	0	0	0	0	0	0
oewn-00860250-v	cheer	4	14	67	2	cheer	4	4	1.0	4	0	0	0	0	0
oewn-01308202-v	moor	4	14	52	4	wharf	0	4	0.0	0	0	0	0	0	0
oewn-02420169-v	work at	4	14	20	2	work on	0	4	0.0	0	0	0	0	0	0
oewn-01289516-v	tie down	11	13	112	4	bind	0	11	0.0	0	0	0	0	0	0
oewn-01262255-v	chip	10	13	50	6	chip	0	10	0.0	0	0	0	0	0	0
oewn-02049739-v	rotate	10	13	73	2	whirl	0	10	0.0	0	0	0	0	0	0
oewn-00464691-v	flatten	7	13	191	2	roll	0	7	0.0	0	0	0	0	0	0
oewn-01458495-v	heave	7	13	82	2	heave	0	7	0.0	0	0	0	0	0	0
oewn-01770804-v	retire	7	13	132	4	retire	0	7	0.0	0	0	0	0	0	0
oewn-00239753-v	oxidize	6	13	101	1	breathe	0	6	0.0	0	0	0	0	0	0
oewn-00390309-v	enfeeble	6	13	83	5	waste	0	6	0.0	0	0	0	0	0	0
oewn-01303637-v	restrain	6	13	44	5	restrain	0	6	0.0	0	0	0	0	0	0
oewn-02669219-v	contradict	6	13	462	4	break	3	6	0.5	0	3	0	0	0	0
oewn-00479148-v	snuff out	5	13	90	4	put out	0	5	0.0	0	0	0	0	0	0
oewn-01027611-v	slip in	5	13	36	3	insert	4	5	0.8	0	4	0	0	0	0
oewn-01747665-v	model	5	13	58	3	scale	0	5	0.0	0	0	0	0	0	0
oewn-02291049-v	locate	5	13	75	4	nail	0	5	0.0	0	0	0	0	0	0
oewn-00301542-v	qualify	4	13	67	2	dispose	1	4	0.25	1	0	0	0	0	0
oewn-00562167-v	cut	4	13	268	4	cut	0	4	0.0	0	0	0	0	0	0
oewn-01149384-v	fence	4	13	79	3	fence	0	4	0.0	0	0	0	0	0	0
oewn-01251346-v	shave	4	13	55	4	shave	0	4	0.0	0	0	0	0	0	0
oewn-01539132-v	wash	4	13	76	3	wash	0	4	0.0	0	0	0	0	0	0
oewn-02165374-v	glow	4	13	71	2	glow	0	4	0.0	0	0	0	0	0	0
oewn-02433334-v	adjourn	4	13	130	3	retire	1	4	0.25	0	1	0	0	0	0
oewn-02507686-v	suspend	4	13	56	3	suspend	2	4	0.5	0	2	0	0	0	0
oewn-00282836-v	discolor	15	12	12	2	sallow	0	15	0.0	0	0	0	0	0	0
oewn-00893457-v	guarantee	8	12	150	6	cover	5	8	0.62	2	3	1	0	0	0
oewn-01629175-v	compose	8	12	65	4	compose	0	8	0.0	0	0	0	0	0	0
oewn-00851012-v	mock	7	12	22	6	mock	2	7	0.29	0	2	0	0	0	0
oewn-01781934-v	idolize	7	12	32	3	worship	0	7	0.0	0	0	0	0	0	0
oewn-01947577-v	soar	7	12	52	4	billow	0	7	0.0	0	0	0	0	0	0
oewn-00022092-v	bring to	6	12	35	3	revive	0	6	0.0	0	0	0	0	0	0
oewn-00204753-v	slip	6	12	120	3	slip	6	6	1.0	0	6	0	0	0	0
oewn-00443222-v	gasify	6	12	24	1	sublime	0	6	0.0	0	0	0	0	0	0
oewn-00764523-v	negociate	6	12	77	2	treat	0	6	0.0	0	0	0	0	0	0
oewn-01441318-v	serve	6	12	147	4	serve	0	6	0.0	0	0	0	0	0	0
oewn-00707283-v	draw a bead on	5	12	27	2	aim	1	5	0.2	1	0	0	0	0	0
oewn-00924409-v	signalize	5	12	60	1	distinguish	5	5	1.0	5	0	0	0	0	0
oewn-01311803-v	scratch	5	12	67	3	scratch	0	5	0.0	0	0	0	0	0	0
oewn-01670222-v	sew	5	12	27	3	sew	0	5	0.0	0	0	0	0	0	0
oewn-02074802-v	trickle	5	12	14	4	trickle	0	5	0.0	0	0	0	0	0	0
oewn-02660511-v	inhabit	5	12	36	5	inhabit	0	5	0.0	0	0	0	0	0	0
oewn-00331375-v	break up	4	12	76	3	scatter	0	4	0.0	0	0	0	0	0	0
oewn-00464382-v	flatten	4	12	140	2	press	0	4	0.0	0	0	0	0	0	0
oewn-00477675-v	deform	4	12	94	4	strain	0	4	0.0	0	0	0	0	0	0
oewn-01029517-v	decree	4	12	30	4	decree	0	4	0.0	0	0	0	0	0	0
oewn-01455157-v	pluck	4	12	123	2	pick	0	4	0.0	0	0	0	0	0	0
oewn-01748949-v	format	4	12	81	2	arrange	0	4	0.0	0	0	0	0	0	0
oewn-01826198-v	commiserate	4	12	24	4	sympathise	1	4	0.25	0	1	0	0	0	0
oewn-02384895-v	retire	4	12	129	2	retire	0	4	0.0	0	0	0	0	0	0
oewn-02577166-v	trespass	4	12	461	4	break	0	4	0.0	0	0	0	0	0	0
oewn-02739209-v	shine	4	12	78	3	shine	4	4	1.0	4	0	0	0	0	0
oewn-00026378-v	relax	11	11	33	6	relax	1	11	0.09	0	1	0	0	0	0
oewn-01371262-v	straighten	10	11	77	4	extend	2	10	0.2	2	0	0	0	0	0
oewn-00486949-v	follow through	8	11	28	6	implement	0	8	0.0	0	0	0	0	0	0
oewn-02022376-v	intrude	8	11	76	4	bother	4	8	0.5	0	4	0	0	0	0
oewn-02077642-v	abscond	8	11	69	4	bolt	1	8	0.12	0	1	0	0	0	0
oewn-01488139-v	unpack	7	11	56	5	get out	1	7	0.14	1	0	0	0	0	0
oewn-02146446-v	flaunt	7	11	67	2	flash	0	7	0.0	0	0	0	0	0	0
oewn-02283675-v	profit	7	11	23	2	profit	0	7	0.0	0	0	0	0	0	0
oewn-00209582-v	decompose	6	11	107	6	crack	0	6	0.0	0	0	0	0	0	0
oewn-00380111-v	char	6	11	37	4	scorch	0	6	0.0	0	0	0	0	0	0
oewn-01058906-v	jam	6	11	94	2	jam	0	6	0.0	0	0	0	0	0	0
oewn-01391983-v	compress	6	11	65	3	pack	0	6	0.0	0	0	0	0	0	0
oewn-01660937-v	jumble	6	11	48	5	confuse	6	6	1.0	0	6	0	0	0	0
oewn-02163627-v	orient	6	11	53	3	guide	0	6	0.0	0	0	0	0	0	0
oewn-00040659-v	make up	5	11	41	3	make up	0	5	0.0	0	0	0	0	0	0
oewn-01243284-v	brush	5	11	62	5	brush	0	5	0.0	0	0	0	0	0	0
oewn-01387406-v	scrape	5	11	90	3	come up	0	5	0.0	0	0	0	0	0	0
oewn-00171865-v	build up	4	11	220	3	settle	0	4	0.0	0	0	0	0	0	0
oewn-00858260-v	condemn	4	11	61	3	condemn	1	4	0.25	0	1	0	0	0	0
oewn-01534053-v	emboss	4	11	59	3	block	0	4	0.0	0	0	0	0	0	0
oewn-00958437-v	embroider	10	10	29	7	pad	1	10	0.1	1	0	0	0	0	0
oewn-01100154-v	discharge	10	10	42	2	discharge	0	10	0.0	0	0	0	0	0	0
oewn-00038078-v	comb	8	10	41	4	tease	3	8	0.38	3	0	0	0	0	0
oewn-00171599-v	enrich	8	10	71	5	choke	1	8	0.12	1	0	0	0	0	0
oewn-01429911-v	fornicate	7	10	89	2	swing	1	7	0.14	0	1	0	0	0	0
oewn-01543237-v	sorb	7	10	106	4	absorb	0	7	0.0	0	0	0	0	0	0
oewn-02404473-v	demote	7	10	470	3	break	5	7	0.71	0	5	0	0	0	0
oewn-02672590-v	oppose	7	10	49	4	oppose	0	7	0.0	0	0	0	0	0	0
oewn-00024807-v	freshen	6	10	36	4	refresh	0	6	0.0	0	0	0	0	0	0
oewn-00060248-v	alter	6	10	52	1	alter	0	6	0.0	0	0	0	0	0	0
oewn-00961859-v	translate	6	10	106	4	render	1	6	0.17	0	1	0	0	0	0
oewn-01269662-v	pave	6	10	12	3	pave	0	6	0.0	0	0	0	0	0	0
oewn-01919358-v	transit	6	10	234	4	cut	0	6	0.0	0	0	0	0	0	0
oewn-02194160-v	listen in	6	10	43	4	tap	2	6	0.33	0	2	0	0	0	0
oewn-00030640-v	break down	5	10	40	4	go over	2	5	0.4	0	2	0	0	0	0
oewn-00414801-v	settle	5	10	205	2	settle	0	5	0.0	0	0	0	0	0	0
oewn-00437832-v	vary	5	10	34	4	vary	0	5	0.0	0	0	0	0	0	0
oewn-00891076-v	undertake	5	10	47	2	undertake	2	5	0.4	0	2	0	0	0	0
oewn-01118003-v	surrender	5	10	50	4	give up	0	5	0.0	0	0	0	0	0	0
oewn-01353381-v	contort	5	10	42	3	wring	0	5	0.0	0	0	0	0	0	0
oewn-01510546-v	pelt	5	10	22	3	egg	0	5	0.0	0	0	0	0	0	0
oewn-01787700-v	faze	5	10	10	3	unsettle	4	5	0.8	4	0	0	0	0	0
oewn-01972282-v	chute	5	10	134	2	jump	0	5	0.0	0	0	0	0	0	0
oewn-02711906-v	hover	5	10	43	4	hover	1	5	0.2	1	0	0	0	0	0
oewn-00229706-v	distill	4	10	35	3	extract	0	4	0.0	0	0	0	0	0	0
oewn-00394655-v	get used to	4	10	25	3	adapt	0	4	0.0	0	0	0	0	0	0
oewn-00438078-v	diversify	4	10	36	4	vary	0	4	0.0	0	0	0	0	0	0
oewn-00558293-v	swing	4	10	101	4	swing	1	4	0.25	1	0	0	0	0	0
oewn-01188514-v	feast	4	10	25	2	feast	0	4	0.0	0	0	0	0	0	0
oewn-01581670-v	ladle	4	10	27	3	slop	1	4	0.25	0	1	0	0	0	0
oewn-01757596-v	create	4	10	68	3	create	0	4	0.0	0	0	0	0	0	0
oewn-01786037-v	panic	4	10	17	2	panic	1	4	0.25	0	1	0	0	0	0
oewn-01791641-v	madden	4	10	25	3	madden	2	4	0.5	2	0	0	0	0	0
oewn-01924925-v	hike	4	10	71	2	pack	1	4	0.25	0	1	0	0	0	0
oewn-02311261-v	raise	4	10	270	1	raise	0	4	0.0	0	0	0	0	0	0
oewn-02432181-v	abolish	4	10	22	3	get rid of	0	4	0.0	0	0	0	0	0	0
oewn-02524849-v	pose	4	10	37	2	pose	2	4	0.5	0	2	0	0	0	0
oewn-00021058-v	anesthetize	13	9	85	4	freeze	0	13	0.0	0	0	0	0	0	0
oewn-00444939-v	liquefy	13	9	45	6	melt	0	13	0.0	0	0	0	0	0	0
oewn-02130106-v	odorize	12	9	24	3	scent	6	12	0.5	0	6	0	0	0	0
oewn-00237442-v	restrict	10	9	43	7	control	2	10	0.2	0	2	0	0	0	0
oewn-01913390-v	overturn	8	9	17	3	turn over	0	8	0.0	0	0	0	0	0	0
oewn-02466737-v	vote	7	9	25	3	vote	2	7	0.29	0	2	0	0	0	0
oewn-02486512-v	outlaw	7	9	11	2	outlaw	0	7	0.0	0	0	0	0	0	0
oewn-02549304-v	sabotage	7	9	34	3	weaken	0	7	0.0	0	0	0	0	0	0
oewn-01315031-v	scoop	6	9	60	3	dip	0	6	0.0	0	0	0	0	0	0
oewn-01645979-v	introduce	6	9	82	3	introduce	0	6	0.0	0	0	0	0	0	0
oewn-02410394-v	depose	6	9	20	4	overthrow	0	6	0.0	0	0	0	0	0	0
oewn-00203575-v	pervert	5	9	30	4	abuse	4	5	0.8	1	3	1	0	0	0
oewn-00514573-v	background	5	9	9	1	background	4	5	0.8	3	1	1	0	0	0
oewn-00863593-v	applaud	5	9	50	4	clap	0	5	0.0	0	0	0	0	0	0
oewn-01301854-v	cut off	5	9	29	2	cut off	0	5	0.0	0	0	0	0	0	0
oewn-01465097-v	blend	5	9	22	2	blend	0	5	0.0	0	0	0	0	0	0
oewn-02127889-v	prick	5	9	58	3	prick	5	5	1.0	0	5	0	0	0	0
oewn-02574914-v	overdo	5	9	13	3	exaggerate	1	5	0.2	1	0	0	0	0	0
oewn-02656647-v	reside	5	9	24	2	reside	0	5	0.0	0	0	0	0	0	0
oewn-02767330-v	kindle	5	9	22	4	kindle	0	5	0.0	0	0	0	0	0	0
oewn-00154586-v	enlarge	4	9	46	3	expand	0	4	0.0	0	0	0	0	0	0
oewn-01217350-v	take in	4	9	40	4	take in	0	4	0.0	0	0	0	0	0	0
oewn-01714340-v	cast	4	9	91	1	cast	0	4	0.0	0	0	0	0	0	0
oewn-02771422-v	absorb	4	9	82	3	absorb	0	4	0.0	0	0	0	0	0	0
oewn-01134328-v	bombard	19	8	61	3	blast	1	19	0.05	0	1	0	0	0	0
oewn-00940278-v	rede	13	8	31	6	comment	2	13	0.15	2	0	0	0	0	0
oewn-01469362-v	disarrange	10	8	32	4	tangle	6	10	0.6	4	2	1	0	0	0
oewn-01706373-v	verse	10	8	17	2	verse	2	10	0.2	0	2	0	0	0	0
oewn-00995937-v	encode	8	8	19	4	cipher	0	8	0.0	0	0	0	0	0	0
oewn-01316583-v	excavate	8	8	25	5	turn up	0	8	0.0	0	0	0	0	0	0
oewn-00086072-v	inject	7	8	149	2	shoot	0	7	0.0	0	0	0	0	0	0
oewn-00704539-v	predetermine	7	8	9	3	predestinate	3	7	0.43	3	0	0	0	0	0
oewn-00990060-v	represent	7	8	68	4	represent	2	7	0.29	2	0	0	0	0	0
oewn-01752992-v	print	7	8	34	2	print	0	7	0.0	0	0	0	0	0	0
oewn-01838427-v	stand still	7	8	36	4	freeze	4	7	0.57	0	4	0	0	0	0
oewn-00251950-v	evolve	6	8	39	3	derive	0	6	0.0	0	0	0	0	0	0
oewn-00270026-v	immobilize	6	8	19	4	stun	4	6	0.67	0	4	0	0	0	0
oewn-00977934-v	advertise	6	8	15	2	advertise	1	6	0.17	0	1	0	0	0	0
oewn-02264636-v	dicker	6	8	14	3	bargain	0	6	0.0	0	0	0	0	0	0
oewn-02522868-v	misbehave	6	8	16	4	misconduct	6	6	1.0	1	5	1	0	0	0
oewn-00304246-v	widen	5	8	23	4	flare	0	5	0.0	0	0	0	0	0	0
oewn-00381095-v	permute	5	8	83	3	represent	0	5	0.0	0	0	0	0	0	0
oewn-01559354-v	cleave	5	8	34	4	split	0	5	0.0	0	0	0	0	0	0
oewn-01598751-v	weld	5	8	16	1	weld	0	5	0.0	0	0	0	0	0	0
oewn-01693274-v	delineate	5	8	19	3	outline	0	5	0.0	0	0	0	0	0	0
oewn-02328282-v	stock	5	8	49	2	stock	1	5	0.2	0	1	0	0	0	0
oewn-02674312-v	violate	5	8	446	2	break	3	5	0.6	0	3	0	0	0	0
oewn-00088465-v	infect	4	8	21	3	taint	0	4	0.0	0	0	0	0	0	0
oewn-00210685-v	spoil	4	8	42	4	spoil	2	4	0.5	0	2	0	0	0	0
oewn-00256275-v	soften	4	8	47	2	soften	1	4	0.25	0	1	0	0	0	0
oewn-00257003-v	balloon	4	8	30	3	billow	3	4	0.75	3	0	0	0	0	0
oewn-00274762-v	corrode	4	8	37	3	fret	2	4	0.5	0	2	0	0	0	0
oewn-01232914-v	stab	4	8	36	4	prick	0	4	0.0	0	0	0	0	0	0
oewn-01243078-v	graze	4	8	42	4	shave	0	4	0.0	0	0	0	0	0	0
oewn-01260655-v	chop	4	8	30	3	chop	0	4	0.0	0	0	0	0	0	0
oewn-01566505-v	partition	4	8	65	2	pound	0	4	0.0	0	0	0	0	0	0
oewn-01884666-v	beat	4	8	155	2	beat	0	4	0.0	0	0	0	0	0	0
oewn-02219783-v	withhold	4	8	25	3	dock	0	4	0.0	0	0	0	0	0	0
oewn-02480203-v	covenant	4	8	39	2	confirm	0	4	0.0	0	0	0	0	0	0
oewn-02616880-v	turn out	4	8	77	4	come out	0	4	0.0	0	0	0	0	0	0
oewn-02619895-v	cut	4	8	234	2	cut	0	4	0.0	0	0	0	0	0	0
oewn-02673287-v	conflict	4	8	21	3	conflict	0	4	0.0	0	0	0	0	0	0
oewn-01376685-v	spatter	11	7	28	7	splash	4	11	0.36	0	4	0	0	0	0
oewn-02017423-v	displace	11	7	37	8	transfer	0	11	0.0	0	0	0	0	0	0
oewn-00376777-v	dissolve	10	7	37	3	melt	0	10	0.0	0	0	0	0	0	0
oewn-00607730-v	drill	8	7	13	4	drill	0	8	0.0	0	0	0	0	0	0
oewn-01943033-v	sled	8	7	29	2	bob	0	8	0.0	0	0	0	0	0	0
oewn-02469127-v	fiddle	8	7	20	5	slack	2	8	0.25	0	2	0	0	0	0
oewn-02689663-v	discontinue	8	7	23	4	expire	0	8	0.0	0	0	0	0	0	0
oewn-00673109-v	misjudge	7	7	7	3	overrate	1	7	0.14	0	1	0	0	0	0
oewn-01374421-v	kick	7	7	46	1	kick	0	7	0.0	0	0	0	0	0	0
oewn-02723706-v	cancel	7	7	38	3	set off	0	7	0.0	0	0	0	0	0	0
oewn-01711165-v	harmonize	6	7	42	3	realise	0	6	0.0	0	0	0	0	0	0
oewn-02538948-v	check	6	7	81	3	check	2	6	0.33	2	0	0	0	0	0
oewn-00892737-v	cover	5	7	136	2	cover	3	5	0.6	0	3	0	0	0	0
oewn-00928673-v	prophesy	5	7	19	3	enlighten	2	5	0.4	2	0	0	0	0	0
oewn-01203572-v	trip	5	7	40	3	trip	4	5	0.8	4	0	0	0	0	0
oewn-01536230-v	houseclean	5	7	71	1	clean	0	5	0.0	0	0	0	0	0	0
oewn-02312527-v	tax	5	7	19	2	tax	1	5	0.2	0	1	0	0	0	0
oewn-02357015-v	liquidate	5	7	136	2	lift	0	5	0.0	0	0	0	0	0	0
oewn-00230459-v	enhance	4	7	13	3	enhance	1	4	0.25	1	0	0	0	0	0
oewn-00252501-v	derive	4	7	34	1	derive	0	4	0.0	0	0	0	0	0	0
oewn-00660783-v	reorder	4	7	29	2	reverse	0	4	0.0	0	0	0	0	0	0
oewn-00838967-v	pose	4	7	33	4	pose	3	4	0.75	0	3	0	0	0	0
oewn-00854877-v	debunk	4	7	57	2	expose	2	4	0.5	2	0	0	0	0	0
oewn-01271572-v	varnish	4	7	36	2	seal	0	4	0.0	0	0	0	0	0	0
oewn-01358741-v	disconnect	4	7	19	2	detach	0	4	0.0	0	0	0	0	0	0
oewn-01475437-v	scramble	4	7	50	3	tumble	0	4	0.0	0	0	0	0	0	0
oewn-02282906-v	plagiarize	4	7	135	2	lift	4	4	1.0	0	4	0	0	1	0
oewn-02591135-v	agitate	4	7	43	2	agitate	1	4	0.25	0	1	0	0	0	0
oewn-02680690-v	imitate	4	7	19	4	imitate	2	4	0.5	1	1	1	0	0	0
oewn-02703792-v	characterize	4	7	24	3	define	1	4	0.25	1	0	0	0	0	0
oewn-01538034-v	wash	17	6	59	4	wash	1	17	0.06	1	0	0	0	0	0
oewn-01471205-v	eject	13	6	40	5	exclude	1	13	0.08	0	1	0	0	0	0
oewn-00326129-v	fry	9	6	15	2	fry	0	9	0.0	0	0	0	0	0	0
oewn-02406951-v	oust	9	6	14	5	depose	0	9	0.0	0	0	0	0	0	0
oewn-00245511-v	digest	8	6	31	4	concentrate	0	8	0.0	0	0	0	0	0	0
oewn-00645135-v	analyze	8	6	23	4	break down	0	8	0.0	0	0	0	0	0	0
oewn-00997883-v	rewrite	8	6	17	4	decipher	0	8	0.0	0	0	0	0	0	0
oewn-01463957-v	compound	8	6	34	3	combine	0	8	0.0	0	0	0	0	0	0
oewn-01551500-v	erase	8	6	16	5	efface	0	8	0.0	0	0	0	0	0	0
oewn-00218382-v	moisten	7	6	55	3	wash	0	7	0.0	0	0	0	0	0	0
oewn-00535917-v	redden	7	6	18	1	redden	0	7	0.0	0	0	0	0	0	0
oewn-01395993-v	wipe up	6	6	14	3	mop	0	6	0.0	0	0	0	0	0	0
oewn-00091720-v	disable	5	6	12	3	invalid	5	5	1.0	0	5	0	0	0	0
oewn-00549346-v	erupt	5	6	59	2	come out	0	5	0.0	0	0	0	0	0	0
oewn-00603650-v	absorb	5	6	56	4	absorb	5	5	1.0	5	0	0	0	0	0
oewn-00606481-v	indoctrinate	5	6	30	2	inspire	1	5	0.2	0	1	0	0	0	0
oewn-00989377-v	represent	5	6	64	2	represent	1	5	0.2	1	0	0	0	0	0
oewn-01538956-v	rinse	5	6	37	4	flush	0	5	0.0	0	0	0	0	0	0
oewn-01542421-v	absorb	5	6	38	4	absorb	0	5	0.0	0	0	0	0	0	0
oewn-01677367-v	loop	5	6	51	4	hook	0	5	0.0	0	0	0	0	0	0
oewn-02254549-v	compensate	5	6	16	2	recompense	0	5	0.0	0	0	0	0	0	0
oewn-00098938-v	heal	4	6	17	1	heal	2	4	0.5	1	1	1	0	0	0
oewn-00299025-v	gear	4	6	51	3	pitch	2	4	0.5	2	0	0	0	0	0
oewn-00333645-v	partition	4	6	11	2	zone	0	4	0.0	0	0	0	0	0	0
oewn-00391513-v	stifle	4	6	47	4	choke	0	4	0.0	0	0	0	0	0	0
oewn-00393290-v	sharpen	4	6	35	3	heighten	0	4	0.0	0	0	0	0	0	0
oewn-00455823-v	flush	4	6	31	2	flush	0	4	0.0	0	0	0	0	0	0
oewn-01164263-v	work through	4	6	18	2	go through	0	4	0.0	0	0	0	0	0	0
oewn-01217161-v	bring out	4	6	40	2	get out	0	4	0.0	0	0	0	0	0	0
oewn-01387824-v	aggregate	4	6	30	2	combine	0	4	0.0	0	0	0	0	0	0
oewn-01869369-v	bob	4	6	29	2	bob	0	4	0.0	0	0	0	0	0	0
oewn-01871802-v	roll over	4	6	38	3	tumble	0	4	0.0	0	0	0	0	0	0
oewn-01955135-v	freight	4	6	12	2	freight	0	4	0.0	0	0	0	0	0	0
oewn-02267085-v	award	4	6	35	2	grant	0	4	0.0	0	0	0	0	0	0
oewn-01436911-v	take away	10	5	19	3	take away	0	10	0.0	0	0	0	0	0	0
oewn-01466149-v	disentangle	9	5	32	4	tease	0	9	0.0	0	0	0	0	0	0
oewn-00060604-v	emasculate	8	5	219	1	cut	0	8	0.0	0	0	0	0	0	0
oewn-00317569-v	shorten	8	5	23	6	shorten	3	8	0.38	3	0	0	0	0	0
oewn-01060096-v	crunch	7	5	16	4	crunch	0	7	0.0	0	0	0	0	0	0
oewn-00307505-v	explode	6	5	35	3	set off	0	6	0.0	0	0	0	0	0	0
oewn-00708804-v	conspire	6	5	13	2	conjure	0	6	0.0	0	0	0	0	0	0
oewn-01460583-v	percolate	6	5	13	4	sink in	0	6	0.0	0	0	0	0	0	0
oewn-01599566-v	comb	6	5	15	1	comb	3	6	0.5	3	0	0	0	0	0
oewn-02421408-v	collaborate	6	5	12	2	go along	3	6	0.5	0	3	0	0	0	0
oewn-02514936-v	restrict	6	5	29	3	control	0	6	0.0	0	0	0	0	0	0
oewn-00050171-v	take off	5	5	17	3	take off	2	5	0.4	1	1	1	0	0	0
oewn-00211164-v	mold	5	5	20	3	mould	2	5	0.4	0	2	0	0	0	0
oewn-00265272-v	inflate	5	5	28	4	expand	0	5	0.0	0	0	0	0	0	0
oewn-01053236-v	declaim	5	5	19	3	recite	2	5	0.4	2	0	0	0	0	0
oewn-01526611-v	unwind	5	5	24	3	straighten	0	5	0.0	0	0	0	0	0	0
oewn-02057114-v	pass through	5	5	15	4	pass through	0	5	0.0	0	0	0	0	0	0
oewn-02407551-v	overthrow	5	5	11	2	overthrow	0	5	0.0	0	0	0	0	0	0
oewn-00208136-v	degrade	4	5	12	2	degrade	0	4	0.0	0	0	0	0	0	0
oewn-00240207-v	oxidise	4	5	16	1	rust	0	4	0.0	0	0	0	0	0	0
oewn-00275523-v	erode	4	5	68	2	wash	0	4	0.0	0	0	0	0	0	0
oewn-00291064-v	escalate	4	5	17	3	intensify	0	4	0.0	0	0	0	0	0	0
oewn-00556524-v	shift	4	5	48	3	shift	0	4	0.0	0	0	0	0	0	0
oewn-00910930-v	patronize	4	5	18	4	condescend	0	4	0.0	0	0	0	0	0	0
oewn-01144038-v	angle	4	5	26	1	angle	0	4	0.0	0	0	0	0	0	0
oewn-01175702-v	nosh	4	5	14	3	graze	0	4	0.0	0	0	0	0	0	0
oewn-01553002-v	dissect	4	5	8	2	dissect	0	4	0.0	0	0	0	0	0	0
oewn-01598181-v	solder	4	5	5	1	solder	0	4	0.0	0	0	0	0	0	0
oewn-01609126-v	fortify	4	5	15	4	fortify	0	4	0.0	0	0	0	0	0	0
oewn-01634293-v	extort	4	5	18	3	pry	2	4	0.5	0	2	0	0	0	0
oewn-01838672-v	freeze	4	5	31	3	freeze	0	4	0.0	0	0	0	0	0	0
oewn-02445635-v	take hold	4	5	6	2	take charge	0	4	0.0	0	0	0	0	0	0
oewn-02509014-v	extradite	4	5	62	1	deliver	0	4	0.0	0	0	0	0	0	0
oewn-02593176-v	dictate	4	5	14	1	dictate	0	4	0.0	0	0	0	0	0	0
oewn-00476114-v	purify	8	4	20	5	refine	0	8	0.0	0	0	0	0	0	0
oewn-02502711-v	liberate	8	4	7	3	liberate	2	8	0.25	2	0	0	0	0	0
oewn-00025647-v	relax	7	4	22	3	relax	7	7	1.0	0	7	0	0	0	0
oewn-00669342-v	disprove	7	4	12	6	explode	6	7	0.86	0	6	0	0	0	0
oewn-00694673-v	idealize	7	4	4	2	deify	0	7	0.0	0	0	0	0	0	0
oewn-00385291-v	reform	6	4	17	5	reform	0	6	0.0	0	0	0	0	0	0
oewn-00418521-v	stiffen	6	4	12	2	petrify	0	6	0.0	0	0	0	0	0	0
oewn-00668804-v	negate	6	4	14	2	contradict	4	6	0.67	0	4	0	0	0	0
oewn-01671502-v	embroider	6	4	7	3	embroider	0	6	0.0	0	0	0	0	0	0
oewn-01908113-v	fall back	6	4	8	1	ebb	0	6	0.0	0	0	0	0	0	0
oewn-02275249-v	mooch	6	4	10	3	sponge	5	6	0.83	5	0	0	0	0	0
oewn-02575977-v	trespass	6	4	10	5	take advantage	0	6	0.0	0	0	0	0	0	0
oewn-00089076-v	disinfect	5	4	7	2	sterilise	2	5	0.4	2	0	0	0	0	0
oewn-00439450-v	decelerate	5	4	24	2	moderate	0	5	0.0	0	0	0	0	0	0
oewn-00635752-v	reconstruct	5	4	13	2	construct	3	5	0.6	3	0	0	0	0	0
oewn-00857615-v	deprecate	5	4	14	3	puncture	0	5	0.0	0	0	0	0	0	0
oewn-01035061-v	comment	5	4	11	1	comment	0	5	0.0	0	0	0	0	0	0
oewn-02220288-v	fund	5	4	38	2	absorb	0	5	0.0	0	0	0	0	0	0
oewn-00191849-v	inactivate	4	4	8	2	paralyse	2	4	0.5	0	2	0	0	0	0
oewn-00360165-v	suffocate	4	4	21	3	stifle	3	4	0.75	0	3	0	0	0	0
oewn-00394859-v	synchronize	4	4	8	1	phase	0	4	0.0	0	0	0	0	0	0
oewn-00422078-v	slacken	4	4	18	3	slacken	0	4	0.0	0	0	0	0	0	0
oewn-00542243-v	expand	4	4	38	4	expand	0	4	0.0	0	0	0	0	0	0
oewn-00676259-v	disapprove	4	4	6	2	disapprove	2	4	0.5	0	2	0	0	0	0
oewn-01025268-v	quote	4	4	11	2	quote	1	4	0.25	0	1	0	0	0	0
oewn-01229439-v	probe	4	4	10	3	probe	0	4	0.0	0	0	0	0	0	0
oewn-01300869-v	affix	4	4	6	3	affix	0	4	0.0	0	0	0	0	0	0
oewn-01705717-v	rhyme	4	4	10	2	rhyme	0	4	0.0	0	0	0	0	0	0
oewn-01751525-v	program	4	4	15	2	hack	0	4	0.0	0	0	0	0	0	0
oewn-01877523-v	push up	4	4	12	1	uplift	0	4	0.0	0	0	0	0	0	0
oewn-02081395-v	expand	4	4	25	2	expand	0	4	0.0	0	0	0	0	0	0
oewn-02400924-v	inaugurate	4	4	8	3	dedicate	0	4	0.0	0	0	0	0	0	0
oewn-02468003-v	vote	4	4	15	1	vote	0	4	0.0	0	0	0	0	0	0
oewn-02724418-v	disagree	4	4	7	2	disagree	4	4	1.0	3	1	1	0	0	0
oewn-00485823-v	get through	8	3	13	3	get through	0	8	0.0	0	0	0	0	0	0
oewn-01024429-v	generalize	8	3	15	2	infer	0	8	0.0	0	0	0	0	0	0
oewn-00250199-v	regress	7	3	8	4	recede	0	7	0.0	0	0	0	0	0	0
oewn-00327574-v	grill	7	3	6	2	broil	0	7	0.0	0	0	0	0	0	0
oewn-01573763-v	strangle	7	3	10	3	strangle	0	7	0.0	0	0	0	0	0	0
oewn-01808562-v	ingratiate	7	3	4	3	play up	6	7	0.86	6	0	0	0	0	0
oewn-00476750-v	purify	6	3	10	3	sanctify	3	6	0.5	3	0	0	0	0	0
oewn-00481900-v	systematize	6	3	7	3	digest	0	6	0.0	0	0	0	0	0	0
oewn-00503838-v	fertilize	6	3	30	2	feed	0	6	0.0	0	0	0	0	0	0
oewn-01331195-v	append	6	3	8	5	tack	0	6	0.0	0	0	0	0	0	0
oewn-02023568-v	intrude on	6	3	7	2	invade	4	6	0.67	0	4	0	0	0	0
oewn-01112274-v	manoeuver	5	3	17	2	operate	0	5	0.0	0	0	0	0	0	0
oewn-01193027-v	intoxicate	5	3	13	3	soak	0	5	0.0	0	0	0	0	0	0
oewn-01392596-v	wall in	5	3	3	1	wall in	0	5	0.0	0	0	0	0	0	0
oewn-01595377-v	pluck	5	3	18	2	pluck	0	5	0.0	0	0	0	0	0	0
oewn-02549571-v	counteract	5	3	10	2	counteract	0	5	0.0	0	0	0	0	0	0
oewn-00316611-v	revalue	4	3	14	2	appreciate	0	4	0.0	0	0	0	0	0	0
oewn-00378022-v	burn down	4	3	23	2	go up	3	4	0.75	0	3	0	0	0	0
oewn-00403738-v	snarl	4	3	12	1	snarl	0	4	0.0	0	0	0	0	0	0
oewn-00508745-v	fossilize	4	3	8	1	petrify	0	4	0.0	0	0	0	0	0	0
oewn-00642914-v	subtract	4	3	17	3	take off	0	4	0.0	0	0	0	0	0	0
oewn-00673936-v	overestimate	4	3	3	1	overrate	0	4	0.0	0	0	0	0	0	0
oewn-00695167-v	deify	4	3	3	1	deify	0	4	0.0	0	0	0	0	0	0
oewn-01254989-v	smear	4	3	12	2	smear	2	4	0.5	0	2	0	0	0	0
oewn-01278080-v	loosen	4	3	19	3	ruffle	0	4	0.0	0	0	0	0	0	0
oewn-01887337-v	shift	4	3	31	3	shift	0	4	0.0	0	0	0	0	0	0
oewn-01946577-v	plane	4	3	13	2	plane	0	4	0.0	0	0	0	0	0	0
oewn-02069013-v	deviate	4	3	10	3	perturb	0	4	0.0	0	0	0	0	0	0
oewn-02180402-v	resonate	4	3	14	2	vibrate	0	4	0.0	0	0	0	0	0	0
oewn-02343382-v	fuel	4	3	10	2	fuel	0	4	0.0	0	0	0	0	0	0
oewn-01433266-v	masturbate	8	2	6	1	scarf	6	8	0.75	6	0	0	0	0	0
oewn-00469704-v	reorient	6	2	11	1	adjust	0	6	0.0	0	0	0	0	0	0
oewn-00733774-v	concenter	6	2	4	2	focus	0	6	0.0	0	0	0	0	0	0
oewn-00927844-v	explicate	6	2	21	2	develop	0	6	0.0	0	0	0	0	0	0
oewn-01287064-v	untie	6	2	4	2	untie	0	6	0.0	0	0	0	0	0	0
oewn-01827478-v	estrange	6	2	4	3	alienate	4	6	0.67	4	0	0	0	0	0
oewn-02264354-v	haggle	6	2	4	3	beat down	0	6	0.0	0	0	0	0	0	0
oewn-00017524-v	bed down	5	2	26	1	crash	0	5	0.0	0	0	0	0	0	0
oewn-00315073-v	focus	5	2	16	2	sharpen	0	5	0.0	0	0	0	0	0	0
oewn-01331387-v	append	5	2	7	4	affix	0	5	0.0	0	0	0	0	0	0
oewn-01740180-v	photocopy	5	2	16	1	run off	0	5	0.0	0	0	0	0	0	0
oewn-01860612-v	migrate	5	2	2	2	migrate	0	5	0.0	0	0	0	0	0	0
oewn-00363458-v	cut short	4	2	6	3	cut short	0	4	0.0	0	0	0	0	0	0
oewn-00367511-v	evaporate	4	2	9	2	transpire	0	4	0.0	0	0	0	0	0	0
oewn-00738221-v	analyze	4	2	6	2	analyse	0	4	0.0	0	0	0	0	0	0
oewn-00796643-v	schedule	4	2	3	1	programme	0	4	0.0	0	0	0	0	0	0
oewn-00851619-v	spoof	4	2	3	3	burlesque	0	4	0.0	0	0	0	0	0	0
oewn-01346975-v	unfasten	4	2	6	3	unbend	0	4	0.0	0	0	0	0	0	0
oewn-01422383-v	roil	4	2	7	2	puddle	0	4	0.0	0	0	0	0	0	0
oewn-01715824-v	film	4	2	4	1	film	0	4	0.0	0	0	0	0	0	0
oewn-01753598-v	engrave	4	2	8	1	engrave	0	4	0.0	0	0	0	0	0	0
oewn-02255873-v	insure	4	2	7	1	insure	0	4	0.0	0	0	0	0	0	0
oewn-02459761-v	poll	4	2	7	1	canvass	0	4	0.0	0	0	0	0	0	0
oewn-02666520-v	coincide	4	2	5	2	overlap	1	4	0.25	1	0	0	0	0	0
oewn-00882499-v	fawn	11	1	4	1	fawn	0	11	0.0	0	0	0	0	0	0
oewn-00386056-v	convert	9	1	8	1	convert	0	9	0.0	0	0	0	0	0	0
oewn-00114645-v	convert	8	1	9	2	convert	0	8	0.0	0	0	0	0	0	0
oewn-01256577-v	abrade	8	1	5	1	chafe	1	8	0.12	0	1	0	0	0	0
oewn-00102545-v	salivate	7	1	2	2	slobber	0	7	0.0	0	0	0	0	0	0
oewn-01256888-v	wear away	7	1	2	2	wear away	2	7	0.29	0	2	0	0	0	0
oewn-01622744-v	remake	7	1	1	1	remake	0	7	0.0	0	0	0	0	0	0
oewn-00384213-v	translate	6	1	9	2	transform	0	6	0.0	0	0	0	0	0	0
oewn-01378302-v	squirt	6	1	4	3	squirt	0	6	0.0	0	0	0	0	0	0
oewn-02347128-v	supplement	6	1	4	2	supplement	2	6	0.33	0	2	0	0	0	0
oewn-02386122-v	chicken out	6	1	3	2	back down	0	6	0.0	0	0	0	0	0	0
oewn-02610484-v	coexist	6	1	2	1	coincide	0	6	0.0	0	0	0	0	0	0
oewn-01569697-v	uproot	5	1	2	2	root out	0	5	0.0	0	0	0	0	0	0
oewn-02143239-v	develop	5	1	14	1	develop	0	5	0.0	0	0	0	0	0	0
oewn-00163249-v	refurbish	4	1	3	2	freshen up	3	4	0.75	3	0	0	0	0	0
oewn-00262962-v	overhaul	4	1	2	1	overhaul	0	4	0.0	0	0	0	0	0	0
oewn-00404874-v	depressurize	4	1	7	1	puncture	0	4	0.0	0	0	0	0	0	0
oewn-00515811-v	de-emphasize	4	1	18	1	reduce	3	4	0.75	3	0	0	0	0	0
oewn-00857194-v	review	4	1	5	1	review	0	4	0.0	0	0	0	0	0	0
oewn-01001860-v	erase	4	1	3	1	erase	0	4	0.0	0	0	0	0	0	0
oewn-01080628-v	trump	4	1	4	1	trump	0	4	0.0	0	0	0	0	0	0
oewn-01090416-v	disarm	4	1	2	1	disarm	0	4	0.0	0	0	0	0	0	0
oewn-01263249-v	hew	4	1	2	1	hew	2	4	0.5	0	2	0	0	0	0
oewn-01471892-v	superimpose	4	1	15	2	develop	0	4	0.0	0	0	0	0	0	0
oewn-01509215-v	draw in	4	1	4	2	retract	0	4	0.0	0	0	0	0	0	0
oewn-01586914-v	bevel	4	1	1	1	cone	0	4	0.0	0	0	0	0	0	0
oewn-02224722-v	sponsor	4	1	3	2	patronise	0	4	0.0	0	0	0	0	0	0
oewn-02281167-v	reclaim	4	1	4	1	reclaim	0	4	0.0	0	0	0	0	0	0
oewn-02657288-v	cohabit	4	1	1	1	live together	0	4	0.0	0	0	0	0	0	0
oewn-02487025-v	legalize	11	0	1	1	legitimate	0	11	0.0	0	0	0	0	0	0
oewn-00017275-v	fall asleep	9	0	1	1	drop off	1	9	0.11	0	1	0	0	0	0
oewn-00613596-v	commemorate	7	0	0	0		0	7	0.0	0	0	0	0	0	0
oewn-00278169-v	chronologize	6	0	0	0		0	6	0.0	0	0	0	0	0	0
oewn-00842804-v	understate	6	0	0	0		4	6	0.67	4	0	0	0	0	0
oewn-01023982-v	specify	6	0	0	0		0	6	0.0	0	0	0	0	0	0
oewn-01101280-v	militarize	6	0	0	0		0	6	0.0	0	0	0	0	0	0
oewn-01676648-v	crochet	6	0	0	0		0	6	0.0	0	0	0	0	0	0
oewn-01942285-v	ski	6	0	0	0		0	6	0.0	0	0	0	0	0	0
oewn-02187621-v	honk	6	0	1	1	blare	0	6	0.0	0	0	0	0	0	0
oewn-02297496-v	embezzle	6	0	1	1	fiddle	0	6	0.0	0	0	0	0	1	0
oewn-00406465-v	decentralize	5	0	0	0		0	5	0.0	0	0	0	0	0	0
oewn-00444625-v	crystallize	5	0	1	1	crystallize	0	5	0.0	0	0	0	0	0	0
oewn-00480863-v	automatize	5	0	0	0		0	5	0.0	0	0	0	0	0	0
oewn-00548882-v	immaterialize	5	0	0	0		0	5	0.0	0	0	0	0	0	0
oewn-00820824-v	stand pat	5	0	0	0		4	5	0.8	0	4	0	0	0	0
oewn-00866139-v	minimize	5	0	1	1	belittle	0	5	0.0	0	0	0	0	0	0
oewn-00999839-v	endorse	5	0	2	1	endorse	0	5	0.0	0	0	0	0	0	0
oewn-01010930-v	recapitulate	5	0	1	1	retrograde	0	5	0.0	0	0	0	0	0	0
oewn-01051609-v	chant	5	0	0	0		0	5	0.0	0	0	0	0	0	0
oewn-01940612-v	skate	5	0	0	0		0	5	0.0	0	0	0	0	0	0
oewn-02390514-v	divest	5	0	1	1	divest	2	5	0.4	0	2	0	0	0	0
oewn-02437970-v	reorganize	5	0	1	1	revise	0	5	0.0	0	0	0	0	0	0
oewn-00161975-v	capitalize	4	0	0	0		0	4	0.0	0	0	0	0	0	0
oewn-00216226-v	humidify	4	0	0	0		0	4	0.0	0	0	0	0	0	0
oewn-00267083-v	polymerize	4	0	0	0		0	4	0.0	0	0	0	0	0	0
oewn-00412472-v	nationalize	4	0	0	0		0	4	0.0	0	0	0	0	0	0
oewn-00412717-v	denationalize	4	0	0	0		0	4	0.0	0	0	0	0	0	0
oewn-00466966-v	align	4	0	0	0		1	4	0.25	0	1	0	0	0	0
oewn-00480529-v	mechanize	4	0	0	0		0	4	0.0	0	0	0	0	0	0
oewn-00494865-v	devalue	4	0	0	0		0	4	0.0	0	0	0	0	0	0
oewn-00684847-v	censor	4	0	0	0		0	4	0.0	0	0	0	0	0	0
oewn-00704735-v	predestine	4	0	1	1	predestine	0	4	0.0	0	0	0	0	0	0
oewn-00733144-v	capitalize	4	0	0	0		0	4	0.0	0	0	0	0	0	0
oewn-00963768-v	paraphrase	4	0	2	1	translate	0	4	0.0	0	0	0	0	0	0
oewn-00990319-v	dramatize	4	0	0	0		2	4	0.5	2	0	0	0	0	0
oewn-01034323-v	e-mail	4	0	0	0		0	4	0.0	0	0	0	0	0	0
oewn-01101801-v	demilitarize	4	0	0	0		0	4	0.0	0	0	0	0	0	0
oewn-01112658-v	outmaneuver	4	0	0	0		3	4	0.75	3	0	0	0	0	0
oewn-01719384-v	sightread	4	0	0	0		2	4	0.5	0	2	0	0	0	0
oewn-02484525-v	formalize	4	0	0	0		0	4	0.0	0	0	0	0	0	0
oewn-02629050-v	complect	4	0	1	1	interlink	0	4	0.0	0	0	0	0	0	0
