family_id	head	size	book_hits	raw_hits	book_members	peak_word	charged	labelled	charged_pct	pos_ct	neg_ct	contrast	held	done	eligible
oewn-05149427-n	good	13	836	3257	9	good	10	13	0.77	10	0	0	0	0	1
oewn-07332364-n	failure	19	722	1504	9	miss	14	19	0.74	4	10	1	0	0	1
oewn-07495208-n	emotion	23	706	2116	17	love	21	23	0.91	15	6	1	0	0	1
oewn-04854001-n	morality	10	505	1912	7	good	7	10	0.7	7	0	0	0	0	1
oewn-05151326-n	bad	10	471	548	5	bad	7	10	0.7	2	5	1	0	0	1
oewn-07539144-n	anxiety	27	344	1311	16	fear	20	27	0.74	0	20	0	0	0	1
oewn-05621958-n	sagacity	19	335	1538	12	eye	19	19	1.0	15	4	1	0	0	1
oewn-04630969-n	disposition	44	323	1576	21	heart	33	44	0.75	16	17	1	0	0	1
oewn-07560035-n	affection	14	323	1271	7	heart	12	14	0.86	12	0	0	0	0	1
oewn-04716529-n	difficulty	67	291	1297	40	trouble	51	67	0.76	0	51	0	0	0	1
oewn-14516729-n	poverty	16	269	992	6	want	13	16	0.81	0	13	0	0	0	1
oewn-04917312-n	manner	20	246	768	13	manner	15	20	0.75	15	0	0	0	0	1
oewn-07547828-n	sadness	24	220	488	15	misery	23	24	0.96	0	23	0	0	0	1
oewn-14346126-n	pain	62	211	689	24	pain	53	62	0.85	1	52	1	0	0	1
oewn-07541996-n	happiness	12	210	347	8	happiness	9	12	0.75	6	3	1	0	0	1
oewn-04910990-n	composure	15	198	476	11	quiet	15	15	1.0	10	5	1	0	0	1
oewn-05683749-n	awareness	8	187	742	3	feel	6	8	0.75	6	0	0	0	0	1
oewn-04639514-n	liveliness	28	165	1453	15	life	25	28	0.89	25	0	0	0	0	1
oewn-04859319-n	evil	25	161	396	13	evil	20	25	0.8	6	14	1	0	0	1
oewn-05837804-n	negative stimulus	16	161	524	12	pain	13	16	0.81	4	9	1	0	0	1
oewn-05729127-n	somesthesia	14	155	762	7	feeling	12	14	0.86	0	12	0	0	0	1
oewn-07536913-n	apprehension	15	154	279	11	dread	11	15	0.73	0	11	0	0	0	1
oewn-07512613-n	liking	18	148	506	15	fancy	14	18	0.78	13	1	1	0	0	1
oewn-05693168-n	perplexity	10	148	340	8	secret	7	10	0.7	4	3	1	0	0	1
oewn-07319470-n	misfortune	15	146	374	14	pity	15	15	1.0	0	15	0	0	0	1
oewn-00855465-n	foreplay	13	144	508	5	feel	13	13	1.0	4	9	1	0	0	1
oewn-05145473-n	worth	9	142	431	7	worth	8	9	0.89	6	2	1	0	0	1
oewn-07509503-n	pain	10	139	580	8	pain	10	10	1.0	0	10	0	0	0	1
oewn-07551058-n	sorrow	10	128	192	8	sorrow	10	10	1.0	0	10	0	0	0	1
oewn-00062418-n	consummation	10	127	495	6	coming	7	10	0.7	7	0	0	0	0	1
oewn-14000813-n	disturbance	24	124	297	13	storm	18	24	0.75	0	18	0	0	0	1
oewn-04639057-n	animation	10	124	1312	4	life	10	10	1.0	10	0	0	0	0	1
oewn-14479586-n	nakedness	9	117	120	4	altogether	7	9	0.78	1	6	1	0	0	1
oewn-07561835-n	hate	24	113	124	13	hate	17	24	0.71	1	16	1	0	0	1
oewn-07568767-n	sympathy	13	112	341	7	pity	10	13	0.77	2	8	1	0	0	1
oewn-07518499-n	disgust	12	111	220	12	horror	10	12	0.83	0	10	0	0	0	1
oewn-05929717-n	kernel	22	110	928	11	heart	18	22	0.82	18	0	0	0	0	1
oewn-13962386-n	wild	8	110	219	2	wild	8	8	1.0	0	8	0	0	0	1
oewn-07511603-n	distress	10	106	404	7	suffering	10	10	1.0	0	10	0	0	0	1
oewn-07503095-n	sexual desire	26	104	608	4	love	21	26	0.81	21	0	0	0	0	1
oewn-06724794-n	rebuke	30	102	215	18	speech	21	30	0.7	5	16	1	0	0	1
oewn-07531593-n	anger	21	101	283	12	rage	16	21	0.76	3	13	1	0	0	1
oewn-05840588-n	concern	11	99	648	9	business	10	11	0.91	5	5	1	0	0	1
oewn-05175788-n	importance	14	92	471	8	account	13	14	0.93	13	0	0	0	0	1
oewn-10773214-n	villain	17	89	326	10	dog	15	17	0.88	0	15	0	0	0	1
oewn-04691171-n	beauty	21	88	226	7	beauty	19	21	0.9	19	0	0	0	0	1
oewn-07516784-n	dislike	19	86	153	15	dislike	14	19	0.74	0	14	0	0	0	1
oewn-04819517-n	elegance	31	82	296	19	style	31	31	1.0	31	0	0	0	0	1
oewn-04833466-n	righteousness	14	77	259	8	honour	12	14	0.86	12	0	0	0	0	1
oewn-05622440-n	common sense	9	75	248	6	sense	9	9	1.0	9	0	0	0	0	1
oewn-05838383-n	annoyance	12	70	247	9	pain	11	12	0.92	0	11	0	0	0	1
oewn-04847242-n	kindness	8	69	242	6	kindness	6	8	0.75	6	0	0	0	0	1
oewn-07565835-n	malevolence	10	68	134	5	spite	8	10	0.8	0	8	0	0	0	1
oewn-04849544-n	malevolence	13	67	140	5	spite	13	13	1.0	0	13	0	0	0	1
oewn-07549818-n	sorrow	10	66	165	4	sorrow	10	10	1.0	1	9	1	0	0	1
oewn-05161764-n	asset	13	65	286	5	strength	12	13	0.92	12	0	0	0	0	1
oewn-06769768-n	fib	10	65	257	4	story	10	10	1.0	5	5	1	0	0	1
oewn-07546643-n	satisfaction	11	62	231	8	pride	10	11	0.91	2	8	1	0	0	1
oewn-07027434-n	effusion	9	62	274	6	cry	7	9	0.78	6	1	1	0	0	1
oewn-14470991-n	wellbeing	9	62	124	3	health	9	9	1.0	9	0	0	0	0	1
oewn-00759083-n	mortal sin	23	61	214	10	pride	17	23	0.74	6	11	1	0	0	1
oewn-07530799-n	tranquillity	13	61	199	9	peace	11	13	0.85	0	11	0	0	0	1
oewn-13975202-n	subordinateness	8	61	122	2	servant	6	8	0.75	2	4	1	0	0	1
oewn-14073193-n	good health	17	60	332	11	condition	16	17	0.94	16	0	0	0	0	1
oewn-14498989-n	misfortune	12	60	156	8	misfortune	12	12	1.0	1	11	1	0	0	1
oewn-07564444-n	resentment	13	59	126	7	score	13	13	1.0	5	8	1	0	0	1
oewn-07551462-n	compunction	10	58	78	7	guilt	10	10	1.0	0	10	0	0	0	1
oewn-06796860-n	problem	18	57	538	7	case	13	18	0.72	5	8	1	0	0	1
oewn-05776803-n	dream	10	51	210	5	dream	10	10	1.0	3	7	1	0	0	1
oewn-05169087-n	disadvantage	18	50	164	10	loss	16	18	0.89	2	14	1	0	0	1
oewn-07533500-n	annoyance	12	49	158	9	temper	12	12	1.0	0	12	0	0	0	1
oewn-07548485-n	melancholy	9	49	140	3	gloom	7	9	0.78	1	6	1	0	0	1
oewn-04647533-n	good nature	9	48	128	6	grace	9	9	1.0	7	2	1	0	0	1
oewn-04842955-n	drive	12	47	304	6	action	11	12	0.92	11	0	0	0	0	1
oewn-14497636-n	prosperity	10	47	239	5	strength	9	10	0.9	9	0	0	0	0	1
oewn-07195447-n	disagreement	14	46	172	8	difference	12	14	0.86	0	12	0	0	0	1
oewn-00037483-n	feat	9	44	159	6	effort	8	9	0.89	7	1	1	0	0	1
oewn-07533371-n	bad temper	10	43	278	3	scene	8	10	0.8	0	8	0	0	0	1
oewn-14565454-n	hazard	8	41	122	4	peril	7	8	0.88	1	6	1	0	0	1
oewn-00737234-n	misbehavior	27	40	124	14	liberty	22	27	0.81	3	19	1	0	0	1
oewn-07569189-n	compassion	8	40	113	3	compassion	6	8	0.75	2	4	1	0	0	1
oewn-07319852-n	affliction	13	39	207	10	trial	13	13	1.0	0	13	0	0	0	1
oewn-04638046-n	cheerfulness	8	39	88	3	cheer	8	8	1.0	4	4	1	0	0	1
oewn-10427055-n	patriot	8	39	39	2	patriot	6	8	0.75	6	0	0	0	0	1
oewn-07544633-n	gaiety	12	38	40	6	gaiety	10	12	0.83	10	0	0	0	0	1
oewn-10344517-n	model	12	38	99	5	saint	9	12	0.75	9	0	0	0	0	1
oewn-05630964-n	capability	9	38	162	5	reach	9	9	1.0	9	0	0	0	0	1
oewn-05948354-n	illusion	10	37	204	6	shadow	8	10	0.8	0	8	0	0	0	1
oewn-10344909-n	ideal	12	36	82	4	saint	12	12	1.0	12	0	0	0	0	1
oewn-15320288-n	flower	9	36	133	6	flower	8	9	0.89	8	0	0	0	0	1
oewn-04648804-n	ill nature	23	35	124	8	temper	22	23	0.96	2	20	1	0	0	1
oewn-00737673-n	mischief	16	35	91	7	hell	12	16	0.75	0	12	0	0	0	1
oewn-13971621-n	high status	17	33	211	9	note	12	17	0.71	9	3	1	0	0	1
oewn-14432893-n	fix	9	32	164	6	hole	9	9	1.0	0	9	0	0	0	1
oewn-14470118-n	discomfort	10	29	97	6	uneasiness	9	10	0.9	0	9	0	0	0	1
oewn-04652956-n	unwillingness	8	29	64	7	hesitation	7	8	0.88	0	7	0	0	0	1
oewn-04869236-n	self-control	9	28	85	5	possession	8	9	0.89	8	0	0	0	0	1
oewn-04921469-n	discourtesy	20	26	75	13	contempt	16	20	0.8	15	1	1	0	0	1
oewn-06728162-n	abuse	13	26	210	5	cut	13	13	1.0	2	11	1	0	0	1
oewn-05648278-n	skillfulness	18	25	131	8	command	13	18	0.72	13	0	0	0	0	1
oewn-07530207-n	calmness	10	25	63	6	tranquillity	10	10	1.0	3	7	1	0	0	1
oewn-04793136-n	naturalness	13	23	109	5	ease	11	13	0.85	5	6	1	0	0	1
oewn-00855630-n	caressing	10	23	23	4	kissing	9	10	0.9	0	9	0	0	0	1
oewn-00428583-n	antic	8	23	95	6	joke	6	8	0.75	6	0	0	0	0	1
oewn-00431990-n	jest	8	23	65	3	joke	6	8	0.75	6	0	0	0	0	1
oewn-07498762-n	apathy	11	21	71	7	indifference	11	11	1.0	3	8	1	0	0	1
oewn-04649615-n	temper	8	21	85	2	temper	8	8	1.0	0	8	0	0	0	1
oewn-04759785-n	disparity	10	20	103	4	spread	8	10	0.8	4	4	1	0	0	1
oewn-04777450-n	irregularity	16	19	93	6	noise	13	16	0.81	0	13	0	0	0	1
oewn-04878569-n	honesty	16	19	33	7	candour	14	16	0.88	13	1	1	0	0	1
oewn-04701789-n	smudge	13	18	126	5	spot	12	13	0.92	3	9	1	0	0	1
oewn-00420921-n	maltreatment	9	18	33	5	cruelty	8	9	0.89	1	7	1	0	0	1
oewn-07552873-n	depression	11	17	38	6	depression	9	11	0.82	0	9	0	0	0	1
oewn-04676604-n	responsibility	10	17	95	3	fault	7	10	0.7	6	1	1	0	0	1
oewn-04866016-n	boldness	13	16	30	4	daring	11	13	0.85	9	2	1	0	0	1
oewn-05166608-n	forte	10	16	138	3	strength	8	10	0.8	8	0	0	0	0	1
oewn-10203700-n	hood	9	15	48	3	hood	8	9	0.89	0	8	0	0	0	1
oewn-04648284-n	agreeableness	8	15	31	4	deference	8	8	1.0	3	5	1	0	0	1
oewn-07545866-n	cheerfulness	8	15	32	2	cheerfulness	6	8	0.75	2	4	1	0	0	1
oewn-04914446-n	intractability	20	14	36	6	defiance	14	20	0.7	6	8	1	0	0	1
oewn-14571235-n	infirmity	12	13	20	5	wasting	11	12	0.92	9	2	1	0	0	1
oewn-14107272-n	mental disorder	25	12	32	3	delirium	21	25	0.84	1	20	1	0	0	1
oewn-10764201-n	vagrant	10	12	29	4	tramp	8	10	0.8	0	8	0	0	0	1
oewn-00224850-n	slaughter	9	12	18	5	massacre	9	9	1.0	0	9	0	0	0	1
oewn-04838958-n	generosity	9	12	25	4	generosity	7	9	0.78	5	2	1	0	0	1
oewn-05841069-n	burden	9	12	56	7	burden	8	9	0.89	0	8	0	0	0	1
oewn-10292761-n	failure	11	11	33	5	failure	10	11	0.91	0	10	0	0	0	1
oewn-04717403-n	asperity	10	11	29	5	hardship	9	10	0.9	0	9	0	0	0	1
oewn-04923043-n	crust	10	11	34	6	impertinence	7	10	0.7	7	0	0	0	0	1
oewn-04728334-n	unsuitability	8	11	32	4	inconvenience	7	8	0.88	3	4	1	0	0	1
oewn-05994884-n	eruditeness	8	11	21	2	learning	7	8	0.88	7	0	0	0	0	1
oewn-14073625-n	energy	8	11	59	3	energy	8	8	1.0	8	0	0	0	0	1
oewn-14089685-n	collapse	8	11	89	3	shock	8	8	1.0	1	7	1	0	0	1
oewn-07567553-n	ill humor	11	10	12	7	petulance	11	11	1.0	0	11	0	0	0	1
oewn-04672321-n	carelessness	8	10	36	3	neglect	8	8	1.0	2	6	1	0	0	1
oewn-14570961-n	unfitness	12	9	23	6	softness	12	12	1.0	6	6	1	0	0	1
oewn-14315592-n	fracture	17	8	119	2	break	12	17	0.71	0	12	0	0	0	1
oewn-00748969-n	intemperance	11	8	21	7	fling	10	11	0.91	10	0	0	0	0	1
oewn-04673170-n	negligence	10	8	30	3	neglect	10	10	1.0	0	10	0	0	0	1
oewn-04697545-n	ugliness	10	8	11	3	ugliness	10	10	1.0	3	7	1	0	0	1
oewn-04704615-n	plainness	10	8	40	3	restraint	10	10	1.0	4	6	1	0	0	1
oewn-00510857-n	merrymaking	9	8	8	3	revelry	7	9	0.78	0	7	0	0	0	1
oewn-04886535-n	disloyalty	8	8	17	3	treachery	7	8	0.88	7	0	0	0	0	1
oewn-04901747-n	improvidence	8	8	37	3	waste	6	8	0.75	3	3	1	0	0	1
oewn-05153138-n	expensiveness	8	8	17	2	luxury	8	8	1.0	4	4	1	0	0	1
oewn-04642461-n	activeness	12	7	43	2	activity	10	12	0.83	10	0	0	0	0	1
oewn-05652767-n	inability	12	7	34	3	block	9	12	0.75	2	7	1	0	0	1
oewn-14153648-n	epidemic disease	12	7	32	6	plague	11	12	0.92	7	4	1	0	0	1
oewn-04654835-n	graveness	8	7	22	2	gravity	8	8	1.0	6	2	1	0	0	1
oewn-04915573-n	unruliness	8	7	17	4	wildness	7	8	0.88	0	7	0	0	0	1
oewn-04875361-n	hypocrisy	9	6	7	2	unctuousness	8	9	0.89	8	0	0	0	0	1
oewn-04794758-n	unnaturalness	8	6	14	4	pretension	8	8	1.0	3	5	1	0	0	1
oewn-14412315-n	affective disorder	13	5	19	2	depression	10	13	0.77	0	10	0	0	0	1
oewn-04646728-n	sternness	12	5	17	6	severity	10	12	0.83	0	10	0	0	0	1
oewn-05656092-n	unskillfulness	12	5	21	4	awkwardness	9	12	0.75	1	8	1	0	0	1
oewn-08377928-n	autocracy	12	5	7	4	tyranny	9	12	0.75	0	9	0	0	0	1
oewn-04908503-n	impropriety	9	5	15	3	impropriety	9	9	1.0	0	9	0	0	0	1
oewn-00860015-n	nap	8	5	11	3	nap	7	8	0.88	0	7	0	0	0	1
oewn-14359944-n	inflammation	129	4	9	3	redness	117	129	0.91	0	117	0	0	0	1
oewn-04827489-n	clarity	16	4	10	2	clearness	15	16	0.94	15	0	0	0	0	1
oewn-03311555-n	expressway	12	4	16	2	pike	9	12	0.75	9	0	0	0	0	1
oewn-04708808-n	clearness	12	4	11	3	clearness	9	12	0.75	9	0	0	0	0	1
oewn-05722841-n	malodor	10	4	4	3	stench	10	10	1.0	0	10	0	0	0	1
oewn-04740880-n	changeableness	21	3	6	3	inconstancy	16	21	0.76	12	4	1	0	0	1
oewn-05654063-n	retardation	13	3	7	2	slowness	10	13	0.77	0	10	0	0	0	1
oewn-14162173-n	plague	11	3	16	3	plague	8	11	0.73	0	8	0	0	0	1
oewn-08457622-n	dictatorship	10	3	5	3	tyranny	9	10	0.9	0	9	0	0	0	1
oewn-04656106-n	levity	8	3	4	2	levity	7	8	0.88	4	3	1	0	0	1
oewn-05120762-n	meagerness	14	2	7	3	thinness	12	14	0.86	0	12	0	0	0	1
oewn-04797677-n	unwholesomeness	13	2	4	2	morbidness	12	13	0.92	2	10	1	0	0	1
oewn-04711046-n	cloudiness	10	2	3	2	mistiness	8	10	0.8	3	5	1	0	0	1
oewn-14980800-n	sludge	10	2	3	2	slime	9	10	0.9	0	9	0	0	0	1
oewn-04677379-n	dependability	9	2	4	2	solidity	7	9	0.78	6	1	1	0	0	1
oewn-04962810-n	dullness	9	2	14	2	mat	8	9	0.89	0	8	0	0	0	1
oewn-04665233-n	unfriendliness	8	2	5	4	hostility	7	8	0.88	0	7	0	0	0	1
oewn-04806593-n	foreignness	8	2	6	2	strangeness	8	8	1.0	3	5	1	0	0	1
oewn-09983941-n	copycat	8	2	4	2	parrot	8	8	1.0	0	8	0	0	0	1
oewn-04664105-n	unsociability	9	1	4	2	closeness	9	9	1.0	8	1	1	0	0	1
oewn-06214889-n	intolerance	9	1	2	2	narrowness	8	9	0.89	3	5	1	0	0	1
oewn-06841868-n	letter	73	24713	25230	15	he	0	73	0.0	0	0	0	0	0	0
oewn-13624548-n	linear unit	79	19746	22801	30	in	0	79	0.0	0	0	0	0	0	0
oewn-06134474-n	engineering	27	18844	18845	3	IT	0	27	0.0	0	0	0	0	0	0
oewn-09786620-n	actor	584	9417	14635	187	have	64	584	0.11	33	31	1	0	0	0
oewn-06881093-n	solfa syllable	16	7873	10080	11	so	0	16	0.0	0	0	0	0	0	0
oewn-00027365-n	location	32	6892	9832	26	there	3	32	0.09	0	3	0	0	0	0
oewn-10548806-n	rich person	11	6712	6713	4	have	0	11	0.0	0	0	0	0	0	0
oewn-13763162-n	digit	82	5793	7756	32	one	0	82	0.0	0	0	0	0	0	0
oewn-15137796-n	time period	176	5180	27678	88	time	20	176	0.11	15	5	1	0	0	0
oewn-07219571-n	negative	4	4591	4597	3	no	3	4	0.75	0	3	0	0	0	0
oewn-10306910-n	man	549	4241	16104	133	man	16	549	0.03	13	3	1	0	0	0
oewn-13764713-n	one	8	4001	4072	4	one	0	8	0.0	0	0	0	0	0	0
oewn-15205381-n	point	34	3963	7679	17	then	3	34	0.09	3	0	0	0	0	0
oewn-10807146-n	woman	603	3583	7573	84	miss	40	602	0.07	24	16	1	0	0	0
oewn-05847533-n	kind	26	3504	7252	21	like	4	26	0.15	4	0	0	0	0	0
oewn-00067456-n	failure	20	3352	3493	12	out	1	20	0.05	1	0	0	0	0	0
oewn-15144478-n	present	11	3333	4269	11	now	0	11	0.0	0	0	0	0	0	0
oewn-03546271-n	hospital room	9	3271	3271	2	OR	0	9	0.0	0	0	0	0	0	0
oewn-13621647-n	area unit	38	3248	3772	9	are	0	38	0.0	0	0	0	0	0	0
oewn-14507501-n	opportunity	18	3078	6185	15	say	6	18	0.33	6	0	0	0	0	0
oewn-06710466-n	associate degree	5	3066	3076	2	AN	0	5	0.0	0	0	0	0	0	0
oewn-13779864-n	large indefinite quantity	76	2693	4304	36	much	26	76	0.34	0	26	0	0	0	0
oewn-07958392-n	people	80	2496	5336	52	poor	6	80	0.07	2	4	1	0	0	0
oewn-05812801-n	knowing	18	2400	2522	7	know	7	18	0.39	7	0	0	0	0	0
oewn-05876035-n	part	28	2364	5136	21	over	0	28	0.0	0	0	0	0	0	0
oewn-13782456-n	small indefinite quantity	79	2322	3983	45	little	8	79	0.1	0	8	0	0	0	0
oewn-08316414-n	UN agency	16	2271	2271	1	WHO	0	16	0.0	0	0	0	0	0	0
oewn-08665520-n	seat	7	2244	2388	3	see	0	7	0.0	0	0	0	0	0	0
oewn-13767560-n	large integer	102	2132	2612	70	thou	0	102	0.0	0	0	0	0	0	0
oewn-05404811-n	liquid body substance	48	2115	2429	13	come	10	48	0.21	0	10	0	0	0	0
oewn-05411679-n	semen	8	2017	2023	4	come	0	8	0.0	0	0	0	0	0	0
oewn-13598185-n	relative quantity	22	1978	1998	11	nothing	1	22	0.05	0	1	0	0	0	0
oewn-13911184-n	angular distance	12	1914	1937	4	HA	0	12	0.0	0	0	0	0	0	0
oewn-15147173-n	time	17	1827	7367	15	time	2	17	0.12	1	1	1	0	0	0
oewn-05793072-n	deliberation	4	1647	1651	3	think	3	4	0.75	3	0	0	0	0	0
oewn-00408356-n	activity	164	1621	7476	114	last	24	164	0.15	23	1	1	0	0	0
oewn-00026390-n	feeling	71	1586	6362	56	thing	48	71	0.68	15	33	1	0	0	0
oewn-15145765-n	past	16	1568	1815	9	old	0	16	0.0	0	0	0	0	0	0
oewn-12647114-n	hawthorn	18	1561	1561	2	may	0	18	0.0	0	0	0	0	0	0
oewn-00007846-n	person	105	1551	7564	46	man	16	105	0.15	4	12	1	0	0	0
oewn-09390100-n	necessity	9	1524	3347	8	must	2	9	0.22	2	0	0	0	0	0
oewn-05036872-n	strength	30	1468	1922	16	might	11	30	0.37	5	6	1	0	0	0
oewn-00004475-n	organism	83	1445	3148	30	being	15	83	0.18	2	13	1	0	0	0
oewn-00024900-n	state	125	1399	6006	62	being	26	125	0.21	12	14	1	0	0	0
oewn-09782244-n	achiever	10	1386	1566	5	great	6	10	0.6	6	0	0	0	0	0
oewn-15190004-n	day	9	1381	3136	8	day	0	9	0.0	0	0	0	0	0	0
oewn-04731092-n	quality	260	1375	4696	87	good	157	260	0.6	96	61	1	0	0	0
oewn-05991037-n	purpose	12	1375	4859	12	will	1	12	0.08	0	1	0	0	0	0
oewn-05227735-n	body part	106	1352	5830	53	can	0	106	0.0	0	0	0	0	0	0
oewn-13762308-n	nothing	17	1279	1292	7	nothing	0	17	0.0	0	0	0	0	0	0
oewn-00030657-n	act	80	1267	3314	48	going	4	80	0.05	2	2	1	0	0	0
oewn-00787849-n	attempt	42	1257	4500	35	go	7	42	0.17	2	5	1	0	0	0
oewn-03970276-n	playing card	25	1255	3290	16	two	0	25	0.0	0	0	0	0	0	0
oewn-07462241-n	party	31	1234	3718	13	do	1	31	0.03	1	0	0	0	0	0
oewn-05658174-n	faculty	20	1221	4201	14	will	3	20	0.15	3	0	0	0	0	0
oewn-04112987-n	room	146	1204	5433	51	can	2	146	0.01	0	2	0	0	0	0
oewn-06491336-n	legal document	62	1195	4129	32	will	1	62	0.02	0	1	0	0	0	0
oewn-15191509-n	evening	5	1101	1366	4	even	0	5	0.0	0	0	0	0	0	0
oewn-00567335-n	return	20	1078	1433	7	get	0	20	0.0	0	0	0	0	0	0
oewn-06715221-n	doctor's degree	13	1077	3232	1	DO	0	13	0.0	0	0	0	0	0	0
oewn-04935185-n	staleness	4	1074	2149	1	must	4	4	1.0	0	4	0	0	0	0
oewn-09645472-n	lover	44	1069	2722	24	dear	4	44	0.09	4	0	0	0	0	0
oewn-10149362-n	girl	53	1045	2166	20	miss	7	53	0.13	6	1	1	0	0	0
oewn-00569467-n	serve	6	1040	1208	5	let	1	6	0.17	0	1	0	0	0	0
oewn-09201896-n	reason	7	1006	1949	7	why	0	7	0.0	0	0	0	0	0	0
oewn-13300285-n	wage	18	1005	1005	5	found	1	18	0.06	0	1	0	0	0	0
oewn-05950141-n	belief	56	1001	3883	24	thought	15	56	0.27	7	8	1	0	0	0
oewn-00878805-n	look	23	995	2705	17	look	1	23	0.04	0	1	0	0	0	0
oewn-09647338-n	male	26	963	7590	14	man	5	26	0.19	2	3	1	0	0	0
oewn-00022119-n	artifact	67	959	6777	45	thing	5	67	0.07	3	2	1	0	0	0
oewn-00031563-n	group	57	955	5284	33	man	1	57	0.02	0	1	0	0	0	0
oewn-13977471-n	being	22	955	4522	12	being	3	22	0.14	0	3	0	0	0	0
oewn-13943868-n	condition	177	951	6034	74	way	68	177	0.38	23	45	1	0	0	0
oewn-07298313-n	happening	87	951	5869	63	thing	24	87	0.28	12	12	1	0	0	0
oewn-04537861-n	vessel	21	947	1285	8	ship	1	21	0.05	0	1	0	0	0	0
oewn-00002684-n	object	68	931	5044	48	head	12	68	0.18	10	2	1	0	0	0
oewn-15179734-n	time unit	37	921	6080	12	day	0	37	0.0	0	0	0	0	0	0
oewn-05027524-n	elasticity	15	920	1118	9	give	0	15	0.0	0	0	0	0	0	0
oewn-07218356-n	affirmative	4	917	917	3	yes	4	4	1.0	4	0	0	0	0	0
oewn-08224937-n	force	39	906	1384	11	men	0	39	0.0	0	0	0	0	0	0
oewn-07991473-n	gathering	70	894	3959	38	room	0	70	0.0	0	0	0	0	0	0
oewn-00007347-n	causal agent	31	893	2592	22	being	7	31	0.23	4	3	1	0	0	0
oewn-15271164-n	while	8	892	1125	5	while	0	8	0.0	0	0	0	0	0	0
oewn-05817200-n	content	58	890	4592	37	thought	23	58	0.4	23	0	0	0	0	0
oewn-10182584-n	head	17	858	3330	6	don	1	17	0.06	1	0	0	0	0	0
oewn-13765409-n	two	18	826	1723	11	two	2	18	0.11	2	0	0	0	0	0
oewn-05847274-n	category	8	818	2914	6	way	1	8	0.12	1	0	0	0	0	0
oewn-00038116-n	action	59	816	3927	37	thing	6	59	0.1	1	5	1	0	0	0
oewn-10660018-n	spouse	19	810	974	9	wife	4	19	0.21	4	0	0	0	0	0
oewn-02474924-n	homo	13	788	5273	10	man	0	13	0.0	0	0	0	0	0	0
oewn-03314753-n	fabric	215	784	1201	70	felt	3	215	0.01	1	2	1	0	0	0
oewn-08196123-n	poor people	4	768	770	4	poor	0	4	0.0	0	0	0	0	0	0
oewn-08514304-n	area	53	767	3984	29	eye	2	53	0.04	0	2	0	0	0	0
oewn-00878552-n	sensing	12	755	2103	10	look	2	12	0.17	2	0	0	0	0	0
oewn-06735202-n	statement	71	752	4856	46	thing	2	71	0.03	0	2	0	0	0	0
oewn-08229268-n	work force	7	749	751	3	men	0	7	0.0	0	0	0	0	0	0
oewn-13262498-n	option	12	745	1070	2	put	1	12	0.08	0	1	0	0	0	0
oewn-05842164-n	idea	38	742	3108	26	thought	4	38	0.11	2	2	1	0	0	0
oewn-08647614-n	region	50	740	4236	31	house	7	50	0.14	1	6	1	0	0	0
oewn-15253174-n	hour	43	738	2080	27	morning	0	43	0.0	0	0	0	0	0	0
oewn-08691133-n	tract	73	727	3349	31	right	3	73	0.04	0	3	0	0	0	0
oewn-03099154-n	container	83	716	4394	40	can	0	83	0.0	0	0	0	0	0	0
oewn-04201332-n	ship	40	715	860	10	ship	0	40	0.0	0	0	0	0	0	0
oewn-00004258-n	living thing	7	713	2246	4	being	0	7	0.0	0	0	0	0	0	0
oewn-04923519-n	property	88	709	4389	33	way	11	88	0.12	4	7	1	0	0	0
oewn-02065397-n	whale	8	707	1400	4	whale	0	8	0.0	0	0	0	0	0	0
oewn-04366676-n	support	57	704	4350	36	back	0	57	0.0	0	0	0	0	0	0
oewn-08403286-n	elite	16	700	888	8	few	6	16	0.38	6	0	0	0	0	0
oewn-13778265-n	containerful	103	696	3668	49	can	2	103	0.02	0	2	0	0	0	0
oewn-10266741-n	large person	10	693	1398	3	whale	0	10	0.0	0	0	0	0	0	0
oewn-02065083-n	cetacean	4	693	1383	2	whale	0	4	0.0	0	0	0	0	0	0
oewn-06611268-n	message	78	680	3030	53	body	9	78	0.12	4	5	1	0	0	0
oewn-08639173-n	position	27	680	5125	19	back	0	27	0.0	0	0	0	0	0	0
oewn-04681322-n	appearance	52	676	3689	31	look	24	52	0.46	4	20	1	0	0	0
oewn-00015568-n	animal	71	669	1560	25	young	10	71	0.14	1	9	1	0	0	0
oewn-15291722-n	end	28	665	4213	19	last	3	28	0.11	0	3	0	0	0	0
oewn-05778661-n	higher cognitive process	15	662	1708	8	thought	0	15	0.0	0	0	0	0	0	0
oewn-07123904-n	speech	27	653	1755	13	word	0	27	0.0	0	0	0	0	0	0
oewn-00280679-n	motion	55	652	2462	47	coming	0	55	0.0	0	0	0	0	0	0
oewn-05262259-n	hair	30	652	2554	14	down	1	30	0.03	1	0	0	0	0	0
oewn-03307066-n	excavation	19	651	2591	10	well	0	19	0.0	0	0	0	0	0	0
oewn-05679169-n	matter	4	651	2813	4	thing	0	4	0.0	0	0	0	0	0	0
oewn-06033377-n	mean	11	648	696	3	mean	0	11	0.0	0	0	0	0	0	0
oewn-07968050-n	collection	140	646	4818	74	hand	1	140	0.01	0	1	0	0	0	0
oewn-06713210-n	master's degree	15	646	1961	5	AM	0	15	0.0	0	0	0	0	0	0
oewn-06031110-n	average	9	638	666	3	mean	0	9	0.0	0	0	0	0	0	0
oewn-09248053-n	body of water	36	636	2037	23	sea	0	36	0.0	0	0	0	0	0	0
oewn-13772984-n	thousand	7	636	788	5	thou	0	7	0.0	0	0	0	0	0	0
oewn-07166088-n	saying	38	634	1360	12	saw	12	38	0.32	6	6	1	0	0	0
oewn-00458406-n	turn	15	632	3013	10	down	0	15	0.0	0	0	0	0	0	0
oewn-00723730-n	position	35	627	3613	11	first	0	35	0.0	0	0	0	0	0	0
oewn-00024444-n	attribute	26	627	5526	21	time	8	26	0.31	3	5	1	0	0	0
oewn-05954491-n	opinion	19	627	3108	12	thought	7	19	0.37	1	6	1	0	0	0
oewn-05102953-n	size	16	627	1079	9	small	1	16	0.06	0	1	0	0	0	0
oewn-06291948-n	modulation	8	626	1879	1	AM	0	8	0.0	0	0	0	0	0	0
oewn-06403644-n	section	32	625	2832	22	chapter	0	32	0.0	0	0	0	0	0	0
oewn-10132360-n	friend	24	625	2711	16	friend	4	24	0.17	4	0	0	0	0	0
oewn-04348764-n	structure	111	623	3255	58	door	0	111	0.0	0	0	0	0	0	0
oewn-00340289-n	reordering	9	620	1326	4	make	0	9	0.0	0	0	0	0	0	0
oewn-06642524-n	greeting	30	612	2051	21	morning	7	30	0.23	7	0	0	0	0	0
oewn-13276044-n	income	34	611	1447	8	take	2	34	0.06	0	2	0	0	0	0
oewn-14548451-n	atmosphere	18	605	2815	11	look	2	18	0.11	0	2	0	0	0	0
oewn-05778923-n	thinking	32	603	1725	12	thought	1	32	0.03	1	0	0	0	0	0
oewn-00341289-n	shuffle	6	599	1198	2	make	0	6	0.0	0	0	0	0	0	0
oewn-00043495-n	departure	21	598	1475	17	going	0	21	0.0	0	0	0	0	0	0
oewn-15269461-n	moment	13	598	4285	7	time	1	13	0.08	1	0	0	0	0	0
oewn-04538393-n	vessel	58	595	2640	28	well	0	58	0.0	0	0	0	0	0	0
oewn-03083745-n	compartment	32	588	2958	18	well	0	32	0.0	0	0	0	0	0	0
oewn-10713754-n	teacher	27	586	1190	9	don	1	27	0.04	1	0	0	0	0	0
oewn-14549784-n	spirit	8	579	2728	8	look	0	8	0.0	0	0	0	0	0	0
oewn-13281089-n	return	10	572	1403	6	take	0	10	0.0	0	0	0	0	0	0
oewn-05163204-n	advantage	29	571	2416	14	good	20	29	0.69	20	0	0	0	0	0
oewn-09644529-n	innocent	7	567	1056	4	dear	0	7	0.0	0	0	0	0	0	0
oewn-04293445-n	spot	15	565	1335	8	four	0	15	0.0	0	0	0	0	0	0
oewn-07499405-n	desire	22	561	1750	16	want	14	22	0.64	11	3	1	0	0	0
oewn-00002452-n	thing	20	561	3726	15	thing	0	20	0.0	0	0	0	0	0	0
oewn-02124460-n	domestic cat	19	559	1186	3	tom	2	19	0.11	1	1	1	0	0	0
oewn-04856472-n	good	13	541	2037	8	good	7	13	0.54	7	0	0	0	0	0
oewn-00023451-n	cognition	38	539	3885	22	head	7	38	0.18	4	3	1	0	0	0
oewn-01796799-n	turkey	5	538	1080	2	tom	0	5	0.0	0	0	0	0	0	0
oewn-00909617-n	filming	5	530	1073	2	take	0	5	0.0	0	0	0	0	0	0
oewn-10625393-n	skilled worker	100	528	871	25	sailor	4	100	0.04	4	0	0	0	0	0
oewn-04431553-n	thing	16	528	2495	4	thing	7	16	0.44	5	2	1	0	0	0
oewn-05844071-n	concept	33	523	2054	23	whole	6	33	0.18	3	3	1	0	0	0
oewn-00028468-n	time	31	523	3346	12	time	1	31	0.03	0	1	0	0	0	0
oewn-00576778-n	work	49	522	2212	29	work	4	49	0.08	0	4	0	0	0	0
oewn-14453411-n	rank	53	520	3324	33	first	9	53	0.17	8	1	1	0	0	0
oewn-06646883-n	information	46	512	2441	20	word	3	46	0.07	1	2	1	0	0	0
oewn-07124555-n	utterance	43	511	1588	31	call	14	43	0.33	2	12	1	0	0	0
oewn-04453410-n	toilet	20	505	3357	9	can	0	20	0.0	0	0	0	0	0	0
oewn-07199985-n	request	22	500	1820	17	wish	0	22	0.0	0	0	0	0	0	0
oewn-15317037-n	shift	15	496	2337	7	go	0	15	0.0	0	0	0	0	0	0
oewn-09653829-n	unfortunate	38	494	559	15	prisoner	16	38	0.42	0	16	0	0	0	0
oewn-09325522-n	highland	5	491	1942	2	down	0	5	0.0	0	0	0	0	0	0
oewn-01898672-n	plume	16	490	1947	4	down	0	16	0.0	0	0	0	0	0	0
oewn-10602198-n	military personnel	35	489	3185	11	man	1	35	0.03	1	0	0	0	0	0
oewn-05081943-n	position	38	488	3027	13	way	5	38	0.13	0	5	0	0	0	0
oewn-01899202-n	down	6	484	1935	1	down	0	6	0.0	0	0	0	0	0	0
oewn-10008828-n	dame	6	484	824	4	lady	1	6	0.17	1	0	0	0	0	0
oewn-05091408-n	distance	26	483	3275	14	way	0	26	0.0	0	0	0	0	0	0
oewn-09654651-n	unpleasant person	125	473	1735	45	woman	65	125	0.52	4	61	1	0	0	0
oewn-07148409-n	conversation	23	472	757	10	talk	6	23	0.26	0	6	0	0	0	0
oewn-03080712-n	commodity	27	471	1823	12	good	2	27	0.07	1	1	1	0	0	0
oewn-09642198-n	female	15	471	1798	6	woman	2	15	0.13	0	2	0	0	0	0
oewn-05572223-n	hand	13	468	3341	9	hand	4	13	0.31	4	0	0	0	0	0
oewn-07175534-n	speech act	44	462	1227	38	promise	0	44	0.0	0	0	0	0	0	0
oewn-06890128-n	facial expression	17	461	1401	13	face	5	17	0.29	0	5	0	0	0	0
oewn-06641899-n	farewell	25	460	1026	12	morning	0	25	0.0	0	0	0	0	0	0
oewn-10800308-n	wife	26	458	494	10	wife	2	26	0.08	2	0	0	0	0	0
oewn-13796604-n	batch	32	456	1447	26	sight	4	32	0.12	0	4	0	0	0	0
oewn-04936080-n	manner	20	454	2843	13	way	3	20	0.15	3	0	0	0	0	0
oewn-05678554-n	concern	13	453	3855	7	thing	5	13	0.38	5	0	0	0	0	0
oewn-10311853-n	manservant	8	449	2640	5	man	0	8	0.0	0	0	0	0	0	0
oewn-00583425-n	occupation	34	448	3408	26	place	2	34	0.06	2	0	0	0	0	0
oewn-09628463-n	adult	17	447	3573	9	man	0	17	0.0	0	0	0	0	0	0
oewn-07385893-n	sound	107	444	2278	64	voice	9	107	0.08	0	9	0	0	0	0
oewn-04687095-n	expression	11	444	2861	9	look	5	11	0.45	4	1	1	0	0	0
oewn-04686906-n	countenance	9	444	2425	7	look	1	9	0.11	1	0	0	0	0	0
oewn-07534492-n	fear	29	443	1064	21	fear	18	29	0.62	0	18	0	0	0	0
oewn-05710222-n	attention	13	443	2207	10	eye	2	13	0.15	1	1	1	0	0	0
oewn-08206589-n	unit	40	440	3409	17	house	0	40	0.0	0	0	0	0	0	0
oewn-03055525-n	clothing	62	439	1316	24	black	9	62	0.15	0	9	0	0	0	0
oewn-07959756-n	age group	7	439	897	5	young	0	7	0.0	0	0	0	0	0	0
oewn-09882644-n	body servant	6	439	2630	3	man	0	6	0.0	0	0	0	0	0	0
oewn-02916498-n	building	96	434	3331	28	house	0	96	0.0	0	0	0	0	0	0
oewn-03721866-n	man	9	434	3180	5	man	0	9	0.0	0	0	0	0	0	0
oewn-00035910-n	accomplishment	38	432	1444	21	going	8	38	0.21	8	0	0	0	0	0
oewn-06601855-n	publication	19	432	870	10	read	4	19	0.21	1	3	1	0	0	0
oewn-06687867-n	source	5	429	2163	2	well	0	5	0.0	0	0	0	0	0	0
oewn-02474393-n	hominid	7	428	2407	3	man	0	7	0.0	0	0	0	0	0	0
oewn-04579630-n	well	8	425	2123	1	well	0	8	0.0	0	0	0	0	0	0
oewn-04189933-n	shaft	4	425	2128	2	well	0	4	0.0	0	0	0	0	0	0
oewn-15154879-n	clock time	7	424	3250	3	time	0	7	0.0	0	0	0	0	0	0
oewn-05677778-n	cognitive state	35	423	1429	14	set	7	35	0.2	2	5	1	0	0	0
oewn-04989456-n	silence	8	422	1527	6	still	2	8	0.25	0	2	0	0	0	0
oewn-07300108-n	experience	19	421	3283	14	time	6	19	0.32	5	1	1	0	0	0
oewn-01064507-n	inactivity	13	421	1076	10	rest	1	13	0.08	1	0	0	0	0	0
oewn-00307252-n	journey	30	420	2274	18	way	2	30	0.07	0	2	0	0	0	0
oewn-00332776-n	motion	75	419	1644	51	standing	4	75	0.05	0	4	0	0	0	0
oewn-10643436-n	son	5	416	794	2	boy	3	5	0.6	0	3	0	0	0	0
oewn-10305635-n	male offspring	4	416	794	2	boy	0	4	0.0	0	0	0	0	0	0
oewn-00503426-n	board game	29	414	1629	5	go	0	29	0.0	0	0	0	0	0	0
oewn-15271664-n	moment	14	411	1928	10	moment	0	14	0.0	0	0	0	0	0	0
oewn-00296527-n	travel	31	410	1303	20	air	4	31	0.13	4	0	0	0	0	0
oewn-03761713-n	methylenedioxymethamphetamine	8	410	1634	2	go	0	8	0.0	0	0	0	0	0	0
oewn-09836176-n	associate	27	409	1651	13	friend	2	27	0.07	2	0	0	0	0	0
oewn-07589261-n	meal	27	406	741	18	dinner	4	27	0.15	4	0	0	0	0	0
oewn-01210099-n	aid	23	406	2768	18	hand	5	23	0.22	4	1	1	0	0	0
oewn-10256766-n	kinswoman	6	406	406	4	aunt	0	6	0.0	0	0	0	0	0	0
oewn-07402109-n	noise	109	405	1082	78	whisper	17	109	0.16	0	17	0	0	0	0
oewn-05825522-n	fact	13	404	2280	13	case	3	13	0.23	3	0	0	0	0	0
oewn-01324070-n	young	8	404	818	5	young	0	8	0.0	0	0	0	0	0	0
oewn-07501369-n	wish	4	404	1301	3	want	4	4	1.0	3	1	1	0	0	0
oewn-09310874-n	geological formation	51	403	1904	25	side	0	51	0.0	0	0	0	0	0	0
oewn-09646208-n	leader	67	402	2738	20	head	8	67	0.12	6	2	1	0	0	0
oewn-09388914-n	natural depression	18	398	1005	13	bed	1	18	0.06	0	1	0	0	0	0
oewn-10291374-n	noble	18	392	643	7	count	5	18	0.28	4	1	1	0	0	0
oewn-03195713-n	die	9	392	872	5	four	0	9	0.0	0	0	0	0	0	0
oewn-15231540-n	phase of the moon	8	392	392	3	full	0	8	0.0	0	0	0	0	0	0
oewn-15232352-n	full moon	5	390	390	2	full	0	5	0.0	0	0	0	0	0	0
oewn-03975617-n	plumbing fixture	18	388	2239	10	can	0	18	0.0	0	0	0	0	0	0
oewn-03054011-n	cloth covering	30	381	2427	17	back	0	30	0.0	0	0	0	0	0	0
oewn-03436153-n	gear	19	378	2172	8	first	0	19	0.0	0	0	0	0	0	0
oewn-07987168-n	family	13	378	2403	8	house	0	13	0.0	0	0	0	0	0	0
oewn-04571984-n	way	12	378	2253	11	way	0	12	0.0	0	0	0	0	0	0
oewn-07323507-n	case	9	378	3574	9	time	2	9	0.22	2	0	0	0	0	0
oewn-07370091-n	death	15	375	1445	11	going	9	15	0.6	0	9	0	0	0	0
oewn-05232383-n	external body part	22	374	3675	16	head	0	22	0.0	0	0	0	0	0	0
oewn-02861626-n	boat	44	371	733	18	boat	1	44	0.02	1	0	0	0	0	0
oewn-03494245-n	hand tool	70	368	1281	26	saw	0	70	0.0	0	0	0	0	0	0
oewn-13799976-n	room	18	368	2533	6	way	0	18	0.0	0	0	0	0	0	0
oewn-14007000-n	dark	13	367	1912	6	night	7	13	0.54	0	7	0	0	0	0
oewn-05815314-n	insight	9	367	1268	6	find	5	9	0.56	5	0	0	0	0	0
oewn-10213586-n	husband	14	366	366	3	husband	0	14	0.0	0	0	0	0	0	0
oewn-10326901-n	member	24	364	1080	7	sister	1	24	0.04	0	1	0	0	0	0
oewn-00173531-n	means	17	364	2590	11	way	2	17	0.12	0	2	0	0	0	0
oewn-00043933-n	discovery	14	362	813	8	find	0	14	0.0	0	0	0	0	0	0
oewn-09652940-n	traveler	60	361	593	29	companion	4	60	0.07	0	4	0	0	0	0
oewn-02738693-n	area	46	360	1582	17	room	0	46	0.0	0	0	0	0	0	0
oewn-10695457-n	superior	6	359	1285	3	better	4	6	0.67	4	0	0	0	0	0
oewn-04453655-n	toilet	13	356	2100	5	can	0	13	0.0	0	0	0	0	0	0
oewn-08682181-n	topographic point	38	353	2527	25	place	3	38	0.08	3	0	0	0	0	0
oewn-08540894-n	center	19	353	2166	6	eye	0	19	0.0	0	0	0	0	0	0
oewn-04466845-n	toweling	4	353	353	2	huck	0	4	0.0	0	0	0	0	0	0
oewn-05229188-n	area	39	351	1197	9	side	0	39	0.0	0	0	0	0	0	0
oewn-02950393-n	can	11	350	2078	4	can	0	11	0.0	0	0	0	0	0	0
oewn-00019308-n	natural object	36	349	2732	20	world	3	36	0.08	3	0	0	0	0	0
oewn-12652092-n	avens	16	348	696	2	bennet	0	16	0.0	0	0	0	0	0	0
oewn-08508836-n	administrative district	29	346	1587	14	town	0	29	0.0	0	0	0	0	0	0
oewn-07324399-n	movement	45	344	1739	29	turn	2	45	0.04	0	2	0	0	0	0
oewn-05824413-n	information	26	344	1321	15	circumstance	0	26	0.0	0	0	0	0	0	0
oewn-07280883-n	buoy	8	344	2043	3	can	0	8	0.0	0	0	0	0	0	0
oewn-15249488-n	prison term	6	343	3589	4	time	0	6	0.0	0	0	0	0	0	0
oewn-09794206-n	advocate	57	342	1564	13	friend	1	57	0.02	1	0	0	0	0	0
oewn-04623416-n	trait	93	340	1491	44	nature	51	93	0.55	30	21	1	0	0	0
oewn-03931348-n	photograph	59	340	1686	15	still	1	59	0.02	1	0	0	0	0	0
oewn-00947217-n	search	17	339	743	12	looking	3	17	0.18	1	2	1	0	0	0
oewn-13754435-n	common fraction	66	337	853	22	half	0	66	0.0	0	0	0	0	0	0
oewn-15294470-n	time interval	38	337	1542	18	round	2	38	0.05	2	0	0	0	0	0
oewn-03854249-n	opening	33	336	1866	22	window	0	33	0.0	0	0	0	0	0	0
oewn-00001930-n	physical entity	11	336	2834	6	thing	0	11	0.0	0	0	0	0	0	0
oewn-00283971-n	locomotion	22	335	1556	18	run	0	22	0.0	0	0	0	0	0	0
oewn-09842904-n	aunt	6	335	335	3	aunt	1	6	0.17	0	1	0	0	0	0
oewn-00427931-n	diversion	49	332	1496	35	interest	18	49	0.37	14	4	1	0	0	0
oewn-14054590-n	readiness	6	332	391	4	ready	1	6	0.17	0	1	0	0	0	0
oewn-10566190-n	sailor	18	331	1929	8	hand	0	18	0.0	0	0	0	0	0	0
oewn-05100843-n	dimension	13	331	2885	8	time	0	13	0.0	0	0	0	0	0	0
oewn-09783207-n	acquaintance	13	330	1288	6	friend	1	13	0.08	1	0	0	0	0	0
oewn-07990472-n	class	47	328	1638	22	woman	3	47	0.06	1	2	1	0	0	0
oewn-06340499-n	tense	17	327	779	7	present	0	17	0.0	0	0	0	0	0	0
oewn-05862715-n	abstraction	6	326	2859	6	thing	1	6	0.17	0	1	0	0	0	0
oewn-15295994-n	pause	22	325	1354	14	rest	0	22	0.0	0	0	0	0	0	0
oewn-05900703-n	assumption	16	324	479	9	given	3	16	0.19	0	3	0	0	0	0
oewn-06891121-n	smile	6	323	323	6	smile	2	6	0.33	0	2	0	0	0	0
oewn-01889397-n	placental	49	322	754	6	doe	1	49	0.02	1	0	0	0	0	0
oewn-07967506-n	social group	48	322	2341	28	body	0	48	0.0	0	0	0	0	0	0
oewn-00350856-n	turn	19	322	2227	10	right	0	19	0.0	0	0	0	0	0	0
oewn-13950416-n	situation	32	321	2534	18	thing	3	32	0.09	1	2	1	0	0	0
oewn-06827728-n	musical notation	37	320	1486	15	rest	2	37	0.05	0	2	0	0	0	0
oewn-14604877-n	material	97	319	1567	38	paper	2	97	0.02	2	0	0	0	0	0
oewn-00003553-n	whole	14	319	677	10	whole	0	14	0.0	0	0	0	0	0	0
oewn-15180180-n	day	14	317	1899	10	day	0	14	0.0	0	0	0	0	0	0
oewn-06709228-n	award	29	316	1307	21	letter	11	29	0.38	11	0	0	0	0	0
oewn-09357302-n	land	30	314	1367	22	ground	0	30	0.0	0	0	0	0	0	0
oewn-00034512-n	phenomenon	19	313	1256	15	chance	2	19	0.11	2	0	0	0	0	0
oewn-09471510-n	stream	16	313	691	6	run	0	16	0.0	0	0	0	0	0	0
oewn-14922621-n	gum	50	312	320	3	thus	0	50	0.0	0	0	0	0	0	0
oewn-07150442-n	talk	21	312	783	7	talk	4	21	0.19	4	0	0	0	0	0
oewn-03225505-n	domino	8	312	714	4	four	0	8	0.0	0	0	0	0	0	0
oewn-11494354-n	light	45	311	1164	26	light	1	45	0.02	0	1	0	0	0	0
oewn-10560786-n	ruler	35	309	468	12	lord	2	35	0.06	0	2	0	0	0	0
oewn-14868863-n	soil	45	308	858	10	till	1	45	0.02	0	1	0	0	0	0
oewn-10100638-n	father	13	306	1193	7	father	0	13	0.0	0	0	0	0	0	0
oewn-04003842-n	power tool	20	305	944	5	saw	0	20	0.0	0	0	0	0	0	0
oewn-05624029-n	ability	25	302	2245	17	hand	8	25	0.32	8	0	0	0	0	0
oewn-08591861-n	geographical area	50	296	1740	21	place	0	50	0.0	0	0	0	0	0	0
oewn-08677970-n	surface	24	296	2401	14	face	0	24	0.0	0	0	0	0	0	0
oewn-04002503-n	power saw	17	296	886	3	saw	0	17	0.0	0	0	0	0	0	0
oewn-04147147-n	saw	14	294	882	1	saw	0	14	0.0	0	0	0	0	0	0
oewn-04572661-n	weapon	36	293	1054	20	arm	1	36	0.03	1	0	0	0	0	0
oewn-06613680-n	meaning	30	293	1455	20	point	1	30	0.03	1	0	0	0	0	0
oewn-05878206-n	whole	5	291	585	5	whole	1	5	0.2	0	1	0	0	0	0
oewn-14472592-n	need	6	290	1068	6	want	0	6	0.0	0	0	0	0	0	0
oewn-13968971-n	status	40	289	1807	24	face	9	40	0.23	5	4	1	0	0	0
oewn-07461861-n	affair	25	288	1093	15	party	0	25	0.0	0	0	0	0	0	0
oewn-08140150-n	executive department	7	288	577	1	DOE	0	7	0.0	0	0	0	0	0	0
oewn-07306035-n	ending	22	287	2075	15	last	4	22	0.18	2	2	1	0	0	0
oewn-10419190-n	parent	11	287	1364	3	father	0	11	0.0	0	0	0	0	0	0
oewn-15249282-n	term	11	287	2734	4	time	0	11	0.0	0	0	0	0	0	0
oewn-13409418-n	coin	48	286	889	24	change	0	48	0.0	0	0	0	0	0	0
oewn-10697152-n	supporter	38	286	1119	12	friend	5	38	0.13	5	0	0	0	0	0
oewn-06294878-n	language unit	14	286	1949	6	word	0	14	0.0	0	0	0	0	0	0
oewn-05953807-n	expectation	11	286	1117	10	hope	2	11	0.18	0	2	0	0	0	0
oewn-02730750-n	apparatus	50	281	1069	6	still	0	50	0.0	0	0	0	0	0	0
oewn-04904939-n	demeanor	16	281	753	9	manner	7	16	0.44	5	2	1	0	0	0
oewn-04220693-n	side	17	280	2332	11	back	0	17	0.0	0	0	0	0	0	0
oewn-11546388-n	wind	57	279	1120	25	air	1	57	0.02	1	0	0	0	0	0
oewn-10408139-n	overlord	6	279	425	2	lord	0	6	0.0	0	0	0	0	0	0
oewn-05306677-n	sense organ	23	277	1369	4	eye	0	23	0.0	0	0	0	0	0	0
oewn-03187746-n	device	227	276	1791	53	light	2	227	0.01	2	0	0	0	0	0
oewn-05824916-n	reading	7	276	2705	4	time	0	7	0.0	0	0	0	0	0	0
oewn-07135232-n	cry	49	275	1045	28	call	4	49	0.08	1	3	1	0	0	0
oewn-11445694-n	atmospheric phenomenon	26	275	744	12	front	1	26	0.04	0	1	0	0	0	0
oewn-03963198-n	plant	23	275	1074	7	still	0	23	0.0	0	0	0	0	0	0
oewn-05989760-n	goal	18	273	1209	14	end	1	18	0.06	0	1	0	0	0	0
oewn-15282640-n	half	4	273	534	4	half	0	4	0.0	0	0	0	0	0	0
oewn-03419072-n	game equipment	26	272	2687	11	man	0	26	0.0	0	0	0	0	0	0
oewn-04347828-n	strongbox	12	271	812	3	till	1	12	0.08	1	0	0	0	0	0
oewn-09655706-n	worker	106	270	771	19	help	7	106	0.07	1	6	1	0	0	0
oewn-15290329-n	beginning	16	269	1575	7	first	0	16	0.0	0	0	0	0	0	0
oewn-03211629-n	dish	14	268	564	3	boat	0	14	0.0	0	0	0	0	0	0
oewn-07981699-n	body	42	267	1355	27	body	0	42	0.0	0	0	0	0	0	0
oewn-13306199-n	share	19	267	2954	11	way	0	19	0.0	0	0	0	0	0	0
oewn-14009303-n	emotional state	14	267	1032	12	spirit	6	14	0.43	4	2	1	0	0	0
oewn-15143170-n	work time	9	267	1862	2	day	0	9	0.0	0	0	0	0	0	0
oewn-08610818-n	line	59	266	2436	19	side	1	59	0.02	0	1	0	0	0	0
oewn-05716379-n	perception	25	266	1037	8	feeling	4	25	0.16	0	4	0	0	0	0
oewn-03295682-n	entrance	23	266	1141	12	door	0	23	0.0	0	0	0	0	0	0
oewn-05990115-n	aim	9	265	2868	7	thing	0	9	0.0	0	0	0	0	0	0
oewn-05706212-n	doubt	23	264	590	14	doubt	9	23	0.39	9	0	0	0	0	0
oewn-04998633-n	rhythmicity	8	264	2629	4	time	0	8	0.0	0	0	0	0	0	0
oewn-04497386-n	truck	33	263	728	4	lorry	2	33	0.06	2	0	0	0	0	0
oewn-00622867-n	effort	26	263	923	16	trouble	13	26	0.5	2	11	1	0	0	0
oewn-03460968-n	gravy boat	6	262	525	1	boat	0	6	0.0	0	0	0	0	0	0
oewn-13758939-n	one-half	5	262	524	3	half	0	5	0.0	0	0	0	0	0	0
oewn-05925333-n	impression	11	261	1325	10	feeling	0	11	0.0	0	0	0	0	0	0
oewn-04998860-n	meter	4	261	2603	2	time	0	4	0.0	0	0	0	0	0	0
oewn-08013131-n	set	48	256	1153	21	set	1	48	0.02	1	0	0	0	0	0
oewn-06831828-n	character	46	256	1174	13	letter	1	46	0.02	0	1	0	0	0	0
oewn-03531378-n	hole	39	256	1309	7	eye	0	39	0.0	0	0	0	0	0	0
oewn-04369112-n	surface	25	256	2644	11	face	0	25	0.0	0	0	0	0	0	0
oewn-08268798-n	faction	10	254	1635	5	right	2	10	0.2	0	2	0	0	0	0
oewn-00797381-n	undertaking	32	253	525	19	adventure	5	32	0.16	5	0	0	0	0	0
oewn-10495671-n	prisoner	15	253	273	8	prisoner	0	15	0.0	0	0	0	0	0	0
oewn-15192074-n	night	5	253	1476	2	night	0	5	0.0	0	0	0	0	0	0
oewn-08244135-n	club	29	252	1366	7	chapter	0	29	0.0	0	0	0	0	0	0
oewn-00286401-n	step	8	252	578	7	step	0	8	0.0	0	0	0	0	0	0
oewn-10255246-n	relative	48	251	912	15	family	0	48	0.0	0	0	0	0	0	0
oewn-03410635-n	furniture	36	251	1024	18	table	0	36	0.0	0	0	0	0	0	0
oewn-04014270-n	product	36	250	1823	17	work	0	36	0.0	0	0	0	0	0	0
oewn-09527267-n	spiritual being	17	250	914	8	god	0	17	0.0	0	0	0	0	0	0
oewn-00023280-n	psychological feature	7	250	468	3	need	0	7	0.0	0	0	0	0	0	0
oewn-04020673-n	protective covering	65	249	1788	28	back	11	65	0.17	0	11	0	0	0	0
oewn-10220400-n	important person	50	249	1026	11	name	10	50	0.2	10	0	0	0	0	0
oewn-09937051-n	child	45	249	731	20	child	4	45	0.09	0	4	0	0	0	0
oewn-02886585-n	box	34	249	563	11	box	0	34	0.0	0	0	0	0	0	0
oewn-09645915-n	lover	6	249	2285	3	man	0	6	0.0	0	0	0	0	0	0
oewn-05798247-n	choice	7	248	2120	7	way	2	7	0.29	2	0	0	0	0	0
oewn-08527687-n	side	20	247	2154	13	face	0	20	0.0	0	0	0	0	0	0
oewn-04764142-n	uncertainty	17	247	700	5	doubt	7	17	0.41	6	1	1	0	0	0
oewn-13597558-n	indefinite quantity	51	246	1366	28	run	11	51	0.22	0	11	0	0	0	0
oewn-00033319-n	communication	40	245	1779	18	voice	0	40	0.0	0	0	0	0	0	0
oewn-14057659-n	physical condition	94	244	1007	23	sleep	27	94	0.29	7	20	1	0	0	0
oewn-07311046-n	change	55	244	1421	32	death	4	55	0.07	3	1	1	0	0	0
oewn-08633886-n	path	38	244	2643	11	way	0	38	0.0	0	0	0	0	0	0
oewn-07041860-n	tune	24	244	2291	11	part	0	24	0.0	0	0	0	0	0	0
oewn-09644715-n	intellectual	43	243	1265	14	mind	13	43	0.3	13	0	0	0	0	0
oewn-06206319-n	inclination	32	243	1369	19	set	4	32	0.12	3	1	1	0	0	0
oewn-05993469-n	experience	8	243	1865	6	life	0	8	0.0	0	0	0	0	0	0
oewn-05464521-n	gamete	13	242	242	1	sperm	1	13	0.08	0	1	0	0	0	0
oewn-04967256-n	achromatic color	11	242	940	7	white	5	11	0.45	0	5	0	0	0	0
oewn-13321578-n	penalty	8	242	256	4	fine	4	8	0.5	4	0	0	0	0	0
oewn-08637636-n	point	52	241	3255	19	place	3	52	0.06	0	3	0	0	0	0
oewn-01579336-n	starling	10	241	241	1	mina	0	10	0.0	0	0	0	0	0	0
oewn-01580300-n	myna	9	241	241	1	mina	0	9	0.0	0	0	0	0	0	0
oewn-00042637-n	acquiring	17	240	343	12	getting	0	17	0.0	0	0	0	0	0	0
oewn-04609402-n	workplace	51	239	854	16	work	0	51	0.0	0	0	0	0	0	0
oewn-13831419-n	part	25	239	1859	18	part	2	25	0.08	2	0	0	0	0	0
oewn-05178101-n	consequence	5	239	1340	4	moment	5	5	1.0	3	2	1	0	0	0
oewn-03549540-n	house	46	238	1253	12	house	0	46	0.0	0	0	0	0	0	0
oewn-04966849-n	chromatic color	27	238	623	13	red	6	27	0.22	0	6	0	0	0	0
oewn-07524811-n	astonishment	7	238	560	6	wonder	6	7	0.86	3	3	1	0	0	0
oewn-10260997-n	laborer	57	237	1837	16	hand	0	57	0.0	0	0	0	0	0	0
oewn-10305010-n	male child	25	237	665	5	boy	2	25	0.08	2	0	0	0	0	0
oewn-12431966-n	iridaceous plant	15	237	260	3	glad	0	15	0.0	0	0	0	0	0	0
oewn-09659490-n		15	236	236	4	nigger	3	15	0.2	0	3	0	0	0	0
oewn-86294295-n	blackamoor	15	236	236	4	nigger	3	15	0.2	0	3	0	0	0	0
oewn-13322350-n	fine	4	235	235	1	fine	0	4	0.0	0	0	0	0	0	0
oewn-05182180-n	right	33	234	1452	17	right	3	33	0.09	1	2	1	0	0	0
oewn-05318579-n	eye	13	234	1172	1	eye	2	13	0.15	2	0	0	0	0	0
oewn-04445087-n	timepiece	10	234	415	3	watch	0	10	0.0	0	0	0	0	0	0
oewn-10622393-n	sister	7	234	467	1	sister	2	7	0.29	1	1	1	0	0	0
oewn-03898588-n	part	38	233	1489	26	part	0	38	0.0	0	0	0	0	0	0
oewn-07062058-n	song	37	233	489	9	lay	4	37	0.11	1	3	1	0	0	0
oewn-06389065-n	poem	30	233	467	7	lay	6	30	0.2	0	6	0	0	0	0
oewn-08197108-n	multitude	11	233	834	6	people	0	11	0.0	0	0	0	0	0	0
oewn-03396616-n	framework	71	232	1487	29	case	2	71	0.03	2	0	0	0	0	0
oewn-09633435-n	commoner	21	231	241	10	nobody	2	21	0.1	0	2	0	0	0	0
oewn-13957629-n	environment	18	231	1444	15	home	1	18	0.06	1	0	0	0	0	0
oewn-13352793-n	resource	16	231	778	9	keep	3	16	0.19	2	1	1	0	0	0
oewn-00721817-n	function	12	230	1863	11	place	0	12	0.0	0	0	0	0	0	0
oewn-08697710-n	direction	12	230	2297	7	way	1	12	0.08	0	1	0	0	0	0
oewn-14323139-n	symptom	188	229	648	37	pain	88	188	0.47	6	82	1	0	0	0
oewn-11430739-n	consequence	41	229	1106	17	change	4	41	0.1	0	4	0	0	0	0
oewn-10689430-n	subordinate	10	229	2223	4	man	1	10	0.1	0	1	0	0	0	0
oewn-06297048-n	word	93	227	2393	17	head	3	93	0.03	1	2	1	0	0	0
oewn-03127399-n	covering	57	227	819	36	finger	3	57	0.05	0	3	0	0	0	0
oewn-09630310-n	applicant	18	226	427	9	possible	3	18	0.17	3	0	0	0	0	0
oewn-08666920-n	side	10	226	2379	6	hand	0	10	0.0	0	0	0	0	0	0
oewn-04066813-n	rear	10	225	1667	8	back	0	10	0.0	0	0	0	0	0	0
oewn-08180691-n	assembly	15	224	1081	6	chapter	0	15	0.0	0	0	0	0	0	0
oewn-00432833-n	play	5	224	1406	4	house	0	5	0.0	0	0	0	0	0	0
oewn-02980398-n	cashbox	5	224	678	3	till	0	5	0.0	0	0	0	0	0	0
oewn-08094856-n	family	12	222	1884	4	house	0	12	0.0	0	0	0	0	0	0
oewn-13378158-n	treasury	8	222	669	3	till	0	8	0.0	0	0	0	0	0	0
oewn-06704734-n	applause	6	222	2290	4	hand	3	6	0.5	3	0	0	0	0	0
oewn-08240723-n	community	16	221	1130	10	house	0	16	0.0	0	0	0	0	0	0
oewn-13386459-n	support	13	220	722	8	keep	0	13	0.0	0	0	0	0	0	0
oewn-03968233-n	platform	47	219	1051	19	stand	0	47	0.0	0	0	0	0	0	0
oewn-00045991-n	propulsion	31	219	907	24	shot	0	31	0.0	0	0	0	0	0	0
oewn-04864314-n	courage	20	219	873	14	heart	11	20	0.55	10	1	1	0	0	0
oewn-07253354-n	address	20	218	754	8	talk	0	20	0.0	0	0	0	0	0	0
oewn-06794876-n	opinion	12	218	1411	10	side	3	12	0.25	0	3	0	0	0	0
oewn-05574552-n	extremity	9	218	1855	6	hand	4	9	0.44	4	0	0	0	0	0
oewn-13985834-n	death	14	217	1206	7	rest	8	14	0.57	5	3	1	0	0	0
oewn-05101152-n	degree	22	216	984	13	high	10	22	0.45	3	7	1	0	0	0
oewn-09962718-n	commissioned military officer	12	216	570	7	captain	7	12	0.58	7	0	0	0	0	0
oewn-09942876-n	cipher	10	216	222	6	nobody	0	10	0.0	0	0	0	0	0	0
oewn-03569147-n	implement	41	215	684	18	iron	0	41	0.0	0	0	0	0	0	0
oewn-07339790-n	start	19	215	970	7	morning	0	19	0.0	0	0	0	0	0	0
oewn-07241205-n	promise	10	215	1143	5	word	1	10	0.1	1	0	0	0	0	0
oewn-08632949-n	park	8	215	331	4	common	0	8	0.0	0	0	0	0	0	0
oewn-14472871-n	lack	12	214	808	6	want	0	12	0.0	0	0	0	0	0	0
oewn-05609513-n	feature	10	214	564	9	forehead	1	10	0.1	0	1	0	0	0	0
oewn-05619057-n	mind	12	213	2016	6	head	2	12	0.17	2	0	0	0	0	0
oewn-08077878-n	business	22	212	1527	11	house	0	22	0.0	0	0	0	0	0	0
oewn-15273375-n	era	6	212	1760	4	day	0	6	0.0	0	0	0	0	0	0
oewn-06374360-n	writing	48	211	903	21	matter	1	48	0.02	1	0	0	0	0	0
oewn-03050242-n	clock	17	211	265	3	clock	1	17	0.06	1	0	0	0	0	0
oewn-03142230-n	crosspiece	12	210	948	8	round	0	12	0.0	0	0	0	0	0	0
oewn-08663538-n	scene	10	209	1434	7	light	1	10	0.1	1	0	0	0	0	0
oewn-04083958-n	representation	39	208	1358	19	set	0	39	0.0	0	0	0	0	0	0
oewn-07900542-n	alcohol	39	207	375	8	sake	5	39	0.13	2	3	1	0	0	0
oewn-06702042-n	permission	14	207	561	11	leave	0	14	0.0	0	0	0	0	0	0
oewn-02994757-n	cell	13	207	827	5	keep	0	13	0.0	0	0	0	0	0	0
oewn-03423924-n	garment	88	206	419	26	suit	1	88	0.01	0	1	0	0	0	0
oewn-04967906-n	white	11	206	718	6	white	3	11	0.27	0	3	0	0	0	0
oewn-13603216-n	number	63	205	848	17	count	1	63	0.02	0	1	0	0	0	0
oewn-04550444-n	wagon	18	205	419	3	lorry	0	18	0.0	0	0	0	0	0	0
oewn-15261272-n	season	16	205	512	10	fall	0	16	0.0	0	0	0	0	0	0
oewn-04348013-n	stronghold	10	205	797	7	keep	0	10	0.0	0	0	0	0	0	0
oewn-03228735-n	doorway	6	205	920	3	door	0	6	0.0	0	0	0	0	0	0
oewn-14075885-n	disorder	70	204	287	9	ill	38	70	0.54	0	38	0	0	0	0
oewn-13285910-n	gift	31	204	623	14	present	5	31	0.16	1	4	1	0	0	0
oewn-00316812-n	transportation	18	204	439	10	carry	0	18	0.0	0	0	0	0	0	0
oewn-10408623-n	owner	15	204	708	5	letter	0	15	0.0	0	0	0	0	0	0
oewn-15122728-n	wood	119	203	792	33	wood	3	119	0.03	1	2	1	0	0	0
oewn-14864925-n	element	7	203	1475	6	water	0	7	0.0	0	0	0	0	0	0
oewn-14078890-n	ailment	6	203	293	4	ill	3	6	0.5	0	3	0	0	0	0
oewn-13618523-n	ordinal number	4	203	1211	2	first	0	4	0.0	0	0	0	0	0	0
oewn-08118903-n	lineage	22	202	1882	13	side	0	22	0.0	0	0	0	0	0	0
oewn-00039000-n	course	7	202	2109	4	way	1	7	0.14	0	1	0	0	0	0
oewn-06350786-n	title	6	202	220	2	madame	0	6	0.0	0	0	0	0	0	0
oewn-10500315-n	professor	6	202	202	2	professor	3	6	0.5	2	1	1	0	0	0
oewn-03801102-n	movable barrier	5	202	983	3	door	0	5	0.0	0	0	0	0	0	0
oewn-09778400-n	academician	5	202	202	2	professor	0	5	0.0	0	0	0	0	0	0
oewn-03641539-n	lamp	40	201	459	7	lamp	0	40	0.0	0	0	0	0	0	0
oewn-00219879-n	killing	27	201	828	15	death	0	27	0.0	0	0	0	0	0	0
oewn-09402023-n	opening	22	201	1302	18	window	0	22	0.0	0	0	0	0	0	0
oewn-06712793-n	honours	4	201	1208	1	first	0	4	0.0	0	0	0	0	0	0
oewn-00845915-n	sexual activity	60	200	1035	12	love	18	60	0.3	18	0	0	0	0	0
oewn-07571428-n	food	35	200	420	9	fish	4	35	0.11	2	2	1	0	0	0
oewn-06399623-n	text	21	200	1113	12	letter	0	21	0.0	0	0	0	0	0	0
oewn-10393697-n	offspring	17	200	702	10	child	0	17	0.0	0	0	0	0	0	0
oewn-13133423-n	shrub	483	199	680	29	box	8	483	0.02	2	6	1	0	0	0
oewn-03938946-n	piece of cloth	48	199	985	18	end	0	48	0.0	0	0	0	0	0	0
oewn-03264208-n	dwelling	27	199	1548	11	house	0	27	0.0	0	0	0	0	0	0
oewn-05225115-n	body	13	199	859	11	body	0	13	0.0	0	0	0	0	0	0
oewn-07928451-n	highball	9	199	206	3	collins	0	9	0.0	0	0	0	0	0	0
oewn-05625389-n	intelligence	39	198	1126	20	mind	22	39	0.56	21	1	1	0	0	0
oewn-11545095-n	weather	26	198	546	12	wind	10	26	0.38	4	6	1	0	0	0
oewn-03531007-n	holding device	16	198	1296	9	last	0	16	0.0	0	0	0	0	0	0
oewn-04103160-n	road	35	197	904	13	line	7	35	0.2	3	4	1	0	0	0
oewn-00284412-n	walk	19	197	408	12	walk	0	19	0.0	0	0	0	0	0	0
oewn-05837666-n	positive stimulus	6	197	584	4	pleasure	6	6	1.0	6	0	0	0	0	0
oewn-07325733-n	change of location	24	196	765	18	fall	0	24	0.0	0	0	0	0	0	0
oewn-15194468-n	twilight	10	196	1256	5	night	0	10	0.0	0	0	0	0	0	0
oewn-06636668-n	letter	26	195	695	6	letter	0	26	0.0	0	0	0	0	0	0
oewn-09528550-n	deity	18	195	555	8	god	0	18	0.0	0	0	0	0	0	0
oewn-10392072-n	official	72	194	454	17	judge	0	72	0.0	0	0	0	0	0	0
oewn-09811996-n	ancestor	14	194	922	9	father	0	14	0.0	0	0	0	0	0	0
oewn-02798192-n	barrel	12	194	250	8	shook	0	12	0.0	0	0	0	0	0	0
oewn-07471429-n	athletic contest	12	194	202	2	meet	0	12	0.0	0	0	0	0	0	0
oewn-07245954-n	challenge	11	194	217	5	dare	3	11	0.27	0	3	0	0	0	0
oewn-00799539-n	venture	14	193	847	12	cause	4	14	0.29	1	3	1	0	0	0
oewn-00521313-n	show	39	192	787	19	show	0	39	0.0	0	0	0	0	0	0
oewn-09645219-n	juvenile	25	192	702	12	child	2	25	0.08	2	0	0	0	0	0
oewn-04990371-n	sound property	19	192	1066	14	sound	4	19	0.21	1	3	1	0	0	0
oewn-14496806-n	fortune	16	192	652	13	fortune	9	16	0.56	4	5	1	0	0	0
oewn-02069360-n	toothed whale	8	192	196	4	sperm whale	0	8	0.0	0	0	0	0	0	0
oewn-00625102-n	trouble	4	192	497	3	trouble	4	4	1.0	0	4	0	0	0	0
oewn-00635107-n	investigation	23	191	585	15	count	0	23	0.0	0	0	0	0	0	0
oewn-07306517-n	end	8	191	1713	3	last	0	8	0.0	0	0	0	0	0	0
oewn-09890332-n	boy	4	191	569	2	boy	0	4	0.0	0	0	0	0	0	0
oewn-09389214-n	natural elevation	13	190	1433	11	head	0	13	0.0	0	0	0	0	0	0
oewn-13461236-n	bodily process	58	189	436	21	breath	0	58	0.0	0	0	0	0	0	0
oewn-00033914-n	measure	35	189	1286	14	point	10	35	0.29	4	6	1	0	0	0
oewn-09460358-n	slope	29	189	1520	15	side	1	29	0.03	0	1	0	0	0	0
oewn-00756299-n	pretense	15	189	535	11	show	2	15	0.13	0	2	0	0	0	0
oewn-09835195-n	assistant	53	188	678	22	help	3	53	0.06	2	1	1	0	0	0
oewn-07669003-n	cut	32	188	1518	15	side	1	32	0.03	0	1	0	0	0	0
oewn-15182185-n	day	25	188	1612	5	day	0	25	0.0	0	0	0	0	0	0
oewn-08631168-n	outside	6	188	584	4	open	0	6	0.0	0	0	0	0	0	0
oewn-09408804-n	part	18	187	1674	12	world	0	18	0.0	0	0	0	0	0	0
oewn-14505513-n	possibility	12	187	443	4	chance	4	12	0.33	2	2	1	0	0	0
oewn-07482986-n	meet	8	187	187	1	meet	0	8	0.0	0	0	0	0	0	0
oewn-06810027-n	indication	24	186	839	19	mark	2	24	0.08	2	0	0	0	0	0
oewn-06654787-n	news	6	186	1102	6	word	1	6	0.17	1	0	0	0	0	0
oewn-05711376-n	notice	5	185	1102	5	mind	1	5	0.2	1	0	0	0	0	0
oewn-10040615-n	doctor	33	184	469	8	doctor	2	33	0.06	0	2	0	0	0	0
oewn-15315573-n	phase	32	184	943	4	chapter	0	32	0.0	0	0	0	0	0	0
oewn-06371284-n	writing	19	184	1754	8	hand	0	19	0.0	0	0	0	0	0	0
oewn-15228587-n	year	16	184	692	3	year	5	16	0.31	3	2	1	0	0	0
oewn-01034072-n	service	14	184	525	6	none	0	14	0.0	0	0	0	0	0	0
oewn-15182001-n	calendar day	5	184	1632	3	day	0	5	0.0	0	0	0	0	0	0
oewn-03502782-n	hat	54	183	413	15	hat	3	54	0.06	0	3	0	0	0	0
oewn-09489410-n	universe	9	183	974	6	world	1	9	0.11	0	1	0	0	0	0
oewn-08605849-n	inside	6	183	225	4	thick	0	6	0.0	0	0	0	0	0	0
oewn-00376871-n	change of integrity	25	182	754	20	break	0	25	0.0	0	0	0	0	0	0
oewn-10138501-n	gambler	20	182	725	5	better	1	20	0.05	0	1	0	0	0	0
oewn-00191991-n	change	58	181	1149	23	change	3	58	0.05	0	3	0	0	0	0
oewn-10577282-n	scholar	43	181	645	8	doctor	2	43	0.05	2	0	0	0	0	0
oewn-00047263-n	touch	37	181	752	27	touch	0	37	0.0	0	0	0	0	0	0
oewn-13885789-n	plane figure	18	181	941	5	heart	0	18	0.0	0	0	0	0	0	0
oewn-01079274-n	prevention	17	181	265	8	save	1	17	0.06	1	0	0	0	0	0
oewn-03403382-n	front	17	181	1487	9	face	0	17	0.0	0	0	0	0	0	0
oewn-03226423-n	door	14	181	888	2	door	0	14	0.0	0	0	0	0	0	0
oewn-05183715-n	entree	6	181	901	6	door	0	6	0.0	0	0	0	0	0	0
oewn-13124818-n	tree	306	180	427	23	tree	6	306	0.02	4	2	1	0	0	0
oewn-05937794-n	character	15	180	1008	8	part	3	15	0.2	1	2	1	0	0	0
oewn-10403515-n	originator	15	179	884	5	father	0	15	0.0	0	0	0	0	0	0
oewn-09871284-n	bettor	6	179	717	2	better	0	6	0.0	0	0	0	0	0	0
oewn-06699481-n	approval	32	178	457	21	countenance	22	32	0.69	22	0	0	0	0	0
oewn-08066153-n	association	30	178	1156	18	family	0	30	0.0	0	0	0	0	0	0
oewn-05662207-n	sight	27	178	617	4	sight	5	27	0.19	4	1	1	0	0	0
oewn-15148032-n	day	7	178	1592	3	day	5	7	0.71	5	0	0	0	0	0
oewn-02731365-n	apparel	5	178	260	3	clothes	0	5	0.0	0	0	0	0	0	0
oewn-10122569-n	forefather	4	178	882	3	father	0	4	0.0	0	0	0	0	0	0
oewn-04015323-n	projection	26	177	1721	19	head	0	26	0.0	0	0	0	0	0	0
oewn-06685698-n	secret	16	177	1066	3	word	1	16	0.06	0	1	0	0	0	0
oewn-10127072-n	founder	9	177	880	3	father	0	9	0.0	0	0	0	0	0	0
oewn-15232958-n	sidereal time	6	177	1590	1	day	0	6	0.0	0	0	0	0	0	0
oewn-07304679-n	episode	5	177	882	3	chapter	3	5	0.6	3	0	0	0	0	0
oewn-00865191-n	reflex	80	176	750	23	wind	12	80	0.15	0	12	0	0	0	0
oewn-09902168-n	businessperson	45	176	837	15	king	0	45	0.0	0	0	0	0	0	0
oewn-10004189-n	customer	22	176	398	9	john	0	22	0.0	0	0	0	0	0	0
oewn-06415036-n	handwriting	17	176	1693	9	hand	11	17	0.65	3	8	1	0	0	0
oewn-07465442-n	ceremony	28	175	563	14	circumstance	6	28	0.21	6	0	0	0	0	0
oewn-11479041-n	force	28	175	1066	15	moment	0	28	0.0	0	0	0	0	0	0
oewn-08269523-n	party	16	175	563	5	party	0	16	0.0	0	0	0	0	0	0
oewn-09937706-n	child	10	175	649	5	child	0	10	0.0	0	0	0	0	0	0
oewn-07505853-n	pleasure	8	175	694	5	pleasure	2	8	0.25	1	1	1	0	0	0
oewn-08255581-n	class	7	174	715	2	year	0	7	0.0	0	0	0	0	0	0
oewn-06777755-n	remark	34	173	724	19	shot	4	34	0.12	4	0	0	0	0	0
oewn-05828980-n	example	12	173	508	10	illustration	3	12	0.25	0	3	0	0	0	0
oewn-15297015-n	delay	8	173	575	5	hold	1	8	0.12	1	0	0	0	0	0
oewn-14006632-n	illumination	5	173	1074	5	light	2	5	0.4	0	2	0	0	0	0
oewn-05800018-n	possibility	4	173	450	3	possible	0	4	0.0	0	0	0	0	0	0
oewn-07973501-n	hand	4	173	1855	2	hand	0	4	0.0	0	0	0	0	0	0
oewn-03551520-n	housing	28	172	855	14	home	2	28	0.07	0	2	0	0	0	0
oewn-09648571-n	national	6	172	451	5	subject	0	6	0.0	0	0	0	0	0	0
oewn-06819327-n	symbol	40	171	1091	24	mark	5	40	0.12	5	0	0	0	0	0
oewn-00572646-n	golf stroke	20	171	467	13	putting	2	20	0.1	0	2	0	0	0	0
oewn-09791452-n	adolescent	12	171	171	2	young man	1	12	0.08	1	0	0	0	0	0
oewn-15146567-n	future	9	171	266	8	by-and-by	1	9	0.11	0	1	0	0	0	0
oewn-00587299-n	position	135	170	1532	18	place	3	135	0.02	1	2	1	0	0	0
oewn-07284884-n	marker	23	170	648	12	frank	0	23	0.0	0	0	0	0	0	0
oewn-05224424-n	human body	19	170	873	9	person	0	19	0.0	0	0	0	0	0	0
oewn-06526084-n	history	17	170	1535	9	life	0	17	0.0	0	0	0	0	0	0
oewn-13954178-n	friendship	9	170	617	7	company	2	9	0.22	2	0	0	0	0	0
oewn-15226340-n	year	8	170	678	1	year	0	8	0.0	0	0	0	0	0	0
oewn-10256643-n	kinsman	4	170	269	3	uncle	0	4	0.0	0	0	0	0	0	0
oewn-13622065-n	volume unit	32	169	1290	6	last	0	32	0.0	0	0	0	0	0	0
oewn-08185877-n	state	23	169	1126	9	power	0	23	0.0	0	0	0	0	0	0
oewn-10314263-n	mariner	19	169	295	8	officer	0	19	0.0	0	0	0	0	0	0
oewn-13307824-n	interest	14	169	1281	5	right	1	14	0.07	1	0	0	0	0	0
oewn-15169331-n	time of life	49	168	578	15	age	1	49	0.02	1	0	0	0	0	0
oewn-01187304-n	proceeding	25	168	1087	14	case	0	25	0.0	0	0	0	0	0	0
oewn-04855222-n	theological virtue	8	168	778	6	hope	1	8	0.12	1	0	0	0	0	0
oewn-09841233-n	attendant	48	167	708	16	second	1	48	0.02	1	0	0	0	0	0
oewn-04750845-n	similarity	20	167	645	8	sort	4	20	0.2	2	2	1	0	0	0
oewn-03270785-n	effigy	14	167	507	5	god	0	14	0.0	0	0	0	0	0	0
oewn-00720746-n	duty	10	167	982	8	part	0	10	0.0	0	0	0	0	0	0
oewn-01082290-n	group action	74	166	925	32	return	2	74	0.03	0	2	0	0	0	0
oewn-08024893-n	organization	67	166	1059	25	party	2	67	0.03	0	2	0	0	0	0
oewn-13414935-n	bill	26	166	556	9	note	0	26	0.0	0	0	0	0	0	0
oewn-08453769-n	vegetation	24	166	761	15	stand	3	24	0.12	0	3	0	0	0	0
oewn-05097645-n	magnitude	23	166	999	16	order	2	23	0.09	0	2	0	0	0	0
oewn-00002137-n	abstraction	14	166	1005	11	set	3	14	0.21	0	3	0	0	0	0
oewn-11439518-n	physical phenomenon	47	165	1194	19	power	4	47	0.09	0	4	0	0	0	0
oewn-04169042-n	seat	18	165	736	12	box	1	18	0.06	0	1	0	0	0	0
oewn-06492991-n	list	70	164	816	24	standing	2	70	0.03	0	2	0	0	0	0
oewn-08524579-n	beginning	24	164	1988	10	head	0	24	0.0	0	0	0	0	0	0
oewn-13849639-n	direction	20	164	907	13	point	0	20	0.0	0	0	0	0	0	0
oewn-09914106-n	card player	16	163	1656	3	hand	0	16	0.0	0	0	0	0	0	0
oewn-03319968-n	facility	45	162	1154	14	water	0	45	0.0	0	0	0	0	0	0
oewn-08207684-n	army unit	23	162	1032	14	foot	0	23	0.0	0	0	0	0	0	0
oewn-10325469-n	medical practitioner	15	162	440	4	doctor	0	15	0.0	0	0	0	0	0	0
oewn-13971316-n	standing	14	162	487	9	standing	0	14	0.0	0	0	0	0	0	0
oewn-01233454-n	meeting	12	162	825	7	visit	0	12	0.0	0	0	0	0	0	0
oewn-15252642-n	hour	5	162	646	1	hour	0	5	0.0	0	0	0	0	0	0
oewn-13265007-n	property	40	161	437	11	trust	0	40	0.0	0	0	0	0	0	0
oewn-06769542-n	lie	11	161	449	5	lie	5	11	0.45	0	5	0	0	0	0
oewn-06262268-n	communication	37	160	1052	23	line	0	37	0.0	0	0	0	0	0	0
oewn-00621992-n	labor	23	160	394	14	effort	0	23	0.0	0	0	0	0	0	0
oewn-03655499-n	layer	14	160	1203	13	course	0	14	0.0	0	0	0	0	0	0
oewn-00048966-n	arrival	5	160	581	5	coming	2	5	0.4	2	0	0	0	0	0
oewn-00053917-n	farewell	5	160	439	4	leave	0	5	0.0	0	0	0	0	0	0
oewn-03981590-n	pointer	5	160	1672	2	hand	0	5	0.0	0	0	0	0	0	0
oewn-08257090-n	set	19	159	1269	11	set	0	19	0.0	0	0	0	0	0	0
oewn-05619850-n	public knowledge	6	159	1039	3	light	2	6	0.33	2	0	0	0	0	0
oewn-08242502-n	municipality	6	159	474	4	town	0	6	0.0	0	0	0	0	0	0
oewn-00961007-n	conflict	23	158	384	16	rising	1	23	0.04	0	1	0	0	0	0
oewn-05811387-n	estimate	22	158	725	10	idea	8	22	0.36	0	8	0	0	0	0
oewn-09649426-n	peer	17	158	322	10	equal	0	17	0.0	0	0	0	0	0	0
oewn-00023953-n	motivation	14	158	1286	7	life	6	14	0.43	2	4	1	0	0	0
oewn-10196310-n	hired hand	14	158	1654	3	hand	0	14	0.0	0	0	0	0	0	0
oewn-05690411-n	curiosity	9	158	609	8	wonder	0	9	0.0	0	0	0	0	0	0
oewn-08643858-n	municipality	5	158	473	3	town	0	5	0.0	0	0	0	0	0	0
oewn-07590167-n	breakfast	4	158	158	1	breakfast	0	4	0.0	0	0	0	0	0	0
oewn-08225481-n	team	32	157	528	9	five	0	32	0.0	0	0	0	0	0	0
oewn-13352213-n	sum	26	157	727	14	red	0	26	0.0	0	0	0	0	0	0
oewn-05593315-n	skeletal structure	17	157	1319	9	back	0	17	0.0	0	0	0	0	0	0
oewn-01070697-n	abstinence	13	157	169	7	fast	3	13	0.23	3	0	0	0	0	0
oewn-05818974-n	object	13	157	915	9	love	3	13	0.23	2	1	1	0	0	0
oewn-09965384-n	companion	11	157	609	9	fellow	0	11	0.0	0	0	0	0	0	0
oewn-05177340-n	significance	6	157	836	4	moment	6	6	1.0	6	0	0	0	0	0
oewn-03565341-n	idol	5	157	470	3	god	0	5	0.0	0	0	0	0	0	0
oewn-01175528-n	blow	45	156	915	30	box	3	45	0.07	0	3	0	0	0	0
oewn-00021445-n	food	41	156	721	15	water	4	41	0.1	4	0	0	0	0	0
oewn-05709891-n	basic cognitive process	19	156	540	13	attention	2	19	0.11	0	2	0	0	0	0
oewn-13407086-n	currency	14	156	365	6	money	0	14	0.0	0	0	0	0	0	0
oewn-00416689-n	way	9	156	1688	4	way	3	9	0.33	3	0	0	0	0	0
oewn-08177175-n	citizenry	6	156	602	3	people	0	6	0.0	0	0	0	0	0	0
oewn-13302298-n	regular payment	15	155	155	3	pay	2	15	0.13	0	2	0	0	0	0
oewn-07176845-n	proposal	11	155	543	9	question	1	11	0.09	1	0	0	0	0	0
oewn-05149888-n	benefit	6	155	620	6	interest	0	6	0.0	0	0	0	0	0	0
oewn-07593928-n	helping	20	154	1152	15	round	1	19	0.05	1	0	0	0	0	0
oewn-00746303-n	transgression	19	154	364	12	evil	7	19	0.37	5	2	1	0	0	0
oewn-06892230-n	demonstration	10	154	668	7	show	4	10	0.4	4	0	0	0	0	0
oewn-07144575-n	speaking	8	154	379	4	speaking	4	8	0.5	0	4	0	0	0	0
oewn-03487606-n	hand	6	154	1645	3	hand	0	6	0.0	0	0	0	0	0	0
oewn-07243631-n	thanks	5	154	313	4	bow	0	5	0.0	0	0	0	0	0	0
oewn-10026173-n	descendant	4	154	595	3	child	0	4	0.0	0	0	0	0	0	0
oewn-15168437-n	death	4	154	561	3	death	3	4	0.75	0	3	0	0	0	0
oewn-07625449-n	dessert	26	153	337	8	sweet	0	26	0.0	0	0	0	0	0	0
oewn-05053160-n	timing	21	153	681	9	coming	6	21	0.29	2	4	1	0	0	0
oewn-14783021-n	animal skin	9	153	381	7	fell	0	9	0.0	0	0	0	0	0	0
oewn-01071904-n	fast	5	153	159	3	fast	0	5	0.0	0	0	0	0	0	0
oewn-08648560-n	region	38	152	812	17	country	6	38	0.16	4	2	1	0	0	0
oewn-05155946-n	utility	21	152	779	7	use	9	21	0.43	9	0	0	0	0	0
oewn-10304832-n	male aristocrat	6	152	156	4	noble	0	6	0.0	0	0	0	0	0	0
oewn-01125919-n	social control	55	151	502	18	duty	8	55	0.15	8	0	0	0	0	0
oewn-00032220-n	relation	43	151	1313	20	part	2	43	0.05	2	0	0	0	0	0
oewn-05695143-n	trouble	8	151	846	4	matter	5	8	0.62	0	5	0	0	0	0
oewn-04431353-n	thing	7	151	1806	3	thing	3	7	0.43	2	1	1	0	0	0
oewn-00001740-n	entity	5	151	1800	3	thing	0	5	0.0	0	0	0	0	0	0
oewn-07526319-n	anticipation	4	151	727	4	hope	0	4	0.0	0	0	0	0	0	0
oewn-10618762-n	simpleton	59	150	365	17	fool	29	59	0.49	14	15	1	0	0	0
oewn-13630031-n	weight unit	20	150	1185	3	last	0	20	0.0	0	0	0	0	0	0
oewn-06410044-n	conclusion	14	150	881	9	end	0	14	0.0	0	0	0	0	0	0
oewn-07214225-n	reply	13	150	786	8	answer	2	13	0.15	1	1	1	0	0	0
oewn-04857348-n	justice	6	150	1074	3	right	6	6	1.0	6	0	0	0	0	0
oewn-09894819-n	bridge player	6	150	1641	2	hand	0	6	0.0	0	0	0	0	0	0
oewn-07556441-n	hope	4	150	719	3	hope	4	4	1.0	2	2	1	0	0	0
oewn-09997190-n	criminal	78	149	192	19	murderer	28	78	0.36	8	20	1	0	0	0
oewn-13546128-n	operation	33	149	639	5	sort	3	33	0.09	0	3	0	0	0	0
oewn-06705943-n	praise	17	149	199	10	compliment	6	17	0.35	6	0	0	0	0	0
oewn-05567877-n	limb	12	149	907	6	arm	0	12	0.0	0	0	0	0	0	0
oewn-08196607-n	populace	4	149	712	3	world	0	4	0.0	0	0	0	0	0	0
oewn-00443055-n	swimming	12	148	172	8	floating	1	12	0.08	0	1	0	0	0	0
oewn-06167042-n	performing arts	10	148	260	5	dance	0	10	0.0	0	0	0	0	0	0
oewn-05161923-n	resource	9	148	566	7	help	5	9	0.56	1	4	1	0	0	0
oewn-05769556-n	recall	9	148	919	6	mind	0	9	0.0	0	0	0	0	0	0
oewn-13502051-n	fire	7	148	440	7	fire	2	7	0.29	2	0	0	0	0	0
oewn-00656128-n	care	32	147	711	8	care	11	32	0.34	6	5	1	0	0	0
oewn-13951701-n	relationship	15	147	559	9	account	2	15	0.13	2	0	0	0	0	0
oewn-00281697-n	approach	8	147	612	6	coming	0	8	0.0	0	0	0	0	0	0
oewn-04627915-n	spirit	7	147	440	5	spirit	2	7	0.29	0	2	0	0	0	0
oewn-07691372-n	sausage	25	146	432	3	frank	4	25	0.16	4	0	0	0	0	0
oewn-07303737-n	trouble	14	146	608	14	trouble	8	14	0.57	0	8	0	0	0	0
oewn-05718807-n	visual perception	9	146	296	3	seeing	0	9	0.0	0	0	0	0	0	0
oewn-02834929-n	berth	8	146	199	5	lower	2	8	0.25	2	0	0	0	0	0
oewn-05846466-n	judgment	6	146	1017	6	mind	0	6	0.0	0	0	0	0	0	0
oewn-09459612-n	sky	6	146	274	4	blue	0	6	0.0	0	0	0	0	0	0
oewn-09840655-n	attacker	39	145	285	12	wolf	11	39	0.28	2	9	1	0	0	0
oewn-13943462-n	condition	26	145	628	9	fortune	1	26	0.04	1	0	0	0	0	0
oewn-03391862-n	foundation	11	145	1058	7	foot	0	11	0.0	0	0	0	0	0	0
oewn-07692347-n	frank	8	145	431	2	frank	0	8	0.0	0	0	0	0	0	0
oewn-00044888-n	implementation	11	144	1662	4	way	0	11	0.0	0	0	0	0	0	0
oewn-15143395-n	time off	9	144	409	4	leave	4	9	0.44	2	2	1	0	0	0
oewn-11438864-n	organic phenomenon	41	143	1378	11	life	1	41	0.02	0	1	0	0	0	0
oewn-05198072-n	power	35	143	1024	15	power	15	35	0.43	11	4	1	0	0	0
oewn-00028005-n	shape	26	143	1332	22	line	5	26	0.19	5	0	0	0	0	0
oewn-08701286-n	wilderness	7	143	310	6	wild	0	7	0.0	0	0	0	0	0	0
oewn-08576500-n	residence	6	143	1585	5	place	0	6	0.0	0	0	0	0	0	0
oewn-13289865-n	present	5	143	426	2	present	0	5	0.0	0	0	0	0	0	0
oewn-13405730-n	money	27	142	408	9	money	0	27	0.0	0	0	0	0	0	0
oewn-04594218-n	wind instrument	19	142	750	7	wood	0	19	0.0	0	0	0	0	0	0
oewn-15231092-n	month	8	142	284	2	month	0	8	0.0	0	0	0	0	0	0
oewn-06340727-n	present	5	142	425	1	present	0	5	0.0	0	0	0	0	0	0
oewn-03174056-n	decoration	63	141	656	26	figure	1	63	0.02	1	0	0	0	0	0
oewn-14309164-n	injury	41	141	663	23	break	19	41	0.46	0	19	0	0	0	0
oewn-09946909-n	reverend	40	141	235	20	ordinary	1	40	0.03	0	1	0	0	0	0
oewn-00342854-n	rotation	22	141	767	15	turn	0	22	0.0	0	0	0	0	0	0
oewn-06320373-n	grammatical category	15	141	905	4	case	0	15	0.0	0	0	0	0	0	0
oewn-04659141-n	uncommunicativeness	9	141	539	6	silence	3	9	0.33	0	3	0	0	0	0
oewn-05822417-n	topic	9	141	886	5	matter	2	9	0.22	2	0	0	0	0	0
oewn-07207844-n	questioning	11	140	504	7	question	1	11	0.09	1	0	0	0	0	0
oewn-04433753-n	thoroughfare	8	140	673	4	street	1	8	0.12	1	0	0	0	0	0
oewn-05595824-n	spinal column	8	140	1230	4	back	0	8	0.0	0	0	0	0	0	0
oewn-06612141-n	subject	8	140	1708	6	head	0	8	0.0	0	0	0	0	0	0
oewn-13768925-n	twelve	4	140	140	3	twelve	0	4	0.0	0	0	0	0	0	0
oewn-06481744-n	document	40	139	753	21	form	1	40	0.03	1	0	0	0	0	0
oewn-14010908-n	happiness	6	139	280	3	happiness	6	6	1.0	3	3	1	0	0	0
oewn-04496264-n	trousers	44	138	523	7	white	0	44	0.0	0	0	0	0	0	0
oewn-03579967-n	instrument	34	138	618	8	arm	1	34	0.03	1	0	0	0	0	0
oewn-01237823-n	retaliation	6	138	143	3	vengeance	2	6	0.33	0	2	0	0	0	0
oewn-02843848-n	binding	6	138	1244	3	back	0	6	0.0	0	0	0	0	0	0
oewn-00313610-n	ocean trip	5	138	320	3	sail	1	5	0.2	1	0	0	0	0	0
oewn-09784701-n	actor	38	137	454	11	heavy	0	38	0.0	0	0	0	0	0	0
oewn-03085025-n	component	29	137	409	10	making	0	29	0.0	0	0	0	0	0	0
oewn-14033619-n	inaction	28	137	876	14	rest	5	28	0.18	1	4	1	0	0	0
oewn-08376876-n	political unit	23	137	848	9	country	0	23	0.0	0	0	0	0	0	0
oewn-14460341-n	honor	13	137	583	11	respect	7	13	0.54	7	0	0	0	0	0
oewn-09861435-n	basketball player	9	137	395	3	forward	0	9	0.0	0	0	0	0	0	0
oewn-09382700-n	mountain	6	137	215	5	mountain	1	6	0.17	1	0	0	0	0	0
oewn-08674880-n	stratum	25	136	1024	7	bed	0	25	0.0	0	0	0	0	0	0
oewn-02071627-n	dolphin	19	136	150	6	white whale	0	19	0.0	0	0	0	0	0	0
oewn-08076706-n	firm	15	136	893	5	house	0	15	0.0	0	0	0	0	0	0
oewn-09849440-n	back	9	136	1206	2	back	0	9	0.0	0	0	0	0	0	0
oewn-00199979-n	change of state	44	135	682	24	start	3	44	0.07	2	1	1	0	0	0
oewn-06838449-n	font	22	135	1411	6	face	0	22	0.0	0	0	0	0	0	0
oewn-07155367-n	discussion	17	135	964	10	word	0	17	0.0	0	0	0	0	0	0
oewn-10244889-n	judge	16	135	300	6	judge	0	16	0.0	0	0	0	0	0	0
oewn-01226520-n	discourtesy	13	135	193	11	slight	2	13	0.15	0	2	0	0	0	0
oewn-15164090-n	leave	13	135	435	4	leave	1	13	0.08	0	1	0	0	0	0
oewn-08658688-n	vicinity	9	135	1052	7	place	0	9	0.0	0	0	0	0	0	0
oewn-14587156-n	wickedness	4	135	544	4	dark	4	4	1.0	1	3	1	0	0	0
oewn-10468557-n	police officer	29	134	633	14	captain	6	29	0.21	1	5	1	0	0	0
oewn-02963378-n	car	27	134	677	5	van	0	27	0.0	0	0	0	0	0	0
oewn-00029677-n	event	18	134	415	9	event	0	18	0.0	0	0	0	0	0	0
oewn-06898439-n	positive identification	16	134	1182	5	word	0	16	0.0	0	0	0	0	0	0
oewn-10121403-n	football player	16	134	1206	3	back	0	16	0.0	0	0	0	0	0	0
oewn-04844463-n	aggressiveness	14	134	1156	7	face	3	14	0.21	0	3	0	0	0	0
oewn-00727026-n	back	10	134	1204	1	back	0	10	0.0	0	0	0	0	0	0
oewn-07152793-n	discussion	10	134	560	9	talk	0	10	0.0	0	0	0	0	0	0
oewn-02770438-n	back	4	134	1204	1	back	0	4	0.0	0	0	0	0	0	0
oewn-08271252-n	reception	4	134	155	2	at home	0	4	0.0	0	0	0	0	0	0
oewn-05016354-n	physical property	56	133	1035	13	light	15	56	0.27	7	8	1	0	0	0
oewn-04386330-n	table	39	133	710	12	stand	2	39	0.05	0	2	0	0	0	0
oewn-07366790-n	wave	27	133	520	16	wave	3	27	0.11	0	3	0	0	0	0
oewn-13942718-n	projection	23	133	431	15	tail	0	23	0.0	0	0	0	0	0	0
oewn-13621340-n	angular unit	20	133	921	5	minute	0	20	0.0	0	0	0	0	0	0
oewn-05130681-n	extent	18	133	560	13	length	1	18	0.06	0	1	0	0	0	0
oewn-06769118-n	falsehood	16	133	319	13	lie	6	16	0.38	0	6	0	0	0	0
oewn-01066072-n	rest	13	133	652	7	rest	3	13	0.23	1	2	1	0	0	0
oewn-08327319-n	meeting	13	133	665	8	visit	1	13	0.08	0	1	0	0	0	0
oewn-09927483-n	chap	10	133	606	8	fellow	0	10	0.0	0	0	0	0	0	0
oewn-04278258-n	spear	7	133	186	4	harpoon	0	7	0.0	0	0	0	0	0	0
oewn-04953730-n	tactile property	4	133	622	3	feel	0	4	0.0	0	0	0	0	0	0
oewn-05232895-n	structure	91	132	2586	25	head	0	91	0.0	0	0	0	0	0	0
oewn-05184812-n	legal right	28	132	626	7	use	1	28	0.04	0	1	0	0	0	0
oewn-08010371-n	animal group	22	132	588	20	pride	1	22	0.05	1	0	0	0	0	0
oewn-05022301-n	coldness	13	132	376	7	cold	1	13	0.08	0	1	0	0	0	0
oewn-13471379-n	combustion	7	132	462	4	fire	0	7	0.0	0	0	0	0	0	0
oewn-13965927-n	circumstance	5	132	882	4	case	0	5	0.0	0	0	0	0	0	0
oewn-09640897-n	expert	85	131	542	27	shot	3	85	0.04	3	0	0	0	0	0
oewn-00021007-n	matter	29	131	727	11	matter	11	29	0.38	0	11	0	0	0	0
oewn-13962925-n	degree	28	131	983	19	point	0	28	0.0	0	0	0	0	0	0
oewn-10233322-n	intruder	20	131	287	8	stranger	8	20	0.4	0	8	0	0	0	0
oewn-03207444-n	diode	9	131	131	1	LED	0	9	0.0	0	0	0	0	0	0
oewn-06277798-n	newspaper	9	131	522	6	paper	0	9	0.0	0	0	0	0	0	0
oewn-07039073-n	black music	8	131	358	3	soul	0	8	0.0	0	0	0	0	0	0
oewn-03671688-n	light-emitting diode	4	131	131	1	LED	0	4	0.0	0	0	0	0	0	0
oewn-04868717-n	resoluteness	30	130	465	16	purpose	16	30	0.53	16	0	0	0	0	0
oewn-00049115-n	arrival	17	130	669	11	return	0	17	0.0	0	0	0	0	0	0
oewn-06030848-n	statistic	15	130	746	4	moment	3	15	0.2	1	2	1	0	0	0
oewn-04346716-n	strip	14	130	148	6	pale	0	14	0.0	0	0	0	0	0	0
oewn-11438252-n	luck	10	130	523	8	chance	3	10	0.3	0	3	0	0	0	0
oewn-13984978-n	animation	9	130	1219	6	life	0	9	0.0	0	0	0	0	0	0
oewn-03068762-n	coffin	4	130	133	3	coffin	0	4	0.0	0	0	0	0	0	0
oewn-07586285-n	nutriment	27	129	632	14	course	0	27	0.0	0	0	0	0	0	0
oewn-11472635-n	energy	25	129	983	5	work	1	25	0.04	0	1	0	0	0	0
oewn-05941982-n	view	15	129	937	14	ground	0	15	0.0	0	0	0	0	0	0
oewn-10391440-n	officer	15	129	848	11	captain	0	15	0.0	0	0	0	0	0	0
oewn-03018094-n	chessman	10	129	718	8	king	0	10	0.0	0	0	0	0	0	0
oewn-09410115-n	path	10	129	1223	7	round	0	10	0.0	0	0	0	0	0	0
oewn-09201718-n	rational motive	9	129	793	4	reason	4	9	0.44	4	0	0	0	0	0
oewn-07986853-n	family	8	129	792	5	family	0	8	0.0	0	0	0	0	0	0
oewn-14461591-n	repute	7	129	788	7	name	5	7	0.71	4	1	1	0	0	0
oewn-05005153-n	bodily property	25	128	561	15	carriage	0	25	0.0	0	0	0	0	0	0
oewn-10352098-n	mother	24	128	535	7	mother	11	24	0.46	10	1	1	0	0	0
oewn-03098248-n	contact	16	128	748	5	point	0	16	0.0	0	0	0	0	0	0
oewn-08199297-n	crowd	15	128	340	13	crowd	0	15	0.0	0	0	0	0	0	0
oewn-08596234-n	geographic point	12	128	870	5	work	0	12	0.0	0	0	0	0	0	0
oewn-04172050-n	section	11	128	484	8	length	0	11	0.0	0	0	0	0	0	0
oewn-13752012-n	real number	9	128	220	3	real	0	9	0.0	0	0	0	0	0	0
oewn-15281525-n	turn	7	128	1320	5	round	0	7	0.0	0	0	0	0	0	0
oewn-07183274-n	order	5	128	1113	3	word	0	5	0.0	0	0	0	0	0	0
oewn-05277400-n	bone	114	127	314	10	bone	1	114	0.01	0	1	0	0	0	0
oewn-06788939-n	wit	35	127	575	20	play	13	35	0.37	9	4	1	0	0	0
oewn-07558676-n	love	22	127	626	12	love	15	22	0.68	15	0	0	0	0	0
oewn-07825072-n	ingredient	16	127	508	3	white	0	16	0.0	0	0	0	0	0	0
oewn-14048353-n	sleep	15	127	470	3	sleep	0	15	0.0	0	0	0	0	0	0
oewn-00803899-n	risk	6	127	541	4	chance	4	6	0.67	1	3	1	0	0	0
oewn-07205939-n	demand	13	126	1206	8	call	1	13	0.08	0	1	0	0	0	0
oewn-05608392-n	face	9	126	1049	6	face	0	9	0.0	0	0	0	0	0	0
oewn-08683242-n	town	8	126	373	2	town	0	8	0.0	0	0	0	0	0	0
oewn-09420266-n	pond	8	126	156	3	mere	0	8	0.0	0	0	0	0	0	0
oewn-08577045-n	home	4	126	1538	2	place	0	4	0.0	0	0	0	0	0	0
oewn-04135005-n	sail	21	125	313	7	sail	1	21	0.05	0	1	0	0	0	0
oewn-05633248-n	imagination	13	125	455	6	fancy	8	13	0.62	2	6	1	0	0	0
oewn-13853199-n	cardinal compass point	13	125	314	9	south	0	13	0.0	0	0	0	0	0	0
oewn-00430033-n	entertainment	10	125	308	5	show	0	10	0.0	0	0	0	0	0	0
oewn-00879303-n	glance	6	125	156	3	glance	1	6	0.17	1	0	0	0	0	0
oewn-08243435-n	town	4	125	372	2	town	0	4	0.0	0	0	0	0	0	0
oewn-08433609-n	right	4	125	999	1	right	0	4	0.0	0	0	0	0	0	0
oewn-09631739-n	benefactor	29	124	239	9	uncle	6	29	0.21	2	4	1	0	0	0
oewn-06904543-n	performance	22	124	918	12	turn	1	22	0.05	1	0	0	0	0	0
oewn-00585404-n	employment	19	124	840	9	work	0	19	0.0	0	0	0	0	0	0
oewn-03310467-n	explosive device	15	124	293	3	mine	0	15	0.0	0	0	0	0	0	0
oewn-07237830-n	gossip	15	124	410	8	talk	0	15	0.0	0	0	0	0	0	0
oewn-00584283-n	career	13	124	322	7	walk	0	13	0.0	0	0	0	0	0	0
oewn-04322052-n	step	6	124	354	2	step	0	6	0.0	0	0	0	0	0	0
oewn-05477841-n	process	68	123	647	13	hair	2	68	0.03	1	1	1	0	0	0
oewn-07034009-n	music	47	123	1172	19	air	0	47	0.0	0	0	0	0	0	0
oewn-07420493-n	flow	39	123	684	21	run	4	39	0.1	0	4	0	0	0	0
oewn-00767761-n	crime	34	123	317	10	attempt	8	34	0.24	0	8	0	0	0	0
oewn-13615828-n	score	19	123	888	9	love	0	19	0.0	0	0	0	0	0	0
oewn-05941213-n	visual percept	15	123	953	8	sight	1	15	0.07	1	0	0	0	0	0
oewn-00320765-n	pursuit	10	123	276	8	following	0	10	0.0	0	0	0	0	0	0
oewn-13970595-n	social station	7	123	1250	4	place	1	7	0.14	1	0	0	0	0	0
oewn-05156942-n	helpfulness	4	123	523	3	help	0	4	0.0	0	0	0	0	0	0
oewn-05289932-n	dentition	4	123	123	1	teeth	0	4	0.0	0	0	0	0	0	0
oewn-14544120-n	air mass	4	123	555	3	high	0	4	0.0	0	0	0	0	0	0
oewn-07228055-n	disclosure	17	122	365	11	telling	1	17	0.06	0	1	0	0	0	0
oewn-00752488-n	falsification	16	122	170	15	lying	0	16	0.0	0	0	0	0	0	0
oewn-14471799-n	misery	7	122	293	5	misery	3	7	0.43	0	3	0	0	0	0
oewn-00210792-n	termination	54	121	476	33	kill	10	54	0.19	8	2	1	0	0	0
oewn-08668822-n	site	42	121	291	12	green	0	42	0.0	0	0	0	0	0	0
oewn-04699505-n	blemish	34	121	565	23	mark	14	34	0.41	0	14	0	0	0	0
oewn-08008892-n	taxonomic group	29	121	1101	11	family	1	29	0.03	0	1	0	0	0	0
oewn-00285642-n	walk	17	121	1090	10	foot	0	17	0.0	0	0	0	0	0	0
oewn-08562388-n	country	15	121	769	6	country	0	15	0.0	0	0	0	0	0	0
oewn-10235776-n	investor	13	121	261	4	bear	1	13	0.08	0	1	0	0	0	0
oewn-04252125-n	small boat	11	121	124	4	canoe	0	11	0.0	0	0	0	0	0	0
oewn-04836513-n	mercifulness	10	121	347	5	pity	6	10	0.6	4	2	1	0	0	0
oewn-10776861-n	visitor	8	121	299	5	company	1	8	0.12	1	0	0	0	0	0
oewn-00319561-n	carry	7	121	124	3	carry	0	7	0.0	0	0	0	0	0	0
oewn-04845441-n	boldness	7	121	1086	6	face	2	7	0.29	0	2	0	0	0	0
oewn-10680441-n	stranger	5	121	272	4	stranger	5	5	1.0	0	5	0	0	0	0
oewn-11503385-n	moment	4	121	728	1	moment	0	4	0.0	0	0	0	0	0	0
oewn-00071785-n	mistake	46	120	519	22	spot	25	46	0.54	0	25	0	0	0	0
oewn-13350663-n	assets	38	120	960	15	part	6	38	0.16	3	3	1	0	0	0
oewn-07460080-n	rise	22	120	394	12	rising	0	22	0.0	0	0	0	0	0	0
oewn-02077948-n	carnivore	14	120	238	3	bear	0	14	0.0	0	0	0	0	0	0
oewn-10043844-n	domestic	12	120	162	6	maid	0	12	0.0	0	0	0	0	0	0
oewn-09789059-n	adjudicator	5	120	265	3	judge	0	5	0.0	0	0	0	0	0	0
oewn-05723230-n	taste	30	119	487	15	sweet	1	30	0.03	1	0	0	0	0	0
oewn-01132241-n	duty	22	119	415	11	duty	3	22	0.14	3	0	0	0	0	0
oewn-00062953-n	orgasm	5	119	477	2	coming	5	5	1.0	4	1	1	0	0	0
oewn-14783454-n	hide	5	119	322	3	fell	0	5	0.0	0	0	0	0	0	0
oewn-13540166-n	natural process	106	118	937	32	set	3	106	0.03	0	3	0	0	0	0
oewn-07907701-n	wine	26	118	296	5	rose	2	26	0.08	0	2	0	0	0	0
oewn-00832852-n	breathing	24	118	254	10	smoke	6	24	0.25	0	6	0	0	0	0
oewn-07307418-n	result	15	118	545	10	deal	1	15	0.07	0	1	0	0	0	0
oewn-03773881-n	mine	11	118	235	1	mine	0	11	0.0	0	0	0	0	0	0
oewn-13978104-n	actuality	11	118	333	7	truth	4	11	0.36	4	0	0	0	0	0
oewn-00914791-n	production	10	118	322	3	making	0	10	0.0	0	0	0	0	0	0
oewn-02134305-n	bear	10	118	235	2	bear	0	10	0.0	0	0	0	0	0	0
oewn-03773667-n	mine	6	118	235	1	mine	3	6	0.5	3	0	0	0	0	0
oewn-10799960-n	widow	5	118	118	1	widow	0	5	0.0	0	0	0	0	0	0
oewn-02971932-n	carriage	33	117	435	18	carriage	1	33	0.03	1	0	0	0	0	0
oewn-00549363-n	acting	24	117	580	7	business	4	24	0.17	2	2	1	0	0	0
oewn-01068087-n	delay	23	117	303	11	break	1	23	0.04	0	1	0	0	0	0
oewn-04346369-n	strip	23	117	723	13	stay	0	23	0.0	0	0	0	0	0	0
oewn-10202544-n	homosexual	21	117	161	8	queer	1	21	0.05	0	1	0	0	0	0
oewn-10601606-n	servant	20	117	209	7	servant	2	20	0.1	2	0	0	0	0	0
oewn-09843763-n	authority	12	117	412	6	master	0	12	0.0	0	0	0	0	0	0
oewn-06323956-n	constituent	11	117	793	6	subject	1	11	0.09	0	1	0	0	0	0
oewn-07042734-n	theme	8	117	550	6	idea	0	8	0.0	0	0	0	0	0	0
oewn-13271441-n	money	6	117	373	3	money	0	6	0.0	0	0	0	0	0	0
oewn-14964524-n	liquid	25	116	632	7	water	4	25	0.16	4	0	0	0	0	0
oewn-05223633-n	body	18	116	1112	9	body	0	18	0.0	0	0	0	0	0	0
oewn-13751538-n	complex number	8	116	208	2	real	0	8	0.0	0	0	0	0	0	0
oewn-15267766-n	long time	7	116	246	2	age	0	7	0.0	0	0	0	0	0	0
oewn-06889359-n	gesture	23	115	634	16	sign	0	23	0.0	0	0	0	0	0	0
oewn-00187483-n	score	20	115	847	12	run	1	20	0.05	1	0	0	0	0	0
oewn-05760541-n	learning	19	115	757	8	work	0	19	0.0	0	0	0	0	0	0
oewn-03547513-n	hotel	18	115	246	5	court	0	18	0.0	0	0	0	0	0	0
oewn-06218486-n	position	14	115	1157	5	light	0	14	0.0	0	0	0	0	0	0
oewn-06758700-n	answer	5	115	449	4	answer	0	5	0.0	0	0	0	0	0	0
oewn-11505767-n	sunlight	4	115	308	4	sun	0	4	0.0	0	0	0	0	0	0
oewn-14998823-n	paper	63	114	558	16	paper	5	63	0.08	4	1	1	0	0	0
oewn-02759103-n	attire	30	114	428	15	dress	5	30	0.17	0	5	0	0	0	0
oewn-13554089-n	parturition	24	114	223	10	laying	1	24	0.04	1	0	0	0	0	0
oewn-08414212-n	military personnel	9	114	314	6	horse	0	9	0.0	0	0	0	0	0	0
oewn-06697128-n	commitment	8	114	270	6	promise	0	8	0.0	0	0	0	0	0	0
oewn-07397172-n	cry	34	113	394	17	cry	2	34	0.06	0	2	0	0	0	0
oewn-09568453-n	spirit	33	113	546	9	spirit	1	33	0.03	0	1	0	0	0	0
oewn-10628841-n	slave	11	113	351	5	creature	0	11	0.0	0	0	0	0	0	0
oewn-05733323-n	temperature	6	113	380	5	cold	1	6	0.17	0	1	0	0	0	0
oewn-13890262-n	curve	54	112	897	17	turn	2	54	0.04	2	0	0	0	0	0
oewn-03507653-n	headdress	17	112	296	7	hat	3	17	0.18	0	3	0	0	0	0
oewn-06751030-n	explanation	16	112	693	10	reason	1	16	0.06	1	0	0	0	0	0
oewn-04919909-n	courtesy	15	112	335	11	respect	10	15	0.67	10	0	0	0	0	0
oewn-00559920-n	run	12	112	921	9	run	0	12	0.0	0	0	0	0	0	0
oewn-06516453-n	note	8	112	639	6	minute	0	8	0.0	0	0	0	0	0	0
oewn-12226211-n	herb	623	111	226	33	simple	11	623	0.02	1	10	1	0	0	0
oewn-06344646-n	name	54	111	566	17	name	1	54	0.02	0	1	0	0	0	0
oewn-00236302-n	beginning	51	111	667	24	start	0	51	0.0	0	0	0	0	0	0
oewn-06202938-n	attitude	36	111	629	14	respect	8	36	0.22	8	0	0	0	0	0
oewn-03676175-n	line	30	111	685	12	line	0	30	0.0	0	0	0	0	0	0
oewn-03290823-n	enclosure	27	111	761	14	hold	0	27	0.0	0	0	0	0	0	0
oewn-05661693-n	exteroception	23	111	766	9	sight	4	23	0.17	4	0	0	0	0	0
oewn-00035041-n	kindness	12	111	399	10	kindness	6	12	0.5	6	0	0	0	0	0
oewn-07366212-n	turning	12	111	864	9	turn	0	12	0.0	0	0	0	0	0	0
oewn-00881437-n	observation	6	111	164	4	watching	0	6	0.0	0	0	0	0	0	0
oewn-05927628-n	intuition	5	111	849	5	heart	0	5	0.0	0	0	0	0	0	0
oewn-14396987-n	psychological state	47	110	314	16	anxiety	10	47	0.21	3	7	1	0	0	0
oewn-05131322-n	limit	15	110	221	8	bound	7	15	0.47	3	4	1	0	0	0
oewn-03292089-n	end product	7	110	743	3	work	0	7	0.0	0	0	0	0	0	0
oewn-01228272-n	rebuff	6	110	281	4	cut	0	6	0.0	0	0	0	0	0	0
oewn-06707972-n	compliment	6	110	110	2	compliment	5	6	0.83	2	3	1	0	0	0
oewn-07479682-n	tournament	5	110	442	1	open	0	5	0.0	0	0	0	0	0	0
oewn-13622839-n	computer memory unit	70	109	883	2	word	0	70	0.0	0	0	0	0	0	0
oewn-06804229-n	signal	42	109	707	14	sign	3	42	0.07	0	3	0	0	0	0
oewn-00429255-n	dancing	38	109	212	6	dance	1	38	0.03	1	0	0	0	0	0
oewn-01096649-n	commercial enterprise	35	109	697	17	business	0	35	0.0	0	0	0	0	0	0
oewn-13123895-n	woody plant	29	109	229	4	tree	1	29	0.03	0	1	0	0	0	0
oewn-04969961-n	red	21	109	270	10	red	2	21	0.1	0	2	0	0	0	0
oewn-07667063-n	variety meat	19	109	887	6	heart	0	19	0.0	0	0	0	0	0	0
oewn-14075528-n	ill health	19	109	292	12	harm	13	19	0.68	1	12	1	0	0	0
oewn-01597013-n	swallow	9	109	126	2	martin	0	9	0.0	0	0	0	0	0	0
oewn-13394134-n	medium of exchange	7	109	350	4	money	0	7	0.0	0	0	0	0	0	0
oewn-06337790-n	person	4	109	318	3	person	0	4	0.0	0	0	0	0	0	0
oewn-00064472-n	success	24	108	645	18	mark	13	24	0.54	12	1	1	0	0	0
oewn-05018974-n	temperature	23	108	346	7	cold	0	23	0.0	0	0	0	0	0	0
oewn-03239009-n	drawing	22	108	484	13	plan	0	22	0.0	0	0	0	0	0	0
oewn-00162063-n	choice	19	108	319	12	conclusion	1	19	0.05	1	0	0	0	0	0
oewn-00635829-n	count	15	108	278	6	count	0	15	0.0	0	0	0	0	0	0
oewn-10104064-n	female child	8	108	384	3	girl	0	8	0.0	0	0	0	0	0	0
oewn-01055541-n	stay	6	108	622	4	stay	0	6	0.0	0	0	0	0	0	0
oewn-10615055-n	sick person	45	107	185	13	patient	26	45	0.58	0	26	0	0	0	0
oewn-00860679-n	reaction	32	107	641	7	answer	3	32	0.09	0	3	0	0	0	0
oewn-00839759-n	consumption	15	107	221	10	drink	0	15	0.0	0	0	0	0	0	0
oewn-07226850-n	informing	15	107	613	10	account	0	15	0.0	0	0	0	0	0	0
oewn-07235754-n	narrative	14	107	307	5	story	0	14	0.0	0	0	0	0	0	0
oewn-10396720-n	old woman	10	107	498	6	mother	5	10	0.5	0	5	0	0	0	0
oewn-08242011-n	neighborhood	5	107	429	4	street	2	5	0.4	0	2	0	0	0	0
oewn-00672594-n	operation	91	106	147	5	D and C	4	91	0.04	2	2	1	0	0	0
oewn-02819085-n	beam	30	106	275	11	shore	0	30	0.0	0	0	0	0	0	0
oewn-00115251-n	pull	16	106	416	11	drawing	0	16	0.0	0	0	0	0	0	0
oewn-07177331-n	suggestion	13	106	625	13	touch	0	13	0.0	0	0	0	0	0	0
oewn-00301267-n	air travel	5	106	531	3	air	0	5	0.0	0	0	0	0	0	0
oewn-03328648-n	fastener	59	105	499	26	catch	0	59	0.0	0	0	0	0	0	0
oewn-05720023-n	sensation	27	105	625	8	sound	1	27	0.04	0	1	0	0	0	0
oewn-08529331-n	boundary	26	105	805	12	end	0	26	0.0	0	0	0	0	0	0
oewn-06278749-n	article	15	105	525	5	paper	0	15	0.0	0	0	0	0	0	0
oewn-06659969-n	record	15	105	657	7	account	0	15	0.0	0	0	0	0	0	0
oewn-05156572-n	function	5	105	483	4	use	0	5	0.0	0	0	0	0	0	0
oewn-05935308-n	representation	31	104	595	14	appearance	4	31	0.13	0	4	0	0	0	0
oewn-06790941-n	joke	27	104	253	11	laugh	6	27	0.22	5	1	1	0	0	0
oewn-13876846-n	opposition	25	104	524	12	sign	4	25	0.16	4	0	0	0	0	0
oewn-06693922-n	news	14	104	693	5	account	1	14	0.07	0	1	0	0	0	0
oewn-15016279-n	plant material	13	104	330	8	wood	0	13	0.0	0	0	0	0	0	0
oewn-11451868-n	breeze	12	104	613	7	air	0	12	0.0	0	0	0	0	0	0
oewn-10029138-n	detective	10	104	110	2	sherlock	0	10	0.0	0	0	0	0	0	0
oewn-15297873-n	interim	5	104	105	5	meantime	0	5	0.0	0	0	0	0	0	0
oewn-10269647-n	lawyer	23	103	141	9	lawyer	0	23	0.0	0	0	0	0	0	0
oewn-14558298-n	wetness	14	103	103	4	wet	0	14	0.0	0	0	0	0	0	0
oewn-00211367-n	finish	6	103	327	5	close	0	6	0.0	0	0	0	0	0	0
oewn-06756201-n	solution	6	103	539	5	answer	0	6	0.0	0	0	0	0	0	0
oewn-01235721-n	visit	5	103	615	4	call	0	5	0.0	0	0	0	0	0	0
oewn-02879899-n	bottle	31	102	194	9	flask	1	31	0.03	0	1	0	0	0	0
oewn-03095830-n	connection	25	102	1061	13	line	0	25	0.0	0	0	0	0	0	0
oewn-08016141-n	set	22	102	831	11	set	0	22	0.0	0	0	0	0	0	0
oewn-04972838-n	yellow	18	102	226	11	gold	5	18	0.28	0	5	0	0	0	0
oewn-05902260-n	misconception	18	102	309	12	fancy	11	18	0.61	0	11	0	0	0	0
oewn-06648784-n	fact	10	102	602	4	book	0	10	0.0	0	0	0	0	0	0
oewn-08237635-n	division	6	102	529	6	arm	0	6	0.0	0	0	0	0	0	0
oewn-11690372-n	flower	176	101	372	10	rose	0	176	0.0	0	0	0	0	0	0
oewn-06763518-n	proposition	17	101	331	7	particular	1	17	0.06	0	1	0	0	0	0
oewn-07201488-n	entreaty	14	101	302	12	suit	5	14	0.36	5	0	0	0	0	0
oewn-08455525-n	forest	13	101	319	5	wood	0	13	0.0	0	0	0	0	0	0
oewn-14027802-n	motion	13	101	277	9	stream	1	13	0.08	0	1	0	0	0	0
oewn-02801040-n	base	10	101	886	5	home	0	10	0.0	0	0	0	0	0	0
oewn-08586507-n	extremity	10	101	685	7	end	0	10	0.0	0	0	0	0	0	0
oewn-05009987-n	carriage	9	101	545	8	carriage	1	9	0.11	1	0	0	0	0	0
oewn-14428629-n	elation	8	101	634	4	high	5	8	0.62	5	0	0	0	0	0
oewn-06796625-n	question	7	101	1395	4	head	0	7	0.0	0	0	0	0	0	0
oewn-06838170-n	type	7	101	1387	3	face	1	7	0.14	1	0	0	0	0	0
oewn-07525235-n	wonder	4	101	347	4	wonder	4	4	1.0	4	0	0	0	0	0
oewn-09994178-n	artisan	66	100	122	17	potter	0	66	0.0	0	0	0	0	0	0
oewn-01232427-n	assembly	21	100	482	11	fair	0	21	0.0	0	0	0	0	0	0
oewn-06663446-n	guidance	17	100	635	8	wind	0	17	0.0	0	0	0	0	0	0
oewn-03370837-n	floor	16	100	471	12	story	0	16	0.0	0	0	0	0	0	0
oewn-06376912-n	matter	16	100	553	10	matter	0	16	0.0	0	0	0	0	0	0
oewn-07353929-n	contact	13	100	415	9	touch	0	13	0.0	0	0	0	0	0	0
oewn-05726201-n	sound	11	100	700	7	sound	5	11	0.45	5	0	0	0	0	0
oewn-05730374-n	touch	9	100	669	2	feeling	0	9	0.0	0	0	0	0	0	0
oewn-04243483-n	sleeve	7	100	457	4	arm	0	7	0.0	0	0	0	0	0	0
oewn-01598265-n	martin	6	100	100	1	martin	0	6	0.0	0	0	0	0	0	0
oewn-03451003-n	golf club	6	100	408	3	wood	0	6	0.0	0	0	0	0	0	0
oewn-14013112-n	innocence	6	100	208	4	clear	1	6	0.17	1	0	0	0	0	0
oewn-00753287-n	lying	5	100	101	4	lying	0	5	0.0	0	0	0	0	0	0
oewn-06641368-n	acknowledgment	23	99	256	12	shake	4	23	0.17	3	1	1	0	0	0
oewn-09467004-n	star	23	99	345	5	sun	2	23	0.09	0	2	0	0	0	0
oewn-05306228-n	internal organ	21	99	745	7	heart	0	21	0.0	0	0	0	0	0	0
oewn-05660241-n	modality	21	99	632	7	sight	4	21	0.19	4	0	0	0	0	0
oewn-03133774-n	creation	19	99	586	13	piece	1	19	0.05	1	0	0	0	0	0
oewn-13991994-n	order	12	99	583	7	order	3	12	0.25	0	3	0	0	0	0
oewn-06752932-n	justification	7	99	553	5	reason	0	7	0.0	0	0	0	0	0	0
oewn-15194920-n	week	7	99	316	2	week	0	7	0.0	0	0	0	0	0	0
oewn-03742461-n	mechanical device	77	98	536	19	stop	0	77	0.0	0	0	0	0	0	0
oewn-00637093-n	examination	48	98	338	15	study	3	48	0.06	1	2	1	0	0	0
oewn-10119144-n	follower	35	98	254	15	regular	6	35	0.17	0	6	0	0	0	0
oewn-04341737-n	street	14	98	392	7	street	0	14	0.0	0	0	0	0	0	0
oewn-04752054-n	likeness	13	98	230	7	reflection	5	13	0.38	4	1	1	0	0	0
oewn-01064741-n	pause	12	98	307	12	pause	1	12	0.08	1	0	0	0	0	0
oewn-04270870-n	source of illumination	9	98	654	2	light	0	9	0.0	0	0	0	0	0	0
oewn-14564646-n	danger	9	98	332	7	danger	6	9	0.67	0	6	0	0	0	0
oewn-08418205-n	branch	8	98	497	4	arm	0	8	0.0	0	0	0	0	0	0
oewn-03842942-n	oar	7	98	147	4	oar	2	7	0.29	0	2	0	0	0	0
oewn-00722683-n	stead	5	98	1036	5	place	0	5	0.0	0	0	0	0	0	0
oewn-09339360-n	island	4	98	164	3	island	0	4	0.0	0	0	0	0	0	0
oewn-10364174-n	name	4	98	682	2	name	0	4	0.0	0	0	0	0	0	0
oewn-13935275-n	tree	4	98	195	1	tree	0	4	0.0	0	0	0	0	0	0
oewn-04088956-n	restraint	39	97	706	23	stop	0	39	0.0	0	0	0	0	0	0
oewn-03754377-n	merchandise	38	97	950	19	line	6	38	0.16	1	5	1	0	0	0
oewn-09565030-n	evil spirit	20	97	253	8	devil	1	20	0.05	0	1	0	0	0	0
oewn-08670545-n	space	18	97	1288	6	place	1	18	0.06	0	1	0	0	0	0
oewn-05810193-n	calculation	17	97	462	7	idea	4	17	0.24	0	4	0	0	0	0
oewn-06871829-n	interval	17	97	646	8	step	0	17	0.0	0	0	0	0	0	0
oewn-05825971-n	detail	13	97	782	7	point	0	13	0.0	0	0	0	0	0	0
oewn-10496256-n	private detective	12	97	97	1	sherlock	0	12	0.0	0	0	0	0	0	0
oewn-13948785-n	situation	9	97	1166	4	place	1	9	0.11	0	1	0	0	0	0
oewn-05842891-n	inspiration	7	97	503	5	mother	1	7	0.14	1	0	0	0	0	0
oewn-14432050-n	predicament	7	97	700	6	care	7	7	1.0	2	5	1	0	0	0
oewn-03846937-n	oeuvre	4	97	643	2	work	0	4	0.0	0	0	0	0	0	0
oewn-02799782-n	barrier	35	96	297	21	wing	0	35	0.0	0	0	0	0	0	0
oewn-07665463-n	meat	35	96	469	13	cut	2	35	0.06	1	1	1	0	0	0
oewn-00221389-n	murder	27	96	160	12	murder	10	27	0.37	0	10	0	0	0	0
oewn-04529716-n	vasoconstrictor	24	96	289	2	cold	3	24	0.12	2	1	1	0	0	0
oewn-03905025-n	path	14	96	401	6	walk	2	14	0.14	2	0	0	0	0	0
oewn-07214582-n	rejoinder	13	96	716	6	return	0	13	0.0	0	0	0	0	0	0
oewn-07256497-n	public speaking	10	96	260	5	speaking	0	10	0.0	0	0	0	0	0	0
oewn-11515038-n	precipitation	10	96	256	6	snow	0	10	0.0	0	0	0	0	0	0
oewn-05715442-n	intuition	9	96	560	4	feeling	3	9	0.33	2	1	1	0	0	0
oewn-07572535-n	course	9	96	614	5	course	0	9	0.0	0	0	0	0	0	0
oewn-13391842-n	treasure	7	96	240	5	fortune	0	7	0.0	0	0	0	0	0	0
oewn-05817904-n	world	4	96	636	3	world	0	4	0.0	0	0	0	0	0	0
oewn-06685887-n	secret	4	96	311	3	secret	1	4	0.25	0	1	0	0	0	0
oewn-15298612-n	sleep	4	96	386	2	sleep	0	4	0.0	0	0	0	0	0	0
oewn-13547313-n	organic process	143	95	367	26	expression	7	143	0.05	4	3	1	0	0	0
oewn-06005806-n	discipline	43	95	607	12	subject	0	43	0.0	0	0	0	0	0	0
oewn-14168577-n	respiratory disease	31	95	281	3	cold	19	31	0.61	3	16	1	0	0	0
oewn-05796154-n	decision making	29	95	394	15	resolution	2	29	0.07	0	2	0	0	0	0
oewn-14878134-n	body waste	27	95	535	4	water	0	27	0.0	0	0	0	0	0	0
oewn-00303220-n	flight	24	95	186	9	flying	4	24	0.17	0	4	0	0	0	0
oewn-08474987-n	series	24	95	1012	11	course	2	24	0.08	0	2	0	0	0	0
oewn-07488581-n	victory	21	95	336	14	fall	4	21	0.19	4	0	0	0	0	0
oewn-06342796-n	semantic role	19	95	308	4	patient	3	19	0.16	0	3	0	0	0	0
oewn-06571356-n	pleading	18	95	501	6	answer	0	18	0.0	0	0	0	0	0	0
oewn-10158287-n	good person	18	95	298	9	rock	6	18	0.33	6	0	0	0	0	0
oewn-00120388-n	jump	14	95	358	10	spring	1	14	0.07	1	0	0	0	0	0
oewn-15146953-n	musical time	13	95	190	4	beat	0	13	0.0	0	0	0	0	0	0
oewn-05705100-n	certainty	12	95	398	6	trust	3	12	0.25	3	0	0	0	0	0
oewn-10432655-n	peer	9	95	186	4	duke	2	9	0.22	2	0	0	0	0	0
oewn-06795537-n	guess	8	95	186	7	guess	1	8	0.12	1	0	0	0	0	0
oewn-06684229-n	advice	7	95	149	6	advice	1	7	0.14	1	0	0	0	0	0
oewn-03269943-n	edge tool	26	94	223	13	knife	0	26	0.0	0	0	0	0	0	0
oewn-00948944-n	use	15	94	655	10	use	2	15	0.13	0	2	0	0	0	0
oewn-05098974-n	probability	15	94	381	5	chance	4	15	0.27	2	2	1	0	0	0
oewn-07542591-n	joy	14	94	205	8	joy	8	14	0.57	4	4	1	0	0	0
oewn-13671244-n	nautical linear unit	14	94	753	3	mile	0	14	0.0	0	0	0	0	0	0
oewn-14145535-n	communicable disease	6	94	282	2	cold	3	6	0.5	3	0	0	0	0	0
oewn-01173452-n	fight	44	93	329	21	shock	13	44	0.3	1	12	1	0	0	0
oewn-14869913-n	water	27	93	519	6	water	1	27	0.04	0	1	0	0	0	0
oewn-05132642-n	scope	22	93	501	14	view	3	22	0.14	3	0	0	0	0	0
oewn-10771761-n	victim	18	93	180	13	victim	5	18	0.28	0	5	0	0	0	0
oewn-06905066-n	act	8	93	826	6	turn	0	8	0.0	0	0	0	0	0	0
oewn-10146463-n	genius	6	93	395	4	wonder	5	6	0.83	5	0	0	0	0	0
oewn-08393816-n	course	5	93	918	5	course	0	5	0.0	0	0	0	0	0	0
oewn-07179197-n	offer	20	92	318	10	offer	0	20	0.0	0	0	0	0	0	0
oewn-05245085-n	body covering	15	92	424	7	hair	0	15	0.0	0	0	0	0	0	0
oewn-07310808-n	periodic event	14	92	313	10	beat	0	14	0.0	0	0	0	0	0	0
oewn-13828352-n	perfective	14	92	92	2	perfect	0	14	0.0	0	0	0	0	0	0
oewn-07123727-n	auditory communication	13	92	584	6	sound	0	13	0.0	0	0	0	0	0	0
oewn-09491734-n	valley	10	92	130	8	hollow	0	10	0.0	0	0	0	0	0	0
oewn-15299060-n	respite	10	92	619	4	rest	0	10	0.0	0	0	0	0	0	0
oewn-04988388-n	sound	6	92	853	4	voice	0	6	0.0	0	0	0	0	0	0
oewn-09918344-n	case	6	92	614	3	case	0	6	0.0	0	0	0	0	0	0
oewn-08270736-n	dinner	5	92	187	3	dinner	0	5	0.0	0	0	0	0	0	0
oewn-13832132-n	detail	5	92	309	4	particular	0	5	0.0	0	0	0	0	0	0
oewn-00799906-n	campaign	31	91	493	8	cause	2	31	0.06	1	1	1	0	0	0
oewn-02823345-n	bedclothes	18	91	480	10	comfort	0	18	0.0	0	0	0	0	0	0
oewn-07020800-n	dramatic composition	14	91	791	6	book	0	14	0.0	0	0	0	0	0	0
oewn-00131910-n	base hit	13	91	248	4	single	0	13	0.0	0	0	0	0	0	0
oewn-05136830-n	distance	11	91	566	4	leg	0	11	0.0	0	0	0	0	0	0
oewn-07377946-n	descent	9	91	857	8	set	0	9	0.0	0	0	0	0	0	0
oewn-07418714-n	tidal flow	7	91	144	2	eager	0	7	0.0	0	0	0	0	0	0
oewn-15165365-n	life	6	91	979	5	life	0	6	0.0	0	0	0	0	0	0
oewn-09649777-n	perceiver	26	90	255	14	witness	6	26	0.23	6	0	0	0	0	0
oewn-00511200-n	revel	20	90	324	10	tear	5	20	0.25	0	5	0	0	0	0
oewn-05857567-n	property	11	90	538	9	character	0	11	0.0	0	0	0	0	0	0
oewn-07303344-n	social event	11	90	313	5	occasion	2	11	0.18	2	0	0	0	0	0
oewn-00318033-n	delivery	10	90	380	7	passage	0	10	0.0	0	0	0	0	0	0
oewn-03934354-n	piano	9	90	150	5	grand	0	9	0.0	0	0	0	0	0	0
oewn-03459977-n	grave	8	90	163	3	grave	0	8	0.0	0	0	0	0	0	0
oewn-07011408-n	artwork	6	90	391	3	illustration	0	6	0.0	0	0	0	0	0	0
oewn-08690476-n	village	6	90	181	2	village	0	6	0.0	0	0	0	0	0	0
oewn-10446867-n	photographer's model	5	90	90	1	lovely	3	5	0.6	3	0	0	0	0	0
oewn-07073295-n	popular music	30	89	224	6	rock	0	30	0.0	0	0	0	0	0	0
oewn-10396222-n	oldster	25	89	305	8	old man	10	25	0.4	6	4	1	0	0	0
oewn-06381452-n	story	18	89	318	9	story	0	18	0.0	0	0	0	0	0	0
oewn-05682974-n	consciousness	10	89	156	6	self	3	10	0.3	0	3	0	0	0	0
oewn-00880134-n	stare	7	89	223	6	regard	0	7	0.0	0	0	0	0	0	0
oewn-10145323-n	general officer	7	89	266	2	general	0	7	0.0	0	0	0	0	0	0
oewn-05831106-n	circumstance	5	89	431	4	circumstance	1	5	0.2	0	1	0	0	0	0
oewn-15130838-n	yeast	5	89	444	2	mother	0	5	0.0	0	0	0	0	0	0
oewn-00789119-n	contribution	4	89	1089	4	part	0	4	0.0	0	0	0	0	0	0
oewn-10727453-n	thief	50	88	140	11	pirate	2	50	0.04	0	2	0	0	0	0
oewn-09280855-n	covering	40	88	805	22	case	0	40	0.0	0	0	0	0	0	0
oewn-00819341-n	protection	35	88	518	14	care	7	35	0.2	0	7	0	0	0	0
oewn-10269156-n	law officer	33	88	187	12	officer	0	33	0.0	0	0	0	0	0	0
oewn-03116341-n	correctional institution	19	88	187	7	prison	0	19	0.0	0	0	0	0	0	0
oewn-07791351-n	fish	18	88	175	6	fish	3	18	0.17	3	0	0	0	0	0
oewn-06411914-n	passage	12	88	1117	6	place	0	12	0.0	0	0	0	0	0	0
oewn-06179001-n	literary study	9	88	95	2	lit	0	9	0.0	0	0	0	0	0	0
oewn-01230397-n	politeness	6	88	293	5	respect	3	6	0.5	3	0	0	0	0	0
oewn-05225393-n	cadaver	6	88	169	4	remains	0	6	0.0	0	0	0	0	0	0
oewn-05859151-n	aspect	6	88	872	5	side	1	6	0.17	1	0	0	0	0	0
oewn-09773548-n	abbess	4	88	442	1	mother	0	4	0.0	0	0	0	0	0	0
oewn-13107668-n	plant part	40	87	453	11	lip	2	40	0.05	0	2	0	0	0	0
oewn-05907175-n	plan	33	87	319	10	plan	0	33	0.0	0	0	0	0	0	0
oewn-04198638-n	shelter	31	87	192	14	haven	3	31	0.1	0	3	0	0	0	0
oewn-10552570-n	rival	23	87	252	12	enemy	0	23	0.0	0	0	0	0	0	0
oewn-06732328-n	defamation	18	87	513	4	name	12	18	0.67	0	12	0	0	0	0
oewn-00559667-n	football play	14	87	616	6	run	0	14	0.0	0	0	0	0	0	0
oewn-07431314-n	juncture	14	87	1244	8	head	4	14	0.29	0	4	0	0	0	0
oewn-06900776-n	display	12	87	477	9	sight	1	12	0.08	1	0	0	0	0	0
oewn-00032912-n	possession	11	87	287	5	holding	4	11	0.36	4	0	0	0	0	0
oewn-07044205-n	part	11	87	1028	5	part	0	11	0.0	0	0	0	0	0	0
oewn-09859605-n	baron	11	87	684	4	king	0	11	0.0	0	0	0	0	0	0
oewn-03990739-n	porch	10	87	253	5	deck	0	10	0.0	0	0	0	0	0	0
oewn-05106204-n	size	9	87	437	8	length	1	9	0.11	0	1	0	0	0	0
oewn-10702400-n	sweetheart	8	87	90	2	steady	0	8	0.0	0	0	0	0	0	0
oewn-09897417-n	buddy	7	87	315	4	brother	0	7	0.0	0	0	0	0	0	0
oewn-11478731-n	fog	7	87	126	2	mist	0	7	0.0	0	0	0	0	0	0
oewn-05631411-n	compass	6	87	507	5	sight	4	6	0.67	4	0	0	0	0	0
oewn-10349658-n	monster	6	87	332	6	devil	5	6	0.83	0	5	0	0	0	0
oewn-00267650-n	repair	19	86	421	11	care	3	19	0.16	3	0	0	0	0	0
oewn-04999341-n	taste property	17	86	316	6	sweet	2	17	0.12	0	2	0	0	0	0
oewn-10772148-n	victim	17	86	356	9	mark	0	17	0.0	0	0	0	0	0	0
oewn-00163453-n	decision	13	86	697	11	call	0	13	0.0	0	0	0	0	0	0
oewn-02832068-n	bench	11	86	136	5	bench	1	11	0.09	0	1	0	0	0	0
oewn-14964238-n	liquid	9	86	514	4	water	1	9	0.11	1	0	0	0	0	0
oewn-10078393-n	enlisted man	8	86	86	1	private	0	8	0.0	0	0	0	0	0	0
oewn-00314473-n	water travel	7	86	195	3	voyage	0	7	0.0	0	0	0	0	0	0
oewn-04167433-n	seam	6	86	259	3	fell	0	6	0.0	0	0	0	0	0	0
oewn-09261832-n	cave	5	86	97	3	cave	0	5	0.0	0	0	0	0	0	0
oewn-11438574-n	luck	5	86	293	5	fortune	2	5	0.4	2	0	0	0	0	0
oewn-13348253-n	loss	5	86	317	4	red	1	5	0.2	0	1	0	0	0	0
oewn-01141321-n	sanction	4	86	514	2	name	0	4	0.0	0	0	0	0	0	0
oewn-07951744-n	water	4	86	509	2	water	1	4	0.25	1	0	0	0	0	0
oewn-08243620-n	village	4	86	176	2	village	0	4	0.0	0	0	0	0	0	0
oewn-03491080-n	handle	23	85	462	11	hold	0	23	0.0	0	0	0	0	0	0
oewn-05768199-n	memory	19	85	363	11	memory	0	19	0.0	0	0	0	0	0	0
oewn-05813483-n	understanding	19	85	486	12	hold	5	19	0.26	4	1	1	0	0	0
oewn-07572730-n	dainty	18	85	292	9	sweet	0	18	0.0	0	0	0	0	0	0
oewn-04871431-n	determination	15	85	255	8	purpose	3	15	0.2	3	0	0	0	0	0
oewn-05832256-n	evidence	13	85	569	9	sign	0	13	0.0	0	0	0	0	0	0
oewn-06893299-n	expression	12	85	441	9	act	6	12	0.5	5	1	1	0	0	0
oewn-04967454-n	black	9	85	318	5	black	3	9	0.33	0	3	0	0	0	0
oewn-00811126-n	possession	8	85	242	5	holding	1	8	0.12	0	1	0	0	0	0
oewn-04630470-n	nature	7	85	398	4	nature	0	7	0.0	0	0	0	0	0	0
oewn-08692477-n	plot	6	85	510	4	bed	0	6	0.0	0	0	0	0	0	0
oewn-13274511-n	purchase	5	85	140	4	buy	3	5	0.6	3	0	0	0	0	0
oewn-04724415-n	qualification	4	85	251	3	making	0	4	0.0	0	0	0	0	0	0
oewn-07982551-n	world	4	85	595	2	world	0	4	0.0	0	0	0	0	0	0
oewn-04583497-n	wheeled vehicle	42	84	361	6	carriage	1	42	0.02	0	1	0	0	0	0
oewn-14085287-n	illness	32	84	196	10	condition	12	32	0.38	2	10	1	0	0	0
oewn-01092370-n	commerce	30	84	570	15	business	2	30	0.07	0	2	0	0	0	0
oewn-04424944-n	theater	21	84	847	5	house	2	21	0.1	0	2	0	0	0	0
oewn-02803056-n	baseball equipment	20	84	326	6	hill	0	20	0.0	0	0	0	0	0	0
oewn-06263820-n	message	20	84	182	10	message	0	20	0.0	0	0	0	0	0	0
oewn-05043549-n	intensity	19	84	503	13	strength	4	19	0.21	0	4	0	0	0	0
oewn-04756076-n	difference	17	84	459	9	change	8	17	0.47	4	4	1	0	0	0
oewn-01223473-n	behavior	16	84	220	8	conduct	5	16	0.31	4	1	1	0	0	0
oewn-01185144-n	lawsuit	13	84	752	6	case	0	13	0.0	0	0	0	0	0	0
oewn-08443418-n	formation	13	84	1946	10	head	0	13	0.0	0	0	0	0	0	0
oewn-05631825-n	endowment	10	84	240	7	bent	3	10	0.3	3	0	0	0	0	0
oewn-13364541-n	stake	10	84	302	7	kitty	2	10	0.2	2	0	0	0	0	0
oewn-00556685-n	haste	9	84	287	8	hurry	0	9	0.0	0	0	0	0	0	0
oewn-13370410-n	security	9	84	116	5	earnest	0	9	0.0	0	0	0	0	0	0
oewn-14643012-n	binary compound	7	84	506	1	water	1	7	0.14	0	1	0	0	0	0
oewn-04724140-n	fitness	6	84	251	3	making	4	6	0.67	4	0	0	0	0	0
oewn-04861620-n	injustice	6	84	168	2	wrong	4	6	0.67	0	4	0	0	0	0
oewn-06892571-n	display	5	84	257	3	show	2	5	0.4	0	2	0	0	0	0
oewn-07506178-n	delight	5	84	169	2	delight	3	5	0.6	0	3	0	0	0	0
oewn-13274650-n	bargain	5	84	147	4	buy	3	5	0.6	3	0	0	0	0	0
oewn-07519582-n	gratitude	4	84	84	3	gratitude	4	4	1.0	0	4	0	0	0	0
oewn-03743963-n	mechanism	46	83	539	13	carriage	0	46	0.0	0	0	0	0	0	0
oewn-10641415-n	soldier	38	83	237	9	regular	2	38	0.05	1	1	1	0	0	0
oewn-02821967-n	bed	29	83	478	12	bed	6	29	0.21	1	5	1	0	0	0
oewn-05858316-n	feature	24	83	285	13	feature	3	24	0.12	3	0	0	0	0	0
oewn-07025650-n	line	23	83	1563	6	head	0	23	0.0	0	0	0	0	0	0
oewn-08583557-n	end	23	83	1037	11	end	1	23	0.04	1	0	0	0	0	0
oewn-13337021-n	duty	16	83	243	5	duty	0	16	0.0	0	0	0	0	0	0
oewn-00157901-n	influence	14	83	466	8	use	1	14	0.07	0	1	0	0	0	0
oewn-07986142-n	kin	14	83	477	6	family	0	14	0.0	0	0	0	0	0	0
oewn-05574137-n	finger	12	83	212	6	finger	0	12	0.0	0	0	0	0	0	0
oewn-05561822-n	mammary gland	11	83	306	6	breast	0	11	0.0	0	0	0	0	0	0
oewn-00746935-n	evil	10	83	177	7	evil	5	10	0.5	5	0	0	0	0	0
oewn-03158739-n	cutter	9	83	166	3	die	0	9	0.0	0	0	0	0	0	0
oewn-07510467-n	suffering	9	83	291	7	suffering	6	9	0.67	0	6	0	0	0	0
oewn-04012006-n	prison	8	83	142	5	prison	0	8	0.0	0	0	0	0	0	0
oewn-00220890-n	homicide	7	83	109	3	murder	3	7	0.43	0	3	0	0	0	0
oewn-01235962-n	attendance	7	83	317	5	appearance	0	7	0.0	0	0	0	0	0	0
oewn-05570667-n	vertebrate foot	7	83	910	2	foot	0	7	0.0	0	0	0	0	0	0
oewn-03149258-n	cube	5	83	165	2	die	0	5	0.0	0	0	0	0	0	0
oewn-10329563-n	merchant	42	82	122	13	baker	2	42	0.05	0	2	0	0	0	0
oewn-13108385-n	plant organ	37	82	1224	10	head	2	37	0.05	2	0	0	0	0	0
oewn-04606723-n	work	25	82	564	4	work	0	25	0.0	0	0	0	0	0	0
oewn-06301417-n	form	23	82	374	10	form	0	23	0.0	0	0	0	0	0	0
oewn-09643248-n	inhabitant	23	82	95	9	inhabitant	0	23	0.0	0	0	0	0	0	0
oewn-00955074-n	military action	22	82	426	10	action	0	22	0.0	0	0	0	0	0	0
oewn-06551761-n	decree	18	82	521	8	order	0	18	0.0	0	0	0	0	0	0
oewn-03959692-n	place of worship	17	82	275	7	church	0	17	0.0	0	0	0	0	0	0
oewn-03901282-n	passageway	14	82	231	11	gate	1	14	0.07	0	1	0	0	0	0
oewn-00403900-n	damage	13	82	296	8	harm	2	13	0.15	0	2	0	0	0	0
oewn-07344607-n	destiny	11	82	155	5	fate	4	11	0.36	0	4	0	0	0	0
oewn-08180172-n	legislature	11	82	844	5	house	0	11	0.0	0	0	0	0	0	0
oewn-08226608-n	police	11	82	189	4	law	0	11	0.0	0	0	0	0	0	0
oewn-10011405-n	darling	11	82	203	6	favourite	0	11	0.0	0	0	0	0	0	0
oewn-00442764-n	water sport	8	82	82	2	swim	0	8	0.0	0	0	0	0	0	0
oewn-00925809-n	devising	8	82	246	1	making	0	8	0.0	0	0	0	0	0	0
oewn-09456346-n	shore	8	82	190	6	shore	0	8	0.0	0	0	0	0	0	0
oewn-10148446-n	giant	6	82	245	4	monster	0	6	0.0	0	0	0	0	0	0
oewn-00745603-n	injury	4	82	186	3	wrong	3	4	0.75	0	3	0	0	0	0
oewn-05814631-n	appreciation	4	82	533	4	hold	3	4	0.75	3	0	0	0	0	0
oewn-08238818-n	audience	4	82	860	3	house	0	4	0.0	0	0	0	0	0	0
oewn-07897775-n	beverage	40	81	382	10	mate	5	40	0.12	5	0	0	0	0	0
oewn-13919062-n	depression	26	81	650	24	line	0	26	0.0	0	0	0	0	0	0
oewn-05780353-n	reasoning	24	81	511	11	line	1	24	0.04	1	0	0	0	0	0
oewn-10652848-n	spectator	24	81	198	9	witness	9	24	0.38	7	2	1	0	0	0
oewn-05065731-n	pace	17	81	309	11	beat	4	17	0.24	0	4	0	0	0	0
oewn-04857820-n	immorality	16	81	167	5	evil	10	16	0.62	8	2	1	0	0	0
oewn-05199719-n	interest	12	81	500	6	interest	6	12	0.5	6	0	0	0	0	0
oewn-00414252-n	custom	10	81	458	6	use	5	10	0.5	5	0	0	0	0	0
oewn-02954794-n	canoe	9	81	81	1	canoe	0	9	0.0	0	0	0	0	0	0
oewn-06494090-n	item	9	81	1381	5	place	0	9	0.0	0	0	0	0	0	0
oewn-10086539-n	evaluator	8	81	162	3	judge	3	8	0.38	3	0	0	0	0	0
oewn-04659534-n	secrecy	5	81	288	3	silence	0	5	0.0	0	0	0	0	0	0
oewn-07987896-n	house	5	81	836	3	house	0	5	0.0	0	0	0	0	0	0
oewn-05145753-n	value	28	80	259	11	importance	7	28	0.25	6	1	1	0	0	0
oewn-09958771-n	combatant	26	80	347	11	master	3	26	0.12	3	0	0	0	0	0
oewn-06723485-n	criticism	22	80	517	12	fire	12	22	0.55	0	12	0	0	0	0
oewn-14537641-n	sphere	17	80	555	14	land	0	17	0.0	0	0	0	0	0	0
oewn-10588855-n	secret agent	16	80	533	2	foot	0	16	0.0	0	0	0	0	0	0
oewn-14022061-n	confinement	13	80	412	9	hold	0	13	0.0	0	0	0	0	0	0
oewn-13612964-n	count	10	80	245	4	count	0	10	0.0	0	0	0	0	0	0
oewn-10634145-n	smith	4	80	133	3	smith	0	4	0.0	0	0	0	0	0	0
oewn-09637345-n	creator	28	79	88	9	farmer	1	28	0.04	1	0	0	0	0	0
oewn-02978156-n	case	26	79	606	11	case	0	26	0.0	0	0	0	0	0	0
oewn-02746552-n	art	19	79	298	7	art	4	19	0.21	2	2	1	0	0	0
oewn-06811608-n	mark	14	79	1236	9	line	0	14	0.0	0	0	0	0	0	0
oewn-08365742-n	law enforcement agency	11	79	186	3	law	0	11	0.0	0	0	0	0	0	0
oewn-09963020-n	commissioned naval officer	11	79	447	6	captain	1	11	0.09	1	0	0	0	0	0
oewn-07435370-n	damage	10	79	503	7	run	4	10	0.4	0	4	0	0	0	0
oewn-08530790-n	place	8	79	1071	5	place	0	8	0.0	0	0	0	0	0	0
oewn-07973040-n	pack	6	79	245	4	deck	0	6	0.0	0	0	0	0	0	0
oewn-00313379-n	voyage	5	79	185	2	voyage	0	5	0.0	0	0	0	0	0	0
oewn-06890628-n	grimace	5	79	920	4	face	0	5	0.0	0	0	0	0	0	0
oewn-01190300-n	judgment	38	78	399	6	opinion	16	38	0.42	3	13	1	0	0	0
oewn-08215338-n	military unit	32	78	474	11	force	2	32	0.06	0	2	0	0	0	0
oewn-08452398-n	system	29	78	692	8	body	1	29	0.03	0	1	0	0	0	0
oewn-03950948-n	pipe	27	78	574	8	line	0	27	0.0	0	0	0	0	0	0
oewn-10358420-n	murderer	25	78	165	10	gun	1	25	0.04	0	1	0	0	0	0
oewn-06830640-n	mark	21	78	1632	8	head	0	21	0.0	0	0	0	0	0	0
oewn-02514684-n	fish	17	78	156	1	fish	0	17	0.0	0	0	0	0	0	0
oewn-03410175-n	furnishing	14	78	134	13	furniture	0	14	0.0	0	0	0	0	0	0
oewn-06266354-n	sheet	14	78	275	10	leaf	0	14	0.0	0	0	0	0	0	0
oewn-07576217-n	fare	12	78	436	9	table	0	12	0.0	0	0	0	0	0	0
oewn-07125323-n	voice	11	78	858	2	voice	0	11	0.0	0	0	0	0	0	0
oewn-08072983-n	enterprise	9	78	584	4	business	0	9	0.0	0	0	0	0	0	0
oewn-09895920-n	brother	7	78	305	3	brother	2	7	0.29	1	1	1	0	0	0
oewn-01476447-n	aquatic vertebrate	6	78	156	1	fish	3	6	0.5	0	3	0	0	0	0
oewn-14458911-n	eminence	5	78	532	5	king	4	5	0.8	4	0	0	0	0	0
oewn-02974815-n	carton	4	78	156	1	carton	0	4	0.0	0	0	0	0	0	0
oewn-14880414-n	waste	33	77	126	8	refuse	5	33	0.15	0	5	0	0	0	0
oewn-05734541-n	arrangement	24	77	324	10	plan	3	24	0.12	3	0	0	0	0	0
oewn-13818991-n	grammatical relation	23	77	593	10	voice	0	23	0.0	0	0	0	0	0	0
oewn-04984219-n	complexion	22	77	236	8	darkness	12	22	0.55	2	10	1	0	0	0
oewn-05928460-n	meaning	15	77	294	9	meaning	2	15	0.13	2	0	0	0	0	0
oewn-03550330-n	house	14	77	829	4	house	0	14	0.0	0	0	0	0	0	0
oewn-00432492-n	pastime	9	77	394	6	interest	0	9	0.0	0	0	0	0	0	0
oewn-04604393-n	wood	6	77	308	3	wood	0	6	0.0	0	0	0	0	0	0
oewn-06825275-n	exponent	6	77	598	5	power	0	6	0.0	0	0	0	0	0	0
oewn-01031703-n	vigil	5	77	335	4	watch	0	5	0.0	0	0	0	0	0	0
oewn-05396148-n	heart	5	77	701	2	heart	0	5	0.0	0	0	0	0	0	0
oewn-00934815-n	embodiment	4	77	304	3	soul	0	4	0.0	0	0	0	0	0	0
oewn-02379570-n	male horse	4	77	77	1	entire	0	4	0.0	0	0	0	0	0	0
oewn-02379833-n	stallion	4	77	78	2	entire	0	4	0.0	0	0	0	0	0	0
oewn-03318547-n	face	4	77	917	2	face	0	4	0.0	0	0	0	0	0	0
oewn-14649636-n	metallic element	90	76	355	8	iron	0	90	0.0	0	0	0	0	0	0
oewn-04115362-n	rope	32	76	175	12	rope	1	32	0.03	1	0	0	0	0	0
oewn-09637714-n	defender	31	76	241	14	guard	1	31	0.03	0	1	0	0	0	0
oewn-03172332-n	deck	20	76	223	3	deck	1	20	0.05	1	0	0	0	0	0
oewn-03684710-n	living quarters	20	76	193	5	hall	0	20	0.0	0	0	0	0	0	0
oewn-07196595-n	dispute	20	76	288	13	difference	4	20	0.2	0	4	0	0	0	0
oewn-07353281-n	blow	20	76	428	17	blow	5	20	0.25	5	0	0	0	0	0
oewn-05863690-n	quantity	18	76	275	9	term	3	18	0.17	0	3	0	0	0	0
oewn-05031420-n	mass	17	76	671	3	body	0	17	0.0	0	0	0	0	0	0
oewn-07305628-n	beginning	17	76	427	14	start	0	17	0.0	0	0	0	0	0	0
oewn-10249168-n	keeper	17	76	121	6	nurse	0	17	0.0	0	0	0	0	0	0
oewn-05135784-n	area	15	76	1068	8	place	0	15	0.0	0	0	0	0	0	0
oewn-08615857-n	grassland	15	76	162	6	bent	0	15	0.0	0	0	0	0	0	0
oewn-10523045-n	radical	15	76	216	4	red	0	15	0.0	0	0	0	0	0	0
oewn-10103592-n	female aristocrat	13	76	445	5	king	0	13	0.0	0	0	0	0	0	0
oewn-01237294-n	return	9	76	318	3	return	2	9	0.22	0	2	0	0	0	0
oewn-09943131-n	citizen	9	76	76	4	citizen	2	9	0.22	0	2	0	0	0	0
oewn-14028057-n	shaking	9	76	127	7	shaking	1	9	0.11	0	1	0	0	0	0
oewn-13339169-n	fixed charge	8	76	355	4	interest	0	8	0.0	0	0	0	0	0	0
oewn-00812259-n	retention	5	76	181	5	holding	0	5	0.0	0	0	0	0	0	0
oewn-00883837-n	listening	5	76	164	2	hearing	0	5	0.0	0	0	0	0	0	0
oewn-03607775-n	journal	4	76	196	3	diary	0	4	0.0	0	0	0	0	0	0
oewn-07075374-n	gospel	4	76	302	2	soul	0	4	0.0	0	0	0	0	0	0
oewn-15311467-n	rate	84	75	303	15	rate	0	84	0.0	0	0	0	0	0	0
oewn-00805278-n	control	36	75	385	17	direction	1	36	0.03	0	1	0	0	0	0
oewn-03671917-n	lighter	17	75	752	7	light	0	17	0.0	0	0	0	0	0	0
oewn-05775730-n	imagination	16	75	310	7	dream	0	16	0.0	0	0	0	0	0	0
oewn-08119368-n	genealogy	15	75	686	9	line	0	15	0.0	0	0	0	0	0	0
oewn-06694296-n	report	14	75	551	6	account	0	14	0.0	0	0	0	0	0	0
oewn-09416498-n	plain	14	75	231	4	plain	0	14	0.0	0	0	0	0	0	0
oewn-00113132-n	push	10	75	168	9	press	1	10	0.1	0	1	0	0	0	0
oewn-00627428-n	weightlift	10	75	132	4	clean	0	10	0.0	0	0	0	0	0	0
oewn-01320032-n	domestic animal	10	75	1249	3	head	1	10	0.1	1	0	0	0	0	0
oewn-01211710-n	relief	8	75	353	7	comfort	1	8	0.12	1	0	0	0	0	0
oewn-07051211-n	musical composition	63	74	630	16	piece	1	63	0.02	1	0	0	0	0	0
oewn-04500800-n	tube	46	74	367	11	pipe	0	46	0.0	0	0	0	0	0	0
oewn-07080699-n	expressive style	46	74	419	17	expression	14	46	0.3	2	12	1	0	0	0
oewn-10053926-n	drinker	24	74	136	7	drunk	0	24	0.0	0	0	0	0	0	0
oewn-04025495-n	public transport	18	74	268	7	train	0	18	0.0	0	0	0	0	0	0
oewn-06528586-n	statement	13	74	664	6	account	0	13	0.0	0	0	0	0	0	0
oewn-07426692-n	flash	13	74	209	11	lightning	1	13	0.08	0	1	0	0	0	0
oewn-07338522-n	origin	11	74	361	8	cause	0	11	0.0	0	0	0	0	0	0
oewn-00044347-n	disposal	10	74	256	6	giving	1	10	0.1	0	1	0	0	0	0
oewn-00549839-n	portrayal	10	74	826	6	part	0	10	0.0	0	0	0	0	0	0
oewn-00964240-n	rebellion	10	74	130	6	rising	0	10	0.0	0	0	0	0	0	0
oewn-07955622-n	array	9	74	516	6	table	1	9	0.11	1	0	0	0	0	0
oewn-09325914-n	hill	9	74	202	3	hill	2	9	0.22	1	1	1	0	0	0
oewn-10572830-n	savage	9	74	116	4	savage	0	9	0.0	0	0	0	0	0	0
oewn-10423621-n	passenger	7	74	99	4	passenger	0	7	0.0	0	0	0	0	0	0
oewn-07011893-n	illustration	5	74	497	3	illustration	0	5	0.0	0	0	0	0	0	0
oewn-13786482-n	worth	5	74	149	1	worth	0	5	0.0	0	0	0	0	0	0
oewn-04294291-n	spout	4	74	162	2	nose	0	4	0.0	0	0	0	0	0	0
oewn-00217881-n	destruction	28	73	234	10	kill	9	28	0.32	4	5	1	0	0	0
oewn-00974725-n	attack	24	73	590	9	fire	1	24	0.04	0	1	0	0	0	0
oewn-13933399-n	space	21	73	440	14	pocket	1	21	0.05	0	1	0	0	0	0
oewn-01050836-n	concealment	19	73	220	13	cover	0	19	0.0	0	0	0	0	0	0
oewn-03215838-n	display	17	73	590	4	window	0	17	0.0	0	0	0	0	0	0
oewn-07203790-n	prayer	16	73	258	11	blessing	0	16	0.0	0	0	0	0	0	0
oewn-14503199-n	state of matter	14	73	547	6	state	0	14	0.0	0	0	0	0	0	0
oewn-07312772-n	surprise	12	73	341	4	surprise	3	12	0.25	0	3	0	0	0	0
oewn-09982799-n	cook	8	73	74	2	cook	0	8	0.0	0	0	0	0	0	0
oewn-06527818-n	biography	7	73	952	3	life	0	7	0.0	0	0	0	0	0	0
oewn-00511734-n	bust	5	73	293	3	tear	4	5	0.8	0	4	0	0	0	0
oewn-07227084-n	telling	5	73	304	3	notice	0	5	0.0	0	0	0	0	0	0
oewn-13409050-n	coinage	5	73	74	3	specie	0	5	0.0	0	0	0	0	0	0
oewn-14536419-n	context	5	73	317	3	circumstance	0	5	0.0	0	0	0	0	0	0
oewn-03646302-n	lantern	4	73	73	2	lantern	0	4	0.0	0	0	0	0	0	0
oewn-06413674-n	diary	4	73	189	2	diary	0	4	0.0	0	0	0	0	0	0
oewn-14471666-n	ill-being	4	73	152	3	misery	1	4	0.25	1	0	0	0	0	0
oewn-14865437-n	air	4	73	560	2	air	0	4	0.0	0	0	0	0	0	0
oewn-02377103-n	horse	43	72	333	12	horse	1	43	0.02	0	1	0	0	0	0
oewn-00625978-n	exercise	30	72	624	6	set	2	30	0.07	2	0	0	0	0	0
oewn-04738737-n	characteristic	29	72	982	9	point	14	29	0.48	10	4	1	0	0	0
oewn-07470961-n	contest	25	72	440	11	match	3	25	0.12	2	1	1	0	0	0
oewn-02953127-n	cannabis	16	72	235	6	smoke	0	16	0.0	0	0	0	0	0	0
oewn-05308891-n	articulator	14	72	320	5	lip	0	14	0.0	0	0	0	0	0	0
oewn-06656171-n	evidence	13	72	278	9	evidence	0	13	0.0	0	0	0	0	0	0
oewn-07182782-n	command	13	72	627	11	order	1	13	0.08	0	1	0	0	0	0
oewn-00377208-n	breakage	12	72	244	8	break	0	12	0.0	0	0	0	0	0	0
oewn-08259720-n	gang	11	72	309	4	crew	0	11	0.0	0	0	0	0	0	0
oewn-05658424-n	attention	10	72	331	8	attention	1	10	0.1	0	1	0	0	0	0
oewn-10014481-n	dead person	10	72	72	4	departed	6	10	0.6	0	6	0	0	0	0
oewn-10648006-n	sovereign	9	72	386	5	king	0	9	0.0	0	0	0	0	0	0
oewn-04911529-n	repose	7	72	252	5	quiet	6	7	0.86	6	0	0	0	0	0
oewn-08665897-n	section	7	72	123	5	neighbourhood	0	7	0.0	0	0	0	0	0	0
oewn-10661549-n	spy	6	72	343	3	shadow	0	6	0.0	0	0	0	0	0	0
oewn-00883327-n	view	5	72	551	3	sight	1	5	0.2	1	0	0	0	0	0
oewn-06572245-n	answer	5	72	354	2	answer	2	5	0.4	0	2	0	0	0	0
oewn-08240184-n	following	5	72	143	2	following	1	5	0.2	1	0	0	0	0	0
oewn-09269370-n	cliff	5	72	170	4	drop	0	5	0.0	0	0	0	0	0	0
oewn-04627573-n	character	4	72	547	3	spirit	3	4	0.75	3	0	0	0	0	0
oewn-13978747-n	reality	4	72	288	3	fact	0	4	0.0	0	0	0	0	0	0
oewn-10813654-n	writer	52	71	156	11	ghost	10	52	0.19	2	8	1	0	0	0
oewn-03110761-n	cord	38	71	246	20	tie	0	38	0.0	0	0	0	0	0	0
oewn-06886302-n	visual communication	21	71	374	7	picture	2	21	0.1	2	0	0	0	0	0
oewn-07248890-n	accusation	16	71	196	9	information	4	16	0.25	0	4	0	0	0	0
oewn-00814187-n	clasp	13	71	388	7	hold	0	13	0.0	0	0	0	0	0	0
oewn-05659816-n	sense	11	71	318	5	sense	0	11	0.0	0	0	0	0	0	0
oewn-08681598-n	top	9	71	1374	8	head	0	9	0.0	0	0	0	0	0	0
oewn-14034398-n	arrest	9	71	437	7	stay	0	9	0.0	0	0	0	0	0	0
oewn-15126421-n	board	9	71	408	5	deal	0	9	0.0	0	0	0	0	0	0
oewn-05089714-n	stance	5	71	389	2	attention	0	5	0.0	0	0	0	0	0	0
oewn-08637195-n	public square	5	71	1009	4	place	0	5	0.0	0	0	0	0	0	0
oewn-04594951-n	window	35	70	458	9	window	0	35	0.0	0	0	0	0	0	0
oewn-00075610-n	blunder	29	70	188	11	spectacle	16	29	0.55	0	16	0	0	0	0
oewn-00886144-n	course	29	70	509	5	course	4	29	0.14	0	4	0	0	0	0
oewn-00884975-n	education	21	70	537	6	course	8	21	0.38	7	1	1	0	0	0
oewn-07141714-n	laugh	17	70	170	8	laugh	0	17	0.0	0	0	0	0	0	0
oewn-03154617-n	curio	16	70	150	6	curiosity	6	16	0.38	6	0	0	0	0	0
oewn-04527465-n	van	14	70	347	2	van	0	14	0.0	0	0	0	0	0	0
oewn-04978183-n	pink	12	70	214	6	rose	1	12	0.08	0	1	0	0	0	0
oewn-00121022-n	leap	9	70	261	7	spring	0	9	0.0	0	0	0	0	0	0
oewn-02731707-n	appendage	8	70	344	5	hold	0	8	0.0	0	0	0	0	0	0
oewn-03124849-n	court	8	70	185	3	court	0	8	0.0	0	0	0	0	0	0
oewn-13833030-n	remainder	8	70	461	5	rest	0	8	0.0	0	0	0	0	0	0
oewn-03593583-n	item	7	70	881	4	part	0	7	0.0	0	0	0	0	0	0
oewn-04734472-n	air	7	70	611	4	air	0	7	0.0	0	0	0	0	0	0
oewn-14062475-n	desire	5	70	245	5	desire	3	5	0.6	3	0	0	0	0	0
oewn-07215187-n	answer	4	70	357	2	answer	0	4	0.0	0	0	0	0	0	0
oewn-06886621-n	visual signal	31	69	720	10	light	0	31	0.0	0	0	0	0	0	0
oewn-00840028-n	eating	28	69	102	12	eating	3	28	0.11	0	3	0	0	0	0
oewn-03049322-n	cloak	24	69	130	10	cape	1	24	0.04	0	1	0	0	0	0
oewn-06360590-n	written communication	18	69	372	9	reading	0	18	0.0	0	0	0	0	0	0
oewn-08662297-n	country	12	69	304	5	country	0	12	0.0	0	0	0	0	0	0
oewn-04118049-n	rotating mechanism	9	69	750	4	round	0	9	0.0	0	0	0	0	0	0
oewn-03579706-n	institution	8	69	615	3	home	0	8	0.0	0	0	0	0	0	0
oewn-05619605-n	place	4	69	1000	4	place	0	4	0.0	0	0	0	0	0	0
oewn-13655666-n	inductance unit	4	69	69	1	henry	0	4	0.0	0	0	0	0	0	0
oewn-10534787-n	reformer	35	68	70	6	dry	5	35	0.14	0	5	0	0	0	0
oewn-06514369-n	written record	31	68	391	12	note	0	31	0.0	0	0	0	0	0	0
oewn-09831743-n	artist	31	68	242	8	master	2	31	0.06	2	0	0	0	0	0
oewn-02855782-n	block	25	68	441	13	step	0	25	0.0	0	0	0	0	0	0
oewn-14810638-n	building material	25	68	317	14	stone	0	25	0.0	0	0	0	0	0	0
oewn-04333222-n	stone	22	68	213	10	stone	0	22	0.0	0	0	0	0	0	0
oewn-06742248-n	assertion	16	68	333	10	charge	6	16	0.38	4	2	1	0	0	0
oewn-03580860-n	instrument of execution	14	68	246	4	chair	0	14	0.0	0	0	0	0	0	0
oewn-06008444-n	knowledge domain	14	68	560	8	subject	0	14	0.0	0	0	0	0	0	0
oewn-03269453-n	edge	13	68	301	9	shoulder	2	13	0.15	0	2	0	0	0	0
oewn-07496036-n	passion	13	68	447	9	fire	5	13	0.38	3	2	1	0	0	0
oewn-13267374-n	real property	12	68	450	6	land	0	12	0.0	0	0	0	0	0	0
oewn-10296461-n	lunatic	11	68	81	4	crazy	5	11	0.45	0	5	0	0	0	0
oewn-01074704-n	gratification	10	68	86	4	pleasing	1	10	0.1	1	0	0	0	0	0
oewn-07140231-n	exclamation	8	68	208	7	devil	3	8	0.38	0	3	0	0	0	0
oewn-13597072-n	fundamental quantity	8	68	369	5	length	0	8	0.0	0	0	0	0	0	0
oewn-05859350-n	attraction	7	68	330	3	attention	0	7	0.0	0	0	0	0	0	0
oewn-14506204-n	potential	6	68	339	3	chance	1	6	0.17	0	1	0	0	0	0
oewn-02949803-n	camper	5	68	332	2	van	0	5	0.0	0	0	0	0	0	0
oewn-07176392-n	marriage proposal	5	68	358	3	question	0	5	0.0	0	0	0	0	0	0
oewn-07493309-n	loss of consciousness	5	68	68	2	faint	4	5	0.8	0	4	0	0	0	0
oewn-10480990-n	power	5	68	559	3	power	2	5	0.4	2	0	0	0	0	0
oewn-00133421-n	single	4	68	135	1	single	0	4	0.0	0	0	0	0	0	0
oewn-07200808-n	invitation	4	68	118	4	invitation	0	4	0.0	0	0	0	0	0	0
oewn-13299398-n	payment	40	67	276	17	satisfaction	1	40	0.03	0	1	0	0	0	0
oewn-14720954-n	rock	30	67	320	5	stone	0	30	0.0	0	0	0	0	0	0
oewn-10120530-n	fool	26	67	186	9	fool	7	26	0.27	6	1	1	0	0	0
oewn-06821578-n	mathematical notation	24	67	904	5	point	0	24	0.0	0	0	0	0	0	0
oewn-09358146-n	land	24	67	604	7	ground	1	24	0.04	1	0	0	0	0	0
oewn-00384414-n	separation	23	67	275	9	tear	0	23	0.0	0	0	0	0	0	0
oewn-00152317-n	determination	22	67	329	9	resolution	0	22	0.0	0	0	0	0	0	0
oewn-02873453-n	book	22	67	437	6	book	1	22	0.05	1	0	0	0	0	0
oewn-10499838-n	professional	21	67	88	7	lawyer	1	21	0.05	1	0	0	0	0	0
oewn-00105359-n	throw	19	67	361	16	throw	0	19	0.0	0	0	0	0	0	0
oewn-10657783-n	spokesperson	19	67	638	6	voice	0	19	0.0	0	0	0	0	0	0
oewn-06775984-n	note	17	67	364	10	note	1	17	0.06	0	1	0	0	0	0
oewn-10789727-n	watcher	17	67	266	7	watch	0	17	0.0	0	0	0	0	0	0
oewn-09506868-n	imaginary being	16	67	377	8	character	2	16	0.12	0	2	0	0	0	0
oewn-04380981-n	sword	15	67	129	7	steel	1	15	0.07	1	0	0	0	0	0
oewn-15071467-n	solid	14	67	263	6	glass	0	14	0.0	0	0	0	0	0	0
oewn-00043049-n	causing	11	67	171	8	influence	3	11	0.27	0	3	0	0	0	0
oewn-05051973-n	sequence	10	67	478	6	run	0	10	0.0	0	0	0	0	0	0
oewn-07315954-n	accident	10	67	223	9	accident	5	10	0.5	0	5	0	0	0	0
oewn-08281818-n	party	10	67	414	2	party	0	10	0.0	0	0	0	0	0	0
oewn-03631074-n	knitting stitch	9	67	136	2	plain	0	9	0.0	0	0	0	0	0	0
oewn-14463603-n	shame	9	67	123	8	shame	4	9	0.44	0	4	0	0	0	0
oewn-14564367-n	danger	9	67	251	4	danger	6	9	0.67	0	6	0	0	0	0
oewn-06421205-n	essay	8	67	421	7	paper	0	8	0.0	0	0	0	0	0	0
oewn-14517300-n	indigence	8	67	258	3	need	5	8	0.62	0	5	0	0	0	0
oewn-04952234-n	desire	6	67	172	3	desire	1	6	0.17	0	1	0	0	0	0
oewn-06726869-n	lecture	6	67	180	5	speech	3	6	0.5	0	3	0	0	0	0
oewn-05623156-n	judiciousness	5	67	361	4	care	5	5	1.0	5	0	0	0	0	0
oewn-06638793-n	note	5	67	598	5	line	0	5	0.0	0	0	0	0	0	0
oewn-06778981-n	mention	5	67	158	4	mention	0	5	0.0	0	0	0	0	0	0
oewn-04459089-n	tool	50	66	298	21	style	0	50	0.0	0	0	0	0	0	0
oewn-05305022-n	organ	48	66	618	7	foot	1	48	0.02	0	1	0	0	0	0
oewn-08483654-n	artistic movement	45	66	332	2	van	2	45	0.04	0	2	0	0	0	0
oewn-14434647-n	situation	29	66	241	11	situation	16	29	0.55	0	16	0	0	0	0
oewn-08067430-n	government	25	66	436	5	state	0	25	0.0	0	0	0	0	0	0
oewn-03422255-n	garden	23	66	160	4	garden	0	23	0.0	0	0	0	0	0	0
oewn-01162829-n	punishment	20	66	215	11	music	2	20	0.1	0	2	0	0	0	0
oewn-01088005-n	giving	17	66	205	8	giving	2	17	0.12	0	2	0	0	0	0
oewn-08014145-n	class	17	66	497	5	family	0	17	0.0	0	0	0	0	0	0
oewn-07523725-n	pride	15	66	250	9	pride	10	15	0.67	6	4	1	0	0	0
oewn-03332179-n	fence	14	66	279	7	wall	0	14	0.0	0	0	0	0	0	0
oewn-06295743-n	sentence	12	66	355	2	question	3	12	0.25	0	3	0	0	0	0
oewn-00831039-n	care	11	66	420	5	care	1	11	0.09	1	0	0	0	0	0
oewn-02085998-n	canine	11	66	308	6	dog	0	11	0.0	0	0	0	0	0	0
oewn-05065291-n	speed	11	66	195	6	hurry	5	11	0.45	0	5	0	0	0	0
oewn-00431125-n	gambling	10	66	340	5	play	0	10	0.0	0	0	0	0	0	0
oewn-00309196-n	trip	9	66	670	5	run	1	9	0.11	0	1	0	0	0	0
oewn-14867162-n	earth	9	66	503	4	ground	0	9	0.0	0	0	0	0	0	0
oewn-03031762-n	church	8	66	203	4	church	1	8	0.12	1	0	0	0	0	0
oewn-06401196-n	space	8	66	992	3	place	0	8	0.0	0	0	0	0	0	0
oewn-07154581-n	expression	8	66	589	4	voice	2	8	0.25	2	0	0	0	0	0
oewn-07466063-n	funeral	8	66	71	4	funeral	0	8	0.0	0	0	0	0	0	0
oewn-09247818-n	body	8	66	643	3	body	0	8	0.0	0	0	0	0	0	0
oewn-07443050-n	perturbation	7	66	342	5	trouble	0	7	0.0	0	0	0	0	0	0
oewn-03592487-n	island	6	66	132	1	island	0	6	0.0	0	0	0	0	0	0
oewn-04682671-n	impression	6	66	598	5	figure	2	6	0.33	0	2	0	0	0	0
oewn-14402906-n	sanity	6	66	344	4	reason	5	6	0.83	5	0	0	0	0	0
oewn-13952621-n	company	5	66	326	5	company	0	5	0.0	0	0	0	0	0	0
oewn-03036796-n	circle	4	66	731	4	round	0	4	0.0	0	0	0	0	0	0
oewn-04304614-n	stage set	4	66	707	3	set	0	4	0.0	0	0	0	0	0	0
oewn-00989024-n	fire	43	65	458	6	fire	3	43	0.07	0	3	0	0	0	0
oewn-03785925-n	molding	36	65	117	5	tore	0	36	0.0	0	0	0	0	0	0
oewn-13738189-n	avoirdupois unit	27	65	395	9	stone	0	27	0.0	0	0	0	0	0	0
oewn-03269047-n	edge	21	65	324	8	lip	1	21	0.05	1	0	0	0	0	0
oewn-03901563-n	passenger car	21	65	336	4	carriage	0	21	0.0	0	0	0	0	0	0
oewn-00146038-n	joining	19	65	300	10	attachment	0	19	0.0	0	0	0	0	0	0
oewn-10250784-n	killer	19	65	75	4	murderer	3	19	0.16	0	3	0	0	0	0
oewn-06727915-n	disrespect	18	65	192	13	cheek	9	18	0.5	0	9	0	0	0	0
oewn-12640957-n	rose	18	65	192	3	rose	1	18	0.06	0	1	0	0	0	0
oewn-05793513-n	contemplation	16	65	292	12	study	2	16	0.12	2	0	0	0	0	0
oewn-07671686-n	cut of beef	16	65	717	5	round	0	16	0.0	0	0	0	0	0	0
oewn-14030430-n	action	15	65	475	10	play	0	15	0.0	0	0	0	0	0	0
oewn-13886392-n	line	13	65	581	7	line	0	13	0.0	0	0	0	0	0	0
oewn-05933998-n	exemplar	10	65	242	5	beauty	4	10	0.4	4	0	0	0	0	0
oewn-00334192-n	agitation	7	65	207	6	shake	0	7	0.0	0	0	0	0	0	0
oewn-05848697-n	type	7	65	309	6	nature	0	7	0.0	0	0	0	0	0	0
oewn-07974269-n	poker hand	7	65	212	3	straight	0	7	0.0	0	0	0	0	0	0
oewn-08255384-n	class	7	65	678	5	course	0	7	0.0	0	0	0	0	0	0
oewn-03101244-n	contraceptive	28	64	235	5	safe	0	28	0.0	0	0	0	0	0	0
oewn-04941723-n	consistency	25	64	636	9	body	2	25	0.08	0	2	0	0	0	0
oewn-09515254-n	mythical monster	25	64	127	6	leviathan	3	25	0.12	1	2	1	0	0	0
oewn-04979195-n	brown	24	64	107	7	brown	2	24	0.08	0	2	0	0	0	0
oewn-05116247-n	increase	22	64	347	6	rise	0	22	0.0	0	0	0	0	0	0
oewn-09281621-n	crack	20	64	384	15	break	1	20	0.05	0	1	0	0	0	0
oewn-04687642-n	marking	17	64	511	11	mark	0	17	0.0	0	0	0	0	0	0
oewn-02889840-n	brace	16	64	332	6	stay	0	16	0.0	0	0	0	0	0	0
oewn-03887755-n	panel	15	64	460	7	window	0	15	0.0	0	0	0	0	0	0
oewn-00813935-n	grasping	11	64	386	7	hold	0	11	0.0	0	0	0	0	0	0
oewn-08447525-n	line	11	64	620	5	line	0	11	0.0	0	0	0	0	0	0
oewn-05736623-n	design	9	64	241	5	plan	0	9	0.0	0	0	0	0	0	0
oewn-05051679-n	temporal property	8	64	304	4	length	0	8	0.0	0	0	0	0	0	0
oewn-05659244-n	memory	7	64	220	4	memory	0	7	0.0	0	0	0	0	0	0
oewn-03152990-n	cupboard	6	64	176	3	safe	1	6	0.17	0	1	0	0	0	0
oewn-07235433-n	narration	6	64	217	5	telling	0	6	0.0	0	0	0	0	0	0
oewn-09422467-n	promontory	6	64	1419	5	head	0	6	0.0	0	0	0	0	0	0
oewn-13334921-n	indirect tax	6	64	192	1	duty	2	6	0.33	0	2	0	0	0	0
oewn-04810156-n	accuracy	5	64	224	5	truth	4	5	0.8	4	0	0	0	0	0
oewn-07459865-n	progress	5	64	1160	5	head	0	5	0.0	0	0	0	0	0	0
oewn-10772598-n	victor	5	64	312	4	master	3	5	0.6	3	0	0	0	0	0
oewn-11434722-n	influence	4	64	397	4	wind	0	4	0.0	0	0	0	0	0	0
oewn-00998911-n	measurement	51	63	261	9	reading	2	51	0.04	1	1	1	0	0	0
oewn-00249844-n	improvement	45	63	199	17	fix	4	45	0.09	4	0	0	0	0	0
oewn-07189892-n	agreement	23	63	355	16	second	3	23	0.13	0	3	0	0	0	0
oewn-10277344-n	libertine	23	63	295	8	blood	5	23	0.22	3	2	1	0	0	0
oewn-05115065-n	amount	18	63	446	8	figure	6	18	0.33	2	4	1	0	0	0
oewn-05906160-n	apparition	15	63	331	6	shadow	6	15	0.4	0	6	0	0	0	0
oewn-14015308-n	freedom	15	63	331	5	play	1	15	0.07	0	1	0	0	0	0
oewn-05534035-n	penis	14	63	178	7	dick	0	14	0.0	0	0	0	0	0	0
oewn-09240545-n	bed	13	63	486	2	bed	0	13	0.0	0	0	0	0	0	0
oewn-02854358-n	blind	12	63	185	10	blind	1	12	0.08	0	1	0	0	0	0
oewn-10809832-n	woodworker	11	63	66	4	carpenter	0	11	0.0	0	0	0	0	0	0
oewn-03064297-n	cocaine	10	63	280	5	blow	0	10	0.0	0	0	0	0	0	0
oewn-04086356-n	residence	10	63	203	6	court	0	10	0.0	0	0	0	0	0	0
oewn-13793544-n	drop	9	63	312	3	tear	0	9	0.0	0	0	0	0	0	0
oewn-01039028-n	marriage	8	63	220	3	marriage	0	8	0.0	0	0	0	0	0	0
oewn-04856990-n	virtue	7	63	251	4	honour	3	7	0.43	3	0	0	0	0	0
oewn-06664322-n	tip	7	63	459	5	wind	0	7	0.0	0	0	0	0	0	0
oewn-15281726-n	playing period	6	63	761	3	set	0	6	0.0	0	0	0	0	0	0
oewn-00391894-n	tear	5	63	264	5	tear	0	5	0.0	0	0	0	0	0	0
oewn-14545867-n	calmness	5	63	231	4	quiet	1	5	0.2	0	1	0	0	0	0
oewn-06495143-n	place	4	63	1001	2	place	0	4	0.0	0	0	0	0	0	0
oewn-10256001-n	kin	4	63	442	2	family	0	4	0.0	0	0	0	0	0	0
oewn-03745652-n	medicine	154	62	100	14	cure	29	154	0.19	16	13	1	0	0	0
oewn-01030597-n	worship	54	62	166	10	praise	3	54	0.06	1	2	1	0	0	0
oewn-03241438-n	dress	26	62	206	9	dress	5	26	0.19	2	3	1	0	0	0
oewn-00126449-n	hit	18	62	227	8	fly	0	18	0.0	0	0	0	0	0	0
oewn-06799486-n	direction	18	62	478	11	direction	1	18	0.06	0	1	0	0	0	0
oewn-07351990-n	variation	18	62	214	9	difference	6	18	0.33	1	5	1	0	0	0
oewn-14104857-n	attack	18	62	440	10	touch	10	18	0.56	3	7	1	0	0	0
oewn-00419038-n	mistreatment	17	62	116	10	using	9	17	0.53	0	9	0	0	0	0
oewn-07232584-n	report	16	62	403	8	account	2	16	0.12	2	0	0	0	0	0
oewn-04604179-n	woman's clothing	15	62	278	4	top	0	15	0.0	0	0	0	0	0	0
oewn-13955454-n	acceptance	13	62	197	9	content	7	13	0.54	7	0	0	0	0	0
oewn-04958550-n	light	12	62	606	5	light	0	12	0.0	0	0	0	0	0	0
oewn-14462913-n	dishonor	11	62	98	8	shame	4	11	0.36	1	3	1	0	0	0
oewn-06544086-n	act	10	62	410	7	order	1	10	0.1	1	0	0	0	0	0
oewn-08098545-n	religion	10	62	220	4	church	0	10	0.0	0	0	0	0	0	0
oewn-06220098-n	point of view	9	62	400	7	stand	1	9	0.11	0	1	0	0	0	0
oewn-10033359-n	dining-room attendant	9	62	409	2	captain	1	9	0.11	0	1	0	0	0	0
oewn-11464213-n	death	9	62	413	3	death	0	9	0.0	0	0	0	0	0	0
oewn-13893444-n	connection	9	62	237	7	join	0	9	0.0	0	0	0	0	0	0
oewn-07557311-n	despair	8	62	129	6	despair	5	8	0.62	0	5	0	0	0	0
oewn-03543814-n	horse-drawn vehicle	7	62	259	6	carriage	0	7	0.0	0	0	0	0	0	0
oewn-01087717-n	sharing	6	62	182	5	giving	2	6	0.33	2	0	0	0	0	0
oewn-00350712-n	change of course	5	62	566	3	turn	0	5	0.0	0	0	0	0	0	0
oewn-06617749-n	dysphemism	5	62	273	3	old man	1	5	0.2	0	1	0	0	0	0
oewn-07145049-n	whisper	5	62	124	2	whisper	4	5	0.8	0	4	0	0	0	0
oewn-04088156-n	rest	4	62	427	2	rest	0	4	0.0	0	0	0	0	0	0
oewn-07456888-n	spin	4	62	731	2	side	0	4	0.0	0	0	0	0	0	0
oewn-14032291-n	operation	4	62	227	4	running	1	4	0.25	1	0	0	0	0	0
oewn-04206070-n	shoe	45	61	188	12	shoe	5	45	0.11	1	4	1	0	0	0
oewn-00411260-n	practice	43	61	218	11	fashion	9	43	0.21	5	4	1	0	0	0
oewn-14899228-n	fuel	39	61	368	8	fire	0	39	0.0	0	0	0	0	0	0
oewn-03183448-n	design	29	61	353	11	figure	0	29	0.0	0	0	0	0	0	0
oewn-07360193-n	wave	28	61	231	12	wave	0	28	0.0	0	0	0	0	0	0
oewn-01108713-n	transaction	22	61	322	10	deal	0	22	0.0	0	0	0	0	0	0
oewn-13917127-n	bulge	21	61	108	12	hump	1	21	0.05	1	0	0	0	0	0
oewn-01183965-n	due process	18	61	163	7	judgment	2	18	0.11	0	2	0	0	0	0
oewn-07259785-n	persuasion	15	61	457	10	line	2	15	0.13	0	2	0	0	0	0
oewn-04263630-n	sofa	14	61	72	6	sofa	0	14	0.0	0	0	0	0	0	0
oewn-10452928-n	pilot	14	61	425	2	captain	0	14	0.0	0	0	0	0	0	0
oewn-10494230-n	principal	9	61	1257	4	head	0	9	0.0	0	0	0	0	0	0
oewn-09264153-n	channel	8	61	385	4	sound	1	8	0.12	0	1	0	0	0	0
oewn-03374866-n	flunitrazepam	7	61	193	2	rope	0	7	0.0	0	0	0	0	0	0
oewn-03543217-n	horse	7	61	295	2	horse	3	7	0.43	0	3	0	0	0	0
oewn-07507656-n	comfort	7	61	312	5	comfort	4	7	0.57	0	4	0	0	0	0
oewn-04147696-n	sawhorse	5	61	295	2	horse	0	5	0.0	0	0	0	0	0	0
oewn-05573730-n	digit	5	61	190	2	finger	0	5	0.0	0	0	0	0	0	0
oewn-05778055-n	search	5	61	236	5	search	0	5	0.0	0	0	0	0	0	0
oewn-05197374-n	use	4	61	345	3	use	0	4	0.0	0	0	0	0	0	0
oewn-06878227-n	rest	4	61	426	1	rest	0	4	0.0	0	0	0	0	0	0
oewn-03971038-n	plaything	60	60	364	15	top	0	60	0.0	0	0	0	0	0	0
oewn-13510240-n	growth	59	60	211	11	habit	10	59	0.17	2	8	1	0	0	0
oewn-00020270-n	substance	46	60	202	9	food	9	46	0.2	8	1	1	0	0	0
oewn-13155706-n	fruit	44	60	260	10	ear	1	44	0.02	0	1	0	0	0	0
oewn-14327487-n	syndrome	36	60	60	1	ADD	21	36	0.58	8	13	1	0	0	0
oewn-03005231-n	chair	24	60	209	3	chair	0	24	0.0	0	0	0	0	0	0
oewn-00512828-n	play	21	60	328	18	play	8	21	0.38	6	2	1	0	0	0
oewn-07612255-n	sweet	21	60	262	5	sweet	1	21	0.05	1	0	0	0	0	0
oewn-03182015-n	depository	20	60	390	11	bank	0	20	0.0	0	0	0	0	0	0
oewn-02707012-n	amphetamine	19	60	308	6	glass	0	19	0.0	0	0	0	0	0	0
oewn-03348699-n	firearm	18	60	231	7	piece	1	18	0.06	0	1	0	0	0	0
oewn-09637077-n	coward	18	60	62	8	coward	8	18	0.44	6	2	1	0	0	0
oewn-05805605-n	inquiry	14	60	160	5	inquiry	0	14	0.0	0	0	0	0	0	0
oewn-07085523-n	manner of speaking	14	60	490	8	tone	3	14	0.21	0	3	0	0	0	0
oewn-07308725-n	consequence	13	60	238	4	consequence	8	13	0.62	3	5	1	0	0	0
oewn-14779983-n	animal material	13	60	194	6	bone	0	13	0.0	0	0	0	0	0	0
oewn-07108759-n	meter	12	60	617	6	foot	1	12	0.08	0	1	0	0	0	0
oewn-10425439-n	patient	12	60	124	3	patient	4	12	0.33	0	4	0	0	0	0
oewn-06597067-n	instruction	11	60	532	5	call	1	11	0.09	0	1	0	0	0	0
oewn-03797581-n	mound	10	60	175	4	hill	0	10	0.0	0	0	0	0	0	0
oewn-08635538-n	peak	10	60	326	9	top	0	10	0.0	0	0	0	0	0	0
oewn-08646496-n	range	9	60	400	5	view	2	9	0.22	2	0	0	0	0	0
oewn-01029801-n	ritual	8	60	219	5	marriage	0	8	0.0	0	0	0	0	0	0
oewn-04344878-n	striker	8	60	1231	5	head	1	8	0.12	0	1	0	0	0	0
oewn-04605909-n	woodwind	8	60	240	2	wood	0	8	0.0	0	0	0	0	0	0
oewn-05904666-n	illusion	8	60	184	4	fancy	3	8	0.38	0	3	0	0	0	0
oewn-05284359-n	membrane bone	6	60	117	3	forehead	0	6	0.0	0	0	0	0	0	0
oewn-09476138-n	tableland	6	60	327	3	table	0	6	0.0	0	0	0	0	0	0
oewn-03641940-n	lamp	4	60	119	1	lamp	0	4	0.0	0	0	0	0	0	0
oewn-07671235-n	side	4	60	722	1	side	2	4	0.5	0	2	0	0	0	0
oewn-14461018-n	esteem	4	60	328	4	respect	4	4	1.0	4	0	0	0	0	0
oewn-00334655-n	disturbance	32	59	219	14	agitation	18	32	0.56	0	18	0	0	0	0
oewn-07917827-n	liquor	31	59	75	9	brandy	3	31	0.1	3	0	0	0	0	0
oewn-01324345-n	young mammal	23	59	203	13	kitty	0	23	0.0	0	0	0	0	0	0
oewn-09308160-n	fragment	21	59	271	13	bit	2	21	0.1	0	2	0	0	0	0
oewn-05632483-n	creativity	20	59	245	10	imagination	13	20	0.65	10	3	1	0	0	0
oewn-10065521-n	educator	16	59	1135	6	head	0	16	0.0	0	0	0	0	0	0
oewn-13407787-n	cash	14	59	510	5	change	0	14	0.0	0	0	0	0	0	0
oewn-08651532-n	port	13	59	150	5	port	0	13	0.0	0	0	0	0	0	0
oewn-00268366-n	care	11	59	415	3	care	5	11	0.45	5	0	0	0	0	0
oewn-14468845-n	comfort	10	59	363	7	comfort	5	10	0.5	1	4	1	0	0	0
oewn-00836928-n	exhalation	9	59	391	6	wind	0	9	0.0	0	0	0	0	0	0
oewn-07160216-n	session	9	59	270	3	sitting	0	9	0.0	0	0	0	0	0	0
oewn-00415192-n	habit	5	59	390	4	use	4	5	0.8	4	0	0	0	0	0
oewn-03887590-n	pane	5	59	445	3	window	0	5	0.0	0	0	0	0	0	0
oewn-06421395-n	composition	5	59	410	4	paper	0	5	0.0	0	0	0	0	0	0
oewn-01098150-n	business	4	59	510	3	business	0	4	0.0	0	0	0	0	0	0
oewn-09657157-n	wrongdoer	53	58	151	11	shark	6	53	0.11	0	6	0	0	0	0
oewn-10303761-n	maker	50	58	121	13	source	1	50	0.02	0	1	0	0	0	0
oewn-04168419-n	seat	28	58	341	8	chair	1	28	0.04	0	1	0	0	0	0
oewn-04959419-n	brightness	25	58	141	17	flash	11	25	0.44	11	0	0	0	0	0
oewn-06783066-n	agreement	24	58	349	11	deal	2	24	0.08	0	2	0	0	0	0
oewn-00557350-n	maneuver	22	58	542	7	figure	1	22	0.05	1	0	0	0	0	0
oewn-05691387-n	confusion	20	58	138	9	fog	10	20	0.5	0	10	0	0	0	0
oewn-02706134-n	ammunition	16	58	662	5	round	0	16	0.0	0	0	0	0	0	0
oewn-07222998-n	objection	16	58	199	12	objection	1	16	0.06	0	1	0	0	0	0
oewn-14441799-n	union	14	58	305	7	marriage	1	14	0.07	1	0	0	0	0	0
oewn-03369186-n	float	11	58	218	6	raft	0	11	0.0	0	0	0	0	0	0
oewn-04563183-n	watch	11	58	281	2	watch	0	11	0.0	0	0	0	0	0	0
oewn-09565450-n	devil	10	58	213	4	devil	0	10	0.0	0	0	0	0	0	0
oewn-07023937-n	actor's line	8	58	186	3	speech	0	8	0.0	0	0	0	0	0	0
oewn-08262093-n	organized crime	8	58	437	2	family	0	8	0.0	0	0	0	0	0	0
oewn-03458753-n	graphic art	7	58	545	5	view	0	7	0.0	0	0	0	0	0	0
oewn-13954798-n	sexual relationship	7	58	169	5	affair	7	7	1.0	7	0	0	0	0	0
oewn-14967718-n	lumber	7	58	281	7	board	0	7	0.0	0	0	0	0	0	0
oewn-01231366-n	deference	6	58	304	4	respect	5	6	0.83	5	0	0	0	0	0
oewn-00567172-n	tennis stroke	5	58	394	3	return	0	5	0.0	0	0	0	0	0	0
oewn-01097658-n	business activity	5	58	525	3	business	0	5	0.0	0	0	0	0	0	0
oewn-06216535-n	respect	5	58	334	5	respect	5	5	1.0	5	0	0	0	0	0
oewn-06656526-n	clue	5	58	423	4	sign	0	5	0.0	0	0	0	0	0	0
oewn-06726451-n	reproach	5	58	119	4	blame	3	5	0.6	0	3	0	0	0	0
oewn-09781524-n	defendant	5	58	80	3	suspect	0	5	0.0	0	0	0	0	0	0
oewn-05644732-n	skill	4	58	191	3	nose	2	4	0.5	2	0	0	0	0	0
oewn-05690773-n	interest	4	58	348	4	interest	2	4	0.5	2	0	0	0	0	0
oewn-08263223-n	syndicate	4	58	437	2	family	0	4	0.0	0	0	0	0	0	0
oewn-08529042-n	bottom	4	58	595	3	foot	0	4	0.0	0	0	0	0	0	0
oewn-06619692-n	nonsense	51	57	137	12	nonsense	11	51	0.22	3	8	1	0	0	0
oewn-00489236-n	card game	47	57	134	16	patience	0	47	0.0	0	0	0	0	0	0
oewn-00607485-n	trade	45	57	167	17	craft	4	45	0.09	3	1	1	0	0	0
oewn-13926085-n	boundary	16	57	260	10	bound	0	16	0.0	0	0	0	0	0	0
oewn-01217882-n	blessing	15	57	208	12	admiration	2	15	0.13	2	0	0	0	0	0
oewn-04957303-n	visual property	15	57	661	7	light	0	15	0.0	0	0	0	0	0	0
oewn-02065877-n	baleen whale	14	57	58	4	right whale	0	14	0.0	0	0	0	0	0	0
oewn-03900990-n	passage	13	57	281	8	passage	0	13	0.0	0	0	0	0	0	0
oewn-06661469-n	argument	13	57	640	7	case	2	13	0.15	2	0	0	0	0	0
oewn-05067358-n	haste	12	57	150	7	hurry	5	12	0.42	0	5	0	0	0	0
oewn-07166967-n	motto	12	57	250	3	cry	0	12	0.0	0	0	0	0	0	0
oewn-04058937-n	rampart	10	57	275	5	wall	0	10	0.0	0	0	0	0	0	0
oewn-09880801-n	bluejacket	10	57	179	3	sailor	0	10	0.0	0	0	0	0	0	0
oewn-01031438-n	rite	9	57	321	6	watch	0	9	0.0	0	0	0	0	0	0
oewn-02951508-n	candle	9	57	122	3	candle	0	9	0.0	0	0	0	0	0	0
oewn-03318973-n	face card	7	57	420	4	king	0	7	0.0	0	0	0	0	0	0
oewn-06274022-n	press	7	57	387	5	paper	1	7	0.14	0	1	0	0	0	0
oewn-10119893-n	follower	7	57	429	5	shadow	1	7	0.14	0	1	0	0	0	0
oewn-03124680-n	course	5	57	480	2	course	0	5	0.0	0	0	0	0	0	0
oewn-05675248-n	custom	5	57	185	5	habit	0	5	0.0	0	0	0	0	0	0
oewn-07424192-n	touch	5	57	272	4	touch	0	5	0.0	0	0	0	0	0	0
oewn-01229430-n	favor	4	57	495	4	turn	0	4	0.0	0	0	0	0	0	0
oewn-14347683-n	agony	4	57	158	3	suffering	4	4	1.0	0	4	0	0	0	0
oewn-07721676-n	edible fruit	130	56	168	15	date	5	130	0.04	3	2	1	0	0	0
oewn-01135602-n	management	27	56	237	16	direction	3	27	0.11	2	1	1	0	0	0
oewn-03061006-n	coat	27	56	166	10	coat	0	27	0.0	0	0	0	0	0	0
oewn-03937282-n	picture	27	56	320	9	picture	0	27	0.0	0	0	0	0	0	0
oewn-04367588-n	support	19	56	565	9	foot	0	19	0.0	0	0	0	0	0	0
oewn-11482925-n	storm	15	56	106	3	storm	3	15	0.2	2	1	1	0	0	0
oewn-05798949-n	option	14	56	239	7	opening	1	14	0.07	0	1	0	0	0	0
oewn-03546876-n	hostel	13	56	79	3	inn	0	13	0.0	0	0	0	0	0	0
oewn-05993172-n	education	13	56	186	6	experience	8	13	0.62	8	0	0	0	0	0
oewn-01166269-n	execution	12	56	226	9	hanging	0	12	0.0	0	0	0	0	0	0
oewn-02986245-n	catch	11	56	464	6	dog	0	11	0.0	0	0	0	0	0	0
oewn-03724592-n	mansion	11	56	256	7	hall	0	11	0.0	0	0	0	0	0	0
oewn-14060493-n	excitement	9	56	176	4	sensation	1	9	0.11	1	0	0	0	0	0
oewn-14397837-n	anxiety	9	56	113	3	anxiety	3	9	0.33	0	3	0	0	0	0
oewn-03364412-n	flask	8	56	111	1	flask	3	8	0.38	2	1	1	0	0	0
oewn-05665563-n	hearing	8	56	294	3	ear	1	8	0.12	1	0	0	0	0	0
oewn-10302179-n	maid	7	56	98	3	maid	0	7	0.0	0	0	0	0	0	0
oewn-04187124-n	sewing needle	5	56	113	1	sharp	0	5	0.0	0	0	0	0	0	0
oewn-07333703-n	success	5	56	160	4	success	3	5	0.6	3	0	0	0	0	0
oewn-00297888-n	wandering	4	56	56	3	wandering	3	4	0.75	3	0	0	0	0	0
oewn-04596042-n	window	4	56	445	3	window	0	4	0.0	0	0	0	0	0	0
oewn-02961779-n	car	70	55	160	14	heap	3	70	0.04	2	1	1	0	0	0
oewn-14901736-n	gas	57	55	475	4	air	5	57	0.09	2	3	1	0	0	0
oewn-03062092-n	coating	29	55	175	11	coat	2	29	0.07	1	1	1	0	0	0
oewn-07263469-n	ad	27	55	105	8	bill	0	27	0.0	0	0	0	0	0	0
oewn-09636221-n	contestant	26	55	149	11	opposite	3	26	0.12	0	3	0	0	0	0
oewn-09438954-n	rock	25	55	304	8	stone	1	25	0.04	0	1	0	0	0	0
oewn-13887586-n	concave shape	21	55	478	12	corner	0	21	0.0	0	0	0	0	0	0
oewn-07421365-n	current	16	55	157	8	stream	0	16	0.0	0	0	0	0	0	0
oewn-05553673-n	jaw	14	55	135	5	jaw	0	14	0.0	0	0	0	0	0	0
oewn-03098030-n	consumer goods	13	55	158	5	fashion	0	13	0.0	0	0	0	0	0	0
oewn-05585882-n	gliding joint	11	55	55	2	wrist	0	11	0.0	0	0	0	0	0	0
oewn-09305630-n	foam	11	55	1074	5	head	1	11	0.09	0	1	0	0	0	0
oewn-00067036-n	nonaccomplishment	10	55	246	7	fault	3	10	0.3	0	3	0	0	0	0
oewn-13593639-n	vaporization	10	55	177	5	smoke	0	10	0.0	0	0	0	0	0	0
oewn-02376801-n	equine	8	55	258	4	horse	0	8	0.0	0	0	0	0	0	0
oewn-03869443-n	overgarment	8	55	151	3	coat	1	8	0.12	0	1	0	0	0	0
oewn-11501098-n	mechanical phenomenon	8	55	413	4	sound	0	8	0.0	0	0	0	0	0	0
oewn-06279783-n	news article	7	55	157	2	lead	2	7	0.29	2	0	0	0	0	0
oewn-13631405-n	point	7	55	486	2	point	0	7	0.0	0	0	0	0	0	0
oewn-00051015-n	appearance	6	55	454	5	return	0	6	0.0	0	0	0	0	0	0
oewn-10494535-n	principal	6	55	91	5	principal	5	6	0.83	0	5	0	0	0	0
oewn-13825132-n	voice	6	55	468	3	voice	0	6	0.0	0	0	0	0	0	0
oewn-03351301-n	fireplace	4	55	347	4	fire	0	4	0.0	0	0	0	0	0	0
oewn-09633690-n	communicator	83	54	144	14	source	13	83	0.16	9	4	1	0	0	0
oewn-10017621-n	deceiver	65	54	246	12	front	10	65	0.15	0	10	0	0	0	0
oewn-00107092-n	pitch	32	54	379	8	ball	1	32	0.03	0	1	0	0	0	0
oewn-04081594-n	remedy	30	54	95	12	application	5	30	0.17	1	4	1	0	0	0
oewn-05122340-n	abundance	23	54	123	10	plenty	12	23	0.52	4	8	1	0	0	0
oewn-06704187-n	encouragement	21	54	114	14	encouragement	4	21	0.19	4	0	0	0	0	0
oewn-04905614-n	propriety	16	54	133	8	grace	11	16	0.69	11	0	0	0	0	0
oewn-05629222-n	shrewdness	16	54	104	8	craft	10	16	0.62	10	0	0	0	0	0
oewn-00049744-n	entrance	15	54	158	11	entering	1	15	0.07	0	1	0	0	0	0
oewn-04204434-n	shirt	15	54	55	2	shirt	0	15	0.0	0	0	0	0	0	0
oewn-04150962-n	scarf	13	54	64	5	stole	0	13	0.0	0	0	0	0	0	0
oewn-09792668-n	adversary	13	54	155	8	enemy	0	13	0.0	0	0	0	0	0	0
oewn-05792836-n	consideration	11	54	225	8	reflection	4	11	0.36	4	0	0	0	0	0
oewn-05801008-n	explanation	11	54	290	7	key	0	11	0.0	0	0	0	0	0	0
oewn-06806088-n	sign	11	54	475	6	sign	0	11	0.0	0	0	0	0	0	0
oewn-10219666-n	imp	11	54	165	7	terror	4	11	0.36	0	4	0	0	0	0
oewn-09940867-n	chump	10	54	284	4	mark	0	10	0.0	0	0	0	0	0	0
oewn-13987093-n	marital status	10	54	210	5	marriage	0	10	0.0	0	0	0	0	0	0
oewn-06525357-n	request	9	54	177	7	request	1	9	0.11	0	1	0	0	0	0
oewn-08079459-n	publisher	9	54	351	4	paper	0	9	0.0	0	0	0	0	0	0
oewn-03124441-n	course	7	54	496	2	course	0	7	0.0	0	0	0	0	0	0
oewn-13661529-n	luminous intensity unit	7	54	108	1	candle	0	7	0.0	0	0	0	0	0	0
oewn-10634328-n	smith	6	54	105	2	smith	0	6	0.0	0	0	0	0	0	0
oewn-08591019-n	front	5	54	1212	3	head	0	5	0.0	0	0	0	0	0	0
oewn-08702032-n	yard	5	54	162	3	yard	0	5	0.0	0	0	0	0	0	0
oewn-05001591-n	sweetness	4	54	216	2	sweet	1	4	0.25	0	1	0	0	0	0
oewn-13910202-n	angle	52	53	351	11	lead	1	52	0.02	0	1	0	0	0	0
oewn-06422547-n	book	40	53	408	10	book	1	40	0.03	1	0	0	0	0	0
oewn-06626039-n	movie	40	53	254	6	picture	4	40	0.1	1	3	1	0	0	0
oewn-06854415-n	punctuation	34	53	698	13	point	0	34	0.0	0	0	0	0	0	0
oewn-09651570-n	religious person	27	53	131	11	prayer	0	27	0.0	0	0	0	0	0	0
oewn-08124465-n	family	24	53	421	1	family	0	24	0.0	0	0	0	0	0	0
oewn-04433923-n	thread	23	53	205	12	pick	0	23	0.0	0	0	0	0	0	0
oewn-04994869-n	timbre	23	53	349	10	tone	8	23	0.35	7	1	1	0	0	0
oewn-13987306-n	marriage	21	53	209	4	marriage	2	21	0.1	1	1	1	0	0	0
oewn-00935235-n	art	19	53	237	6	art	4	19	0.21	4	0	0	0	0	0
oewn-14438119-n	isolation	19	53	144	10	solitude	3	19	0.16	0	3	0	0	0	0
oewn-01085569-n	allotment	18	53	357	7	deal	0	18	0.0	0	0	0	0	0	0
oewn-06355341-n	heading	17	53	1108	4	head	0	17	0.0	0	0	0	0	0	0
oewn-05407190-n	blood	16	53	257	3	blood	2	16	0.12	0	2	0	0	0	0
oewn-00282894-n	progress	15	53	207	8	advance	0	15	0.0	0	0	0	0	0	0
oewn-02824762-n	bedroom	14	53	96	4	chamber	0	14	0.0	0	0	0	0	0	0
oewn-00716196-n	handicraft	12	53	85	6	knitting	2	12	0.17	1	1	1	0	0	0
oewn-06764688-n	term	10	53	407	3	subject	2	10	0.2	2	0	0	0	0	0
oewn-00869874-n	crying	9	53	69	5	sob	2	9	0.22	2	0	0	0	0	0
oewn-06835082-n	accent	9	53	150	4	grave	0	9	0.0	0	0	0	0	0	0
oewn-10283108-n	lineman	7	53	655	4	end	0	7	0.0	0	0	0	0	0	0
oewn-00727351-n	lineman	6	53	655	4	end	0	6	0.0	0	0	0	0	0	0
oewn-06736815-n	truth	6	53	207	4	truth	3	6	0.5	3	0	0	0	0	0
oewn-07581905-n	foodstuff	45	52	143	14	meal	0	45	0.0	0	0	0	0	0	0
oewn-02787241-n	band	38	52	252	16	ring	0	38	0.0	0	0	0	0	0	0
oewn-03670692-n	light	28	52	573	7	light	0	28	0.0	0	0	0	0	0	0
oewn-00019793-n	substance	24	52	294	13	material	2	24	0.08	0	2	0	0	0	0
oewn-08609236-n	layer	22	52	194	6	snow	1	22	0.05	0	1	0	0	0	0
oewn-02405077-n	cattle	21	52	123	9	cow	0	21	0.0	0	0	0	0	0	0
oewn-13267561-n	estate	21	52	275	6	land	0	21	0.0	0	0	0	0	0	0
oewn-08070328-n	institution	17	52	297	7	company	0	17	0.0	0	0	0	0	0	0
oewn-07566518-n	temper	14	52	180	9	temper	7	14	0.5	4	3	1	0	0	0
oewn-03477355-n	gymnastic apparatus	13	52	266	2	horse	0	13	0.0	0	0	0	0	0	0
oewn-05758654-n	fashion	13	52	317	4	cut	7	13	0.54	7	0	0	0	0	0
oewn-07315578-n	accident	11	52	244	7	break	3	11	0.27	3	0	0	0	0	0
oewn-14474486-n	urgency	11	52	192	5	hurry	0	11	0.0	0	0	0	0	0	0
oewn-00465962-n	golf	10	52	630	1	round	0	10	0.0	0	0	0	0	0	0
oewn-04951225-n	tendency	9	52	200	4	desire	2	9	0.22	0	2	0	0	0	0
oewn-10265336-n	landowner	9	52	58	4	landlord	1	9	0.11	1	0	0	0	0	0
oewn-04854964-n	natural virtue	7	52	118	5	justice	6	7	0.86	6	0	0	0	0	0
oewn-07211342-n	question	7	52	312	1	question	0	7	0.0	0	0	0	0	0	0
oewn-07463317-n	dance	7	52	251	5	ball	0	7	0.0	0	0	0	0	0	0
oewn-07554899-n	dissatisfaction	7	52	83	4	disappointment	7	7	1.0	0	7	0	0	0	0
oewn-01119862-n	sale	5	52	69	3	sell	0	5	0.0	0	0	0	0	0	0
oewn-07066839-n	partsong	4	52	630	1	round	0	4	0.0	0	0	0	0	0	0
oewn-00352464-n	decrease	44	51	357	16	cut	4	44	0.09	0	4	0	0	0	0
oewn-03845513-n	obstruction	24	51	357	15	stop	0	24	0.0	0	0	0	0	0	0
oewn-05294035-n	connective tissue	22	51	180	6	bone	0	22	0.0	0	0	0	0	0	0
oewn-05645403-n	skill	21	51	132	8	craft	11	21	0.52	11	0	0	0	0	0
oewn-05897536-n	hypothesis	15	51	184	9	possibility	7	15	0.47	0	7	0	0	0	0
oewn-11949018-n	wormwood	15	51	233	3	old man	1	15	0.07	0	1	0	0	0	0
oewn-00816981-n	steering	13	51	212	7	direction	0	13	0.0	0	0	0	0	0	0
oewn-10302369-n	maid	11	51	94	4	maid	0	11	0.0	0	0	0	0	0	0
oewn-06563775-n	opinion	10	51	316	3	opinion	2	10	0.2	0	2	0	0	0	0
oewn-07496515-n	ardor	8	51	359	5	fire	0	8	0.0	0	0	0	0	0	0
oewn-00551378-n	business	7	51	460	1	business	0	7	0.0	0	0	0	0	0	0
oewn-07594444-n	taste	7	51	302	7	bit	2	7	0.29	0	2	0	0	0	0
oewn-06341255-n	past	6	51	154	1	past	0	6	0.0	0	0	0	0	0	0
oewn-13925175-n	point	6	51	1426	4	head	0	6	0.0	0	0	0	0	0	0
oewn-07520080-n	concern	5	51	137	3	concern	2	5	0.4	2	0	0	0	0	0
oewn-03960475-n	plan	4	51	159	2	plan	0	4	0.0	0	0	0	0	0	0
oewn-07983333-n	sector	4	51	460	1	business	0	4	0.0	0	0	0	0	0	0
oewn-13841419-n	ratio	67	50	138	13	speed	2	67	0.03	2	0	0	0	0	0
oewn-10360025-n	musician	62	50	58	5	harper	0	62	0.0	0	0	0	0	0	0
oewn-00029976-n	process	47	50	327	15	action	4	47	0.09	3	1	1	0	0	0
oewn-13296870-n	cost	31	50	227	8	charge	0	31	0.0	0	0	0	0	0	0
oewn-00379793-n	combination	25	50	236	14	attachment	1	25	0.04	0	1	0	0	0	0
oewn-03327044-n	farm	24	50	117	5	spread	0	24	0.0	0	0	0	0	0	0
oewn-01053255-n	placement	21	50	595	5	set	0	21	0.0	0	0	0	0	0	0
oewn-06264799-n	medium	18	50	346	4	paper	0	18	0.0	0	0	0	0	0	0
oewn-10421528-n	participant	17	50	123	6	attendant	0	17	0.0	0	0	0	0	0	0
oewn-05602838-n	joint	16	50	171	4	knee	0	16	0.0	0	0	0	0	0	0
oewn-08584764-n	environment	14	50	314	8	scene	1	14	0.07	1	0	0	0	0	0
oewn-13765745-n	couple	14	50	211	8	couple	0	14	0.0	0	0	0	0	0	0
oewn-05203643-n	control	11	50	388	7	hold	2	11	0.18	0	2	0	0	0	0
oewn-07422377-n	discharge	11	50	487	8	run	0	11	0.0	0	0	0	0	0	0
oewn-10395205-n	old man	11	50	228	5	old man	1	11	0.09	1	0	0	0	0	0
oewn-02156097-n	animal foot	10	50	472	3	foot	0	10	0.0	0	0	0	0	0	0
oewn-10044087-n	domestic partner	10	50	248	3	mate	0	10	0.0	0	0	0	0	0	0
oewn-13425421-n	ledger	10	50	371	3	book	0	10	0.0	0	0	0	0	0	0
oewn-00330986-n	speed	9	50	90	6	speed	0	9	0.0	0	0	0	0	0	0
oewn-09288526-n	descent	9	50	196	5	fall	0	9	0.0	0	0	0	0	0	0
oewn-10566407-n	saint	9	50	146	3	angel	0	9	0.0	0	0	0	0	0	0
oewn-10788253-n	warrior	8	50	94	4	brave	4	8	0.5	0	4	0	0	0	0
oewn-04087566-n	resonator	7	50	552	1	body	0	7	0.0	0	0	0	0	0	0
oewn-04970917-n	dark red	7	50	98	3	wine	0	7	0.0	0	0	0	0	0	0
oewn-00767587-n	offense	6	50	118	3	crime	0	6	0.0	0	0	0	0	0	0
oewn-01259004-n	leadership	5	50	195	4	lead	0	5	0.0	0	0	0	0	0	0
oewn-01901372-n	coat	5	50	154	4	coat	0	5	0.0	0	0	0	0	0	0
oewn-05948150-n	appearance	5	50	350	4	front	2	5	0.4	0	2	0	0	0	0
oewn-06264605-n	medium	5	50	452	3	air	0	5	0.0	0	0	0	0	0	0
oewn-09974118-n	confidant	5	50	54	4	intimate	2	5	0.4	2	0	0	0	0	0
oewn-04314557-n	stay	4	50	238	2	stay	0	4	0.0	0	0	0	0	0	0
oewn-10649550-n	speaker	62	49	134	12	witness	8	62	0.13	1	7	1	0	0	0
oewn-03283159-n	electronic equipment	43	49	537	4	set	0	43	0.0	0	0	0	0	0	0
oewn-00753774-n	deception	30	49	98	16	pretence	10	30	0.33	2	8	1	0	0	0
oewn-02791712-n	bar	30	49	305	13	bar	0	30	0.0	0	0	0	0	0	0
oewn-04467365-n	tower	26	49	85	7	tower	0	26	0.0	0	0	0	0	0	0
oewn-03954735-n	pistol	19	49	75	5	pistol	3	19	0.16	2	1	1	0	0	0
oewn-07543600-n	exhilaration	11	49	319	9	charge	2	11	0.18	1	1	1	0	0	0
oewn-07975883-n	agglomeration	11	49	201	10	ball	0	11	0.0	0	0	0	0	0	0
oewn-13482365-n	demand	11	49	325	3	use	0	11	0.0	0	0	0	0	0	0
oewn-04274687-n	spar	10	49	228	6	yard	0	10	0.0	0	0	0	0	0	0
oewn-05816802-n	reading	10	49	131	7	reading	0	10	0.0	0	0	0	0	0	0
oewn-00798547-n	enterprise	9	49	108	5	endeavour	1	9	0.11	0	1	0	0	0	0
oewn-05609112-n	countenance	9	49	134	5	countenance	0	9	0.0	0	0	0	0	0	0
oewn-10028930-n	detective	9	49	99	3	dick	1	9	0.11	0	1	0	0	0	0
oewn-07356649-n	repeat	8	49	307	5	return	0	8	0.0	0	0	0	0	0	0
oewn-14548967-n	gloom	8	49	190	5	cloud	1	8	0.12	0	1	0	0	0	0
oewn-01191491-n	final judgment	7	49	110	4	conviction	1	7	0.14	1	0	0	0	0	0
oewn-01902791-n	hair	7	49	250	3	hair	0	7	0.0	0	0	0	0	0	0
oewn-05732639-n	pain	6	49	192	2	pain	4	6	0.67	0	4	0	0	0	0
oewn-02905554-n	brim	5	49	246	4	lip	0	5	0.0	0	0	0	0	0	0
oewn-06643829-n	welcome	5	49	80	2	welcome	4	5	0.8	3	1	1	0	0	0
oewn-13926393-n	margin	5	49	246	3	lip	0	5	0.0	0	0	0	0	0	0
oewn-00637971-n	inquiry	4	49	120	2	inquiry	0	4	0.0	0	0	0	0	0	0
oewn-08015154-n	union	4	49	151	3	join	0	4	0.0	0	0	0	0	0	0
oewn-03921556-n	percussion instrument	37	48	146	8	bell	0	37	0.0	0	0	0	0	0	0
oewn-04963771-n	color	30	48	346	8	tone	0	30	0.0	0	0	0	0	0	0
oewn-08094128-n	administrative unit	28	48	272	9	office	0	28	0.0	0	0	0	0	0	0
oewn-09635878-n	consumer	20	48	83	9	client	3	20	0.15	3	0	0	0	0	0
oewn-05945830-n	model	19	48	205	8	example	7	19	0.37	3	4	1	0	0	0
oewn-14069684-n	pregnancy	18	48	286	2	trouble	1	18	0.06	0	1	0	0	0	0
oewn-03551946-n	housing	15	48	516	7	case	0	15	0.0	0	0	0	0	0	0
oewn-06528946-n	bill	15	48	385	7	account	0	15	0.0	0	0	0	0	0	0
oewn-03864800-n	outbuilding	13	48	49	6	shed	0	13	0.0	0	0	0	0	0	0
oewn-08587527-n	field	13	48	227	3	yard	0	13	0.0	0	0	0	0	0	0
oewn-00325210-n	rise	11	48	207	8	rise	0	11	0.0	0	0	0	0	0	0
oewn-10422569-n	party	11	48	240	1	party	0	11	0.0	0	0	0	0	0	0
oewn-00955670-n	battle	10	48	222	6	engagement	0	10	0.0	0	0	0	0	0	0
oewn-06776392-n	citation	10	48	215	7	mention	0	10	0.0	0	0	0	0	0	0
oewn-09488589-n	unit	10	48	238	6	couple	0	10	0.0	0	0	0	0	0	0
oewn-00287801-n	gait	9	48	253	6	walk	0	9	0.0	0	0	0	0	0	0
oewn-13796315-n	touch	9	48	281	8	touch	0	9	0.0	0	0	0	0	0	0
oewn-00720957-n	job	8	48	142	3	task	2	8	0.25	0	2	0	0	0	0
oewn-02822609-n	bed	8	48	383	1	bed	0	8	0.0	0	0	0	0	0	0
oewn-04110585-n	roll of tobacco	8	48	135	4	smoke	0	8	0.0	0	0	0	0	0	0
oewn-05804758-n	problem solving	8	48	138	4	inquiry	0	8	0.0	0	0	0	0	0	0
oewn-04917554-n	bearing	7	48	195	4	presence	7	7	1.0	7	0	0	0	0	0
oewn-05164957-n	profit	7	48	343	3	account	7	7	1.0	7	0	0	0	0	0
oewn-06321227-n	object	7	48	241	1	object	0	7	0.0	0	0	0	0	0	0
oewn-06669947-n	control	7	48	324	6	floor	2	7	0.29	0	2	0	0	0	0
oewn-08273889-n	party	7	48	240	1	party	0	7	0.0	0	0	0	0	0	0
oewn-06138021-n	computer science	6	48	241	1	object	0	6	0.0	0	0	0	0	0	0
oewn-00444216-n	floating	4	48	48	1	floating	0	4	0.0	0	0	0	0	0	0
oewn-05607372-n	chin	4	48	48	2	chin	0	4	0.0	0	0	0	0	0	0
oewn-07387559-n	trial	4	48	375	4	fire	4	4	1.0	0	4	0	0	0	0
oewn-09430224-n	remains	4	48	140	3	remains	0	4	0.0	0	0	0	0	0	0
oewn-15014387-n	pigment	57	47	144	6	lake	0	57	0.0	0	0	0	0	0	0
oewn-07612936-n	candy	54	47	188	7	rock	0	54	0.0	0	0	0	0	0	0
oewn-13173519-n	leaf	36	47	162	7	leaf	12	36	0.33	11	1	1	0	0	0
oewn-07901198-n	drink	32	47	249	8	drink	1	32	0.03	1	0	0	0	0	0
oewn-10199809-n	holder	22	47	146	5	officer	0	22	0.0	0	0	0	0	0	0
oewn-11441515-n	actinic radiation	14	47	544	2	light	0	14	0.0	0	0	0	0	0	0
oewn-11470903-n	electricity	12	47	368	3	power	0	12	0.0	0	0	0	0	0	0
oewn-10538195-n	religious	11	47	136	7	superior	0	11	0.0	0	0	0	0	0	0
oewn-01206166-n	conformity	10	47	448	8	line	6	10	0.6	5	1	1	0	0	0
oewn-02769539-n	baby buggy	10	47	235	1	carriage	0	10	0.0	0	0	0	0	0	0
oewn-03130521-n	craft	10	47	166	2	vessel	0	10	0.0	0	0	0	0	0	0
oewn-06753339-n	defense	10	47	149	4	excuse	4	10	0.4	0	4	0	0	0	0
oewn-04618236-n	yard	9	47	218	4	yard	0	9	0.0	0	0	0	0	0	0
oewn-05997167-n	ignorance	9	47	48	4	ignorance	3	9	0.33	1	2	1	0	0	0
oewn-10290913-n	lookout	9	47	241	5	watch	0	9	0.0	0	0	0	0	0	0
oewn-13921893-n	sphere	9	47	283	7	ball	0	9	0.0	0	0	0	0	0	0
oewn-07380449-n	stop	7	47	468	5	stand	0	7	0.0	0	0	0	0	0	0
oewn-00350195-n	stroke	6	47	403	4	bow	0	6	0.0	0	0	0	0	0	0
oewn-04640810-n	vitality	6	47	572	5	light	6	6	1.0	6	0	0	0	0	0
oewn-08656633-n	seaport	6	47	90	4	haven	0	6	0.0	0	0	0	0	0	0
oewn-06266806-n	leaf	5	47	152	3	leaf	0	5	0.0	0	0	0	0	0	0
oewn-06614825-n	sense	5	47	215	3	sense	0	5	0.0	0	0	0	0	0	0
oewn-00294760-n	run	4	47	440	3	run	0	4	0.0	0	0	0	0	0	0
oewn-06263084-n	conveyance	4	47	140	3	giving	0	4	0.0	0	0	0	0	0	0
oewn-14010164-n	gratification	4	47	276	3	comfort	3	4	0.75	2	1	1	0	0	0
oewn-14507204-n	hopefulness	4	47	186	4	confidence	4	4	1.0	3	1	1	0	0	0
oewn-03705309-n	machine	133	46	184	15	press	1	133	0.01	0	1	0	0	0	0
oewn-12122650-n	grass	104	46	182	2	bent	1	104	0.01	0	1	0	0	0	0
oewn-14991055-n	oil	54	46	174	4	oil	0	54	0.0	0	0	0	0	0	0
oewn-07695101-n	bread	45	46	138	5	bread	0	45	0.0	0	0	0	0	0	0
oewn-10810861-n	working person	38	46	77	9	jack	0	38	0.0	0	0	0	0	0	0
oewn-04068016-n	receptacle	37	46	540	11	case	1	37	0.03	0	1	0	0	0	0
oewn-05275047-n	animal tissue	37	46	136	7	flesh	3	37	0.08	1	2	1	0	0	0
oewn-01120044-n	sale	21	46	186	3	fair	4	21	0.19	2	2	1	0	0	0
oewn-07563271-n	hostility	17	46	68	9	resentment	8	17	0.47	0	8	0	0	0	0
oewn-05058400-n	duration	16	46	207	9	length	2	16	0.12	0	2	0	0	0	0
oewn-07317454-n	fire	14	46	329	5	fire	2	14	0.14	0	2	0	0	0	0
oewn-13424816-n	record	14	46	374	4	book	0	14	0.0	0	0	0	0	0	0
oewn-13980887-n	presence	14	46	258	5	shadow	4	14	0.29	0	4	0	0	0	0
oewn-13922497-n	cylinder	13	46	213	12	pipe	0	13	0.0	0	0	0	0	0	0
oewn-07594641-n	morsel	12	46	217	10	bit	0	12	0.0	0	0	0	0	0	0
oewn-03457685-n	grand piano	10	46	90	2	grand	2	10	0.2	2	0	0	0	0	0
oewn-04336084-n	storage space	10	46	123	5	cellar	0	10	0.0	0	0	0	0	0	0
oewn-05042508-n	force	10	46	342	8	strength	0	10	0.0	0	0	0	0	0	0
oewn-09432390-n	ridge	10	46	313	6	bank	0	10	0.0	0	0	0	0	0	0
oewn-00175261-n	measure	8	46	426	5	step	0	8	0.0	0	0	0	0	0	0
oewn-06206019-n	position	8	46	407	6	stand	0	8	0.0	0	0	0	0	0	0
oewn-07905485-n	ale	8	46	117	4	bitter	0	8	0.0	0	0	0	0	0	0
oewn-05201419-n	influence	7	46	280	6	influence	1	7	0.14	1	0	0	0	0	0
oewn-06649049-n	record	7	46	413	3	book	0	7	0.0	0	0	0	0	0	0
oewn-07958185-n	biome	7	46	101	4	desert	0	7	0.0	0	0	0	0	0	0
oewn-08424576-n	exhibition	7	46	177	3	fair	0	7	0.0	0	0	0	0	0	0
oewn-13934166-n	articulation	7	46	113	4	join	0	7	0.0	0	0	0	0	0	0
oewn-00554210-n	disruption	6	46	143	3	surprise	2	6	0.33	0	2	0	0	0	0
oewn-07355325-n	personnel casualty	6	46	240	4	loss	0	6	0.0	0	0	0	0	0	0
oewn-10113427-n	fisher	6	46	48	2	fisherman	0	6	0.0	0	0	0	0	0	0
oewn-02171351-n	long-horned beetle	5	46	92	1	sawyer	0	5	0.0	0	0	0	0	0	0
oewn-04814129-n	deservingness	4	46	91	2	merit	0	4	0.0	0	0	0	0	0	0
oewn-08425514-n	fair	4	46	176	2	fair	0	4	0.0	0	0	0	0	0	0
oewn-11696293-n	reproductive structure	40	45	189	7	style	0	40	0.0	0	0	0	0	0	0
oewn-06878395-n	note	39	45	351	8	note	0	39	0.0	0	0	0	0	0	0
oewn-07711710-n	sandwich	36	45	86	9	hero	4	36	0.11	0	4	0	0	0	0
oewn-08301402-n	secondary school	21	45	314	3	high	0	21	0.0	0	0	0	0	0	0
oewn-00566339-n	stroke	19	45	688	8	cut	0	19	0.0	0	0	0	0	0	0
oewn-04195686-n	sheet	18	45	333	9	board	0	18	0.0	0	0	0	0	0	0
oewn-04961131-n	radiance	18	45	93	10	glow	6	18	0.33	6	0	0	0	0	0
oewn-03590242-n	iron	16	45	165	5	iron	0	16	0.0	0	0	0	0	0	0
oewn-14322317-n	wound	14	45	343	9	cut	0	14	0.0	0	0	0	0	0	0
oewn-00554860-n	commotion	12	45	118	9	stir	0	12	0.0	0	0	0	0	0	0
oewn-02160209-n	tail	12	45	256	7	tail	1	12	0.08	1	0	0	0	0	0
oewn-04522424-n	upright	11	45	149	9	post	0	11	0.0	0	0	0	0	0	0
oewn-05025269-n	luminosity	11	45	571	4	light	6	11	0.55	6	0	0	0	0	0
oewn-07300719-n	augury	11	45	243	7	sign	0	11	0.0	0	0	0	0	0	0
oewn-04736586-n	impressiveness	10	45	52	6	majesty	2	10	0.2	0	2	0	0	0	0
oewn-05309998-n	mouth	10	45	324	4	mouth	0	10	0.0	0	0	0	0	0	0
oewn-08283156-n	table	10	45	261	3	table	0	10	0.0	0	0	0	0	0	0
oewn-01191772-n	conviction	7	45	106	3	conviction	0	7	0.0	0	0	0	0	0	0
oewn-13512263-n	hardening	7	45	518	3	set	0	7	0.0	0	0	0	0	0	0
oewn-14980464-n	mud	7	45	72	3	clay	0	7	0.0	0	0	0	0	0	0
oewn-07064659-n	dirge	6	45	54	4	keen	0	6	0.0	0	0	0	0	0	0
oewn-10328399-n	mender	5	45	45	1	mender	0	5	0.0	0	0	0	0	0	0
oewn-05776550-n	dream	4	45	200	3	dream	1	4	0.25	0	1	0	0	0	0
oewn-14508648-n	occasion	4	45	179	2	occasion	0	4	0.0	0	0	0	0	0	0
oewn-04292284-n	sports equipment	30	44	337	11	shot	3	30	0.1	0	3	0	0	0	0
oewn-10696316-n	supervisor	26	44	116	9	chief	0	26	0.0	0	0	0	0	0	0
oewn-05087073-n	position	22	44	260	9	guard	0	22	0.0	0	0	0	0	0	0
oewn-03602662-n	jewelry	19	44	225	14	ring	0	19	0.0	0	0	0	0	0	0
oewn-03069712-n	coil	18	44	1074	5	head	1	18	0.06	1	0	0	0	0	0
oewn-03435869-n	gear	17	44	149	12	tackle	1	17	0.06	1	0	0	0	0	0
oewn-04305446-n	stairway	16	44	78	4	flight	0	16	0.0	0	0	0	0	0	0
oewn-01107164-n	transportation	15	44	113	7	express	0	15	0.0	0	0	0	0	0	0
oewn-07125755-n	phone	15	44	337	2	sound	1	15	0.07	0	1	0	0	0	0
oewn-11521799-n	rain	15	44	138	7	rain	1	15	0.07	0	1	0	0	0	0
oewn-14486250-n	imperfection	13	44	187	10	fault	4	13	0.31	2	2	1	0	0	0
oewn-03645974-n	lane	10	44	87	2	lane	0	10	0.0	0	0	0	0	0	0
oewn-06839264-n	proportional font	9	44	66	2	modern	0	9	0.0	0	0	0	0	0	0
oewn-07721456-n	produce	9	44	47	2	produce	1	9	0.11	1	0	0	0	0	0
oewn-14439493-n	privacy	9	44	128	5	bosom	0	9	0.0	0	0	0	0	0	0
oewn-01019262-n	support	8	44	132	5	hanging	0	8	0.0	0	0	0	0	0	0
oewn-11496631-n	atmospheric electricity	8	44	118	2	lightning	0	8	0.0	0	0	0	0	0	0
oewn-05136466-n	length	7	44	211	5	length	0	7	0.0	0	0	0	0	0	0
oewn-05943778-n	memory	7	44	179	4	memory	3	7	0.43	1	2	1	0	0	0
oewn-09229873-n	ascent	7	44	198	4	rise	0	7	0.0	0	0	0	0	0	0
oewn-14830069-n	chaff	7	44	90	6	straw	0	7	0.0	0	0	0	0	0	0
oewn-03286971-n	embankment	5	44	252	4	wall	0	5	0.0	0	0	0	0	0	0
oewn-04183589-n	set	5	44	517	3	set	0	5	0.0	0	0	0	0	0	0
oewn-06382415-n	mystery	5	44	88	1	mystery	0	5	0.0	0	0	0	0	0	0
oewn-07532236-n	fury	5	44	146	4	rage	4	5	0.8	0	4	0	0	0	0
oewn-14458147-n	importance	5	44	107	4	importance	2	5	0.4	2	0	0	0	0	0
oewn-03116750-n	corridor	4	44	166	3	hall	0	4	0.0	0	0	0	0	0	0
oewn-07398423-n	footfall	4	44	314	4	step	0	4	0.0	0	0	0	0	0	0
oewn-07535851-n	panic	4	44	141	3	terror	3	4	0.75	0	3	0	0	0	0
oewn-08005815-n	marriage	4	44	168	2	marriage	0	4	0.0	0	0	0	0	0	0
oewn-09887362-n	boss	4	44	218	1	old man	0	4	0.0	0	0	0	0	0	0
oewn-13968154-n	office	4	44	408	2	power	0	4	0.0	0	0	0	0	0	0
oewn-07572999-n	dish	171	43	127	16	special	13	171	0.08	5	8	1	0	0	0
oewn-14783901-n	leather	38	43	100	12	leather	1	38	0.03	1	0	0	0	0	0
oewn-00364086-n	increase	32	43	279	15	rise	0	32	0.0	0	0	0	0	0	0
oewn-14610949-n	alloy	31	43	87	6	steel	1	31	0.03	0	1	0	0	0	0
oewn-08341444-n	committee	27	43	211	6	board	0	27	0.0	0	0	0	0	0	0
oewn-05257118-n	orifice	26	43	309	5	mouth	0	26	0.0	0	0	0	0	0	0
oewn-00859826-n	sleeping	17	43	102	7	sleeping	6	17	0.35	0	6	0	0	0	0
oewn-00089301-n	capture	15	43	210	11	catch	0	15	0.0	0	0	0	0	0	0
oewn-05588047-n	hinge joint	15	43	143	2	knee	0	15	0.0	0	0	0	0	0	0
oewn-05734290-n	structure	15	43	409	8	form	0	15	0.0	0	0	0	0	0	0
oewn-03629343-n	knife	13	43	114	3	knife	0	13	0.0	0	0	0	0	0	0
oewn-04552265-n	walk	12	43	245	6	walk	0	12	0.0	0	0	0	0	0	0
oewn-10235293-n	investigator	12	43	66	4	inspector	2	12	0.17	0	2	0	0	0	0
oewn-06605500-n	periodical	11	43	275	9	number	0	11	0.0	0	0	0	0	0	0
oewn-07329027-n	mishap	11	43	152	8	accident	7	11	0.64	1	6	1	0	0	0
oewn-05675040-n	practice	9	43	167	8	custom	1	9	0.11	1	0	0	0	0	0
oewn-10661153-n	spy	9	43	112	3	spy	0	9	0.0	0	0	0	0	0	0
oewn-14017941-n	liberty	8	43	405	8	run	5	8	0.62	2	3	1	0	0	0
oewn-04078214-n	refuge	7	43	101	5	harbour	3	7	0.43	0	3	0	0	0	0
oewn-07341157-n	cause	7	43	215	3	cause	3	7	0.43	2	1	1	0	0	0
oewn-09905672-n	cad	7	43	254	4	dog	6	7	0.86	0	6	0	0	0	0
oewn-11495679-n	lightning	6	43	108	3	lightning	0	6	0.0	0	0	0	0	0	0
oewn-00174132-n	escape	5	43	169	5	escape	0	5	0.0	0	0	0	0	0	0
oewn-10488547-n	president	5	43	201	3	chair	0	5	0.0	0	0	0	0	0	0
oewn-08290088-n	crew	4	43	173	1	crew	0	4	0.0	0	0	0	0	0	0
oewn-08671935-n	state	4	43	273	3	state	0	4	0.0	0	0	0	0	0	0
oewn-14515209-n	affluence	4	43	267	4	comfort	2	4	0.5	2	0	0	0	0	0
oewn-03252323-n	drug	55	42	61	7	medicine	6	55	0.11	4	2	1	0	0	0
oewn-10619214-n	singer	37	42	437	7	voice	1	37	0.03	0	1	0	0	0	0
oewn-03750331-n	memory device	32	42	198	9	memory	3	32	0.09	0	3	0	0	0	0
oewn-06770936-n	misrepresentation	30	42	158	14	blind	15	30	0.5	0	15	0	0	0	0
oewn-10750901-n	troublemaker	28	42	157	5	devil	12	28	0.43	0	12	0	0	0	0
oewn-03806455-n	musical instrument	24	42	311	3	wind	0	24	0.0	0	0	0	0	0	0
oewn-00078239-n	acquisition	21	42	345	12	return	0	21	0.0	0	0	0	0	0	0
oewn-03102541-n	controlled substance	21	42	213	5	glass	0	21	0.0	0	0	0	0	0	0
oewn-03253661-n	drug of abuse	21	42	131	3	upper	1	21	0.05	0	1	0	0	0	0
oewn-01059124-n	provision	19	42	110	8	supply	3	19	0.16	3	0	0	0	0	0
oewn-08324519-n	meeting	18	42	188	6	meeting	0	18	0.0	0	0	0	0	0	0
oewn-00169058-n	maneuver	17	42	350	8	step	1	17	0.06	1	0	0	0	0	0
oewn-02130460-n	big cat	17	42	134	8	cat	0	17	0.0	0	0	0	0	0	0
oewn-14907357-n	crystal	17	42	269	6	stone	0	17	0.0	0	0	0	0	0	0
oewn-03597432-n	jail	14	42	44	5	bastille	0	14	0.0	0	0	0	0	0	0
oewn-05128718-n	number	14	42	356	8	figure	5	14	0.36	2	3	1	0	0	0
oewn-13813601-n	connection	14	42	240	8	connection	1	14	0.07	1	0	0	0	0	0
oewn-01163216-n	beating	13	42	82	8	beating	0	13	0.0	0	0	0	0	0	0
oewn-10057110-n	drunkard	13	42	73	4	drunk	0	13	0.0	0	0	0	0	0	0
oewn-14482870-n	perfection	13	42	237	7	dream	9	13	0.69	6	3	1	0	0	0
oewn-02154277-n	wing	12	42	129	4	ala	0	12	0.0	0	0	0	0	0	0
oewn-06700103-n	sanction	12	42	130	4	countenance	6	12	0.5	6	0	0	0	0	0
oewn-07380889-n	deviation	11	42	153	6	difference	7	11	0.64	0	7	0	0	0	0
oewn-09950334-n	clown	11	42	122	3	fool	1	11	0.09	1	0	0	0	0	0
oewn-09650650-n	primitive	10	42	86	3	savage	0	10	0.0	0	0	0	0	0	0
oewn-15178747-n	old age	10	42	173	4	age	3	10	0.3	0	3	0	0	0	0
oewn-07528747-n	agitation	9	42	135	8	agitation	4	9	0.44	0	4	0	0	0	0
oewn-14963045-n	lipid	9	42	121	3	oil	0	9	0.0	0	0	0	0	0	0
oewn-04194590-n	shed	8	42	42	2	shed	0	8	0.0	0	0	0	0	0	0
oewn-04197790-n	shell	8	42	579	5	case	0	8	0.0	0	0	0	0	0	0
oewn-13472977-n	consumption	8	42	292	2	use	0	8	0.0	0	0	0	0	0	0
oewn-05938922-n	percept	7	42	472	3	ground	0	7	0.0	0	0	0	0	0	0
oewn-06635216-n	telegram	7	42	66	3	telegram	0	7	0.0	0	0	0	0	0	0
oewn-13275884-n	financial gain	7	42	51	2	income	0	7	0.0	0	0	0	0	0	0
oewn-15317579-n	watch	6	42	223	3	watch	0	6	0.0	0	0	0	0	0	0
oewn-00102011-n	playing	5	42	103	4	playing	0	5	0.0	0	0	0	0	0	0
oewn-01120503-n	bazaar	5	42	168	1	fair	2	5	0.4	2	0	0	0	0	0
oewn-05138912-n	altitude	5	42	173	5	level	0	5	0.0	0	0	0	0	0	0
oewn-07521808-n	shame	5	42	130	3	conscience	2	5	0.4	0	2	0	0	0	0
oewn-13110851-n	hair	5	42	246	2	hair	0	5	0.0	0	0	0	0	0	0
oewn-07545205-n	belonging	4	42	68	4	intimacy	2	4	0.5	2	0	0	0	0	0
oewn-08640161-n	military position	4	42	707	3	line	0	4	0.0	0	0	0	0	0	0
oewn-14500436-n	distress	4	42	128	4	distress	4	4	1.0	0	4	0	0	0	0
oewn-11889283-n	crucifer	42	41	83	3	cole	5	42	0.12	0	5	0	0	0	0
oewn-08346380-n	court	37	41	146	6	court	2	37	0.05	0	2	0	0	0	0
oewn-00524569-n	sport	34	41	120	7	row	0	34	0.0	0	0	0	0	0	0
oewn-06367301-n	code	26	41	284	7	address	0	26	0.0	0	0	0	0	0	0
oewn-04055680-n	railway	23	41	71	6	rail	0	23	0.0	0	0	0	0	0	0
oewn-01016008-n	collection	22	41	88	9	gather	1	22	0.05	1	0	0	0	0	0
oewn-04633637-n	emotionality	21	41	221	8	passion	11	21	0.52	10	1	1	0	0	0
oewn-07978094-n	pile	21	41	185	6	shock	4	21	0.19	0	4	0	0	0	0
oewn-13108856-n	plant process	19	41	237	4	hair	0	19	0.0	0	0	0	0	0	0
oewn-07109509-n	metrical foot	14	41	455	1	foot	2	14	0.14	0	2	0	0	0	0
oewn-00875745-n	judgment	13	41	176	5	judgment	2	13	0.15	2	0	0	0	0	0
oewn-05203850-n	authority	13	41	187	8	command	0	13	0.0	0	0	0	0	0	0
oewn-01073335-n	clemency	11	41	227	5	quarter	0	11	0.0	0	0	0	0	0	0
oewn-04982235-n	color property	10	41	108	5	value	0	10	0.0	0	0	0	0	0	0
oewn-10409097-n	owner	8	41	88	3	owner	1	8	0.12	0	1	0	0	0	0
oewn-10488931-n	presiding officer	8	41	199	2	chair	0	8	0.0	0	0	0	0	0	0
oewn-05562038-n	breast	7	41	174	3	breast	0	7	0.0	0	0	0	0	0	0
oewn-06378552-n	fiction	7	41	209	4	story	1	7	0.14	0	1	0	0	0	0
oewn-07322095-n	incident	7	41	233	4	scene	3	7	0.43	3	0	0	0	0	0
oewn-10695315-n	superior	7	41	127	3	superior	2	7	0.29	2	0	0	0	0	0
oewn-15278839-n	historic period	7	41	187	3	age	1	7	0.14	0	1	0	0	0	0
oewn-04192114-n	sharpener	6	41	70	2	steel	0	6	0.0	0	0	0	0	0	0
oewn-05570899-n	foot	6	41	455	1	foot	3	6	0.5	0	3	0	0	0	0
oewn-06809500-n	birdcall	6	41	399	2	call	0	6	0.0	0	0	0	0	0	0
oewn-06856570-n	period	6	41	606	3	point	0	6	0.0	0	0	0	0	0	0
oewn-11482224-n	gale	6	41	41	1	gale	0	6	0.0	0	0	0	0	0	0
oewn-03291294-n	end	5	41	495	3	end	0	5	0.0	0	0	0	0	0	0
oewn-06809364-n	animal communication	5	41	399	2	call	0	5	0.0	0	0	0	0	0	0
oewn-07384725-n	entrance	5	41	102	4	entering	0	5	0.0	0	0	0	0	0	0
oewn-07520915-n	indifference	5	41	220	4	distance	1	5	0.2	0	1	0	0	0	0
oewn-10075655-n	enemy	5	41	139	3	enemy	0	5	0.0	0	0	0	0	0	0
oewn-13795501-n	trace	5	41	212	5	hint	0	5	0.0	0	0	0	0	0	0
oewn-07252418-n	incrimination	4	41	82	1	blame	3	4	0.75	0	3	0	0	0	0
oewn-02776042-n	bag	61	40	243	10	bag	2	61	0.03	0	2	0	0	0	0
oewn-06008975-n	science	33	40	66	4	science	0	33	0.0	0	0	0	0	0	0
oewn-07211681-n	examination	31	40	111	4	final	0	31	0.0	0	0	0	0	0	0
oewn-07261731-n	promotion	25	40	85	10	pitch	1	25	0.04	1	0	0	0	0	0
oewn-02729230-n	apartment	20	40	64	3	apartment	0	20	0.0	0	0	0	0	0	0
oewn-04164381-n	sculpture	20	40	162	10	relief	0	20	0.0	0	0	0	0	0	0
oewn-04987257-n	olfactory property	20	40	134	10	smell	5	20	0.25	0	5	0	0	0	0
oewn-07955013-n	arrangement	20	40	349	10	order	0	20	0.0	0	0	0	0	0	0
oewn-09655462-n	unskilled person	20	40	47	12	know nothing	6	20	0.3	0	6	0	0	0	0
oewn-04327264-n	stimulant	18	40	184	4	cat	1	18	0.06	1	0	0	0	0	0
oewn-06893714-n	emblem	18	40	85	12	elephant	0	18	0.0	0	0	0	0	0	0
oewn-07485811-n	match	18	40	154	3	match	0	18	0.0	0	0	0	0	0	0
oewn-11429173-n	chemical phenomenon	12	40	277	3	state	0	12	0.0	0	0	0	0	0	0
oewn-00943593-n	creating by removal	11	40	161	8	dig	2	11	0.18	2	0	0	0	0	0
oewn-04348492-n	structural member	11	40	152	9	plate	0	11	0.0	0	0	0	0	0	0
oewn-07174442-n	spell	11	40	144	5	charm	4	11	0.36	0	4	0	0	0	0
oewn-05700875-n	influence	9	40	189	6	influence	3	9	0.33	0	3	0	0	0	0
oewn-06701019-n	recognition	9	40	144	6	credit	5	9	0.56	5	0	0	0	0	0
oewn-07729640-n	cabbage	9	40	82	2	cole	3	9	0.33	0	3	0	0	0	0
oewn-14003773-n	hostility	9	40	157	7	suspicion	2	9	0.22	0	2	0	0	0	0
oewn-14047468-n	arousal	9	40	126	3	desire	3	9	0.33	3	0	0	0	0	0
oewn-00028950-n	space	8	40	138	3	space	0	8	0.0	0	0	0	0	0	0
oewn-00167176-n	chess move	8	40	261	5	mate	0	8	0.0	0	0	0	0	0	0
oewn-10078585-n	enlisted person	8	40	41	2	soldier	0	8	0.0	0	0	0	0	0	0
oewn-10290325-n	loner	8	40	68	3	solitary	0	8	0.0	0	0	0	0	0	0
oewn-03625099-n	kitchen	7	40	45	3	kitchen	0	7	0.0	0	0	0	0	0	0
oewn-03670001-n	lifting device	7	40	84	4	lift	0	7	0.0	0	0	0	0	0	0
oewn-05039348-n	fortitude	7	40	65	5	sand	0	7	0.0	0	0	0	0	0	0
oewn-07438160-n	development	7	40	423	5	turn	1	7	0.14	1	0	0	0	0	0
oewn-14559507-n	damp	7	40	41	3	damp	2	7	0.29	0	2	0	0	0	0
oewn-05710673-n	attentiveness	6	40	155	2	regard	0	6	0.0	0	0	0	0	0	0
oewn-07550398-n	grief	6	40	80	2	grief	6	6	1.0	0	6	0	0	0	0
oewn-07499687-n	ambition	5	40	194	4	dream	4	5	0.8	4	0	0	0	0	0
oewn-11528800-n	snow	5	40	114	3	snow	0	5	0.0	0	0	0	0	0	0
oewn-13364002-n	gamble	5	40	99	3	bet	0	5	0.0	0	0	0	0	0	0
oewn-13374295-n	wealth	5	40	179	3	gold	0	5	0.0	0	0	0	0	0	0
oewn-13850288-n	orientation	5	40	179	4	quarter	0	5	0.0	0	0	0	0	0	0
oewn-03274312-n	electrical device	72	39	311	16	board	0	72	0.0	0	0	0	0	0	0
oewn-07112859-n	rhetorical device	47	39	274	10	figure	9	47	0.19	3	6	1	0	0	0
oewn-04976072-n	blue	23	39	174	6	blue	0	23	0.0	0	0	0	0	0	0
oewn-14039202-n	temporary state	22	39	86	14	fatigue	5	22	0.23	0	5	0	0	0	0
oewn-06631935-n	broadcast	21	39	196	7	news	1	21	0.05	0	1	0	0	0	0
oewn-05721684-n	smell	20	39	120	11	smell	13	20	0.65	4	9	1	0	0	0
oewn-03533443-n	home appliance	18	39	157	2	iron	0	18	0.0	0	0	0	0	0	0
oewn-07244190-n	boast	17	39	52	7	boast	0	17	0.0	0	0	0	0	0	0
oewn-09846929-n	baby	17	39	85	6	baby	0	17	0.0	0	0	0	0	0	0
oewn-10184702-n	health professional	16	39	67	4	nurse	1	16	0.06	0	1	0	0	0	0
oewn-10427699-n	patron	15	39	99	6	angel	0	15	0.0	0	0	0	0	0	0
oewn-02777635-n	baggage	14	39	173	6	bag	0	14	0.0	0	0	0	0	0	0
oewn-13837954-n	proportion	14	39	203	4	content	0	14	0.0	0	0	0	0	0	0
oewn-14666595-n	iron	14	39	156	1	iron	2	14	0.14	1	1	1	0	0	0
oewn-00436718-n	gymnastic exercise	12	39	85	5	hang	0	12	0.0	0	0	0	0	0	0
oewn-06737512-n	description	12	39	198	4	picture	0	12	0.0	0	0	0	0	0	0
oewn-00838449-n	inhalation	10	39	168	8	pull	0	10	0.0	0	0	0	0	0	0
oewn-03589998-n	iron	10	39	156	1	iron	0	10	0.0	0	0	0	0	0	0
oewn-14881648-n	rubbish	10	39	119	7	dust	6	10	0.6	1	5	1	0	0	0
oewn-00418410-n	embrace	9	39	69	6	embrace	3	9	0.33	3	0	0	0	0	0
oewn-03262046-n	duplicate	9	39	266	6	mate	2	9	0.22	2	0	0	0	0	0
oewn-04159023-n	screen	8	39	172	5	blind	0	8	0.0	0	0	0	0	0	0
oewn-06685042-n	admonition	8	39	157	5	example	0	8	0.0	0	0	0	0	0	0
oewn-01058335-n	stop	7	39	456	2	stand	0	7	0.0	0	0	0	0	0	0
oewn-05641517-n	inventiveness	7	39	112	4	imagination	0	7	0.0	0	0	0	0	0	0
oewn-13886223-n	subfigure	7	39	287	5	leg	0	7	0.0	0	0	0	0	0	0
oewn-13936864-n	branch	7	39	286	4	leg	0	7	0.0	0	0	0	0	0	0
oewn-00653709-n	surveillance	6	39	221	3	watch	0	6	0.0	0	0	0	0	0	0
oewn-00882340-n	watch	6	39	224	3	watch	0	6	0.0	0	0	0	0	0	0
oewn-03939805-n	pier	6	39	67	4	wharf	0	6	0.0	0	0	0	0	0	0
oewn-11897445-n	kale	6	39	78	1	cole	5	6	0.83	0	5	0	0	0	0
oewn-00067217-n	failure	5	39	96	3	disappointment	1	5	0.2	0	1	0	0	0	0
oewn-00522265-n	display	5	39	89	5	showing	0	5	0.0	0	0	0	0	0	0
oewn-07729823-n	kale	5	39	78	1	cole	3	5	0.6	0	3	0	0	0	0
oewn-13891966-n	bend	5	39	426	4	turn	0	5	0.0	0	0	0	0	0	0
oewn-15033893-n	fresh water	5	39	108	2	rain	0	5	0.0	0	0	0	0	0	0
oewn-00342069-n	reach	4	39	135	3	reach	0	4	0.0	0	0	0	0	0	0
oewn-00440766-n	track and field	4	39	216	3	running	0	4	0.0	0	0	0	0	0	0
oewn-05708758-n	reverie	4	39	187	4	dream	0	4	0.0	0	0	0	0	0	0
oewn-07920635-n	gin	4	39	44	2	geneva	0	4	0.0	0	0	0	0	0	0
oewn-13604927-n	unit of measurement	83	38	570	5	point	2	83	0.02	0	2	0	0	0	0
oewn-00386599-n	division	27	38	499	9	cut	0	27	0.0	0	0	0	0	0	0
oewn-02086723-n	dog	27	38	215	7	dog	3	27	0.11	0	3	0	0	0	0
oewn-03109245-n	copy	26	38	170	9	cast	7	26	0.27	2	5	1	0	0	0
oewn-10563789-n	rustic	22	38	71	7	peasant	9	22	0.41	0	9	0	0	0	0
oewn-06664987-n	rule	20	38	356	9	order	2	20	0.1	2	0	0	0	0	0
oewn-00848970-n	coupling	18	38	257	5	service	0	18	0.0	0	0	0	0	0	0
oewn-07522337-n	embarrassment	17	38	144	9	confusion	10	17	0.59	0	10	0	0	0	0
oewn-09781932-n	ace	16	38	183	8	sensation	0	16	0.0	0	0	0	0	0	0
oewn-01019929-n	continuance	15	38	75	12	repetition	0	15	0.0	0	0	0	0	0	0
oewn-01215009-n	support	13	38	192	8	attachment	0	13	0.0	0	0	0	0	0	0
oewn-07242432-n	assurance	10	38	94	7	assurance	2	10	0.2	2	0	0	0	0	0
oewn-00335335-n	gesture	9	38	104	5	thrust	6	9	0.67	6	0	0	0	0	0
oewn-03690633-n	lodge	9	38	60	2	lodge	0	9	0.0	0	0	0	0	0	0
oewn-05044968-n	ferocity	9	38	95	8	fury	0	9	0.0	0	0	0	0	0	0
oewn-07982754-n	society	8	38	155	6	society	0	8	0.0	0	0	0	0	0	0
oewn-15162628-n	leisure	8	38	74	5	leisure	2	8	0.25	2	0	0	0	0	0
oewn-00790634-n	struggle	7	38	109	6	struggle	0	7	0.0	0	0	0	0	0	0
oewn-03490877-n	handkerchief	7	38	38	4	handkerchief	0	7	0.0	0	0	0	0	0	0
oewn-05253854-n	tube	7	38	113	3	vessel	0	7	0.0	0	0	0	0	0	0
oewn-13296311-n	outgo	7	38	86	4	expense	1	7	0.14	0	1	0	0	0	0
oewn-03205385-n	dining room	6	38	44	2	dining-room	0	6	0.0	0	0	0	0	0	0
oewn-08293263-n	educational institution	6	38	238	4	school	0	6	0.0	0	0	0	0	0	0
oewn-01248165-n	throw	5	38	254	5	throw	0	5	0.0	0	0	0	0	0	0
oewn-09499461-n	waterway	5	38	42	3	rapid	0	5	0.0	0	0	0	0	0	0
oewn-04816705-n	validity	4	38	276	2	effect	2	4	0.5	0	2	0	0	0	0
oewn-05236798-n	filament	4	38	229	2	hair	0	4	0.0	0	0	0	0	0	0
oewn-06887069-n	light	4	38	535	1	light	0	4	0.0	0	0	0	0	0	0
oewn-13154372-n	ear	4	38	195	2	ear	0	4	0.0	0	0	0	0	0	0
oewn-13121436-n	vine	149	37	54	9	vine	2	149	0.01	0	2	0	0	0	0
oewn-13149924-n	stalk	41	37	267	11	branch	5	41	0.12	4	1	1	0	0	0
oewn-00847184-n	sexual intercourse	29	37	130	7	relation	2	29	0.07	2	0	0	0	0	0
oewn-04345614-n	stringed instrument	20	37	66	4	string	0	20	0.0	0	0	0	0	0	0
oewn-00287341-n	gait	18	37	110	13	roll	7	18	0.39	0	7	0	0	0	0
oewn-11515441-n	pressure	18	37	1056	3	head	0	18	0.0	0	0	0	0	0	0
oewn-05773156-n	representational process	17	37	95	3	imagination	0	17	0.0	0	0	0	0	0	0
oewn-07371988-n	improvement	16	37	151	9	advance	8	16	0.5	6	2	1	0	0	0
oewn-13286803-n	aid	16	37	132	5	aid	0	16	0.0	0	0	0	0	0	0
oewn-00243675-n	arousal	15	37	90	7	excitement	3	15	0.2	3	0	0	0	0	0
oewn-00910190-n	creation	15	37	159	4	art	3	15	0.2	3	0	0	0	0	0
oewn-01171807-n	resistance	14	37	135	9	objection	4	14	0.29	0	4	0	0	0	0
oewn-07238811-n	warning	14	37	115	6	warning	3	14	0.21	0	3	0	0	0	0
oewn-05757616-n	taste	13	37	248	9	taste	9	13	0.69	9	0	0	0	0	0
oewn-06210871-n	partiality	13	37	49	5	prejudice	4	13	0.31	0	4	0	0	0	0
oewn-07023062-n	script	12	37	307	4	book	0	12	0.0	0	0	0	0	0	0
oewn-14499245-n	adversity	12	37	132	7	distress	8	12	0.67	1	7	1	0	0	0
oewn-13269292-n	lease	11	37	38	2	letting	0	11	0.0	0	0	0	0	0	0
oewn-00507669-n	bet	10	37	71	3	bet	0	10	0.0	0	0	0	0	0	0
oewn-07378483-n	sinking	10	37	64	6	sinking	3	10	0.3	0	3	0	0	0	0
oewn-04651869-n	willingness	9	37	84	6	eagerness	5	9	0.56	5	0	0	0	0	0
oewn-04950046-n	disposition	9	37	175	4	disposition	4	9	0.44	1	3	1	0	0	0
oewn-05538794-n	cartilaginous structure	9	37	187	1	ear	0	9	0.0	0	0	0	0	0	0
oewn-15170131-n	age	9	37	175	4	age	3	9	0.33	0	3	0	0	0	0
oewn-02824165-n	bed linen	8	37	578	3	case	0	8	0.0	0	0	0	0	0	0
oewn-04278001-n	spear	8	37	106	6	lance	0	8	0.0	0	0	0	0	0	0
oewn-00419916-n	exploitation	7	37	37	1	using	0	7	0.0	0	0	0	0	0	0
oewn-00749309-n	intemperance	7	37	124	3	drink	0	7	0.0	0	0	0	0	0	0
oewn-07336372-n	appearance	7	37	201	6	appearance	1	7	0.14	1	0	0	0	0	0
oewn-10074465-n	employer	7	37	204	3	master	0	7	0.0	0	0	0	0	0	0
oewn-14058780-n	drive	7	37	150	3	drive	4	7	0.57	4	0	0	0	0	0
oewn-00749813-n	drink	6	37	124	3	drink	0	6	0.0	0	0	0	0	0	0
oewn-07993383-n	pair	6	37	170	4	couple	0	6	0.0	0	0	0	0	0	0
oewn-04902968-n	distrust	5	37	131	3	suspicion	0	5	0.0	0	0	0	0	0	0
oewn-11442711-n	aerosol	5	37	159	4	smoke	0	5	0.0	0	0	0	0	0	0
oewn-05331437-n	auricle	4	37	187	1	ear	1	4	0.25	0	1	0	0	0	0
oewn-07515398-n	approval	4	37	138	4	favour	4	4	1.0	4	0	0	0	0	0
oewn-10073616-n	employee	63	36	84	9	clerk	1	63	0.02	1	0	0	0	0	0
oewn-02684372-n	adornment	43	36	122	21	band	7	43	0.16	0	7	0	0	0	0
oewn-00734044-n	wrongdoing	41	36	121	17	injury	12	41	0.29	2	10	1	0	0	0
oewn-06293304-n	language	35	36	181	6	tongue	2	35	0.06	1	1	1	0	0	0
oewn-06163352-n	humanistic discipline	32	36	133	2	history	0	32	0.0	0	0	0	0	0	0
oewn-03628765-n	knife	29	36	105	2	knife	0	29	0.0	0	0	0	0	0	0
oewn-10098586-n	farmer	29	36	46	5	farmer	0	29	0.0	0	0	0	0	0	0
oewn-03580409-n	instrumentality	27	36	193	10	connection	0	27	0.0	0	0	0	0	0	0
oewn-03753653-n	mercantile establishment	27	36	173	6	centre	0	27	0.0	0	0	0	0	0	0
oewn-04661694-n	friendliness	24	36	72	11	intimacy	15	24	0.62	10	5	1	0	0	0
oewn-08384807-n	political system	22	36	74	4	republic	0	22	0.0	0	0	0	0	0	0
oewn-10336665-n	military officer	22	36	129	6	officer	2	22	0.09	1	1	1	0	0	0
oewn-03749767-n	memory	18	36	167	4	memory	0	18	0.0	0	0	0	0	0	0
oewn-03489166-n	handcart	17	36	70	4	cart	0	17	0.0	0	0	0	0	0	0
oewn-05066283-n	celerity	17	36	68	7	expedition	0	17	0.0	0	0	0	0	0	0
oewn-07329438-n	calamity	17	36	80	7	tragedy	9	17	0.53	0	9	0	0	0	0
oewn-04015010-n	projectile	16	36	175	6	shot	0	16	0.0	0	0	0	0	0	0
oewn-07641102-n	pie	15	36	47	4	pie	0	15	0.0	0	0	0	0	0	0
oewn-09327656-n	hole	14	36	169	6	hole	0	14	0.0	0	0	0	0	0	0
oewn-05932328-n	ideal	13	36	179	8	value	0	13	0.0	0	0	0	0	0	0
oewn-09244958-n	bit	12	36	212	6	bit	0	12	0.0	0	0	0	0	0	0
oewn-10824010-n	young person	12	36	173	7	youth	1	12	0.08	0	1	0	0	0	0
oewn-04186446-n	sewing	11	36	101	8	gather	0	11	0.0	0	0	0	0	0	0
oewn-06806283-n	poster	11	36	268	6	notice	0	11	0.0	0	0	0	0	0	0
oewn-07816716-n	fodder	11	36	96	4	grass	0	11	0.0	0	0	0	0	0	0
oewn-07984994-n	interest	11	36	246	3	interest	0	11	0.0	0	0	0	0	0	0
oewn-00927021-n	formation	10	36	189	5	turning	0	10	0.0	0	0	0	0	0	0
oewn-00304321-n	glide	8	36	78	4	sailing	0	8	0.0	0	0	0	0	0	0
oewn-00869035-n	startle	8	36	221	4	start	5	8	0.62	0	5	0	0	0	0
oewn-06830481-n	written symbol	8	36	363	2	character	0	8	0.0	0	0	0	0	0	0
oewn-00063626-n	attainment	7	36	214	5	success	2	7	0.29	2	0	0	0	0	0
oewn-06280049-n	piece	7	36	249	3	piece	0	7	0.0	0	0	0	0	0	0
oewn-06707285-n	recommendation	7	36	276	5	character	1	7	0.14	1	0	0	0	0	0
oewn-09562026-n	angel	7	36	97	4	angel	3	7	0.43	3	0	0	0	0	0
oewn-13934532-n	cavity	7	36	199	5	pocket	0	7	0.0	0	0	0	0	0	0
oewn-14415065-n	mania	7	36	72	4	fury	2	7	0.29	0	2	0	0	0	0
oewn-04461181-n	top	6	36	264	4	top	0	6	0.0	0	0	0	0	0	0
oewn-07223590-n	complaint	6	36	89	5	exclamation	6	6	1.0	0	6	0	0	0	0
oewn-07514093-n	inclination	6	36	171	5	leaning	5	6	0.83	4	1	1	0	0	0
oewn-00772486-n	foul	5	36	39	2	foul	0	5	0.0	0	0	0	0	0	0
oewn-00836297-n	smoke	5	36	140	3	smoke	0	5	0.0	0	0	0	0	0	0
oewn-03749252-n	membrane	5	36	1043	2	head	0	5	0.0	0	0	0	0	0	0
oewn-04696191-n	allure	5	36	70	3	invitation	4	5	0.8	4	0	0	0	0	0
oewn-05857811-n	quality	5	36	267	4	character	1	5	0.2	1	0	0	0	0	0
oewn-00046918-n	running away	4	36	169	4	escape	0	4	0.0	0	0	0	0	0	0
oewn-07659991-n	bird	4	36	134	3	bird	0	4	0.0	0	0	0	0	0	0
oewn-15068330-n	snow	4	36	107	1	snow	1	4	0.25	0	1	0	0	0	0
oewn-07650764-n	cookie	33	35	106	5	kiss	2	33	0.06	0	2	0	0	0	0
oewn-00957171-n	operation	29	35	189	11	attack	1	29	0.03	0	1	0	0	0	0
oewn-04968868-n	gray	25	35	140	7	grey	0	25	0.0	0	0	0	0	0	0
oewn-07157274-n	conference	21	35	84	8	interview	0	21	0.0	0	0	0	0	0	0
oewn-13636838-n		21	35	202	10	quarter	0	21	0.0	0	0	0	0	0	0
oewn-00472688-n	baseball	20	35	162	2	ball	1	20	0.05	0	1	0	0	0	0
oewn-10225792-n	informer	18	35	150	4	grass	5	18	0.28	0	5	0	0	0	0
oewn-03362222-n	flap	17	35	203	5	fly	0	17	0.0	0	0	0	0	0	0
oewn-06412153-n	excerpt	17	35	330	8	cut	1	17	0.06	0	1	0	0	0	0
oewn-03498434-n	hardware	16	35	166	3	memory	0	16	0.0	0	0	0	0	0	0
oewn-04554141-n	wall	15	35	223	5	wall	0	15	0.0	0	0	0	0	0	0
oewn-13377127-n	funds	15	35	350	4	bank	1	15	0.07	1	0	0	0	0	0
oewn-00123481-n	shooting	12	35	162	5	shot	0	12	0.0	0	0	0	0	0	0
oewn-00297411-n	procession	12	35	156	7	train	0	12	0.0	0	0	0	0	0	0
oewn-03822389-n	needlework	12	35	73	5	knitting	0	12	0.0	0	0	0	0	0	0
oewn-03156166-n	cushion	11	35	38	2	pillow	0	11	0.0	0	0	0	0	0	0
oewn-07570579-n	enthusiasm	11	35	77	8	eagerness	6	11	0.55	5	1	1	0	0	0
oewn-10286545-n	litigant	10	35	57	3	suspect	0	10	0.0	0	0	0	0	0	0
oewn-00841439-n	swallow	9	35	148	7	drink	0	9	0.0	0	0	0	0	0	0
oewn-04040471-n	quilt	9	35	218	5	comfort	3	9	0.33	0	3	0	0	0	0
oewn-00856505-n	oral sex	8	35	1040	2	head	0	8	0.0	0	0	0	0	0	0
oewn-03468764-n	grove	8	35	66	3	grove	0	8	0.0	0	0	0	0	0	0
oewn-08586694-n	extreme point	7	35	79	5	extreme	0	7	0.0	0	0	0	0	0	0
oewn-07537367-n	foreboding	6	35	175	5	shadow	5	6	0.83	0	5	0	0	0	0
oewn-08194510-n	world power	6	35	328	2	power	0	6	0.0	0	0	0	0	0	0
oewn-08542298-n	city	6	35	102	2	city	0	6	0.0	0	0	0	0	0	0
oewn-14562870-n	security	6	35	191	4	peace	1	6	0.17	1	0	0	0	0	0
oewn-00101073-n	musical performance	5	35	87	2	playing	0	5	0.0	0	0	0	0	0	0
oewn-00115856-n	draw	5	35	123	3	draw	0	5	0.0	0	0	0	0	0	0
oewn-07449542-n	outburst	5	35	159	3	burst	3	5	0.6	0	3	0	0	0	0
oewn-13812924-n	foundation	5	35	328	4	ground	0	5	0.0	0	0	0	0	0	0
oewn-01484712-n	elasmobranch	4	35	113	2	shark	2	4	0.5	0	2	0	0	0	0
oewn-03898254-n	parsonage	4	35	35	3	parsonage	0	4	0.0	0	0	0	0	0	0
oewn-07555990-n	disappointment	4	35	70	2	disappointment	2	4	0.5	0	2	0	0	0	0
oewn-08201779-n	company	4	35	318	4	company	0	4	0.0	0	0	0	0	0	0
oewn-14779256-n	animal oil	33	34	48	6	blubber	0	33	0.0	0	0	0	0	0	0
oewn-03086983-n	computer	29	34	121	5	client	0	29	0.0	0	0	0	0	0	0
oewn-08569713-n	district	28	34	135	9	possession	4	28	0.14	4	0	0	0	0	0
oewn-00422440-n	torture	26	34	179	8	boot	5	26	0.19	0	5	0	0	0	0
oewn-04135920-n	sailing vessel	26	34	74	13	bark	0	26	0.0	0	0	0	0	0	0
oewn-07473244-n	race	25	34	394	4	run	1	25	0.04	1	0	0	0	0	0
oewn-07638317-n	pastry	24	34	51	3	pie	0	24	0.0	0	0	0	0	0	0
oewn-08611480-n	line	23	34	525	6	line	0	23	0.0	0	0	0	0	0	0
oewn-00244785-n	cooking	21	34	85	9	preparation	0	21	0.0	0	0	0	0	0	0
oewn-06624619-n	drivel	19	34	101	6	pap	4	19	0.21	4	0	0	0	0	0
oewn-01163648-n	corporal punishment	18	34	79	7	beating	2	18	0.11	0	2	0	0	0	0
oewn-13882990-n	solid	18	34	184	6	cast	0	18	0.0	0	0	0	0	0	0
oewn-04992447-n	pitch	17	34	311	6	key	0	17	0.0	0	0	0	0	0	0
oewn-05567541-n	extremity	17	34	159	9	limb	0	17	0.0	0	0	0	0	0	0
oewn-13311699-n	damages	17	34	170	6	satisfaction	6	17	0.35	0	6	0	0	0	0
oewn-04685309-n	semblance	16	34	160	9	colour	10	16	0.62	2	8	1	0	0	0
oewn-14426511-n	agitation	15	34	161	9	agitation	5	15	0.33	0	5	0	0	0	0
oewn-05603286-n	ball-and-socket joint	13	34	168	2	shoulder	0	13	0.0	0	0	0	0	0	0
oewn-03385713-n	footwear	12	34	151	5	shoe	2	12	0.17	0	2	0	0	0	0
oewn-06746688-n	evidence	12	34	86	4	evidence	1	12	0.08	0	1	0	0	0	0
oewn-07501768-n	longing	12	34	34	4	longing	4	12	0.33	0	4	0	0	0	0
oewn-09922606-n	celebrity	12	34	63	7	immortal	0	12	0.0	0	0	0	0	0	0
oewn-05090535-n	spacing	11	34	189	6	distance	1	11	0.09	0	1	0	0	0	0
oewn-07289130-n	bow	10	34	193	5	bow	0	10	0.0	0	0	0	0	0	0
oewn-00347122-n	change of direction	9	34	402	2	turn	0	9	0.0	0	0	0	0	0	0
oewn-00856347-n	perversion	9	34	1039	1	head	2	9	0.22	2	0	0	0	0	0
oewn-03024375-n	chisel	9	34	91	2	drove	2	9	0.22	2	0	0	0	0	0
oewn-03088462-n	computer circuit	9	34	150	2	gate	0	9	0.0	0	0	0	0	0	0
oewn-03615483-n	keepsake	9	34	135	5	favour	1	9	0.11	1	0	0	0	0	0
oewn-03123620-n	country house	8	34	45	4	chateau	0	8	0.0	0	0	0	0	0	0
oewn-05309407-n	mouth	8	34	267	4	mouth	0	8	0.0	0	0	0	0	0	0
oewn-06669153-n	policy	8	34	71	2	plank	0	8	0.0	0	0	0	0	0	0
oewn-09466357-n	spring	8	34	170	3	spring	0	8	0.0	0	0	0	0	0	0
oewn-06637836-n	personal letter	7	34	500	4	line	2	7	0.29	2	0	0	0	0	0
oewn-10189389-n	steerer	7	34	35	4	cox	0	7	0.0	0	0	0	0	0	0
oewn-14012536-n	sadness	7	34	112	3	sorrow	7	7	1.0	0	7	0	0	0	0
oewn-14497239-n	good fortune	7	34	103	5	blessing	7	7	1.0	7	0	0	0	0	0
oewn-00023083-n	article	6	34	114	6	notion	1	6	0.17	0	1	0	0	0	0
oewn-00434601-n	outdoor sport	6	34	114	4	hunt	0	6	0.0	0	0	0	0	0	0
oewn-00772032-n	violation	6	34	36	2	foul	0	6	0.0	0	0	0	0	0	0
oewn-03506758-n	head	6	34	1039	1	head	0	6	0.0	0	0	0	0	0	0
oewn-06754000-n	excuse	6	34	100	2	excuse	4	6	0.67	0	4	0	0	0	0
oewn-07484001-n	track event	6	34	269	2	mile	0	6	0.0	0	0	0	0	0	0
oewn-10055991-n	drug user	6	34	1040	2	head	0	6	0.0	0	0	0	0	0	0
oewn-01194465-n	finding	5	34	83	2	finding	0	5	0.0	0	0	0	0	0	0
oewn-04593031-n	winch	5	34	34	2	windlass	0	5	0.0	0	0	0	0	0	0
oewn-06659391-n	trace	5	34	225	4	shadow	0	5	0.0	0	0	0	0	0	0
oewn-10182373-n	head	5	34	1039	1	head	0	5	0.0	0	0	0	0	0	0
oewn-10388619-n	rower	5	34	71	2	stroke	0	5	0.0	0	0	0	0	0	0
oewn-03944520-n	pillow	4	34	34	1	pillow	0	4	0.0	0	0	0	0	0	0
oewn-05778388-n	pursuit	4	34	103	3	pursuit	1	4	0.25	0	1	0	0	0	0
oewn-05952149-n	doctrine	86	33	85	13	philosophy	11	86	0.13	9	2	1	0	0	0
oewn-07825344-n	flavorer	78	33	75	15	garlic	4	78	0.05	1	3	1	0	0	0
oewn-05470250-n	neural structure	72	33	184	7	brain	1	72	0.01	1	0	0	0	0	0
oewn-10435383-n	performer	49	33	111	12	star	3	49	0.06	1	2	1	0	0	0
oewn-14198031-n	infection	42	33	42	5	sore	12	42	0.29	0	12	0	0	0	0
oewn-09654317-n	unwelcome person	31	33	47	8	villain	14	31	0.45	0	14	0	0	0	0
oewn-13156591-n	seed	29	33	165	6	pip	1	29	0.03	0	1	0	0	0	0
oewn-15118861-n	wax	24	33	33	3	spermaceti	4	24	0.17	2	2	1	0	0	0
oewn-05255524-n	passage	23	33	274	7	passage	1	23	0.04	0	1	0	0	0	0
oewn-03796768-n	motor vehicle	22	33	67	4	truck	2	22	0.09	2	0	0	0	0	0
oewn-00792739-n	test	20	33	367	5	run	3	20	0.15	3	0	0	0	0	0
oewn-05913942-n	scheme	20	33	188	7	scheme	5	20	0.25	1	4	1	0	0	0
oewn-04656618-n	playfulness	19	33	118	12	fun	13	19	0.68	8	5	1	0	0	0
oewn-07120141-n	trope	18	33	246	8	figure	1	18	0.06	0	1	0	0	0	0
oewn-06168062-n	philosophy	17	33	168	6	law	2	17	0.12	2	0	0	0	0	0
oewn-04653905-n	seriousness	16	33	81	7	solemnity	8	16	0.5	8	0	0	0	0	0
oewn-05697054-n	hindrance	16	33	103	9	drag	1	16	0.06	0	1	0	0	0	0
oewn-06283456-n	call	14	33	358	2	call	0	14	0.0	0	0	0	0	0	0
oewn-03619741-n	keyboard instrument	13	33	47	3	pianoforte	0	13	0.0	0	0	0	0	0	0
oewn-05911139-n	plan of action	13	33	279	5	play	0	13	0.0	0	0	0	0	0	0
oewn-14007770-n	semidarkness	13	33	139	6	gloom	5	13	0.38	0	5	0	0	0	0
oewn-04931280-n	age	12	33	163	1	age	0	12	0.0	0	0	0	0	0	0
oewn-06483696-n	commercial document	12	33	330	6	order	0	12	0.0	0	0	0	0	0	0
oewn-10330688-n	messenger	12	33	39	5	messenger	0	12	0.0	0	0	0	0	0	0
oewn-01792381-n	domestic fowl	11	33	78	6	fowl	0	11	0.0	0	0	0	0	0	0
oewn-08640525-n	site	10	33	163	3	situation	0	10	0.0	0	0	0	0	0	0
oewn-06282943-n	telephone	9	33	358	2	call	0	9	0.0	0	0	0	0	0	0
oewn-08199634-n	multitude	9	33	96	8	herd	2	9	0.22	2	0	0	0	0	0
oewn-01138273-n	administration	8	33	151	6	running	3	8	0.38	3	0	0	0	0	0
oewn-06745099-n	avowal	8	33	66	4	profession	5	8	0.62	3	2	1	0	0	0
oewn-07570749-n	eagerness	8	33	75	6	eagerness	0	8	0.0	0	0	0	0	0	0
oewn-08528313-n	bottom	8	33	215	6	bottom	1	8	0.12	0	1	0	0	0	0
oewn-10218577-n	ignoramus	8	33	33	3	know nothing	3	8	0.38	0	3	0	0	0	0
oewn-03483990-n	hall	7	33	266	2	floor	0	7	0.0	0	0	0	0	0	0
oewn-03939459-n	piece of leather	7	33	218	4	quarter	0	7	0.0	0	0	0	0	0	0
oewn-05630239-n	aptitude	7	33	34	3	instinct	5	7	0.71	5	0	0	0	0	0
oewn-01230591-n	reverence	6	33	179	6	bow	0	6	0.0	0	0	0	0	0	0
oewn-05641705-n	resource	6	33	100	3	imagination	0	6	0.0	0	0	0	0	0	0
oewn-07637670-n	baked goods	6	33	69	2	bread	0	6	0.0	0	0	0	0	0	0
oewn-08260983-n	gang	6	33	191	5	ring	1	6	0.17	0	1	0	0	0	0
oewn-11473433-n	power	6	33	326	1	power	0	6	0.0	0	0	0	0	0	0
oewn-14430940-n	enchantment	6	33	146	6	possession	2	6	0.33	2	0	0	0	0	0
oewn-00308457-n	drive	5	33	184	4	drive	0	5	0.0	0	0	0	0	0	0
oewn-03413631-n	future	5	33	98	1	future	0	5	0.0	0	0	0	0	0	0
oewn-13751346-n	remainder	5	33	137	3	difference	0	5	0.0	0	0	0	0	0	0
oewn-05766056-n	experience	4	33	100	1	experience	0	4	0.0	0	0	0	0	0	0
oewn-07532976-n	indignation	4	33	41	2	indignation	2	4	0.5	2	0	0	0	0	0
oewn-03882197-n	painting	30	32	192	8	picture	1	30	0.03	0	1	0	0	0	0
oewn-13327892-n	charge	30	32	192	6	charge	2	30	0.07	1	1	1	0	0	0
oewn-13888104-n	round shape	28	32	157	18	roll	0	28	0.0	0	0	0	0	0	0
oewn-03472916-n	gun	22	32	295	5	piece	0	22	0.0	0	0	0	0	0	0
oewn-03951443-n	pipe	22	32	121	7	pipe	0	22	0.0	0	0	0	0	0	0
oewn-05146826-n	worthlessness	20	32	78	7	vanity	8	20	0.4	2	6	1	0	0	0
oewn-07198809-n	quarrel	17	32	108	5	row	10	17	0.59	0	10	0	0	0	0
oewn-05668113-n	method	15	32	104	4	method	6	15	0.4	6	0	0	0	0	0
oewn-07349090-n	destruction	15	32	122	7	ruin	4	15	0.27	2	2	1	0	0	0
oewn-00327266-n	descent	13	32	209	7	drop	0	13	0.0	0	0	0	0	0	0
oewn-14511901-n	financial condition	13	32	73	3	wealth	4	13	0.31	0	4	0	0	0	0
oewn-03732251-n	mast	11	32	77	5	mast	0	11	0.0	0	0	0	0	0	0
oewn-11689786-n	flower	11	32	100	4	flower	1	11	0.09	1	0	0	0	0	0
oewn-07582428-n	starches	10	32	63	3	bread	0	10	0.0	0	0	0	0	0	0
oewn-06432944-n	handbook	9	32	54	3	bible	0	9	0.0	0	0	0	0	0	0
oewn-10055155-n	driver	9	32	66	2	driver	0	9	0.0	0	0	0	0	0	0
oewn-10483744-n	preacher	9	32	32	2	preacher	0	9	0.0	0	0	0	0	0	0
oewn-04552091-n	wale	8	32	34	3	gunwale	0	8	0.0	0	0	0	0	0	0
oewn-14059685-n	emotional arousal	8	32	100	3	anger	3	8	0.38	1	2	1	0	0	0
oewn-14415281-n	craze	8	32	64	3	fury	1	8	0.12	0	1	0	0	0	0
oewn-00759528-n	pride	7	32	130	3	pride	2	7	0.29	2	0	0	0	0	0
oewn-03184367-n	desk	7	32	36	2	desk	0	7	0.0	0	0	0	0	0	0
oewn-13992690-n	harmony	7	32	153	5	peace	1	7	0.14	1	0	0	0	0	0
oewn-00113933-n	press	6	32	157	5	impression	0	6	0.0	0	0	0	0	0	0
oewn-03716684-n	main	6	32	63	1	main	0	6	0.0	0	0	0	0	0	0
oewn-07049166-n	religious song	6	32	32	3	spiritual	0	6	0.0	0	0	0	0	0	0
oewn-09829571-n	arrival	6	32	88	4	arrival	0	6	0.0	0	0	0	0	0	0
oewn-14445892-n	decline	6	32	116	5	wreck	3	6	0.5	0	3	0	0	0	0
oewn-00346752-n	vibration	5	32	74	5	shudder	2	5	0.4	0	2	0	0	0	0
oewn-05106651-n	bulk	5	32	159	3	mass	0	5	0.0	0	0	0	0	0	0
oewn-07500615-n	craving	5	32	32	2	appetite	3	5	0.6	0	3	0	0	0	0
oewn-07515980-n	admiration	5	32	97	2	admiration	3	5	0.6	3	0	0	0	0	0
oewn-08005299-n	couple	5	32	203	2	couple	1	5	0.2	1	0	0	0	0	0
oewn-09408030-n	paring	5	32	182	2	turning	0	5	0.0	0	0	0	0	0	0
oewn-13411799-n	penny	5	32	78	3	cent	1	5	0.2	1	0	0	0	0	0
oewn-06594937-n	call	4	32	357	1	call	0	4	0.0	0	0	0	0	0	0
oewn-09256622-n	cape	4	32	124	4	tongue	0	4	0.0	0	0	0	0	0	0
oewn-13813124-n	footing	4	32	302	3	ground	0	4	0.0	0	0	0	0	0	0
oewn-14039585-n	state of mind	4	32	477	3	case	1	4	0.25	1	0	0	0	0	0
oewn-08354251-n	agency	59	31	181	5	office	0	59	0.0	0	0	0	0	0	0
oewn-02781674-n	ball	41	31	212	6	ball	0	41	0.0	0	0	0	0	0	0
oewn-03007334-n	chamber	33	31	87	5	chamber	0	33	0.0	0	0	0	0	0	0
oewn-03664618-n	lever	30	31	214	8	key	0	30	0.0	0	0	0	0	0	0
oewn-04044916-n	rack	30	31	329	6	stand	2	30	0.07	1	1	1	0	0	0
oewn-00546538-n	singing	29	31	63	6	singing	4	29	0.14	3	1	1	0	0	0
oewn-07816067-n	feed	28	31	74	4	mast	0	28	0.0	0	0	0	0	0	0
oewn-03443167-n	glass	20	31	148	7	glass	1	20	0.05	0	1	0	0	0	0
oewn-07374199-n	transformation	20	31	136	10	advance	4	20	0.2	4	0	0	0	0	0
oewn-04302219-n	stable gear	17	31	172	8	bit	0	17	0.0	0	0	0	0	0	0
oewn-02380355-n	saddle horse	16	31	125	6	grey	3	16	0.19	2	1	1	0	0	0
oewn-03155743-n	curtain	16	31	156	7	drop	0	16	0.0	0	0	0	0	0	0
oewn-05568420-n	leg	16	31	283	4	leg	0	16	0.0	0	0	0	0	0	0
oewn-05653442-n	stupidity	16	31	115	7	madness	10	16	0.62	3	7	1	0	0	0
oewn-00783339-n	robbery	15	31	126	4	job	1	15	0.07	0	1	0	0	0	0
oewn-06286287-n	mail	15	31	106	3	express	0	15	0.0	0	0	0	0	0	0
oewn-03618801-n	key	14	31	403	3	return	0	14	0.0	0	0	0	0	0	0
oewn-05712213-n	concentration	13	31	263	7	direction	0	13	0.0	0	0	0	0	0	0
oewn-03983015-n	pole	12	31	137	5	mast	0	12	0.0	0	0	0	0	0	0
oewn-05624890-n	wisdom	12	31	160	8	judgment	5	12	0.42	5	0	0	0	0	0
oewn-00046648-n	recovery	11	31	57	7	recovery	0	11	0.0	0	0	0	0	0	0
oewn-13562370-n	processing	10	31	47	5	blowing	1	10	0.1	1	0	0	0	0	0
oewn-14459495-n	obscurity	10	31	38	3	nowhere	1	10	0.1	0	1	0	0	0	0
oewn-14710513-n	fossil fuel	10	31	110	5	oil	0	10	0.0	0	0	0	0	0	0
oewn-06782183-n	error	9	31	112	3	mistake	0	9	0.0	0	0	0	0	0	0
oewn-06786235-n	treaty	9	31	145	5	peace	0	9	0.0	0	0	0	0	0	0
oewn-00611221-n	profession	8	31	111	7	profession	0	8	0.0	0	0	0	0	0	0
oewn-03782816-n	model	8	31	230	4	figure	0	8	0.0	0	0	0	0	0	0
oewn-05017811-n	reflection	8	31	186	4	reflection	0	8	0.0	0	0	0	0	0	0
oewn-07976557-n	bunch	8	31	76	7	knot	0	8	0.0	0	0	0	0	0	0
oewn-10226788-n	in-law	8	31	31	6	son-in-law	0	8	0.0	0	0	0	0	0	0
oewn-00143485-n	comparison	7	31	89	5	comparison	2	7	0.29	0	2	0	0	0	0
oewn-00338036-n	lurch	7	31	156	7	rock	0	7	0.0	0	0	0	0	0	0
oewn-08611842-n	line	7	31	520	2	line	0	7	0.0	0	0	0	0	0	0
oewn-13184148-n	branch	7	31	130	4	branch	0	7	0.0	0	0	0	0	0	0
oewn-03876761-n	package	6	31	111	6	bundle	0	6	0.0	0	0	0	0	0	0
oewn-07096765-n	tone	6	31	275	4	note	0	6	0.0	0	0	0	0	0	0
oewn-00546381-n	vocal music	5	31	124	3	strain	0	5	0.0	0	0	0	0	0	0
oewn-00730583-n	lesson	5	31	163	3	exercise	0	5	0.0	0	0	0	0	0	0
oewn-07032045-n	play	5	31	183	2	play	0	5	0.0	0	0	0	0	0	0
oewn-07527386-n	gravity	5	31	78	5	solemnity	5	5	1.0	3	2	1	0	0	0
oewn-08476919-n	succession	5	31	344	5	run	0	5	0.0	0	0	0	0	0	0
oewn-03215661-n	display	4	31	105	4	spectacle	0	4	0.0	0	0	0	0	0	0
oewn-03673968-n	likeness	4	31	64	3	likeness	0	4	0.0	0	0	0	0	0	0
oewn-08583230-n	edge	4	31	166	4	edge	0	4	0.0	0	0	0	0	0	0
oewn-03739416-n	measuring instrument	137	30	178	8	log	1	137	0.01	0	1	0	0	0	0
oewn-13852504-n	compass point	63	30	381	6	point	0	63	0.0	0	0	0	0	0	0
oewn-13129600-n	conifer	57	30	61	11	pine	1	57	0.02	1	0	0	0	0	0
oewn-00017402-n	plant	43	30	153	8	escape	5	43	0.12	1	4	1	0	0	0
oewn-07723196-n	vegetable	38	30	124	10	green	2	38	0.05	2	0	0	0	0	0
oewn-11469339-n	electrical phenomenon	35	30	181	6	charge	1	35	0.03	0	1	0	0	0	0
oewn-00551808-n	performance	27	30	117	14	trick	3	27	0.11	0	3	0	0	0	0
oewn-03994528-n	post	26	30	157	7	post	1	26	0.04	1	0	0	0	0	0
oewn-05071206-n	shape	24	30	308	11	form	4	24	0.17	2	2	1	0	0	0
oewn-10686626-n	stupid	24	30	33	6	stupid	14	24	0.58	0	14	0	0	0	0
oewn-00956422-n	defense	22	30	326	4	stand	1	22	0.05	0	1	0	0	0	0
oewn-03513245-n	heater	22	30	49	3	stove	0	22	0.0	0	0	0	0	0	0
oewn-14788240-n	fur	22	30	98	13	fur	0	22	0.0	0	0	0	0	0	0
oewn-00915536-n	production	20	30	127	12	yield	1	20	0.05	0	1	0	0	0	0
oewn-02767049-n	ax	19	30	34	3	axe	0	19	0.0	0	0	0	0	0	0
oewn-09204454-n	mania	19	30	152	4	passion	2	19	0.11	0	2	0	0	0	0
oewn-00888759-n	teaching	18	30	109	6	lesson	0	18	0.0	0	0	0	0	0	0
oewn-01140991-n	authorization	18	30	86	9	permission	0	18	0.0	0	0	0	0	0	0
oewn-01085001-n	distribution	16	30	234	6	deal	0	16	0.0	0	0	0	0	0	0
oewn-00059563-n	escape	15	30	277	6	break	0	15	0.0	0	0	0	0	0	0
oewn-05069917-n	spatial property	15	30	316	7	form	1	15	0.07	0	1	0	0	0	0
oewn-09351810-n	lake	14	30	104	4	lake	0	14	0.0	0	0	0	0	0	0
oewn-10611560-n	shopkeeper	14	30	31	4	tradesman	0	14	0.0	0	0	0	0	0	0
oewn-00094303-n	rescue	13	30	61	8	rescue	4	13	0.31	1	3	1	0	0	0
oewn-01020572-n	repetition	13	30	53	5	repetition	4	13	0.31	4	0	0	0	0	0
oewn-07223368-n	complaint	13	30	86	9	complaint	7	13	0.54	0	7	0	0	0	0
oewn-08358966-n	international intelligence agency	13	30	30	2	ISN	0	13	0.0	0	0	0	0	0	0
oewn-13922097-n	ball	13	30	151	4	ball	0	13	0.0	0	0	0	0	0	0
oewn-05802702-n	planning	12	30	156	9	arrangement	1	12	0.08	0	1	0	0	0	0
oewn-10010564-n	dandy	12	30	75	5	swell	1	12	0.08	0	1	0	0	0	0
oewn-07106786-n	writing style	11	30	250	6	form	0	11	0.0	0	0	0	0	0	0
oewn-05141812-n	depth	10	30	118	6	depth	4	10	0.4	0	4	0	0	0	0
oewn-07660315-n	poultry	10	30	98	6	goose	1	10	0.1	0	1	0	0	0	0
oewn-13376000-n	account	10	30	286	3	account	0	10	0.0	0	0	0	0	0	0
oewn-00065324-n	hit	9	30	188	6	strike	6	9	0.67	5	1	1	0	0	0
oewn-00615511-n	writing	9	30	115	3	writing	0	9	0.0	0	0	0	0	0	0
oewn-03581384-n	instrument of torture	9	30	141	5	boot	0	9	0.0	0	0	0	0	0	0
oewn-00204602-n	avoidance	8	30	135	7	escape	5	8	0.62	4	1	1	0	0	0
oewn-03365691-n	flat coat	8	30	297	3	ground	0	8	0.0	0	0	0	0	0	0
oewn-06557128-n	deed	8	30	74	3	deed	0	8	0.0	0	0	0	0	0	0
oewn-04928931-n	upbringing	7	30	106	5	raising	3	7	0.43	3	0	0	0	0	0
oewn-08598331-n	habitation	7	30	84	3	den	4	7	0.57	4	0	0	0	0	0
oewn-08692708-n	lot	7	30	173	2	lot	0	7	0.0	0	0	0	0	0	0
oewn-06705317-n	cheer	6	30	47	4	cheer	2	6	0.33	1	1	1	0	0	0
oewn-06747216-n	testimony	6	30	124	6	witness	0	6	0.0	0	0	0	0	0	0
oewn-06781526-n	misstatement	6	30	111	2	mistake	2	6	0.33	0	2	0	0	0	0
oewn-10079131-n	ear-nose-and-throat doctor	6	30	30	2	ENT man	0	6	0.0	0	0	0	0	0	0
oewn-14206547-n	sore	6	30	34	2	sore	4	6	0.67	0	4	0	0	0	0
oewn-14882048-n	debris	6	30	89	4	dust	5	6	0.83	0	5	0	0	0	0
oewn-00820127-n	guardianship	5	30	87	3	keeping	0	5	0.0	0	0	0	0	0	0
oewn-01112179-n	deal	5	30	257	2	deal	0	5	0.0	0	0	0	0	0	0
oewn-03373724-n	flue	5	30	61	3	chimney	0	5	0.0	0	0	0	0	0	0
oewn-03807547-n	musket	5	30	30	3	musket	0	5	0.0	0	0	0	0	0	0
oewn-05758160-n	vogue	5	30	155	3	fashion	1	5	0.2	1	0	0	0	0	0
oewn-07376986-n	drop	5	30	253	4	fall	0	5	0.0	0	0	0	0	0	0
oewn-07543205-n	exultation	5	30	61	3	triumph	5	5	1.0	1	4	1	0	0	0
oewn-08479331-n	data	5	30	104	2	information	1	5	0.2	0	1	0	0	0	0
oewn-00760853-n	terror	4	30	120	1	terror	0	4	0.0	0	0	0	0	0	0
oewn-03504286-n	hatchway	4	30	123	3	opening	0	4	0.0	0	0	0	0	0	0
oewn-05951737-n	conviction	4	30	60	1	conviction	3	4	0.75	0	3	0	0	0	0
oewn-06632357-n	news program	4	30	152	1	news	0	4	0.0	0	0	0	0	0	0
oewn-07429522-n	meeting	4	30	160	3	meeting	0	4	0.0	0	0	0	0	0	0
oewn-08698626-n	bearing	4	30	119	4	bearing	0	4	0.0	0	0	0	0	0	0
oewn-14781561-n	dentine	4	30	60	2	ivory	0	4	0.0	0	0	0	0	0	0
oewn-01025762-n	procedure	28	29	193	7	condition	4	28	0.14	2	2	1	0	0	0
oewn-05881589-n	law	27	29	218	3	law	4	27	0.15	1	3	1	0	0	0
oewn-06564975-n	writ	26	29	138	7	attachment	2	26	0.08	0	2	0	0	0	0
oewn-13996244-n	disorder	24	29	111	13	confusion	16	24	0.67	4	12	1	0	0	0
oewn-10062108-n	eater	21	29	204	4	mouth	1	21	0.05	0	1	0	0	0	0
oewn-13928798-n	wrinkle	21	29	386	6	line	4	21	0.19	4	0	0	0	0	0
oewn-09629201-n	adventurer	20	29	43	7	lunatic	10	20	0.5	1	9	1	0	0	0
oewn-05646832-n	art	19	29	117	2	art	3	19	0.16	3	0	0	0	0	0
oewn-02895029-n	brass	18	29	132	6	horn	0	18	0.0	0	0	0	0	0	0
oewn-03180270-n	dental appliance	18	29	238	7	crown	5	18	0.28	0	5	0	0	0	0
oewn-03432206-n	gate	17	29	101	6	gate	1	17	0.06	1	0	0	0	0	0
oewn-09639952-n	entertainer	17	29	150	6	draw	2	17	0.12	2	0	0	0	0	0
oewn-10212645-n	hunter	17	29	72	4	hunter	0	17	0.0	0	0	0	0	0	0
oewn-13273872-n	transferred property	16	29	158	10	loss	2	16	0.12	1	1	1	0	0	0
oewn-13557219-n	phase change	16	29	43	7	vapor	0	16	0.0	0	0	0	0	0	0
oewn-13636516-n		16	29	118	8	cup	0	16	0.0	0	0	0	0	0	0
oewn-06217756-n	orientation	15	29	279	5	view	1	15	0.07	1	0	0	0	0	0
oewn-06793739-n	fun	15	29	241	4	play	9	15	0.6	2	7	1	0	0	0
oewn-06816015-n	alarm	15	29	132	5	alarm	1	15	0.07	0	1	0	0	0	0
oewn-08248105-n	league	15	29	122	4	league	3	15	0.2	0	3	0	0	0	0
oewn-09898763-n	bully	15	29	113	5	skin	9	15	0.6	0	9	0	0	0	0
oewn-06710094-n	academic degree	14	29	197	2	degree	0	14	0.0	0	0	0	0	0	0
oewn-13388243-n	store	13	29	176	8	stock	0	13	0.0	0	0	0	0	0	0
oewn-00148415-n	fastening	12	29	111	7	attachment	0	12	0.0	0	0	0	0	0	0
oewn-00576402-n	cinch	10	29	75	4	breeze	0	10	0.0	0	0	0	0	0	0
oewn-03012169-n	charge	10	29	200	5	charge	0	10	0.0	0	0	0	0	0	0
oewn-03586294-n	intersection	10	29	233	4	corner	0	10	0.0	0	0	0	0	0	0
oewn-00836693-n	breath	9	29	139	5	breath	0	9	0.0	0	0	0	0	0	0
oewn-03616799-n	ketamine	9	29	146	3	green	0	9	0.0	0	0	0	0	0	0
oewn-04636961-n	coldness	9	29	180	4	stone	2	9	0.22	2	0	0	0	0	0
oewn-07301073-n	omen	9	29	43	6	omen	3	9	0.33	1	2	1	0	0	0
oewn-10123978-n	foreman	9	29	85	2	chief	0	9	0.0	0	0	0	0	0	0
oewn-00069153-n	backsliding	8	29	33	5	relapse	0	8	0.0	0	0	0	0	0	0
oewn-00941268-n	composing	8	29	96	6	arrangement	0	8	0.0	0	0	0	0	0	0
oewn-04449965-n	tobacco	8	29	134	4	smoke	0	8	0.0	0	0	0	0	0	0
oewn-07202433-n	solicitation	8	29	160	7	touch	1	8	0.12	1	0	0	0	0	0
oewn-10361391-n	mutant	8	29	149	5	monster	0	8	0.0	0	0	0	0	0	0
oewn-11485416-n	gust	8	29	181	6	blow	0	8	0.0	0	0	0	0	0	0
oewn-14487787-n	defect	7	29	192	6	hole	0	7	0.0	0	0	0	0	0	0
oewn-00790427-n	striving	6	29	70	2	strain	0	6	0.0	0	0	0	0	0	0
oewn-03900076-n	partition	6	29	218	3	wall	0	6	0.0	0	0	0	0	0	0
oewn-01044000-n	prayer	5	29	129	5	blessing	0	5	0.0	0	0	0	0	0	0
oewn-05002002-n	bitterness	5	29	90	4	bitter	3	5	0.6	0	3	0	0	0	0
oewn-07487797-n	race	5	29	355	3	run	0	5	0.0	0	0	0	0	0	0
oewn-15080200-n	vapor	5	29	41	3	vapor	0	5	0.0	0	0	0	0	0	0
oewn-05646727-n	superior skill	4	29	115	1	art	3	4	0.75	3	0	0	0	0	0
oewn-13392662-n	precious metal	4	29	135	3	gold	0	4	0.0	0	0	0	0	0	0
oewn-13906003-n	rectangle	4	29	270	2	box	0	4	0.0	0	0	0	0	0	0
oewn-04209460-n	shop	84	28	95	5	shop	1	84	0.01	0	1	0	0	0	0
oewn-08074934-n	company	52	28	280	4	company	3	52	0.06	2	1	1	0	0	0
oewn-10505025-n	prostitute	31	28	36	7	ho	12	31	0.39	0	12	0	0	0	0
oewn-06478678-n	summary	27	28	100	9	argument	0	27	0.0	0	0	0	0	0	0
oewn-00782543-n	larceny	23	28	51	8	stealing	6	23	0.26	0	6	0	0	0	0
oewn-07185404-n	interpretation	23	28	138	10	reading	6	23	0.26	3	3	1	0	0	0
oewn-03093163-n	conductor	22	28	417	7	line	0	22	0.0	0	0	0	0	0	0
oewn-05955536-n	religion	22	28	83	4	faith	0	22	0.0	0	0	0	0	0	0
oewn-10740102-n	trader	22	28	53	5	fence	1	22	0.05	0	1	0	0	0	0
oewn-01484971-n	shark	21	28	83	2	shark	0	21	0.0	0	0	0	0	0	0
oewn-05520953-n	reproductive organ	17	28	83	3	pap	0	17	0.0	0	0	0	0	0	0
oewn-07197811-n	controversy	14	28	129	6	fight	2	14	0.14	2	0	0	0	0	0
oewn-10334610-n	migrant	14	28	29	3	emigrant	0	14	0.0	0	0	0	0	0	0
oewn-00139776-n	catch	13	28	165	7	catch	0	13	0.0	0	0	0	0	0	0
oewn-00770190-n	felony	13	28	58	10	capture	0	13	0.0	0	0	0	0	0	0
oewn-03938441-n	piece	13	28	241	5	piece	0	13	0.0	0	0	0	0	0	0
oewn-04834883-n	unrighteousness	13	28	83	8	sin	6	13	0.46	3	3	1	0	0	0
oewn-06766514-n	premise	13	28	114	5	condition	0	13	0.0	0	0	0	0	0	0
oewn-09867135-n	believer	13	28	32	5	mystic	0	13	0.0	0	0	0	0	0	0
oewn-04069081-n	recess	12	28	62	7	bay	0	12	0.0	0	0	0	0	0	0
oewn-05936904-n	image	12	28	240	3	picture	1	12	0.08	0	1	0	0	0	0
oewn-07859751-n	dairy product	12	28	65	6	milk	0	12	0.0	0	0	0	0	0	0
oewn-07216464-n	word picture	11	28	167	4	picture	0	11	0.0	0	0	0	0	0	0
oewn-08215077-n	military service	11	28	146	4	service	0	11	0.0	0	0	0	0	0	0
oewn-03034020-n	cigar	10	28	28	1	cigar	0	10	0.0	0	0	0	0	0	0
oewn-07977630-n	ball	10	28	159	7	ball	0	10	0.0	0	0	0	0	0	0
oewn-05640291-n	fantasy	9	28	167	2	dream	5	9	0.56	0	5	0	0	0	0
oewn-05756230-n	differentiation	9	28	419	3	line	2	9	0.22	2	0	0	0	0	0
oewn-07463485-n	ball	9	28	143	4	ball	0	9	0.0	0	0	0	0	0	0
oewn-08203951-n	company	9	28	211	4	company	0	9	0.0	0	0	0	0	0	0
oewn-14552475-n	exemption	9	28	52	3	freedom	0	9	0.0	0	0	0	0	0	0
oewn-01221083-n	admiration	8	28	83	3	admiration	2	8	0.25	2	0	0	0	0	0
oewn-03552234-n	hovel	8	28	41	4	hut	0	8	0.0	0	0	0	0	0	0
oewn-02800851-n	base	7	28	341	3	stand	0	7	0.0	0	0	0	0	0	0
oewn-03496279-n	hanging	7	28	85	1	hanging	0	7	0.0	0	0	0	0	0	0
oewn-07919448-n	brandy	7	28	28	2	brandy	0	7	0.0	0	0	0	0	0	0
oewn-00041926-n	playing	6	28	80	3	playing	0	6	0.0	0	0	0	0	0	0
oewn-01462432-n	fetus	6	28	149	2	monster	2	6	0.33	2	0	0	0	0	0
oewn-03541528-n	horizontal surface	6	28	216	4	floor	0	6	0.0	0	0	0	0	0	0
oewn-06645018-n	hello	6	28	28	4	hello	0	6	0.0	0	0	0	0	0	0
oewn-07507795-n	consolation	6	28	57	3	consolation	6	6	1.0	1	5	1	0	0	0
oewn-07513449-n	preference	6	28	159	4	taste	5	6	0.83	4	1	1	0	0	0
oewn-07550597-n	mournfulness	6	28	54	2	woe	6	6	1.0	0	6	0	0	0	0
oewn-08508037-n	address	6	28	136	4	address	0	6	0.0	0	0	0	0	0	0
oewn-08601976-n	hiding place	6	28	172	2	drop	2	6	0.33	2	0	0	0	0	0
oewn-03308910-n	exit	5	28	56	4	way out	0	5	0.0	0	0	0	0	0	0
oewn-07288732-n	wave	5	28	139	3	wave	0	5	0.0	0	0	0	0	0	0
oewn-07590641-n	lunch	5	28	28	2	lunch	0	5	0.0	0	0	0	0	0	0
oewn-10375765-n	newlywed	5	28	58	3	bride	2	5	0.4	2	0	0	0	0	0
oewn-13952070-n	account	5	28	280	1	account	0	5	0.0	0	0	0	0	0	0
oewn-00114546-n	shove	4	28	29	4	shove	0	4	0.0	0	0	0	0	0	0
oewn-00942956-n	approach	4	28	130	4	approach	0	4	0.0	0	0	0	0	0	0
oewn-01229679-n	forgiveness	4	28	68	2	pardon	0	4	0.0	0	0	0	0	0	0
oewn-01236910-n	absence	4	28	253	3	cut	0	4	0.0	0	0	0	0	0	0
oewn-04635549-n	heat	4	28	164	3	passion	3	4	0.75	3	0	0	0	0	0
oewn-07285985-n	variable	4	28	86	2	unknown	0	4	0.0	0	0	0	0	0	0
oewn-08012591-n	swarm	4	28	127	3	cloud	0	4	0.0	0	0	0	0	0	0
oewn-14334775-n	effect	4	28	163	2	effect	2	4	0.5	0	2	0	0	0	0
oewn-14474157-n	necessity	4	28	59	3	necessity	1	4	0.25	1	0	0	0	0	0
oewn-09839665-n	athlete	51	27	109	9	reserve	3	51	0.06	2	1	1	0	0	0
oewn-02859743-n	board	36	27	168	6	board	0	36	0.0	0	0	0	0	0	0
oewn-01559826-n	thrush	35	27	57	6	chat	0	35	0.0	0	0	0	0	0	0
oewn-08574028-n	domain	22	27	228	5	land	1	22	0.05	1	0	0	0	0	0
oewn-03878173-n	pad	21	27	116	7	rat	0	21	0.0	0	0	0	0	0	0
oewn-04324558-n	stick	21	27	224	7	bow	0	21	0.0	0	0	0	0	0	0
oewn-06730109-n	disparagement	20	27	54	7	disdain	11	20	0.55	3	8	1	0	0	0
oewn-05207437-n	ability	19	27	241	7	form	9	19	0.47	7	2	1	0	0	0
oewn-00281430-n	movement	17	27	130	9	movement	0	17	0.0	0	0	0	0	0	0
oewn-00895653-n	training	17	27	154	9	exercise	0	17	0.0	0	0	0	0	0	0
oewn-04760710-n	certainty	16	27	50	4	certainty	3	16	0.19	1	2	1	0	0	0
oewn-07490504-n	defeat	16	27	52	10	licking	2	16	0.12	0	2	0	0	0	0
oewn-08181484-n	administration	15	27	131	7	bench	2	15	0.13	2	0	0	0	0	0
oewn-15009532-n	coloring material	15	27	145	8	colour	1	15	0.07	0	1	0	0	0	0
oewn-00740568-n	negligence	14	27	157	6	escape	2	14	0.14	0	2	0	0	0	0
oewn-01059683-n	feeding	14	27	61	3	IV	5	14	0.36	2	3	1	0	0	0
oewn-01474323-n	vertebrate	14	27	110	2	bird	2	14	0.14	2	0	0	0	0	0
oewn-06315661-n	syllable	14	27	27	1	syllable	0	14	0.0	0	0	0	0	0	0
oewn-13684808-n	fractional monetary unit	14	27	54	2	cent	0	14	0.0	0	0	0	0	0	0
oewn-00852055-n	hybridization	13	27	125	3	cross	0	13	0.0	0	0	0	0	0	0
oewn-01131305-n	socialization	13	27	75	6	raising	5	13	0.38	5	0	0	0	0	0
oewn-03372987-n	flower arrangement	13	27	44	6	spray	0	13	0.0	0	0	0	0	0	0
oewn-08681092-n	top	13	27	256	7	top	0	13	0.0	0	0	0	0	0	0
oewn-06759293-n	announcement	12	27	172	4	notice	0	12	0.0	0	0	0	0	0	0
oewn-09648959-n	nonreligious person	12	27	48	4	pagan	0	12	0.0	0	0	0	0	0	0
oewn-13418347-n	debt	12	27	113	5	principal	0	12	0.0	0	0	0	0	0	0
oewn-03965995-n	plate	11	27	149	5	shoe	0	11	0.0	0	0	0	0	0	0
oewn-09207033-n	conscience	10	27	70	5	conscience	5	10	0.5	5	0	0	0	0	0
oewn-12127303-n	bent	10	27	108	1	bent	0	10	0.0	0	0	0	0	0	0
oewn-01141515-n	license	9	27	70	6	permission	0	9	0.0	0	0	0	0	0	0
oewn-03520482-n	heraldry	9	27	162	4	charge	0	9	0.0	0	0	0	0	0	0
oewn-04152121-n	scenery	9	27	225	4	scene	0	9	0.0	0	0	0	0	0	0
oewn-05939522-n	form	9	27	304	5	form	1	9	0.11	0	1	0	0	0	0
oewn-03062970-n	coat of paint	8	27	287	2	ground	0	8	0.0	0	0	0	0	0	0
oewn-04966407-n	shade	8	27	208	5	tone	1	8	0.12	0	1	0	0	0	0
oewn-06650349-n	database	8	27	54	1	list	0	8	0.0	0	0	0	0	0	0
oewn-09947594-n	cleric	8	27	27	3	divine	1	8	0.12	0	1	0	0	0	0
oewn-13780885-n	output	7	27	123	4	pick	0	7	0.0	0	0	0	0	0	0
oewn-13993683-n	peace	7	27	119	3	peace	1	7	0.14	0	1	0	0	0	0
oewn-14011390-n	bliss	7	27	47	4	rapture	5	7	0.71	5	0	0	0	0	0
oewn-14723913-n	gem	7	27	181	2	stone	1	7	0.14	1	0	0	0	0	0
oewn-10183618-n	tribal chief	6	27	80	1	chief	0	6	0.0	0	0	0	0	0	0
oewn-01066787-n	quiescence	5	27	81	3	sleeping	0	5	0.0	0	0	0	0	0	0
oewn-07354849-n	wound	5	27	116	2	wound	0	5	0.0	0	0	0	0	0	0
oewn-07500766-n	appetite	5	27	40	3	appetite	4	5	0.8	1	3	1	0	0	0
oewn-08096196-n	baseball team	5	27	91	2	nine	0	5	0.0	0	0	0	0	0	0
oewn-10606082-n	shark	5	27	80	1	shark	1	5	0.2	0	1	0	0	0	0
oewn-14012148-n	unhappiness	5	27	98	3	sorrow	4	5	0.8	0	4	0	0	0	0
oewn-02877328-n	booth	4	27	310	3	stand	0	4	0.0	0	0	0	0	0	0
oewn-05869901-n	degree	4	27	185	2	degree	0	4	0.0	0	0	0	0	0	0
oewn-06670391-n	ceiling	4	27	131	3	cap	0	4	0.0	0	0	0	0	0	0
oewn-06901395-n	screening	4	27	55	3	showing	0	4	0.0	0	0	0	0	0	0
oewn-09237488-n	barrier	4	27	136	3	bar	0	4	0.0	0	0	0	0	0	0
oewn-14651259-n	noble metal	4	27	133	2	gold	0	4	0.0	0	0	0	0	0	0
oewn-05310901-n	cavity	67	26	101	9	chamber	0	67	0.0	0	0	0	0	0	0
oewn-15009942-n	dye	46	26	161	3	blue	2	46	0.04	0	2	0	0	0	0
oewn-07827392-n	herb	39	26	92	9	tea	5	39	0.13	1	4	1	0	0	0
oewn-03105141-n	conveyance	27	26	123	10	lift	0	27	0.0	0	0	0	0	0	0
oewn-07576677-n	diet	27	26	79	2	pap	7	27	0.26	2	5	1	0	0	0
oewn-00251880-n	cleaning	23	26	30	7	sweeping	3	23	0.13	3	0	0	0	0	0
oewn-05047429-n	weakness	23	26	124	9	delicacy	8	23	0.35	0	8	0	0	0	0
oewn-08257554-n	clique	23	26	88	8	camp	2	23	0.09	0	2	0	0	0	0
oewn-10079390-n	enthusiast	17	26	78	6	fiend	1	17	0.06	0	1	0	0	0	0
oewn-10386665-n	nurse	17	26	51	2	nurse	0	17	0.0	0	0	0	0	0	0
oewn-07273000-n	reference point	15	26	209	5	mark	0	15	0.0	0	0	0	0	0	0
oewn-09827177-n	aristocrat	15	26	27	6	aristocrat	0	15	0.0	0	0	0	0	0	0
oewn-03980573-n	point	14	26	418	5	point	0	14	0.0	0	0	0	0	0	0
oewn-04578374-n	weight	14	26	152	10	weight	0	14	0.0	0	0	0	0	0	0
oewn-07143235-n	profanity	14	26	87	7	curse	7	14	0.5	0	7	0	0	0	0
oewn-07417119-n	tide	14	26	78	6	tide	2	14	0.14	0	2	0	0	0	0
oewn-07441937-n	weakening	14	26	154	5	fall	2	14	0.14	0	2	0	0	0	0
oewn-10667676-n	stand-in	14	26	132	4	relief	0	14	0.0	0	0	0	0	0	0
oewn-13886774-n	convex shape	14	26	426	8	point	0	14	0.0	0	0	0	0	0	0
oewn-02697285-n	alarm	13	26	156	3	alarm	0	13	0.0	0	0	0	0	0	0
oewn-03610935-n	junction	13	26	159	6	circle	0	13	0.0	0	0	0	0	0	0
oewn-10568238-n	salesperson	13	26	42	2	clerk	0	13	0.0	0	0	0	0	0	0
oewn-14427564-n	depression	13	26	79	4	melancholy	4	13	0.31	0	4	0	0	0	0
oewn-02116752-n	wolf	12	26	77	1	wolf	0	12	0.0	0	0	0	0	0	0
oewn-07370487-n	decrease	12	26	60	6	sinking	1	12	0.08	0	1	0	0	0	0
oewn-13805250-n	logical relation	12	26	80	4	contrary	0	12	0.0	0	0	0	0	0	0
oewn-05407944-n	blood group	11	26	28	5	group O	0	11	0.0	0	0	0	0	0	0
oewn-05755999-n	discrimination	11	26	141	5	taste	4	11	0.36	4	0	0	0	0	0
oewn-10211562-n	humorist	11	26	112	5	card	0	11	0.0	0	0	0	0	0	0
oewn-10541917-n	reprobate	11	26	46	6	wretch	3	11	0.27	0	3	0	0	0	0
oewn-14939335-n	ice	11	26	99	3	ice	0	11	0.0	0	0	0	0	0	0
oewn-05782611-n	inference	10	26	57	5	presumption	0	10	0.0	0	0	0	0	0	0
oewn-06211643-n	bias	10	26	27	2	prejudice	4	10	0.4	1	3	1	0	0	0
oewn-07346000-n	separation	10	26	278	7	break	0	10	0.0	0	0	0	0	0	0
oewn-10668135-n	star	10	26	230	4	lead	2	10	0.2	0	2	0	0	0	0
oewn-03138189-n	crockery	9	26	88	4	cup	0	9	0.0	0	0	0	0	0	0
oewn-04613084-n	wrapping	9	26	111	6	jacket	0	9	0.0	0	0	0	0	0	0
oewn-07258497-n	sermon	9	26	58	3	sermon	2	9	0.22	2	0	0	0	0	0
oewn-07737201-n	chili	9	26	27	3	chile	0	9	0.0	0	0	0	0	0	0
oewn-10364831-n	nanny	9	26	51	2	nurse	1	9	0.11	0	1	0	0	0	0
oewn-07737070-n	hot pepper	8	26	28	4	chile	0	8	0.0	0	0	0	0	0	0
oewn-09629719-n	anomaly	8	26	134	4	monster	0	8	0.0	0	0	0	0	0	0
oewn-00125700-n	contact	7	26	45	4	contact	0	7	0.0	0	0	0	0	0	0
oewn-02673692-n	access	7	26	129	5	approach	0	7	0.0	0	0	0	0	0	0
oewn-02922798-n	bundle	7	26	73	6	bundle	0	7	0.0	0	0	0	0	0	0
oewn-03618503-n	key	7	26	295	2	master	0	7	0.0	0	0	0	0	0	0
oewn-08253359-n	consortium	7	26	168	3	trust	0	7	0.0	0	0	0	0	0	0
oewn-10808758-n	womanizer	7	26	77	1	wolf	0	7	0.0	0	0	0	0	0	0
oewn-13837364-n	magnitude relation	7	26	124	3	rate	1	7	0.14	0	1	0	0	0	0
oewn-00437279-n	hang	6	26	52	1	hang	0	6	0.0	0	0	0	0	0	0
oewn-00611641-n	learned profession	6	26	151	4	law	0	6	0.0	0	0	0	0	0	0
oewn-01323721-n	male	6	26	45	5	male	0	6	0.0	0	0	0	0	0	0
oewn-02284439-n	lycaenid	6	26	173	2	blue	0	6	0.0	0	0	0	0	0	0
oewn-07190226-n	assent	6	26	49	5	yielding	0	6	0.0	0	0	0	0	0	0
oewn-07506848-n	enjoyment	6	26	73	4	enjoyment	6	6	1.0	6	0	0	0	0	0
oewn-10427471-n	patron	6	26	101	3	regular	0	6	0.0	0	0	0	0	0	0
oewn-13277590-n	gross	6	26	98	3	gate	0	6	0.0	0	0	0	0	0	0
oewn-04306353-n	stall	5	26	308	2	stand	0	5	0.0	0	0	0	0	0	0
oewn-05535693-n	respiratory organ	5	26	31	2	lung	0	5	0.0	0	0	0	0	0	0
oewn-05666448-n	smell	5	26	161	3	nose	0	5	0.0	0	0	0	0	0	0
oewn-05879538-n	law	5	26	171	2	law	0	5	0.0	0	0	0	0	0	0
oewn-07203345-n	courtship	5	26	92	5	suit	0	5	0.0	0	0	0	0	0	0
oewn-09643964-n	native	5	26	70	2	native	0	5	0.0	0	0	0	0	0	0
oewn-10391149-n	officeholder	5	26	103	1	officer	0	5	0.0	0	0	0	0	0	0
oewn-13629841-n	temperature unit	5	26	184	1	degree	0	5	0.0	0	0	0	0	0	0
oewn-02073082-n	porpoise	4	26	26	1	porpoise	0	4	0.0	0	0	0	0	0	0
oewn-05162506-n	recourse	4	26	183	4	shadow	1	4	0.25	1	0	0	0	0	0
oewn-06216764-n	estimate	4	26	109	4	report	2	4	0.5	2	0	0	0	0	0
oewn-06657802-n	footprint	4	26	257	3	step	0	4	0.0	0	0	0	0	0	0
oewn-14782206-n	horn	4	26	64	3	horn	0	4	0.0	0	0	0	0	0	0
oewn-13341190-n	fee	38	25	136	7	consideration	0	38	0.0	0	0	0	0	0	0
oewn-03106637-n	cooking utensil	27	25	78	4	turner	0	27	0.0	0	0	0	0	0	0
oewn-10685137-n	student	25	25	63	9	pupil	7	25	0.28	3	4	1	0	0	0
oewn-05264345-n	hairdo	24	25	171	9	wave	1	24	0.04	0	1	0	0	0	0
oewn-05617763-n	rima	20	25	200	1	mouth	0	20	0.0	0	0	0	0	0	0
oewn-07058663-n	passage	19	25	181	5	passage	1	19	0.05	0	1	0	0	0	0
oewn-03343766-n	film	18	25	112	7	roll	0	18	0.0	0	0	0	0	0	0
oewn-10097373-n	fan	18	25	66	3	lover	1	18	0.06	1	0	0	0	0	0
oewn-04670308-n	attentiveness	17	25	59	10	caution	10	17	0.59	10	0	0	0	0	0
oewn-08588287-n	playing field	17	25	237	5	court	0	17	0.0	0	0	0	0	0	0
oewn-00731545-n	assignment	16	25	239	6	charge	0	16	0.0	0	0	0	0	0	0
oewn-03539152-n	hoop	15	25	134	7	ring	0	15	0.0	0	0	0	0	0	0
oewn-06738626-n	declaration	15	25	72	7	threat	5	15	0.33	4	1	1	0	0	0
oewn-07922524-n	whiskey	15	25	42	5	corn	0	15	0.0	0	0	0	0	0	0
oewn-13296518-n	expense	15	25	62	3	expense	5	15	0.33	1	4	1	0	0	0
oewn-00211959-n	completion	14	25	99	6	closing	0	14	0.0	0	0	0	0	0	0
oewn-04531608-n	vehicle	14	25	93	5	craft	0	14	0.0	0	0	0	0	0	0
oewn-03077981-n	column	12	25	90	8	pile	0	12	0.0	0	0	0	0	0	0
oewn-04403010-n	tavern	12	25	26	2	tavern	0	12	0.0	0	0	0	0	0	0
oewn-04020105-n	prosthesis	11	25	210	3	leg	0	11	0.0	0	0	0	0	0	0
oewn-06332695-n	adjective	11	25	37	5	positive	2	11	0.18	2	0	0	0	0	0
oewn-10462744-n	plunderer	11	25	70	4	pirate	0	11	0.0	0	0	0	0	0	0
oewn-11704733-n	pericarp	11	25	177	2	stone	0	11	0.0	0	0	0	0	0	0
oewn-13513079-n	heating	11	25	38	5	boiling	1	11	0.09	0	1	0	0	0	0
oewn-01011813-n	order	10	25	270	5	order	0	10	0.0	0	0	0	0	0	0
oewn-03778568-n	mirror	10	25	132	2	glass	0	10	0.0	0	0	0	0	0	0
oewn-00129458-n	fly	9	25	133	3	fly	3	9	0.33	0	3	0	0	0	0
oewn-00171665-n	flight maneuver	9	25	276	4	bank	1	9	0.11	0	1	0	0	0	0
oewn-03820446-n	necklace	9	25	201	6	chain	0	9	0.0	0	0	0	0	0	0
oewn-04613372-n	wreath	9	25	80	4	crown	0	9	0.0	0	0	0	0	0	0
oewn-05245366-n	sheath	9	25	466	3	case	0	9	0.0	0	0	0	0	0	0
oewn-05650020-n	adeptness	9	25	163	5	touch	6	9	0.67	6	0	0	0	0	0
oewn-09206590-n	ethical motive	9	25	70	3	conscience	4	9	0.44	0	4	0	0	0	0
oewn-09306921-n	forest	9	25	57	4	forest	1	9	0.11	1	0	0	0	0	0
oewn-10185987-n	heathen	9	25	46	3	pagan	0	9	0.0	0	0	0	0	0	0
oewn-00966680-n	aggression	8	25	153	5	force	3	8	0.38	0	3	0	0	0	0
oewn-03784903-n	mold	8	25	306	4	form	0	8	0.0	0	0	0	0	0	0
oewn-00357849-n	squeeze	7	25	169	4	expression	0	7	0.0	0	0	0	0	0	0
oewn-03691456-n	loft	7	25	33	5	garret	0	7	0.0	0	0	0	0	0	0
oewn-04723223-n	appropriateness	7	25	65	3	felicity	7	7	1.0	7	0	0	0	0	0
oewn-05117108-n	decrease	7	25	247	3	fall	0	7	0.0	0	0	0	0	0	0
oewn-05608186-n	naris	7	25	25	1	nostril	0	7	0.0	0	0	0	0	0	0
oewn-06321935-n	case	7	25	464	2	case	0	7	0.0	0	0	0	0	0	0
oewn-10003102-n	curate	7	25	45	5	minister	0	7	0.0	0	0	0	0	0	0
oewn-13160424-n	husk	7	25	59	4	hull	0	7	0.0	0	0	0	0	0	0
oewn-00757016-n	affectation	6	25	69	3	attitude	0	6	0.0	0	0	0	0	0	0
oewn-04234206-n	sketch	6	25	195	5	study	0	6	0.0	0	0	0	0	0	0
oewn-05119135-n	drop	6	25	249	4	fall	0	6	0.0	0	0	0	0	0	0
oewn-05867520-n	constant	6	25	43	2	constant	3	6	0.5	0	3	0	0	0	0
oewn-06025625-n	interval	6	25	99	1	interval	0	6	0.0	0	0	0	0	0	0
oewn-06210476-n	disfavor	6	25	50	3	dislike	1	6	0.17	0	1	0	0	0	0
oewn-06818523-n	telegraphic signal	6	25	43	3	dah	0	6	0.0	0	0	0	0	0	0
oewn-00068346-n	loss	5	25	226	4	fall	0	5	0.0	0	0	0	0	0	0
oewn-01323363-n	female	5	25	56	3	female	0	5	0.0	0	0	0	0	0	0
oewn-03272883-n	elastic device	5	25	122	3	spring	0	5	0.0	0	0	0	0	0	0
oewn-04307879-n	stand	5	25	302	1	stand	1	5	0.2	0	1	0	0	0	0
oewn-05797437-n	judgment	5	25	95	3	judgment	0	5	0.0	0	0	0	0	0	0
oewn-05869651-n	sum	5	25	102	3	sum	0	5	0.0	0	0	0	0	0	0
oewn-07365795-n	throw	5	25	149	2	throw	0	5	0.0	0	0	0	0	0	0
oewn-08024575-n	package	5	25	86	5	bundle	0	5	0.0	0	0	0	0	0	0
oewn-08610686-n	limit	5	25	117	3	reach	2	5	0.4	2	0	0	0	0	0
oewn-11705208-n	stone	5	25	177	2	stone	0	5	0.0	0	0	0	0	0	0
oewn-00121986-n	sending	4	25	25	1	sending	0	4	0.0	0	0	0	0	0	0
oewn-00314632-n	sailing	4	25	152	4	beat	0	4	0.0	0	0	0	0	0	0
oewn-04902441-n	trust	4	25	135	3	trust	4	4	1.0	4	0	0	0	0	0
oewn-07339517-n	rise	4	25	217	3	wave	1	4	0.25	1	0	0	0	0	0
oewn-08671281-n	stand	4	25	302	1	stand	0	4	0.0	0	0	0	0	0	0
oewn-13184701-n	limb	4	25	118	3	limb	0	4	0.0	0	0	0	0	0	0
oewn-13130492-n	angiospermous tree	103	24	45	7	maple	1	103	0.01	0	1	0	0	0	0
oewn-14276606-n	animal disease	70	24	98	6	pip	38	70	0.54	7	31	1	0	0	0
oewn-06581154-n	program	64	24	115	9	application	1	64	0.02	0	1	0	0	0	0
oewn-10217586-n	idler	38	24	36	8	loafer	1	38	0.03	1	0	0	0	0	0
oewn-13104346-n	vascular plant	38	24	36	3	vine	0	38	0.0	0	0	0	0	0	0
oewn-01505702-n	bird	37	24	117	4	bird	0	37	0.0	0	0	0	0	0	0
oewn-03625261-n	kitchen appliance	27	24	65	4	stove	0	27	0.0	0	0	0	0	0	0
oewn-14610438-n	mixture	24	24	83	7	metal	0	24	0.0	0	0	0	0	0	0
oewn-07169789-n	non-standard speech	23	24	58	10	accent	0	23	0.0	0	0	0	0	0	0
oewn-14521347-n	dirtiness	23	24	73	11	dirt	8	23	0.35	3	5	1	0	0	0
oewn-03959296-n	place of business	19	24	198	4	spot	0	19	0.0	0	0	0	0	0	0
oewn-02968752-n	cargo ship	17	24	112	3	bottom	0	17	0.0	0	0	0	0	0	0
oewn-05006566-n	fatness	16	24	54	3	blubber	3	16	0.19	0	3	0	0	0	0
oewn-10543112-n	resident	16	24	41	6	inmate	0	16	0.0	0	0	0	0	0	0
oewn-11685823-n	angiosperm	16	24	68	2	flower	0	16	0.0	0	0	0	0	0	0
oewn-03486255-n	hammer	15	24	84	5	hammer	0	15	0.0	0	0	0	0	0	0
oewn-08481612-n	movement	15	24	223	2	front	0	15	0.0	0	0	0	0	0	0
oewn-13478551-n	decline	15	24	115	6	loss	2	15	0.13	2	0	0	0	0	0
oewn-13408382-n	paper money	13	24	200	4	note	0	13	0.0	0	0	0	0	0	0
oewn-15158573-n	duration	13	24	153	7	value	1	13	0.08	1	0	0	0	0	0
oewn-00086039-n	seizure	12	24	77	4	distress	0	12	0.0	0	0	0	0	0	0
oewn-00453279-n	hunt	12	24	94	3	hunt	0	12	0.0	0	0	0	0	0	0
oewn-04894324-n	conceit	12	24	79	5	vanity	7	12	0.58	3	4	1	0	0	0
oewn-07233130-n	report	12	24	192	3	study	0	12	0.0	0	0	0	0	0	0
oewn-05075630-n	gradient	11	24	75	8	pitch	0	11	0.0	0	0	0	0	0	0
oewn-05761561-n	education	11	24	149	5	school	2	11	0.18	1	1	1	0	0	0
oewn-10184340-n	head of state	11	24	46	4	president	0	11	0.0	0	0	0	0	0	0
oewn-04495252-n	trophy	10	24	106	4	silver	0	10	0.0	0	0	0	0	0	0
oewn-04875961-n	honorableness	10	24	43	4	grandeur	6	10	0.6	6	0	0	0	0	0
oewn-03327515-n	farm building	9	24	27	2	stable	0	9	0.0	0	0	0	0	0	0
oewn-03521174-n	heroin	9	24	73	3	thunder	0	9	0.0	0	0	0	0	0	0
oewn-04095909-n	ride	9	24	48	2	ride	0	9	0.0	0	0	0	0	0	0
oewn-06334605-n	adverb	9	24	35	4	positive	2	9	0.22	2	0	0	0	0	0
oewn-07371276-n	increase	9	24	125	6	jump	0	9	0.0	0	0	0	0	0	0
oewn-07687880-n	edible fat	9	24	87	2	oil	0	9	0.0	0	0	0	0	0	0
oewn-01179523-n	protest	8	24	92	5	objection	0	8	0.0	0	0	0	0	0	0
oewn-02959203-n	cape	8	24	47	4	cape	0	8	0.0	0	0	0	0	0	0
oewn-03808656-n	muzzle loader	8	24	24	1	musket	0	8	0.0	0	0	0	0	0	0
oewn-05700384-n	determinant	8	24	119	1	influence	0	8	0.0	0	0	0	0	0	0
oewn-06780713-n	shot	8	24	192	6	shot	0	8	0.0	0	0	0	0	0	0
oewn-08474004-n	ordering	8	24	277	4	order	0	8	0.0	0	0	0	0	0	0
oewn-14585210-n	deterioration	8	24	76	3	wear	3	8	0.38	0	3	0	0	0	0
oewn-00329328-n	slide	7	24	132	5	coast	3	7	0.43	0	3	0	0	0	0
oewn-00745741-n	injury	7	24	59	5	injury	0	7	0.0	0	0	0	0	0	0
oewn-00941444-n	arrangement	7	24	72	3	arrangement	0	7	0.0	0	0	0	0	0	0
oewn-02404662-n	bovine	7	24	30	3	cattle	0	7	0.0	0	0	0	0	0	0
oewn-02950684-n	canal	7	24	250	3	cut	0	7	0.0	0	0	0	0	0	0
oewn-04821469-n	magnificence	7	24	48	6	grandeur	7	7	1.0	7	0	0	0	0	0
oewn-05790881-n	resolution	7	24	107	2	resolution	0	7	0.0	0	0	0	0	0	0
oewn-08323595-n	varna	7	24	25	2	varna	5	7	0.71	3	2	1	0	0	0
oewn-00181262-n	adoption	6	24	87	5	bosom	2	6	0.33	2	0	0	0	0	0
oewn-00967515-n	violence	6	24	153	3	force	1	6	0.17	0	1	0	0	0	0
oewn-01227516-n	insult	6	24	41	4	insult	3	6	0.5	1	2	1	0	0	0
oewn-01683119-n	fence lizard	6	24	49	1	swift	0	6	0.0	0	0	0	0	0	0
oewn-05201846-n	force	6	24	180	3	force	1	6	0.17	1	0	0	0	0	0
oewn-07299259-n	accompaniment	6	24	84	4	attendant	0	6	0.0	0	0	0	0	0	0
oewn-07357963-n	recurrence	6	24	263	2	return	1	6	0.17	0	1	0	0	0	0
oewn-10595231-n	seeker	6	24	70	3	hunter	0	6	0.0	0	0	0	0	0	0
oewn-14013549-n	purity	6	24	71	3	whiteness	6	6	1.0	5	1	1	0	0	0
oewn-00090171-n	restitution	5	24	270	3	return	0	5	0.0	0	0	0	0	0	0
oewn-00147676-n	merging	5	24	127	3	meeting	0	5	0.0	0	0	0	0	0	0
oewn-00336210-n	inclination	5	24	107	5	inclination	0	5	0.0	0	0	0	0	0	0
oewn-00454959-n	fishing	5	24	114	3	cast	0	5	0.0	0	0	0	0	0	0
oewn-01834353-n	apodiform bird	5	24	49	1	swift	0	5	0.0	0	0	0	0	0	0
oewn-02775559-n	badminton equipment	5	24	111	3	bird	0	5	0.0	0	0	0	0	0	0
oewn-03114532-n	corner	5	24	201	2	corner	0	5	0.0	0	0	0	0	0	0
oewn-04153115-n	school	5	24	118	3	school	0	5	0.0	0	0	0	0	0	0
oewn-04371914-n	surgical knife	5	24	67	2	lance	0	5	0.0	0	0	0	0	0	0
oewn-05631720-n	natural ability	5	24	56	3	talent	0	5	0.0	0	0	0	0	0	0
oewn-06701267-n	memorial	5	24	49	3	remembrance	3	5	0.6	3	0	0	0	0	0
oewn-08521615-n	barren	5	24	53	3	waste	0	5	0.0	0	0	0	0	0	0
oewn-10185041-n	hearer	5	24	25	4	listener	0	5	0.0	0	0	0	0	0	0
oewn-10318314-n	master	5	24	170	2	master	0	5	0.0	0	0	0	0	0	0
oewn-10486484-n	preserver	5	24	25	3	protector	1	5	0.2	0	1	0	0	0	0
oewn-13833622-n	affinity	5	24	76	3	sympathy	2	5	0.4	2	0	0	0	0	0
oewn-14538407-n	kingdom	5	24	214	3	land	2	5	0.4	2	0	0	0	0	0
oewn-00169479-n	move	4	24	109	2	move	0	4	0.0	0	0	0	0	0	0
oewn-00446336-n	rowing	4	24	77	3	row	0	4	0.0	0	0	0	0	0	0
oewn-01834808-n	swift	4	24	49	1	swift	0	4	0.0	0	0	0	0	0	0
oewn-02745758-n	arrow	4	24	47	2	quarrel	0	4	0.0	0	0	0	0	0	0
oewn-03330714-n	feature	4	24	102	2	feature	0	4	0.0	0	0	0	0	0	0
oewn-03479089-n	habit	4	24	122	2	habit	0	4	0.0	0	0	0	0	0	0
oewn-05789797-n	breakdown	4	24	107	2	resolution	0	4	0.0	0	0	0	0	0	0
oewn-05819240-n	food	4	24	70	3	food	1	4	0.25	1	0	0	0	0	0
oewn-06148033-n	cognitive psychology	4	24	120	1	memory	0	4	0.0	0	0	0	0	0	0
oewn-07043169-n	motif	4	24	72	2	motive	2	4	0.5	0	2	0	0	0	0
oewn-07227272-n	notice	4	24	157	3	notice	0	4	0.0	0	0	0	0	0	0
oewn-07307886-n	deal	4	24	215	1	deal	3	4	0.75	3	0	0	0	0	0
oewn-08477596-n	streak	4	24	315	2	run	0	4	0.0	0	0	0	0	0	0
oewn-10145714-n	generator	4	24	80	3	source	0	4	0.0	0	0	0	0	0	0
oewn-11484145-n	good luck	4	24	73	3	fluke	1	4	0.25	1	0	0	0	0	0
oewn-14550366-n	unsusceptibility	4	24	49	3	freedom	0	4	0.0	0	0	0	0	0	0
oewn-14864016-n	dust	4	24	73	1	dust	0	4	0.0	0	0	0	0	0	0
oewn-02162607-n	insect	74	23	84	9	queen	5	74	0.07	0	5	0	0	0	0
oewn-07758680-n	berry	33	23	63	6	huckleberry	0	33	0.0	0	0	0	0	0	0
oewn-05523321-n	sac	32	23	169	5	pocket	0	32	0.0	0	0	0	0	0	0
oewn-03409359-n	furnace	23	23	32	3	forge	0	23	0.0	0	0	0	0	0	0
oewn-02788671-n	bandage	22	23	114	5	cast	0	22	0.0	0	0	0	0	0	0
oewn-00405224-n	change of shape	20	23	70	12	bending	0	20	0.0	0	0	0	0	0	0
oewn-07725078-n	greens	20	23	106	2	green	3	20	0.15	3	0	0	0	0	0
oewn-00135600-n	punch	16	23	112	6	hook	4	16	0.25	1	3	1	0	0	0
oewn-00384760-n	break	16	23	163	7	break	0	16	0.0	0	0	0	0	0	0
oewn-05082771-n	placement	16	23	126	7	arrangement	0	16	0.0	0	0	0	0	0	0
oewn-01014302-n	grouping	15	23	46	8	collection	0	15	0.0	0	0	0	0	0	0
oewn-02679115-n	acoustic device	15	23	123	5	bell	0	15	0.0	0	0	0	0	0	0
oewn-04585055-n	whip	13	23	124	6	cat	2	13	0.15	0	2	0	0	0	0
oewn-07208618-n	interrogation	13	23	70	4	examination	1	13	0.08	0	1	0	0	0	0
oewn-02682269-n	addition	12	23	173	5	attachment	1	12	0.08	0	1	0	0	0	0
oewn-13419414-n	debt instrument	12	23	186	3	note	0	12	0.0	0	0	0	0	0	0
oewn-14429977-n	irritation	12	23	79	8	impatience	4	12	0.33	0	4	0	0	0	0
oewn-04615925-n	writing implement	11	23	90	5	pen	0	11	0.0	0	0	0	0	0	0
oewn-05698074-n	obstacle	11	23	64	7	barrier	2	11	0.18	0	2	0	0	0	0
oewn-09327371-n	hole	11	23	120	6	hole	0	11	0.0	0	0	0	0	0	0
oewn-15162842-n	vacation	11	23	51	5	holiday	1	11	0.09	1	0	0	0	0	0
oewn-00433629-n	avocation	9	23	78	3	pursuit	0	9	0.0	0	0	0	0	0	0
oewn-00446787-n	boxing	9	23	96	3	fight	0	9	0.0	0	0	0	0	0	0
oewn-02680572-n	action	9	23	255	3	action	0	9	0.0	0	0	0	0	0	0
oewn-03685038-n	living room	9	23	39	5	parlor	0	9	0.0	0	0	0	0	0	0
oewn-03706297-n	machine	9	23	107	6	wheel	0	9	0.0	0	0	0	0	0	0
oewn-04813883-n	worthiness	9	23	46	1	merit	5	9	0.56	5	0	0	0	0	0
oewn-04849041-n	tact	9	23	148	5	address	4	9	0.44	4	0	0	0	0	0
oewn-06324641-n	construction	9	23	171	5	expression	1	9	0.11	0	1	0	0	0	0
oewn-09515097-n	monster	9	23	115	2	monster	2	9	0.22	0	2	0	0	0	0
oewn-09942257-n	church officer	9	23	50	5	elder	0	9	0.0	0	0	0	0	0	0
oewn-13885383-n	figure	9	23	210	3	figure	0	9	0.0	0	0	0	0	0	0
oewn-14002658-n	turbulence	9	23	90	4	agitation	0	9	0.0	0	0	0	0	0	0
oewn-14543880-n	atmosphere	9	23	80	2	fog	0	9	0.0	0	0	0	0	0	0
oewn-00330053-n	flow	8	23	134	6	stream	0	8	0.0	0	0	0	0	0	0
oewn-00623824-n	hunt	8	23	95	4	hunt	0	8	0.0	0	0	0	0	0	0
oewn-02718424-n	anteroom	8	23	136	6	hall	0	8	0.0	0	0	0	0	0	0
oewn-10089234-n	executioner	8	23	23	3	headsman	0	8	0.0	0	0	0	0	0	0
oewn-00104654-n	drive	7	23	173	4	drive	0	7	0.0	0	0	0	0	0	0
oewn-06602491-n	impression	7	23	149	4	proof	0	7	0.0	0	0	0	0	0	0
oewn-07902824-n	beer	7	23	24	3	beer	0	7	0.0	0	0	0	0	0	0
oewn-08431076-n	jury	7	23	45	2	jury	1	7	0.14	0	1	0	0	0	0
oewn-08613276-n	latitude	7	23	54	3	latitude	0	7	0.0	0	0	0	0	0	0
oewn-09570240-n	apparition	7	23	56	3	phantom	0	7	0.0	0	0	0	0	0	0
oewn-10455134-n	pirate	7	23	68	2	pirate	0	7	0.0	0	0	0	0	0	0
oewn-13927849-n	incision	7	23	96	7	score	0	7	0.0	0	0	0	0	0	0
oewn-00534959-n	dance step	6	23	253	1	step	0	6	0.0	0	0	0	0	0	0
oewn-01024120-n	survival	6	23	69	3	custom	3	6	0.5	3	0	0	0	0	0
oewn-02123649-n	feline	6	23	156	4	cat	0	6	0.0	0	0	0	0	0	0
oewn-05321204-n	protective fold	6	23	52	2	lid	0	6	0.0	0	0	0	0	0	0
oewn-06412971-n	transition	6	23	249	4	cut	0	6	0.0	0	0	0	0	0	0
oewn-06728866-n	contempt	6	23	57	5	contempt	4	6	0.67	0	4	0	0	0	0
oewn-08253542-n	trust	6	23	134	2	trust	0	6	0.0	0	0	0	0	0	0
oewn-13625961-n	monetary unit	6	23	92	1	dollar	0	6	0.0	0	0	0	0	0	0
oewn-14486530-n	failing	6	23	84	4	weakness	4	6	0.67	0	4	0	0	0	0
oewn-02978671-n	case	5	23	460	1	case	0	5	0.0	0	0	0	0	0	0
oewn-03115320-n	cornet	5	23	70	4	horn	0	5	0.0	0	0	0	0	0	0
oewn-06760383-n	notice	5	23	150	2	notice	0	5	0.0	0	0	0	0	0	0
oewn-00378172-n	explosion	4	23	94	2	burst	0	4	0.0	0	0	0	0	0	0
oewn-03495425-n	handwear	4	23	46	2	muff	0	4	0.0	0	0	0	0	0	0
oewn-03819652-n	neck	4	23	116	1	neck	0	4	0.0	0	0	0	0	0	0
oewn-06742613-n	claim	4	23	103	3	claim	0	4	0.0	0	0	0	0	0	0
oewn-07129117-n	semivowel	4	23	29	2	yer	0	4	0.0	0	0	0	0	0	0
oewn-07184131-n	commission	4	23	243	3	direction	1	4	0.25	0	1	0	0	0	0
oewn-08007806-n	congregation	4	23	70	4	faithful	0	4	0.0	0	0	0	0	0	0
oewn-13683378-n	dollar	4	23	92	1	dollar	0	4	0.0	0	0	0	0	0	0
oewn-13776433-n	addition	4	23	110	3	gain	0	4	0.0	0	0	0	0	0	0
oewn-14008098-n	shade	4	23	209	2	shadow	0	4	0.0	0	0	0	0	0	0
oewn-14469215-n	relief	4	23	149	3	ease	2	4	0.5	0	2	0	0	0	0
oewn-14569829-n	condition	4	23	167	3	condition	4	4	1.0	4	0	0	0	0	0
oewn-02332053-n	rodent	48	22	91	7	rat	0	48	0.0	0	0	0	0	0	0
oewn-05244557-n	system	46	22	121	5	skeleton	0	46	0.0	0	0	0	0	0	0
oewn-07068473-n	dance music	35	22	82	8	rag	1	35	0.03	1	0	0	0	0	0
oewn-04515458-n	undergarment	29	22	95	9	slip	0	29	0.0	0	0	0	0	0	0
oewn-09651094-n	recipient	27	22	49	7	host	1	27	0.04	1	0	0	0	0	0
oewn-07689142-n	vegetable oil	25	22	85	2	oil	1	25	0.04	0	1	0	0	0	0
oewn-03390403-n	fortification	23	22	77	8	castle	0	23	0.0	0	0	0	0	0	0
oewn-02191351-n	dipterous insect	22	22	102	3	fly	3	22	0.14	0	3	0	0	0	0
oewn-04974368-n	green	21	22	106	3	green	0	21	0.0	0	0	0	0	0	0
oewn-11471253-n	electromagnetic radiation	21	22	399	3	line	2	21	0.1	0	2	0	0	0	0
oewn-13381671-n	trust	20	22	132	1	trust	1	20	0.05	1	0	0	0	0	0
oewn-03913346-n	pen	19	22	89	6	pen	0	19	0.0	0	0	0	0	0	0
oewn-04936599-n	artistic style	19	22	267	3	order	1	19	0.05	1	0	0	0	0	0
oewn-04112162-n	roof	17	22	74	5	roof	1	17	0.06	0	1	0	0	0	0
oewn-04693352-n	attractiveness	17	22	83	4	charm	10	17	0.59	10	0	0	0	0	0
oewn-06544321-n	law	17	22	137	2	law	0	17	0.0	0	0	0	0	0	0
oewn-08071473-n	financial institution	17	22	203	3	bank	0	17	0.0	0	0	0	0	0	0
oewn-01010320-n	organization	15	22	254	5	order	0	15	0.0	0	0	0	0	0	0
oewn-03749393-n	memorial	15	22	55	9	brass	1	15	0.07	0	1	0	0	0	0
oewn-03951891-n	pipe	15	22	109	2	pipe	0	15	0.0	0	0	0	0	0	0
oewn-13487789-n	discharge	15	22	139	4	period	0	15	0.0	0	0	0	0	0	0
oewn-02403683-n	bovid	14	22	49	5	sheep	0	14	0.0	0	0	0	0	0	0
oewn-03814104-n	narcotic	14	22	22	3	opium	1	14	0.07	0	1	0	0	0	0
oewn-04337478-n	stove	14	22	56	3	stove	0	14	0.0	0	0	0	0	0	0
oewn-07444811-n	noise	14	22	129	4	noise	0	14	0.0	0	0	0	0	0	0
oewn-09262646-n	celestial body	14	22	149	6	star	0	14	0.0	0	0	0	0	0	0
oewn-14418422-n	insanity	14	22	62	4	madness	5	14	0.36	0	5	0	0	0	0
oewn-08597015-n	great circle	13	22	59	5	horizon	0	13	0.0	0	0	0	0	0	0
oewn-13892630-n	straight line	13	22	65	9	element	2	13	0.15	0	2	0	0	0	0
oewn-14063016-n	hunger	13	22	45	4	hunger	8	13	0.62	5	3	1	0	0	0
oewn-00368802-n	spread	12	22	113	6	spread	0	12	0.0	0	0	0	0	0	0
oewn-03530634-n	holder	12	22	66	5	holder	0	12	0.0	0	0	0	0	0	0
oewn-03637568-n	ladder	12	22	47	2	ladder	0	12	0.0	0	0	0	0	0	0
oewn-06270774-n	channel	12	22	415	5	line	4	12	0.33	1	3	1	0	0	0
oewn-07382412-n	interruption	12	22	157	8	break	0	12	0.0	0	0	0	0	0	0
oewn-13750609-n	integer	12	22	211	4	figure	0	12	0.0	0	0	0	0	0	0
oewn-03432566-n	gate	11	22	90	1	gate	0	11	0.0	0	0	0	0	0	0
oewn-04212826-n	shot	11	22	236	4	ball	0	11	0.0	0	0	0	0	0	0
oewn-14017633-n	independence	11	22	74	3	liberty	0	11	0.0	0	0	0	0	0	0
oewn-00624402-n	manual labor	10	22	80	7	application	0	10	0.0	0	0	0	0	0	0
oewn-03312219-n	exterior door	10	22	24	3	front door	0	10	0.0	0	0	0	0	0	0
oewn-04865686-n	fearlessness	10	22	44	6	daring	5	10	0.5	4	1	1	0	0	0
oewn-07216025-n	description	10	22	67	5	description	0	10	0.0	0	0	0	0	0	0
oewn-08129062-n	profession	10	22	135	2	bar	0	10	0.0	0	0	0	0	0	0
oewn-09951098-n	coach	10	22	89	2	coach	0	10	0.0	0	0	0	0	0	0
oewn-06408573-n	introduction	9	22	131	5	opening	0	9	0.0	0	0	0	0	0	0
oewn-07415506-n	pulse	9	22	132	6	beat	0	9	0.0	0	0	0	0	0	0
oewn-09528285-n	spiritual leader	9	22	31	4	priest	0	9	0.0	0	0	0	0	0	0
oewn-11459786-n	cloud	9	22	108	3	cloud	0	9	0.0	0	0	0	0	0	0
oewn-00250368-n	advancement	8	22	66	6	progress	0	8	0.0	0	0	0	0	0	0
oewn-03285724-n	elevated railway	8	22	22	1	elevated	0	8	0.0	0	0	0	0	0	0
oewn-03860335-n	organ pipe	8	22	109	2	pipe	0	8	0.0	0	0	0	0	0	0
oewn-04368182-n	supporting structure	8	22	152	5	skeleton	0	8	0.0	0	0	0	0	0	0
oewn-08401740-n	date	8	22	148	4	engagement	1	8	0.12	0	1	0	0	0	0
oewn-13389225-n	reserve	8	22	210	2	bank	0	8	0.0	0	0	0	0	0	0
oewn-15005138-n	petroleum	8	22	85	2	oil	0	8	0.0	0	0	0	0	0	0
oewn-00251126-n	development	7	22	68	5	progress	2	7	0.29	2	0	0	0	0	0
oewn-00844789-n	drinking	7	22	43	3	drinking	0	7	0.0	0	0	0	0	0	0
oewn-01016932-n	gather	7	22	58	4	gather	0	7	0.0	0	0	0	0	0	0
oewn-06422034-n	review	7	22	153	3	notice	1	7	0.14	1	0	0	0	0	0
oewn-08215965-n	military	7	22	51	2	reserve	2	7	0.29	0	2	0	0	0	0
oewn-08641960-n	post	7	22	136	3	post	2	7	0.29	2	0	0	0	0	0
oewn-13387866-n	accumulation	7	22	137	5	stock	1	7	0.14	0	1	0	0	0	0
oewn-00147392-n	convergence	6	22	122	3	meeting	0	6	0.0	0	0	0	0	0	0
oewn-00452852-n	blood sport	6	22	90	2	hunt	0	6	0.0	0	0	0	0	0	0
oewn-00623308-n	struggle	6	22	60	5	struggle	1	6	0.17	0	1	0	0	0	0
oewn-01220349-n	employment	6	22	125	3	engagement	0	6	0.0	0	0	0	0	0	0
oewn-04320358-n	steering system	6	22	44	2	helm	0	6	0.0	0	0	0	0	0	0
oewn-06719615-n	decoration	6	22	67	5	palm	0	6	0.0	0	0	0	0	0	0
oewn-09610740-n	fictional character	6	22	200	1	character	0	6	0.0	0	0	0	0	0	0
oewn-10742224-n	trainer	6	22	89	2	coach	1	6	0.17	0	1	0	0	0	0
oewn-13363707-n	speculation	6	22	61	3	venture	0	6	0.0	0	0	0	0	0	0
oewn-00496535-n	solitaire	5	22	43	1	patience	0	5	0.0	0	0	0	0	0	0
oewn-00949535-n	misuse	5	22	112	3	habit	5	5	1.0	0	5	0	0	0	0
oewn-02505758-n	proboscidean	5	22	43	2	elephant	0	5	0.0	0	0	0	0	0	0
oewn-03059655-n	coach	5	22	119	4	coach	0	5	0.0	0	0	0	0	0	0
oewn-03389963-n	formation	5	22	75	4	rigging	0	5	0.0	0	0	0	0	0	0
oewn-04279001-n	spectacle	5	22	44	1	spectacle	0	5	0.0	0	0	0	0	0	0
oewn-05266723-n	wave	5	22	124	2	wave	0	5	0.0	0	0	0	0	0	0
oewn-05624569-n	know-how	5	22	51	2	method	1	5	0.2	1	0	0	0	0	0
oewn-06775422-n	comment	5	22	154	3	note	0	5	0.0	0	0	0	0	0	0
oewn-07332119-n	slip	5	22	202	5	fall	2	5	0.4	0	2	0	0	0	0
oewn-08002070-n	couple	5	22	110	2	couple	0	5	0.0	0	0	0	0	0	0
oewn-13274154-n	acquisition	5	22	91	5	purchase	2	5	0.4	2	0	0	0	0	0
oewn-13298909-n	expense	5	22	43	2	expense	3	5	0.6	0	3	0	0	0	0
oewn-13895060-n	recess	5	22	202	3	corner	0	5	0.0	0	0	0	0	0	0
oewn-13923115-n	column	5	22	84	3	tower	0	5	0.0	0	0	0	0	0	0
oewn-13983403-n	unreality	5	22	109	2	cloud	3	5	0.6	0	3	0	0	0	0
oewn-00884639-n	smell	4	22	78	4	smell	0	4	0.0	0	0	0	0	0	0
oewn-02506148-n	elephant	4	22	42	2	elephant	0	4	0.0	0	0	0	0	0	0
oewn-03114137-n	corner	4	22	193	2	corner	0	4	0.0	0	0	0	0	0	0
oewn-04302017-n	stable	4	22	22	1	stable	0	4	0.0	0	0	0	0	0	0
oewn-06523865-n	resolution	4	22	129	3	resolution	1	4	0.25	1	0	0	0	0	0
oewn-07230037-n	exposure	4	22	29	2	expose	0	4	0.0	0	0	0	0	0	0
oewn-07671114-n	leg	4	22	202	1	leg	2	4	0.5	2	0	0	0	0	0
oewn-08235133-n	complement	4	22	178	3	company	0	4	0.0	0	0	0	0	0	0
oewn-08420588-n	occupational group	4	22	61	2	profession	0	4	0.0	0	0	0	0	0	0
oewn-10300642-n	magistrate	4	22	22	2	magistrate	0	4	0.0	0	0	0	0	0	0
oewn-10700830-n	suspect	4	22	44	1	suspect	3	4	0.75	1	2	1	0	0	0
oewn-14686753-n	mineral	183	21	36	4	spar	1	183	0.01	1	0	0	0	0	0
oewn-14093842-n	disease	70	21	22	4	disease	27	70	0.39	6	21	1	0	0	0
oewn-10651974-n	specialist	58	21	22	3	shrink	0	58	0.0	0	0	0	0	0	0
oewn-14802595-n	agent	47	21	50	3	agent	6	47	0.13	2	4	1	0	0	0
oewn-04028192-n	pump	33	21	110	2	gun	2	33	0.06	2	0	0	0	0	0
oewn-14831008-n	chemical	32	21	30	7	chemical	0	32	0.0	0	0	0	0	0	0
oewn-08415730-n	assortment	29	21	96	7	variety	1	29	0.03	0	1	0	0	0	0
oewn-09270316-n	cloud	24	21	106	1	cloud	0	24	0.0	0	0	0	0	0	0
oewn-03606190-n	joint	23	21	67	7	joint	0	23	0.0	0	0	0	0	0	0
oewn-04689819-n	spot	23	21	162	6	spot	2	23	0.09	0	2	0	0	0	0
oewn-13346032-n	rate	23	21	81	2	rate	0	23	0.0	0	0	0	0	0	0
oewn-14465291-n	dominance	21	21	93	12	rule	3	21	0.14	0	3	0	0	0	0
oewn-05209765-n	capability	16	21	166	4	strength	6	16	0.38	5	1	1	0	0	0
oewn-08555400-n	city district	16	21	135	7	quarter	4	16	0.25	1	3	1	0	0	0
oewn-15307914-n	speed	16	21	59	3	speed	3	16	0.19	2	1	1	0	0	0
oewn-04336328-n	storehouse	15	21	62	6	store	0	15	0.0	0	0	0	0	0	0
oewn-00910607-n	creating from raw materials	14	21	83	7	building	0	14	0.0	0	0	0	0	0	0
oewn-05060366-n	permanence	14	21	143	5	strength	0	14	0.0	0	0	0	0	0	0
oewn-14019785-n	subjugation	14	21	57	9	slavery	0	14	0.0	0	0	0	0	0	0
oewn-01075165-n	indulgence	13	21	59	4	indulgence	3	13	0.23	3	0	0	0	0	0
oewn-06367922-n	address	12	21	172	3	address	0	12	0.0	0	0	0	0	0	0
oewn-09451197-n	seashore	12	21	61	6	coast	0	12	0.0	0	0	0	0	0	0
oewn-00360064-n	cut	11	21	243	6	cut	3	11	0.27	3	0	0	0	0	0
oewn-00750872-n	dishonesty	11	21	75	6	trick	2	11	0.18	2	0	0	0	0	0
oewn-06559050-n	warrant	11	21	65	3	pardon	0	11	0.0	0	0	0	0	0	0
oewn-09648150-n	money handler	11	21	51	2	drawer	0	11	0.0	0	0	0	0	0	0
oewn-00388465-n	cut	10	21	245	8	cut	0	10	0.0	0	0	0	0	0	0
oewn-03601980-n	jewel	10	21	61	8	jewel	0	10	0.0	0	0	0	0	0	0
oewn-06404578-n	article	10	21	67	3	article	0	10	0.0	0	0	0	0	0	0
oewn-00561566-n	pass	9	21	142	4	passing	0	9	0.0	0	0	0	0	0	0
oewn-03018908-n	chest of drawers	9	21	63	3	chest	2	9	0.22	2	0	0	0	0	0
oewn-05781046-n	argumentation	9	21	403	3	line	1	9	0.11	0	1	0	0	0	0
oewn-00758433-n	sin	8	21	164	3	fall	4	8	0.5	3	1	1	0	0	0
oewn-02825355-n	bedspread	8	21	88	3	spread	0	8	0.0	0	0	0	0	0	0
oewn-05833063-n	proof	8	21	136	5	proof	4	8	0.5	4	0	0	0	0	0
oewn-09301443-n	fault	8	21	210	4	break	0	8	0.0	0	0	0	0	0	0
oewn-04054513-n	railing	7	21	125	4	bar	0	7	0.0	0	0	0	0	0	0
oewn-04224949-n	signboard	7	21	215	2	sign	0	7	0.0	0	0	0	0	0	0
oewn-04735326-n	quality	7	21	93	3	quality	7	7	1.0	5	2	1	0	0	0
oewn-05166002-n	superiority	7	21	108	3	edge	4	7	0.57	4	0	0	0	0	0
oewn-10109789-n	financier	7	21	69	4	principal	0	7	0.0	0	0	0	0	0	0
oewn-00166763-n	move	6	21	103	1	move	0	6	0.0	0	0	0	0	0	0
oewn-00190414-n	run	6	21	302	2	run	1	6	0.17	0	1	0	0	0	0
oewn-00748327-n	vice	6	21	195	3	play	0	6	0.0	0	0	0	0	0	0
oewn-03355448-n	fisherman's lure	6	21	104	2	fly	0	6	0.0	0	0	0	0	0	0
oewn-13348698-n	loss	6	21	133	3	loss	5	6	0.83	1	4	1	0	0	0
oewn-01329963-n	hybrid	5	21	85	1	cross	0	5	0.0	0	0	0	0	0	0
oewn-02706358-n	amobarbital	5	21	149	1	blue	1	5	0.2	0	1	0	0	0	0
oewn-04255138-n	snake	5	21	83	3	snake	1	5	0.2	0	1	0	0	0	0
oewn-07320870-n	scandal	5	21	70	3	skeleton	0	5	0.0	0	0	0	0	0	0
oewn-10101439-n	father figure	5	21	21	1	stepfather	0	5	0.0	0	0	0	0	0	0
oewn-10351554-n	mortician	5	21	21	1	undertaker	0	5	0.0	0	0	0	0	0	0
oewn-10428756-n	pauper	5	21	24	4	beggar	2	5	0.4	0	2	0	0	0	0
oewn-13708631-n		5	21	99	4	pound	0	5	0.0	0	0	0	0	0	0
oewn-00368594-n	extension	4	21	126	4	spread	0	4	0.0	0	0	0	0	0	0
oewn-03143320-n	crown	4	21	88	3	crown	1	4	0.25	1	0	0	0	0	0
oewn-03849753-n	oil paint	4	21	84	1	oil	0	4	0.0	0	0	0	0	0	0
oewn-07405840-n	rattle	4	21	35	2	rattle	0	4	0.0	0	0	0	0	0	0
oewn-09236472-n	bank	4	21	179	3	bank	0	4	0.0	0	0	0	0	0	0
oewn-09952556-n	cobbler	4	21	22	2	shoemaker	0	4	0.0	0	0	0	0	0	0
oewn-10183826-n	headmaster	4	21	176	2	master	0	4	0.0	0	0	0	0	0	0
oewn-14647071-n	chemical element	55	20	59	3	element	5	55	0.09	0	5	0	0	0	0
oewn-08293641-n	school	38	20	116	6	school	0	38	0.0	0	0	0	0	0	0
oewn-03298959-n	equipment	37	20	75	8	material	0	37	0.0	0	0	0	0	0	0
oewn-03632523-n	knot	30	20	174	3	bow	0	30	0.0	0	0	0	0	0	0
oewn-09851208-n	bad person	28	20	55	8	snake	6	28	0.21	0	6	0	0	0	0
oewn-00713478-n	application	27	20	85	9	application	0	27	0.0	0	0	0	0	0	0
oewn-01115160-n	selling	26	20	42	9	sale	0	26	0.0	0	0	0	0	0	0
oewn-04079305-n	regulator	24	20	145	6	escape	0	24	0.0	0	0	0	0	0	0
oewn-08458195-n	law	24	20	130	4	law	0	24	0.0	0	0	0	0	0	0
oewn-15264376-n	season	21	20	61	1	season	0	21	0.0	0	0	0	0	0	0
oewn-02837983-n	bicycle	20	20	97	3	wheel	0	20	0.0	0	0	0	0	0	0
oewn-04526448-n	valve	20	20	126	5	escape	0	20	0.0	0	0	0	0	0	0
oewn-13823636-n	mood	19	20	69	4	mood	0	19	0.0	0	0	0	0	0	0
oewn-03719774-n	makeup	18	20	59	3	blush	1	18	0.06	1	0	0	0	0	0
oewn-14983783-n	plant fiber	18	20	75	3	straw	1	18	0.06	0	1	0	0	0	0
oewn-13598374-n	system of measurement	16	20	144	6	weight	0	16	0.0	0	0	0	0	0	0
oewn-01858313-n	goose	15	20	55	3	goose	0	15	0.0	0	0	0	0	0	0
oewn-02192818-n	fly	15	20	100	1	fly	0	15	0.0	0	0	0	0	0	0
oewn-06267274-n	page	15	20	117	3	spread	0	15	0.0	0	0	0	0	0	0
oewn-13477888-n	decay	15	20	90	8	ruin	1	15	0.07	0	1	0	0	0	0
oewn-13492409-n	economic process	15	20	73	3	supply	0	15	0.0	0	0	0	0	0	0
oewn-10162692-n	grandparent	14	20	23	3	grandmother	0	14	0.0	0	0	0	0	0	0
oewn-02856708-n	blockage	13	20	197	6	stop	0	13	0.0	0	0	0	0	0	0
oewn-04303700-n	stage	13	20	164	4	setting	0	13	0.0	0	0	0	0	0	0
oewn-05964190-n	principle	13	20	81	3	principle	4	13	0.31	4	0	0	0	0	0
oewn-09649219-n	nonworker	13	20	21	4	loafer	1	13	0.08	0	1	0	0	0	0
oewn-05107058-n	intensity	12	20	153	2	strength	1	12	0.08	1	0	0	0	0	0
oewn-05532081-n	gonad	12	20	146	3	ball	0	12	0.0	0	0	0	0	0	0
oewn-06665623-n	order	12	20	247	4	order	0	12	0.0	0	0	0	0	0	0
oewn-10225604-n	informant	12	20	111	4	rat	6	12	0.5	0	6	0	0	0	0
oewn-13399691-n	credit	12	20	420	3	line	0	12	0.0	0	0	0	0	0	0
oewn-05532266-n	testis	11	20	146	3	ball	0	11	0.0	0	0	0	0	0	0
oewn-07583272-n	meal	11	20	40	2	meal	0	11	0.0	0	0	0	0	0	0
oewn-14514855-n	wealth	11	20	55	6	wealth	4	11	0.36	2	2	1	0	0	0
oewn-01049262-n	revival	9	20	26	3	resurrection	1	9	0.11	1	0	0	0	0	0
oewn-02117748-n	jackal	9	20	100	5	jackal	0	9	0.0	0	0	0	0	0	0
oewn-03037971-n	circuit board	9	20	187	2	board	0	9	0.0	0	0	0	0	0	0
oewn-03733928-n	match	9	20	104	3	match	0	9	0.0	0	0	0	0	0	0
oewn-04241561-n	slat	9	20	59	5	fin	0	9	0.0	0	0	0	0	0	0
oewn-04313985-n	statue	9	20	96	3	term	0	9	0.0	0	0	0	0	0	0
oewn-05532903-n	male reproductive gland	9	20	146	3	ball	0	9	0.0	0	0	0	0	0	0
oewn-05702756-n	temptation	9	20	78	7	hook	2	9	0.22	2	0	0	0	0	0
oewn-05877576-n	component	9	20	401	5	point	0	9	0.0	0	0	0	0	0	0
oewn-06560662-n	tax return	9	20	259	1	return	3	9	0.33	0	3	0	0	0	0
oewn-07684647-n	cut of pork	9	20	25	2	bacon	0	9	0.0	0	0	0	0	0	0
oewn-12654399-n	apple tree	9	20	41	4	apple	0	9	0.0	0	0	0	0	0	0
oewn-13283234-n	stolen property	9	20	47	4	prize	0	9	0.0	0	0	0	0	0	0
oewn-13417227-n	liabilities	9	20	120	2	charge	0	9	0.0	0	0	0	0	0	0
oewn-04493701-n	triviality	8	20	41	2	trifle	4	8	0.5	4	0	0	0	0	0
oewn-04877535-n	nobility	8	20	40	4	grandeur	4	8	0.5	3	1	1	0	0	0
oewn-07916646-n	fortified wine	8	20	68	3	port	0	8	0.0	0	0	0	0	0	0
oewn-08166788-n	sect	8	20	249	3	order	0	8	0.0	0	0	0	0	0	0
oewn-08538806-n	cemetery	8	20	20	2	graveyard	0	8	0.0	0	0	0	0	0	0
oewn-14105423-n	seizure	8	20	78	3	absence	5	8	0.62	3	2	1	0	0	0
oewn-00130913-n	putout	7	20	153	3	force	1	7	0.14	0	1	0	0	0	0
oewn-02998465-n	central	7	20	33	2	central	0	7	0.0	0	0	0	0	0	0
oewn-03900459-n	party favor	7	20	100	2	favour	0	7	0.0	0	0	0	0	0	0
oewn-04010586-n	printed circuit	7	20	187	2	board	0	7	0.0	0	0	0	0	0	0
oewn-07488069-n	political campaign	7	20	302	2	run	0	7	0.0	0	0	0	0	0	0
oewn-07902547-n	brew	7	20	20	3	beer	0	7	0.0	0	0	0	0	0	0
oewn-08321825-n	union	7	20	80	3	league	0	7	0.0	0	0	0	0	0	0
oewn-12122387-n	gramineous plant	7	20	78	3	grass	0	7	0.0	0	0	0	0	0	0
oewn-92462513-n	yer	7	20	20	1	yer	0	7	0.0	0	0	0	0	0	0
oewn-00824631-n	precaution	6	20	138	4	guard	2	6	0.33	0	2	0	0	0	0
oewn-04694682-n	appeal	6	20	80	2	charm	6	6	1.0	4	2	1	0	0	0
oewn-04715389-n	ease	6	20	97	3	ease	1	6	0.17	0	1	0	0	0	0
oewn-07491010-n	reverse	6	20	135	3	blow	6	6	1.0	0	6	0	0	0	0
oewn-10537787-n	reliever	6	20	41	2	closer	2	6	0.33	0	2	0	0	0	0
oewn-04119846-n	rouge	5	20	59	3	blush	0	5	0.0	0	0	0	0	0	0
oewn-05009517-n	stature	5	20	68	3	height	0	5	0.0	0	0	0	0	0	0
oewn-07666058-n	game	5	20	96	5	game	0	5	0.0	0	0	0	0	0	0
oewn-08118051-n	variety	5	20	144	4	stock	0	5	0.0	0	0	0	0	0	0
oewn-09569105-n	ghost	5	20	73	2	ghost	0	5	0.0	0	0	0	0	0	0
oewn-10718911-n	temp	5	20	20	1	temporary	0	5	0.0	0	0	0	0	0	0
oewn-13159619-n	pome	5	20	41	2	apple	0	5	0.0	0	0	0	0	0	0
oewn-00839336-n	puff	4	20	134	3	pull	0	4	0.0	0	0	0	0	0	0
oewn-03378083-n	fly	4	20	100	1	fly	0	4	0.0	0	0	0	0	0	0
oewn-06670863-n	floor	4	20	180	2	floor	4	4	1.0	0	4	0	0	0	0
oewn-07149153-n	intercourse	4	20	42	4	intercourse	0	4	0.0	0	0	0	0	0	0
oewn-07353152-n	impact	4	20	133	3	blow	0	4	0.0	0	0	0	0	0	0
oewn-09327937-n	hollow	4	20	58	2	hollow	0	4	0.0	0	0	0	0	0	0
oewn-13270947-n	land	4	20	193	2	land	1	4	0.25	0	1	0	0	0	0
oewn-14842408-n	compound	102	19	110	12	preparation	2	102	0.02	0	2	0	0	0	0
oewn-11628701-n	pine	41	19	34	4	pine	0	41	0.0	0	0	0	0	0	0
oewn-02167116-n	beetle	33	19	25	4	ladybird	2	33	0.06	0	2	0	0	0	0
oewn-00392407-n	removal	31	19	40	10	removal	0	31	0.0	0	0	0	0	0	0
oewn-05669841-n	system	26	19	120	10	system	7	26	0.27	6	1	1	0	0	0
oewn-03359749-n	flag	24	19	87	13	jack	0	24	0.0	0	0	0	0	0	0
oewn-10443334-n	philosopher	24	19	38	2	philosopher	8	24	0.33	4	4	1	0	0	0
oewn-14878449-n	fecal matter	24	19	53	7	stool	8	24	0.33	0	8	0	0	0	0
oewn-00931533-n	writing	19	19	97	4	writing	0	19	0.0	0	0	0	0	0	0
oewn-14383864-n	spasm	19	19	26	6	crick	8	19	0.42	0	8	0	0	0	0
oewn-00896250-n	exercise	17	19	100	6	exercise	0	17	0.0	0	0	0	0	0	0
oewn-00912746-n	construction	17	19	78	6	building	0	17	0.0	0	0	0	0	0	0
oewn-04303019-n	stadium	17	19	93	5	park	0	17	0.0	0	0	0	0	0	0
oewn-07083988-n	formulation	17	19	140	5	expression	3	17	0.18	1	2	1	0	0	0
oewn-08437235-n	depository financial institution	17	19	177	2	bank	0	17	0.0	0	0	0	0	0	0
oewn-09652434-n	sensualist	17	19	40	4	pagan	9	17	0.53	9	0	0	0	0	0
oewn-11448137-n	beam	17	19	65	7	ray	2	17	0.12	0	2	0	0	0	0
oewn-04610439-n	workshop	15	19	51	4	shop	0	15	0.0	0	0	0	0	0	0
oewn-13503533-n	flow	15	19	121	4	race	0	15	0.0	0	0	0	0	0	0
oewn-00456623-n	game	14	19	75	2	game	0	14	0.0	0	0	0	0	0	0
oewn-03176022-n	defensive structure	14	19	35	7	defence	0	14	0.0	0	0	0	0	0	0
oewn-03213277-n	disk	14	19	53	5	token	0	14	0.0	0	0	0	0	0	0
oewn-06441260-n	sacred text	14	19	58	3	prayer	1	14	0.07	1	0	0	0	0	0
oewn-13606632-n	constant	14	19	37	2	constant	0	14	0.0	0	0	0	0	0	0
oewn-14347092-n	ache	14	19	24	4	headache	2	14	0.14	0	2	0	0	0	0
oewn-05060839-n	lastingness	13	19	142	4	strength	1	13	0.08	0	1	0	0	0	0
oewn-00742010-n	evasion	12	19	124	6	escape	0	12	0.0	0	0	0	0	0	0
oewn-07963841-n	folk	12	19	61	4	folk	0	12	0.0	0	0	0	0	0	0
oewn-10616642-n	signer	12	19	92	2	witness	0	12	0.0	0	0	0	0	0	0
oewn-04033499-n	push button	11	19	129	3	bell	0	11	0.0	0	0	0	0	0	0
oewn-06289315-n	electronic communication	11	19	19	1	prompt	0	11	0.0	0	0	0	0	0	0
oewn-07658080-n	conserve	11	19	42	3	preserve	0	11	0.0	0	0	0	0	0	0
oewn-00509102-n	lottery	10	19	104	2	drawing	0	10	0.0	0	0	0	0	0	0
oewn-01606971-n	bird of prey	10	19	33	4	owl	0	10	0.0	0	0	0	0	0	0
oewn-02777157-n	bag	10	19	125	4	bag	0	10	0.0	0	0	0	0	0	0
oewn-04898528-n	folly	10	19	63	4	folly	4	10	0.4	4	0	0	0	0	0
oewn-00256081-n	washup	9	19	61	4	bath	0	9	0.0	0	0	0	0	0	0
oewn-00508684-n	game of chance	9	19	104	2	drawing	1	9	0.11	1	0	0	0	0	0
oewn-00544270-n	music	9	19	88	4	music	0	9	0.0	0	0	0	0	0	0
oewn-02741540-n	armchair	9	19	22	3	armchair	3	9	0.33	0	3	0	0	0	0
oewn-06807523-n	mark	9	19	188	6	mark	0	9	0.0	0	0	0	0	0	0
oewn-06824483-n	sign	9	19	208	1	sign	0	9	0.0	0	0	0	0	0	0
oewn-07265007-n	circular	9	19	68	3	bill	0	9	0.0	0	0	0	0	0	0
oewn-10133352-n	front	9	19	172	1	front	0	9	0.0	0	0	0	0	0	0
oewn-00284945-n	amble	8	19	21	5	stroll	0	8	0.0	0	0	0	0	0	0
oewn-03370438-n	floor	8	19	145	2	floor	0	8	0.0	0	0	0	0	0	0
oewn-04195411-n	sheet	8	19	103	3	sheet	0	8	0.0	0	0	0	0	0	0
oewn-05265220-n	lock	8	19	88	2	lock	1	8	0.12	1	0	0	0	0	0
oewn-07367976-n	finish	8	19	162	3	draw	0	8	0.0	0	0	0	0	0	0
oewn-10698621-n	surgeon	8	19	19	2	surgeon	0	8	0.0	0	0	0	0	0	0
oewn-10805709-n	witness	8	19	93	2	witness	2	8	0.25	2	0	0	0	0	0
oewn-12281316-n	beech	8	19	27	2	beech	0	8	0.0	0	0	0	0	0	0
oewn-13374622-n	capital	8	19	125	4	substance	0	8	0.0	0	0	0	0	0	0
oewn-03798719-n	mounting	7	19	108	5	setting	0	7	0.0	0	0	0	0	0	0
oewn-03942545-n	pile	7	19	55	4	pile	0	7	0.0	0	0	0	0	0	0
oewn-04268044-n	soporific	7	19	19	2	hypnotic	0	7	0.0	0	0	0	0	0	0
oewn-05109077-n	diameter	7	19	74	2	bore	0	7	0.0	0	0	0	0	0	0
oewn-07219061-n	denial	7	19	48	3	refusal	4	7	0.57	0	4	0	0	0	0
oewn-07592939-n	bite	7	19	43	4	bite	0	7	0.0	0	0	0	0	0	0
oewn-09631032-n	attendant	7	19	56	1	attendant	0	7	0.0	0	0	0	0	0	0
oewn-10612523-n	shot	7	19	197	3	shot	0	7	0.0	0	0	0	0	0	0
oewn-13897824-n	disk	7	19	382	5	point	0	7	0.0	0	0	0	0	0	0
oewn-00079838-n	purchase	6	19	45	3	purchase	0	6	0.0	0	0	0	0	0	0
oewn-00109001-n	fastball	6	19	111	2	smoke	0	6	0.0	0	0	0	0	0	0
oewn-03443988-n	glassware	6	19	128	3	glass	0	6	0.0	0	0	0	0	0	0
oewn-04193498-n	shawl	6	19	19	2	shawl	0	6	0.0	0	0	0	0	0	0
oewn-04901232-n	imprudence	6	19	21	3	imprudence	1	6	0.17	1	0	0	0	0	0
oewn-06725772-n	chiding	6	19	30	2	wig	0	6	0.0	0	0	0	0	0	0
oewn-07168951-n	truism	6	19	19	3	commonplace	1	6	0.17	1	0	0	0	0	0
oewn-07755101-n	apple	6	19	38	2	apple	0	6	0.0	0	0	0	0	0	0
oewn-11480887-n	front	6	19	172	1	front	0	6	0.0	0	0	0	0	0	0
oewn-13878771-n	polarity	6	19	208	1	sign	4	6	0.67	2	2	1	0	0	0
oewn-14388761-n	fever	6	19	38	1	fever	1	6	0.17	1	0	0	0	0	0
oewn-00931401-n	verbal creation	5	19	96	3	writing	0	5	0.0	0	0	0	0	0	0
oewn-01236655-n	nonattendance	5	19	72	2	absence	0	5	0.0	0	0	0	0	0	0
oewn-02887252-n	box	5	19	192	1	box	0	5	0.0	0	0	0	0	0	0
oewn-04240514-n	slab	5	19	31	3	slab	0	5	0.0	0	0	0	0	0	0
oewn-05148469-n	invaluableness	5	19	94	2	gold	5	5	1.0	5	0	0	0	0	0
oewn-11463817-n	cyclone	5	19	21	3	typhoon	2	5	0.4	0	2	0	0	0	0
oewn-11483770-n	radiance	5	19	47	3	glow	0	5	0.0	0	0	0	0	0	0
oewn-11528510-n	smoke	5	19	101	4	smoke	0	5	0.0	0	0	0	0	0	0
oewn-14545250-n	fog	5	19	58	1	fog	1	5	0.2	0	1	0	0	0	0
oewn-14662977-n	gold	5	19	93	1	gold	1	5	0.2	0	1	0	0	0	0
oewn-04836156-n	humaneness	4	19	66	2	mercy	3	4	0.75	3	0	0	0	0	0
oewn-05852809-n	flavor	4	19	70	4	charm	0	4	0.0	0	0	0	0	0	0
oewn-07242871-n	betrothal	4	19	104	3	engagement	1	4	0.25	1	0	0	0	0	0
oewn-07529034-n	fidget	4	19	45	4	impatience	0	4	0.0	0	0	0	0	0	0
oewn-08231193-n	company	4	19	174	1	company	0	4	0.0	0	0	0	0	0	0
oewn-08378256-n	democracy	4	19	39	3	republic	0	4	0.0	0	0	0	0	0	0
oewn-14434009-n	problem	4	19	98	2	job	2	4	0.5	0	2	0	0	0	0
oewn-14645624-n	group	61	18	54	2	group	2	61	0.03	2	0	0	0	0	0
oewn-01528361-n	oscine	55	18	47	12	swallow	0	55	0.0	0	0	0	0	0	0
oewn-03594978-n	jacket	39	18	67	5	jacket	1	39	0.03	0	1	0	0	0	0
oewn-12745702-n	willow	36	18	26	3	willow	0	36	0.0	0	0	0	0	0	0
oewn-14891040-n	fiber	33	18	77	9	string	0	33	0.0	0	0	0	0	0	0
oewn-07826883-n	condiment	28	18	101	7	spread	3	28	0.11	0	3	0	0	0	0
oewn-11935683-n	composite	27	18	19	3	everlasting	6	27	0.22	4	2	1	0	0	0
oewn-12772965-n	maple	26	18	38	2	maple	0	26	0.0	0	0	0	0	0	0
oewn-03309675-n	explosive	24	18	128	5	charge	1	24	0.04	0	1	0	0	0	0
oewn-13834819-n	kinship	24	18	87	9	birth	1	24	0.04	0	1	0	0	0	0
oewn-05111246-n	largeness	23	18	24	7	greatness	2	23	0.09	2	0	0	0	0	0
oewn-11437786-n	geological phenomenon	22	18	59	8	flood	0	22	0.0	0	0	0	0	0	0
oewn-03545775-n	hospital	21	18	37	4	asylum	7	21	0.33	7	0	0	0	0	0
oewn-13279261-n	net income	20	18	56	6	profit	4	20	0.2	2	2	1	0	0	0
oewn-00929076-n	creating by mental acts	19	18	92	7	design	4	19	0.21	4	0	0	0	0	0
oewn-02691302-n	airfoil	19	18	126	6	surface	0	19	0.0	0	0	0	0	0	0
oewn-09947909-n	clerk	19	18	37	4	clerk	2	19	0.11	0	2	0	0	0	0
oewn-05686773-n	unconsciousness	18	18	43	5	trance	5	18	0.28	0	5	0	0	0	0
oewn-01147872-n	restraint	17	18	92	11	check	1	17	0.06	0	1	0	0	0	0
oewn-03254272-n	drum	17	18	31	3	tambourine	0	17	0.0	0	0	0	0	0	0
oewn-04895107-n	arrogance	17	18	42	5	superiority	8	17	0.47	1	7	1	0	0	0
oewn-08311617-n	world organization	17	18	23	3	UN	1	17	0.06	0	1	0	0	0	0
oewn-00217041-n	dismissal	16	18	73	8	removal	8	16	0.5	8	0	0	0	0	0
oewn-03909502-n	pedal	16	18	106	6	gun	0	16	0.0	0	0	0	0	0	0
oewn-04829454-n	incomprehensibility	16	18	93	4	noise	4	16	0.25	2	2	1	0	0	0
oewn-07078755-n	rock 'n' roll	16	18	106	1	rock	0	16	0.0	0	0	0	0	0	0
oewn-00513854-n	folly	15	18	68	7	folly	6	15	0.4	6	0	0	0	0	0
oewn-10003828-n	custodian	15	18	48	4	keeper	1	15	0.07	0	1	0	0	0	0
oewn-05276464-n	adipose tissue	14	18	47	3	fat	3	14	0.21	2	1	1	0	0	0
oewn-04198986-n	shelter	13	18	42	6	shelter	0	13	0.0	0	0	0	0	0	0
oewn-04840689-n	stinginess	13	18	21	3	selfishness	2	13	0.15	0	2	0	0	0	0
oewn-06633086-n	television program	12	18	69	2	special	0	12	0.0	0	0	0	0	0	0
oewn-03455174-n	gown	11	18	51	2	gown	0	11	0.0	0	0	0	0	0	0
oewn-03687813-n	lock	11	18	83	3	lock	0	11	0.0	0	0	0	0	0	0
oewn-04197095-n	shelf	11	18	31	4	shelf	0	11	0.0	0	0	0	0	0	0
oewn-07949514-n	tea	11	18	71	1	tea	2	11	0.18	2	0	0	0	0	0
oewn-13624308-n	force unit	11	18	117	3	pound	1	11	0.09	0	1	0	0	0	0
oewn-04643754-n	passivity	10	18	60	6	indifference	4	10	0.4	0	4	0	0	0	0
oewn-05268903-n	facial hair	10	18	33	3	beard	1	10	0.1	1	0	0	0	0	0
oewn-07670276-n	piece	10	18	193	3	piece	0	10	0.0	0	0	0	0	0	0
oewn-09349568-n	knoll	10	18	35	2	hammock	0	10	0.0	0	0	0	0	0	0
oewn-00160440-n	enticement	9	18	46	8	temptation	1	9	0.11	1	0	0	0	0	0
oewn-03242342-n	dressing	9	18	49	5	patch	0	9	0.0	0	0	0	0	0	0
oewn-05123104-n	profusion	9	18	35	6	wilderness	4	9	0.44	4	0	0	0	0	0
oewn-05283404-n	lower jaw	9	18	18	3	lower jaw	0	9	0.0	0	0	0	0	0	0
oewn-05675457-n	convention	9	18	91	5	rule	0	9	0.0	0	0	0	0	0	0
oewn-07108561-n	poetic rhythm	9	18	161	4	beat	0	9	0.0	0	0	0	0	0	0
oewn-07475061-n	footrace	9	18	294	1	run	0	9	0.0	0	0	0	0	0	0
oewn-07754329-n	peel	9	18	106	3	skin	2	9	0.22	0	2	0	0	0	0
oewn-08610212-n	limit	9	18	106	2	edge	0	9	0.0	0	0	0	0	0	0
oewn-09332198-n	ice mass	9	18	22	4	glacier	0	9	0.0	0	0	0	0	0	0
oewn-09370952-n	mass	9	18	114	5	mass	0	9	0.0	0	0	0	0	0	0
oewn-14724906-n	animal product	9	18	18	3	ambergris	0	9	0.0	0	0	0	0	0	0
oewn-15140868-n	geological time	9	18	98	4	period	0	9	0.0	0	0	0	0	0	0
oewn-00729939-n	school assignment	8	18	94	2	lesson	1	8	0.12	0	1	0	0	0	0
oewn-03159112-n	cutting implement	8	18	163	4	bit	0	8	0.0	0	0	0	0	0	0
oewn-03371669-n	floor cover	8	18	37	4	carpet	0	8	0.0	0	0	0	0	0	0
oewn-04357983-n	suit	8	18	83	2	suit	1	8	0.12	0	1	0	0	0	0
oewn-09886843-n	bore	8	18	71	1	bore	2	8	0.25	0	2	0	0	0	0
oewn-10406011-n	outcast	8	18	19	5	castaway	0	8	0.0	0	0	0	0	0	0
oewn-04230655-n	sink	7	18	75	2	sink	0	7	0.0	0	0	0	0	0	0
oewn-04295410-n	spring	7	18	110	1	spring	0	7	0.0	0	0	0	0	0	0
oewn-04655564-n	frivolity	7	18	59	5	fun	5	7	0.71	2	3	1	0	0	0
oewn-05210917-n	military capability	7	18	145	2	strength	0	7	0.0	0	0	0	0	0	0
oewn-06171434-n	jurisprudence	7	18	126	2	law	0	7	0.0	0	0	0	0	0	0
oewn-07359766-n	oscillation	7	18	117	6	beat	0	7	0.0	0	0	0	0	0	0
oewn-07684447-n	pork	7	18	18	2	pork	2	7	0.29	2	0	0	0	0	0
oewn-09263527-n	chain	7	18	164	2	ring	1	7	0.14	0	1	0	0	0	0
oewn-10806193-n	witness	7	18	91	1	witness	2	7	0.29	0	2	0	0	0	0
oewn-13600490-n	information measure	7	18	92	1	information	0	7	0.0	0	0	0	0	0	0
oewn-14024833-n	dependence	7	18	38	5	dependence	0	7	0.0	0	0	0	0	0	0
oewn-03469399-n	guard	6	18	146	3	guard	1	6	0.17	0	1	0	0	0	0
oewn-03537852-n	hook	6	18	78	3	hook	0	6	0.0	0	0	0	0	0	0
oewn-04098359-n	rig	6	18	42	2	rigging	0	6	0.0	0	0	0	0	0	0
oewn-04146942-n	savings bank	6	18	176	1	bank	0	6	0.0	0	0	0	0	0	0
oewn-04182441-n	service	6	18	169	3	service	0	6	0.0	0	0	0	0	0	0
oewn-04233599-n	skeleton	6	18	93	3	skeleton	0	6	0.0	0	0	0	0	0	0
oewn-04848589-n	consideration	6	18	93	4	consideration	6	6	1.0	6	0	0	0	0	0
oewn-05560240-n	thorax	6	18	73	2	chest	0	6	0.0	0	0	0	0	0	0
oewn-06768279-n	condition	6	18	114	4	condition	0	6	0.0	0	0	0	0	0	0
oewn-07565182-n	envy	6	18	35	2	envy	2	6	0.33	2	0	0	0	0	0
oewn-07949081-n	tea	6	18	71	1	tea	0	6	0.0	0	0	0	0	0	0
oewn-10237501-n	itinerant	6	18	37	4	gipsy	0	6	0.0	0	0	0	0	0	0
oewn-13896141-n	circle	6	18	107	2	circle	0	6	0.0	0	0	0	0	0	0
oewn-14111894-n	absence	6	18	71	1	absence	1	6	0.17	0	1	0	0	0	0
oewn-14520294-n	orderliness	6	18	244	2	order	1	6	0.17	1	0	0	0	0	0
oewn-00937756-n	drawing	5	18	102	2	drawing	0	5	0.0	0	0	0	0	0	0
oewn-01202187-n	hearing	5	18	106	1	hearing	1	5	0.2	0	1	0	0	0	0
oewn-03786777-n	monastery	5	18	35	1	abbey	0	5	0.0	0	0	0	0	0	0
oewn-03902681-n	passkey	5	18	164	2	master	0	5	0.0	0	0	0	0	0	0
oewn-04700732-n	dent	5	18	73	5	dig	0	5	0.0	0	0	0	0	0	0
oewn-04898205-n	discretion	5	18	63	5	caution	5	5	1.0	3	2	1	0	0	0
oewn-05589145-n	horny structure	5	18	52	3	nail	0	5	0.0	0	0	0	0	0	0
oewn-05713669-n	watchfulness	5	18	37	5	jealousy	0	5	0.0	0	0	0	0	0	0
oewn-05756783-n	line	5	18	382	2	line	1	5	0.2	0	1	0	0	0	0
oewn-06298695-n	antonym	5	18	71	1	opposite	0	5	0.0	0	0	0	0	0	0
oewn-07373176-n	transition	5	18	93	4	jump	0	5	0.0	0	0	0	0	0	0
oewn-13389491-n	bank	5	18	176	1	bank	0	5	0.0	0	0	0	0	0	0
oewn-13881030-n	inverse	5	18	72	2	opposite	0	5	0.0	0	0	0	0	0	0
oewn-13924278-n	drop	5	18	126	4	drop	0	5	0.0	0	0	0	0	0	0
oewn-00612720-n	education	4	18	77	3	education	0	4	0.0	0	0	0	0	0	0
oewn-02878475-n	bore	4	18	71	1	bore	0	4	0.0	0	0	0	0	0	0
oewn-04077319-n	refracting telescope	4	18	117	2	glass	0	4	0.0	0	0	0	0	0	0
oewn-04512331-n	typewriter	4	18	18	3	typewriter	0	4	0.0	0	0	0	0	0	0
oewn-04759476-n	inequality	4	18	18	3	inequality	4	4	1.0	2	2	1	0	0	0
oewn-06026202-n	group	4	18	53	1	group	0	4	0.0	0	0	0	0	0	0
oewn-06800007-n	address	4	18	108	3	address	0	4	0.0	0	0	0	0	0	0
oewn-15286931-n	run	4	18	294	1	run	0	4	0.0	0	0	0	0	0	0
oewn-02557361-n	percoid fish	85	17	86	9	sleeper	0	85	0.0	0	0	0	0	0	0
oewn-05258141-n	duct	50	17	48	6	canal	4	50	0.08	1	3	1	0	0	0
oewn-07598762-n	soup	48	17	67	5	stock	0	48	0.0	0	0	0	0	0	0
oewn-14210860-n	autoimmune disease	33	17	18	2	LE	19	33	0.58	0	19	0	0	0	0
oewn-10054631-n	driver	30	17	52	4	driver	0	30	0.0	0	0	0	0	0	0
oewn-04559982-n	warship	28	17	39	7	frigate	1	28	0.04	1	0	0	0	0	0
oewn-10383612-n	novice	24	17	31	11	cub	3	24	0.12	0	3	0	0	0	0
oewn-14905454-n	glass	21	17	116	1	glass	0	21	0.0	0	0	0	0	0	0
oewn-01122769-n	payment	19	17	45	6	spending	1	19	0.05	1	0	0	0	0	0
oewn-02974308-n	cart	19	17	34	1	cart	0	19	0.0	0	0	0	0	0	0
oewn-00204191-n	rejection	18	17	30	12	rejection	5	18	0.28	4	1	1	0	0	0
oewn-00770581-n	fraud	18	17	71	5	fraud	6	18	0.33	2	4	1	0	0	0
oewn-04125115-n	rug	18	17	25	4	carpet	0	18	0.0	0	0	0	0	0	0
oewn-13116444-n	plant tissue	17	17	53	4	flesh	2	17	0.12	0	2	0	0	0	0
oewn-00054733-n	withdrawal	15	17	88	9	retreat	0	15	0.0	0	0	0	0	0	0
oewn-02741036-n	armament	15	17	94	8	gun	0	15	0.0	0	0	0	0	0	0
oewn-03034648-n	cigarette	14	17	89	4	stick	0	14	0.0	0	0	0	0	0	0
oewn-05744094-n	evaluation	14	17	201	3	mark	2	14	0.14	1	1	1	0	0	0
oewn-11936368-n	everlasting	14	17	17	1	everlasting	3	14	0.21	0	3	0	0	0	0
oewn-10205412-n	equestrian	13	17	23	3	postilion	0	13	0.0	0	0	0	0	0	0
oewn-00100771-n	magic trick	12	17	66	6	trick	0	12	0.0	0	0	0	0	0	0
oewn-03676799-n	line	12	17	359	3	line	0	12	0.0	0	0	0	0	0	0
oewn-06541210-n	order	12	17	243	1	order	0	12	0.0	0	0	0	0	0	0
oewn-06784454-n	written agreement	12	17	63	7	obligation	1	12	0.08	1	0	0	0	0	0
oewn-07247648-n	denunciation	12	17	50	5	curse	4	12	0.33	0	4	0	0	0	0
oewn-09866418-n	beggar	12	17	18	3	beggar	4	12	0.33	4	0	0	0	0	0
oewn-00241051-n	initiation	11	17	98	6	creation	0	11	0.0	0	0	0	0	0	0
oewn-00378877-n	burning	11	17	82	5	burning	0	11	0.0	0	0	0	0	0	0
oewn-05023355-n	hotness	11	17	89	4	heat	0	11	0.0	0	0	0	0	0	0
oewn-07443554-n	earthquake	11	17	98	4	shock	0	11	0.0	0	0	0	0	0	0
oewn-14039832-n	fatigue	11	17	42	3	fatigue	3	11	0.27	0	3	0	0	0	0
oewn-00137149-n	kick	10	17	95	3	boot	0	10	0.0	0	0	0	0	0	0
oewn-00359757-n	shortening	9	17	229	5	cut	0	9	0.0	0	0	0	0	0	0
oewn-01208643-n	commitment	9	17	69	5	faith	1	9	0.11	1	0	0	0	0	0
oewn-02749370-n	artillery	9	17	103	5	gun	0	9	0.0	0	0	0	0	0	0
oewn-03013287-n	charm	9	17	59	2	charm	2	9	0.22	2	0	0	0	0	0
oewn-05916276-n	plot	9	17	84	4	game	0	9	0.0	0	0	0	0	0	0
oewn-10503115-n	prophet	9	17	29	5	prophet	0	9	0.0	0	0	0	0	0	0
oewn-13534950-n	menstruation	9	17	122	2	period	0	9	0.0	0	0	0	0	0	0
oewn-14253394-n	lupus	9	17	17	1	LE	4	9	0.44	0	4	0	0	0	0
oewn-01246221-n	strike	8	17	101	1	strike	1	8	0.12	0	1	0	0	0	0
oewn-04343172-n	strengthener	8	17	83	6	mount	0	8	0.0	0	0	0	0	0	0
oewn-04841836-n	selfishness	8	17	18	2	selfishness	5	8	0.62	0	5	0	0	0	0
oewn-05745098-n	mark	8	17	201	3	mark	0	8	0.0	0	0	0	0	0	0
oewn-09831117-n	articulator	8	17	23	3	speaker	0	8	0.0	0	0	0	0	0	0
oewn-00232754-n	abrogation	7	17	53	2	recall	0	7	0.0	0	0	0	0	0	0
oewn-05874582-n	point	7	17	366	2	point	0	7	0.0	0	0	0	0	0	0
oewn-08184264-n	estate of the realm	7	17	52	1	estate	0	7	0.0	0	0	0	0	0	0
oewn-09203156-n	irrational motive	7	17	85	2	passion	4	7	0.57	4	0	0	0	0	0
oewn-13271829-n	estate	7	17	52	1	estate	0	7	0.0	0	0	0	0	0	0
oewn-13505847-n	freeze	7	17	31	3	frost	0	7	0.0	0	0	0	0	0	0
oewn-00421490-n	persecution	6	17	50	4	torture	0	6	0.0	0	0	0	0	0	0
oewn-00949739-n	substance abuse	6	17	103	1	habit	3	6	0.5	0	3	0	0	0	0
oewn-03039495-n	cistern	6	17	63	3	sink	0	6	0.0	0	0	0	0	0	0
oewn-04053034-n	rag	6	17	59	4	rag	0	6	0.0	0	0	0	0	0	0
oewn-04071513-n	record player	6	17	17	1	phonograph	0	6	0.0	0	0	0	0	0	0
oewn-05143415-n	width	6	17	42	4	beam	0	6	0.0	0	0	0	0	0	0
oewn-05824748-n	datum	6	17	103	3	reading	0	6	0.0	0	0	0	0	0	0
oewn-07347556-n	fatality	6	17	28	5	fatality	2	6	0.33	0	2	0	0	0	0
oewn-08599031-n	haunt	6	17	28	3	haunt	0	6	0.0	0	0	0	0	0	0
oewn-10046971-n	double	6	17	86	3	double	0	6	0.0	0	0	0	0	0	0
oewn-00979387-n	strike	5	17	101	1	strike	1	5	0.2	0	1	0	0	0	0
oewn-01169416-n	submission	5	17	43	5	obedience	0	5	0.0	0	0	0	0	0	0
oewn-01244711-n	job action	5	17	101	1	strike	0	5	0.0	0	0	0	0	0	0
oewn-02986054-n	catch	5	17	126	4	catch	0	5	0.0	0	0	0	0	0	0
oewn-04224785-n	signaling device	5	17	112	2	bell	0	5	0.0	0	0	0	0	0	0
oewn-04898379-n	circumspection	5	17	57	3	caution	4	5	0.8	4	0	0	0	0	0
oewn-07190894-n	concession	5	17	48	4	bye	0	5	0.0	0	0	0	0	0	0
oewn-07278171-n	radar echo	5	17	86	1	pip	0	5	0.0	0	0	0	0	0	0
oewn-07686178-n	bacon	5	17	17	2	bacon	0	5	0.0	0	0	0	0	0	0
oewn-08123900-n	order	5	17	243	1	order	0	5	0.0	0	0	0	0	0	0
oewn-15272329-n	period	5	17	93	3	period	0	5	0.0	0	0	0	0	0	0
oewn-00123774-n	shoot	4	17	17	1	shoot	0	4	0.0	0	0	0	0	0	0
oewn-01025578-n	procedure	4	17	69	2	objection	1	4	0.25	0	1	0	0	0	0
oewn-01064179-n	drain	4	17	101	2	drawing	0	4	0.0	0	0	0	0	0	0
oewn-03021082-n	chimney	4	17	38	3	chimney	0	4	0.0	0	0	0	0	0	0
oewn-04672567-n	incaution	4	17	17	1	imprudence	3	4	0.75	3	0	0	0	0	0
oewn-05116040-n	quantity	4	17	50	2	quantity	0	4	0.0	0	0	0	0	0	0
oewn-05846685-n	decision	4	17	115	3	conclusion	0	4	0.0	0	0	0	0	0	0
oewn-07176080-n	proposal	4	17	59	3	proposal	0	4	0.0	0	0	0	0	0	0
oewn-07406463-n	ring	4	17	111	3	ring	0	4	0.0	0	0	0	0	0	0
oewn-09950876-n	coach	4	17	76	2	coach	0	4	0.0	0	0	0	0	0	0
oewn-11463628-n	current	4	17	52	2	current	0	4	0.0	0	0	0	0	0	0
oewn-14322572-n	wrench	4	17	103	4	pull	1	4	0.25	0	1	0	0	0	0
oewn-15168824-n	afterlife	4	17	33	4	hereafter	0	4	0.0	0	0	0	0	0	0
oewn-14150693-n	infectious disease	53	16	16	4	mumps	35	53	0.66	3	32	1	0	0	0
oewn-04384144-n	system	51	16	62	8	system	0	51	0.0	0	0	0	0	0	0
oewn-10431800-n	pedestrian	38	16	34	10	tramp	6	38	0.16	3	3	1	0	0	0
oewn-00658847-n	medical care	29	16	156	7	shot	6	29	0.21	1	5	1	0	0	0
oewn-02901994-n	bridge	23	16	47	4	bridge	0	23	0.0	0	0	0	0	0	0
oewn-07945759-n	coffee	20	16	42	2	coffee	2	20	0.1	0	2	0	0	0	0
oewn-10398111-n	operator	20	16	58	5	driver	0	20	0.0	0	0	0	0	0	0
oewn-13420126-n	loan	20	16	367	2	point	1	20	0.05	0	1	0	0	0	0
oewn-12777217-n	holly	17	16	147	1	mate	0	17	0.0	0	0	0	0	0	0
oewn-04424315-n	textile machine	16	16	25	2	willow	0	16	0.0	0	0	0	0	0	0
oewn-05271349-n	body substance	16	16	94	4	humour	0	16	0.0	0	0	0	0	0	0
oewn-02827590-n	bell	15	16	96	3	bell	0	15	0.0	0	0	0	0	0	0
oewn-03229941-n	dose	15	16	97	6	hit	0	15	0.0	0	0	0	0	0	0
oewn-06582286-n	application	15	16	132	4	job	0	15	0.0	0	0	0	0	0	0
oewn-08607925-n	jurisdiction	15	16	31	4	parish	0	15	0.0	0	0	0	0	0	0
oewn-02901103-n	brick	14	16	31	2	brick	0	14	0.0	0	0	0	0	0	0
oewn-07074207-n	folk music	14	16	59	3	folk	0	14	0.0	0	0	0	0	0	0
oewn-10391775-n	official	14	16	34	2	official	0	14	0.0	0	0	0	0	0	0
oewn-10490364-n	priest	14	16	34	6	priest	0	14	0.0	0	0	0	0	0	0
oewn-03830620-n	nightwear	13	16	38	6	gown	0	13	0.0	0	0	0	0	0	0
oewn-14014160-n	guilt	13	16	30	4	guilt	4	13	0.31	0	4	0	0	0	0
oewn-14449378-n	immaturity	13	16	32	4	childhood	2	13	0.15	0	2	0	0	0	0
oewn-02937552-n	cable	12	16	362	3	line	0	12	0.0	0	0	0	0	0	0
oewn-00814638-n	wrestling hold	11	16	81	3	lock	0	11	0.0	0	0	0	0	0	0
oewn-02913195-n	bucket	11	16	33	3	bucket	0	11	0.0	0	0	0	0	0	0
oewn-04770548-n	individuality	11	16	41	6	peculiarity	7	11	0.64	7	0	0	0	0	0
oewn-08447160-n	line	11	16	365	3	line	0	11	0.0	0	0	0	0	0	0
oewn-14609699-n	atom	11	16	50	7	speck	0	11	0.0	0	0	0	0	0	0
oewn-00154781-n	validation	10	16	110	2	proof	0	10	0.0	0	0	0	0	0	0
oewn-00259697-n	correction	10	16	37	7	remedy	1	10	0.1	0	1	0	0	0	0
oewn-01100603-n	finance	10	16	23	4	banking	0	10	0.0	0	0	0	0	0	0
oewn-04466597-n	towel	10	16	16	1	towel	0	10	0.0	0	0	0	0	0	0
oewn-06749861-n	bid	10	16	62	4	bid	0	10	0.0	0	0	0	0	0	0
oewn-10785347-n	wanderer	10	16	21	4	vagabond	6	10	0.6	0	6	0	0	0	0
oewn-13157333-n	nut	10	16	69	2	mast	0	10	0.0	0	0	0	0	0	0
oewn-15029068-n	residue	10	16	45	4	ash	0	10	0.0	0	0	0	0	0	0
oewn-01036957-n	sacrament	9	16	37	4	matrimony	1	9	0.11	1	0	0	0	0	0
oewn-04099721-n	ring	9	16	143	3	ring	0	9	0.0	0	0	0	0	0	0
oewn-07728127-n	snack food	9	16	30	3	chip	0	9	0.0	0	0	0	0	0	0
oewn-09409735-n	pass	9	16	57	7	pass	0	9	0.0	0	0	0	0	0	0
oewn-09977313-n	nonconformist	9	16	102	4	beat	2	9	0.22	2	0	0	0	0	0
oewn-10258072-n	knight	9	16	32	2	bachelor	0	9	0.0	0	0	0	0	0	0
oewn-13419642-n	note	9	16	143	1	note	0	9	0.0	0	0	0	0	0	0
oewn-13826881-n	aspect	9	16	78	1	aspect	0	9	0.0	0	0	0	0	0	0
oewn-14071923-n	parturiency	9	16	75	4	labour	0	9	0.0	0	0	0	0	0	0
oewn-14513903-n	indebtedness	9	16	32	3	debt	1	9	0.11	0	1	0	0	0	0
oewn-00118779-n	blink	8	16	27	4	wink	0	8	0.0	0	0	0	0	0	0
oewn-00139041-n	kiss	8	16	69	3	kiss	2	8	0.25	2	0	0	0	0	0
oewn-00167373-n	castle	8	16	66	1	castle	0	8	0.0	0	0	0	0	0	0
oewn-00279654-n	chew	8	16	18	5	mumbling	0	8	0.0	0	0	0	0	0	0
oewn-00387723-n	cut	8	16	224	4	cut	0	8	0.0	0	0	0	0	0	0
oewn-05701884-n	support	8	16	73	4	support	0	8	0.0	0	0	0	0	0	0
oewn-05864972-n	value	8	16	105	2	value	0	8	0.0	0	0	0	0	0	0
oewn-07040667-n	harmony	8	16	147	3	resolution	0	8	0.0	0	0	0	0	0	0
oewn-07256984-n	declamation	8	16	16	3	raving	4	8	0.5	3	1	1	0	0	0
oewn-07460496-n	spread	8	16	101	5	spread	0	8	0.0	0	0	0	0	0	0
oewn-07537968-n	timidity	8	16	19	3	diffidence	4	8	0.5	3	1	1	0	0	0
oewn-07612716-n	confiture	8	16	32	1	preserve	0	8	0.0	0	0	0	0	0	0
oewn-02767784-n	axle	7	16	74	2	journal	1	7	0.14	0	1	0	0	0	0
oewn-02852392-n	blanket	7	16	72	4	cover	0	7	0.0	0	0	0	0	0	0
oewn-04641897-n	exuberance	7	16	66	3	madness	6	7	0.86	6	0	0	0	0	0
oewn-04653300-n	reluctance	7	16	41	6	hesitation	5	7	0.71	0	5	0	0	0	0
oewn-04690493-n	stripe	7	16	161	5	bar	0	7	0.0	0	0	0	0	0	0
oewn-05138548-n	elevation	7	16	68	4	height	0	7	0.0	0	0	0	0	0	0
oewn-05641230-n	invention	7	16	90	4	design	6	7	0.86	6	0	0	0	0	0
oewn-07328414-n	rupture	7	16	141	4	break	0	7	0.0	0	0	0	0	0	0
oewn-10802616-n	winner	7	16	33	2	victor	1	7	0.14	1	0	0	0	0	0
oewn-13424504-n	document	7	16	96	4	record	0	7	0.0	0	0	0	0	0	0
oewn-14536861-n	setting	7	16	98	4	setting	0	7	0.0	0	0	0	0	0	0
oewn-92464177-n	tetragen	7	16	146	2	lead	0	7	0.0	0	0	0	0	0	0
oewn-05243209-n	rib	6	16	84	4	vein	0	6	0.0	0	0	0	0	0	0
oewn-05707137-n	indecision	6	16	40	5	hesitation	0	6	0.0	0	0	0	0	0	0
oewn-06387777-n	drama	6	16	35	3	tragedy	2	6	0.33	1	1	1	0	0	0
oewn-09954892-n	collaborator	6	16	47	1	partner	0	6	0.0	0	0	0	0	0	0
oewn-10567784-n	salesclerk	6	16	33	1	clerk	0	6	0.0	0	0	0	0	0	0
oewn-13512819-n	healing	6	16	50	4	union	3	6	0.5	0	3	0	0	0	0
oewn-00077704-n	spill	5	16	138	3	fall	1	5	0.2	0	1	0	0	0	0
oewn-00201907-n	passage	5	16	152	2	passage	0	5	0.0	0	0	0	0	0	0
oewn-03211439-n	disguise	5	16	49	4	disguise	0	5	0.0	0	0	0	0	0	0
oewn-03691984-n	log	5	16	81	1	log	0	5	0.0	0	0	0	0	0	0
oewn-04068905-n	reception room	5	16	33	3	parlor	0	5	0.0	0	0	0	0	0	0
oewn-05781920-n	conjecture	5	16	47	2	conjecture	0	5	0.0	0	0	0	0	0	0
oewn-06744551-n	formula	5	16	138	2	expression	0	5	0.0	0	0	0	0	0	0
oewn-07368316-n	draw	5	16	130	3	draw	0	5	0.0	0	0	0	0	0	0
oewn-07520777-n	unconcern	5	16	56	3	indifference	5	5	1.0	0	5	0	0	0	0
oewn-09252616-n	bubble	5	16	39	2	foam	0	5	0.0	0	0	0	0	0	0
oewn-13338024-n	customs	5	16	48	2	custom	0	5	0.0	0	0	0	0	0	0
oewn-13354252-n	investment	5	16	53	3	venture	0	5	0.0	0	0	0	0	0	0
oewn-00392901-n	drawing	4	16	98	1	drawing	0	4	0.0	0	0	0	0	0	0
oewn-00916463-n	output	4	16	67	3	yield	0	4	0.0	0	0	0	0	0	0
oewn-02882960-n	bow	4	16	145	1	bow	0	4	0.0	0	0	0	0	0	0
oewn-03631305-n	knob	4	16	160	2	stop	0	4	0.0	0	0	0	0	0	0
oewn-03821545-n	neckwear	4	16	51	3	tie	0	4	0.0	0	0	0	0	0	0
oewn-04391103-n	tail	4	16	115	1	tail	0	4	0.0	0	0	0	0	0	0
oewn-04918150-n	gentleness	4	16	45	3	gentleness	3	4	0.75	3	0	0	0	0	0
oewn-05078537-n	taper	4	16	370	2	point	0	4	0.0	0	0	0	0	0	0
oewn-05171334-n	price	4	16	60	3	price	0	4	0.0	0	0	0	0	0	0
oewn-05771913-n	association	4	16	122	3	connection	0	4	0.0	0	0	0	0	0	0
oewn-06573933-n	charge	4	16	128	3	charge	0	4	0.0	0	0	0	0	0	0
oewn-06825489-n	logarithm	4	16	81	1	log	0	4	0.0	0	0	0	0	0	0
oewn-07373585-n	leap	4	16	81	2	jump	0	4	0.0	0	0	0	0	0	0
oewn-07428822-n	jump	4	16	81	2	jump	0	4	0.0	0	0	0	0	0	0
oewn-08661508-n	safety	4	16	82	2	safety	0	4	0.0	0	0	0	0	0	0
oewn-10024466-n	dependant	4	16	102	2	charge	0	4	0.0	0	0	0	0	0	0
oewn-10422162-n	partner	4	16	47	1	partner	0	4	0.0	0	0	0	0	0	0
oewn-13344335-n	retainer	4	16	91	3	consideration	0	4	0.0	0	0	0	0	0	0
oewn-13891583-n	wave	4	16	120	2	wave	2	4	0.5	0	2	0	0	0	0
oewn-13467563-n	chemical process	65	15	64	10	association	0	65	0.0	0	0	0	0	0	0
oewn-02957776-n	cap	48	15	75	6	cap	1	48	0.02	0	1	0	0	0	0
oewn-14300438-n	plant disease	37	15	38	7	rust	15	37	0.41	2	13	1	0	0	0
oewn-14613403-n	solution	33	15	41	5	extract	1	33	0.03	0	1	0	0	0	0
oewn-00272107-n	degradation	29	15	38	7	humiliation	9	29	0.31	9	0	0	0	0	0
oewn-05412071-n	secretion	28	15	43	4	sweat	0	28	0.0	0	0	0	0	0	0
oewn-03966230-n	plate	25	15	73	8	plate	0	25	0.0	0	0	0	0	0	0
oewn-05481998-n	nerve	24	15	44	1	nerve	0	24	0.0	0	0	0	0	0	0
oewn-01792027-n	gallinaceous bird	21	15	30	2	fowl	0	21	0.0	0	0	0	0	0	0
oewn-03525144-n	highway	21	15	25	4	pike	9	21	0.43	9	0	0	0	0	0
oewn-05063641-n	radio frequency	20	15	62	3	station	0	20	0.0	0	0	0	0	0	0
oewn-10033672-n	diplomat	18	15	36	4	minister	3	18	0.17	3	0	0	0	0	0
oewn-00431591-n	game	17	15	150	2	catch	0	17	0.0	0	0	0	0	0	0
oewn-04389081-n	tableware	17	15	113	5	service	0	17	0.0	0	0	0	0	0	0
oewn-13365819-n	insurance	17	15	56	3	assurance	1	17	0.06	0	1	0	0	0	0
oewn-02397655-n	swine	16	15	37	3	hog	0	16	0.0	0	0	0	0	0	0
oewn-05524499-n	pouch	16	15	125	3	pocket	0	16	0.0	0	0	0	0	0	0
oewn-00256577-n	wash	15	15	43	5	wash	0	15	0.0	0	0	0	0	0	0
oewn-02927500-n	bus	15	15	75	2	coach	0	15	0.0	0	0	0	0	0	0
oewn-04695595-n	attraction	15	15	55	9	attraction	10	15	0.67	10	0	0	0	0	0
oewn-04170059-n	seating	14	15	106	4	circle	0	14	0.0	0	0	0	0	0	0
oewn-04576806-n	wedge	14	15	67	4	share	0	14	0.0	0	0	0	0	0	0
oewn-10271476-n	learner	14	15	39	4	student	7	14	0.5	2	5	1	0	0	0
oewn-14826620-n	steel	14	15	44	1	steel	0	14	0.0	0	0	0	0	0	0
oewn-10169591-n	guard	13	15	111	4	guard	0	13	0.0	0	0	0	0	0	0
oewn-01729333-n	snake	12	15	52	3	snake	4	12	0.33	0	4	0	0	0	0
oewn-01861082-n	swan	12	15	58	4	pen	0	12	0.0	0	0	0	0	0	0
oewn-04887768-n	naivete	12	15	48	5	innocence	6	12	0.5	6	0	0	0	0	0
oewn-06728577-n	derision	12	15	24	6	mockery	0	12	0.0	0	0	0	0	0	0
oewn-07130622-n	stop consonant	12	15	156	2	stop	0	12	0.0	0	0	0	0	0	0
oewn-11446644-n	attraction	12	15	68	5	attraction	3	12	0.25	0	3	0	0	0	0
oewn-03390857-n	fortress	11	15	18	3	fortress	0	11	0.0	0	0	0	0	0	0
oewn-04475240-n	train	11	15	86	2	train	0	11	0.0	0	0	0	0	0	0
oewn-06009578-n	natural science	11	15	20	4	natural philosophy	1	11	0.09	0	1	0	0	0	0
oewn-08454507-n	brush	11	15	32	8	brush	0	11	0.0	0	0	0	0	0	0
oewn-13974030-n		11	15	45	3	reader	1	11	0.09	0	1	0	0	0	0
oewn-03725654-n	map	10	15	35	2	map	0	10	0.0	0	0	0	0	0	0
oewn-03736655-n	mattress	10	15	41	3	tick	0	10	0.0	0	0	0	0	0	0
oewn-04293266-n	spot	10	15	149	3	spot	2	10	0.2	2	0	0	0	0	0
oewn-05152365-n	monetary value	10	15	56	2	price	2	10	0.2	2	0	0	0	0	0
oewn-08292106-n	school	10	15	108	1	school	0	10	0.0	0	0	0	0	0	0
oewn-10492384-n	prince	10	15	15	4	prince	3	10	0.3	3	0	0	0	0	0
oewn-00200556-n	alteration	9	15	45	6	alteration	0	9	0.0	0	0	0	0	0	0
oewn-01128014-n	legislation	9	15	143	3	passage	0	9	0.0	0	0	0	0	0	0
oewn-02957599-n	canvas tent	9	15	146	2	top	0	9	0.0	0	0	0	0	0	0
oewn-03340545-n	figure	9	15	182	3	figure	0	9	0.0	0	0	0	0	0	0
oewn-05111848-n	enormousness	9	15	22	5	greatness	0	9	0.0	0	0	0	0	0	0
oewn-05965518-n	legal principle	9	15	77	1	relation	0	9	0.0	0	0	0	0	0	0
oewn-06485234-n	form	9	15	215	2	form	0	9	0.0	0	0	0	0	0	0
oewn-06498711-n	bill	9	15	118	4	card	0	9	0.0	0	0	0	0	0	0
oewn-06772060-n	pretense	9	15	43	7	pretence	4	9	0.44	0	4	0	0	0	0
oewn-10430413-n	peasant	9	15	42	2	peasant	0	9	0.0	0	0	0	0	0	0
oewn-11557957-n	moss	9	15	15	1	moss	0	9	0.0	0	0	0	0	0	0
oewn-00214770-n	exemption	8	15	59	3	fix	0	8	0.0	0	0	0	0	0	0
oewn-00291423-n	march	8	15	39	4	march	1	8	0.12	1	0	0	0	0	0
oewn-01077970-n	stop	8	15	157	2	stop	0	8	0.0	0	0	0	0	0	0
oewn-01095009-n	exchange	8	15	73	5	trade	0	8	0.0	0	0	0	0	0	0
oewn-03260351-n	dummy	8	15	215	4	form	0	8	0.0	0	0	0	0	0	0
oewn-03660398-n	legging	8	15	56	4	chap	0	8	0.0	0	0	0	0	0	0
oewn-04556057-n	wall socket	8	15	367	2	point	0	8	0.0	0	0	0	0	0	0
oewn-04587584-n	white goods	8	15	51	3	wash	0	8	0.0	0	0	0	0	0	0
oewn-05483333-n	fiber bundle	8	15	44	1	nerve	0	8	0.0	0	0	0	0	0	0
oewn-05712641-n	focus	8	15	129	3	direction	0	8	0.0	0	0	0	0	0	0
oewn-07864314-n	butter	8	15	70	2	stick	0	8	0.0	0	0	0	0	0	0
oewn-10087775-n	examiner	8	15	30	1	inspector	2	8	0.25	2	0	0	0	0	0
oewn-10162267-n	grandma	8	15	18	2	grandmother	0	8	0.0	0	0	0	0	0	0
oewn-10463768-n	poet	8	15	15	1	poet	2	8	0.25	1	1	1	0	0	0
oewn-14445583-n	improvement	8	15	55	3	improvement	5	8	0.62	5	0	0	0	0	0
oewn-14451564-n	grade	8	15	66	4	level	0	8	0.0	0	0	0	0	0	0
oewn-00982124-n	offense	7	15	38	3	offence	1	7	0.14	0	1	0	0	0	0
oewn-03102791-n	control panel	7	15	134	2	board	0	7	0.0	0	0	0	0	0	0
oewn-04618033-n	yard	7	15	123	2	yard	0	7	0.0	0	0	0	0	0	0
oewn-05806051-n	experiment	7	15	80	3	trial	0	7	0.0	0	0	0	0	0	0
oewn-10011068-n	daredevil	7	15	27	2	lunatic	7	7	1.0	0	7	0	0	0	0
oewn-14503649-n	phase	7	15	216	2	form	0	7	0.0	0	0	0	0	0	0
oewn-14562074-n	safety	7	15	94	3	safety	4	7	0.57	4	0	0	0	0	0
oewn-00296016-n	lap	6	15	114	3	circle	0	6	0.0	0	0	0	0	0	0
oewn-01055844-n	residency	6	15	51	2	residence	0	6	0.0	0	0	0	0	0	0
oewn-02832880-n	bend	6	15	76	3	elbow	0	6	0.0	0	0	0	0	0	0
oewn-03229596-n	dormitory	6	15	123	1	hall	0	6	0.0	0	0	0	0	0	0
oewn-03455460-n	gown	6	15	44	2	gown	1	6	0.17	0	1	0	0	0	0
oewn-04634357-n	affectionateness	6	15	70	3	warmth	5	6	0.83	5	0	0	0	0	0
oewn-06619161-n	point	6	15	364	2	point	2	6	0.33	2	0	0	0	0	0
oewn-06660359-n	proof	6	15	82	3	proof	2	6	0.33	2	0	0	0	0	0
oewn-08446124-n	cortege	6	15	124	3	court	0	6	0.0	0	0	0	0	0	0
oewn-09563166-n	guardian spirit	6	15	15	2	good spirit	5	6	0.83	5	0	0	0	0	0
oewn-14730187-n	filler	6	15	60	2	size	0	6	0.0	0	0	0	0	0	0
oewn-00087629-n	occupation	5	15	53	2	occupation	0	5	0.0	0	0	0	0	0	0
oewn-00298358-n	crossing	5	15	59	3	crossing	0	5	0.0	0	0	0	0	0	0
oewn-05179327-n	urgency	5	15	91	3	edge	2	5	0.4	2	0	0	0	0	0
oewn-05937299-n	interpretation	5	15	102	3	reading	0	5	0.0	0	0	0	0	0	0
oewn-06766013-n	postulate	5	15	18	2	premise	0	5	0.0	0	0	0	0	0	0
oewn-07249541-n	recitation	5	15	98	3	reading	0	5	0.0	0	0	0	0	0	0
oewn-07391844-n	bell	5	15	96	3	bell	0	5	0.0	0	0	0	0	0	0
oewn-11557778-n	bryophyte	5	15	15	1	moss	0	5	0.0	0	0	0	0	0	0
oewn-13329886-n	levy	5	15	16	2	tax	0	5	0.0	0	0	0	0	0	0
oewn-14845213-n	conductor	5	15	73	3	silver	0	5	0.0	0	0	0	0	0	0
oewn-03392889-n	fountain	4	15	59	1	fountain	0	4	0.0	0	0	0	0	0	0
oewn-03474810-n	gun muzzle	4	15	366	2	point	0	4	0.0	0	0	0	0	0	0
oewn-03483839-n	hall	4	15	123	1	hall	0	4	0.0	0	0	0	0	0	0
oewn-03666666-n	lid	4	15	44	1	lid	0	4	0.0	0	0	0	0	0	0
oewn-03865015-n	outerwear	4	15	44	2	gown	0	4	0.0	0	0	0	0	0	0
oewn-04414570-n	temple	4	15	52	3	temple	0	4	0.0	0	0	0	0	0	0
oewn-04679567-n	carefreeness	4	15	55	2	indifference	4	4	1.0	0	4	0	0	0	0
oewn-06744918-n	mathematical statement	4	15	135	1	expression	0	4	0.0	0	0	0	0	0	0
oewn-07673512-n	steak	4	15	16	3	steak	0	3	0.0	0	0	0	0	0	0
oewn-09207872-n	incitement	4	15	46	3	signal	3	4	0.75	3	0	0	0	0	0
oewn-11466338-n	condensation	4	15	41	3	sweat	0	4	0.0	0	0	0	0	0	0
oewn-14545715-n	good weather	4	15	38	4	calmness	4	4	1.0	3	1	1	0	0	0
oewn-06052606-n	medicine	75	14	31	6	medicine	2	75	0.03	2	0	0	0	0	0
oewn-07644479-n	cake	53	14	30	5	biscuit	1	53	0.02	0	1	0	0	0	0
oewn-04822552-n	inelegance	32	14	32	10	awkwardness	20	32	0.62	2	18	1	0	0	0
oewn-05290245-n	tooth	29	14	43	7	tooth	3	29	0.1	3	0	0	0	0	0
oewn-13330021-n	tax	27	14	14	1	tax	0	27	0.0	0	0	0	0	0	0
oewn-07626967-n	frozen dessert	25	14	95	3	ice	0	25	0.0	0	0	0	0	0	0
oewn-00781784-n	swindle	24	14	58	7	fraud	0	24	0.0	0	0	0	0	0	0
oewn-03321351-n	factory	23	14	32	5	mill	1	23	0.04	0	1	0	0	0	0
oewn-06261911-n	transmission	23	14	59	7	spreading	0	23	0.0	0	0	0	0	0	0
oewn-03389737-n	formalwear	20	14	25	3	formal	0	20	0.0	0	0	0	0	0	0
oewn-00967999-n	plundering	19	14	44	5	sack	2	19	0.11	0	2	0	0	0	0
oewn-05605902-n	nose	19	14	106	2	nose	0	19	0.0	0	0	0	0	0	0
oewn-09796453-n	agent	19	14	48	8	agent	0	19	0.0	0	0	0	0	0	0
oewn-02847545-n	bit	17	14	138	1	bit	0	17	0.0	0	0	0	0	0	0
oewn-12323979-n	ash	17	14	43	3	ash	1	17	0.06	0	1	0	0	0	0
oewn-00096322-n	liberation	16	14	100	4	relief	0	16	0.0	0	0	0	0	0	0
oewn-04736044-n	excellence	15	14	38	8	excellence	7	15	0.47	7	0	0	0	0	0
oewn-10158867-n	gossip	15	14	88	3	cat	1	15	0.07	0	1	0	0	0	0
oewn-03810284-n	nail	14	14	52	6	nail	0	14	0.0	0	0	0	0	0	0
oewn-08339911-n	board	14	14	127	1	board	3	14	0.21	0	3	0	0	0	0
oewn-13887384-n	angular shape	14	14	56	7	bend	2	14	0.14	2	0	0	0	0	0
oewn-00754297-n	trickery	13	14	40	5	fraud	6	13	0.46	0	6	0	0	0	0
oewn-02776843-n	bag	13	14	107	3	bag	0	13	0.0	0	0	0	0	0	0
oewn-02860303-n	board	13	14	127	1	board	0	13	0.0	0	0	0	0	0	0
oewn-03886228-n	pan	13	14	24	2	pan	0	13	0.0	0	0	0	0	0	0
oewn-04188289-n	shackle	13	14	36	6	bond	0	13	0.0	0	0	0	0	0	0
oewn-07700345-n	quick bread	13	14	35	3	gem	0	13	0.0	0	0	0	0	0	0
oewn-01075919-n	hindrance	12	14	121	7	bar	0	12	0.0	0	0	0	0	0	0
oewn-01184392-n	legal action	12	14	115	3	action	0	12	0.0	0	0	0	0	0	0
oewn-01664459-n	diapsid	12	14	51	2	snake	5	12	0.42	0	5	0	0	0	0
oewn-03011195-n	character printer	12	14	14	1	typewriter	0	12	0.0	0	0	0	0	0	0
oewn-05269065-n	beard	12	14	41	5	beard	1	12	0.08	0	1	0	0	0	0
oewn-05773412-n	symbol	12	14	26	4	symbol	0	12	0.0	0	0	0	0	0	0
oewn-06327041-n	phrase	12	14	46	3	phrase	0	12	0.0	0	0	0	0	0	0
oewn-07130392-n	obstruent	12	14	154	1	stop	0	12	0.0	0	0	0	0	0	0
oewn-07898472-n	concoction	12	14	63	6	mixture	0	12	0.0	0	0	0	0	0	0
oewn-13738983-n	apothecaries' unit	12	14	52	3	scruple	0	12	0.0	0	0	0	0	0	0
oewn-14311737-n	bleeding	12	14	14	1	bleeding	2	12	0.17	0	2	0	0	0	0
oewn-13889897-n	distorted shape	11	14	50	7	knot	4	11	0.36	2	2	1	0	0	0
oewn-13898609-n	coil	11	14	86	4	roll	0	11	0.0	0	0	0	0	0	0
oewn-03913116-n	pen	10	14	59	3	pen	0	10	0.0	0	0	0	0	0	0
oewn-04662009-n	affability	10	14	23	4	condescension	1	10	0.1	0	1	0	0	0	0
oewn-05094504-n	distribution	10	14	87	3	spread	0	10	0.0	0	0	0	0	0	0
oewn-02333698-n	rat	9	14	68	1	rat	0	9	0.0	0	0	0	0	0	0
oewn-14386888-n	scar	9	14	27	2	scar	2	9	0.22	0	2	0	0	0	0
oewn-03436655-n	gearing	8	14	85	2	train	0	8	0.0	0	0	0	0	0	0
oewn-03461607-n	greatcoat	8	14	17	5	overcoat	0	8	0.0	0	0	0	0	0	0
oewn-03678776-n	lingerie	8	14	36	4	gown	0	8	0.0	0	0	0	0	0	0
oewn-03999538-n	pouch	8	14	124	2	pocket	0	8	0.0	0	0	0	0	0	0
oewn-04609048-n	work of art	8	14	182	1	piece	0	8	0.0	0	0	0	0	0	0
oewn-04617860-n	yard	8	14	122	1	yard	0	8	0.0	0	0	0	0	0	0
oewn-06817057-n	bugle call	8	14	63	3	recall	0	8	0.0	0	0	0	0	0	0
oewn-10354959-n	mourner	8	14	18	2	mourner	0	8	0.0	0	0	0	0	0	0
oewn-10439776-n	petitioner	8	14	24	4	solicitor	1	8	0.12	1	0	0	0	0	0
oewn-10441215-n	pharmacist	8	14	17	3	apothecary	0	8	0.0	0	0	0	0	0	0
oewn-11547465-n	windstorm	8	14	25	2	tempest	0	8	0.0	0	0	0	0	0	0
oewn-13816629-n	relevance	8	14	363	1	point	4	8	0.5	4	0	0	0	0	0
oewn-14464089-n	abasement	8	14	54	3	depth	4	8	0.5	4	0	0	0	0	0
oewn-00156307-n	localization	7	14	54	1	fix	0	7	0.0	0	0	0	0	0	0
oewn-00942658-n	conceptualization	7	14	101	3	approach	1	7	0.14	1	0	0	0	0	0
oewn-01165537-n	whipping	7	14	27	4	lashing	1	7	0.14	0	1	0	0	0	0
oewn-02847952-n	bit	7	14	140	2	bit	2	7	0.29	0	2	0	0	0	0
oewn-02983121-n	cast	7	14	115	3	cast	0	7	0.0	0	0	0	0	0	0
oewn-03205892-n	dining table	7	14	127	1	board	1	7	0.14	1	0	0	0	0	0
oewn-03859254-n	ordinary	7	14	70	3	ordinary	0	7	0.0	0	0	0	0	0	0
oewn-05868575-n	multiple	7	14	54	1	double	3	7	0.43	0	3	0	0	0	0
oewn-06480622-n	outline	7	14	32	4	brief	0	7	0.0	0	0	0	0	0	0
oewn-08674524-n	stop	7	14	155	2	stop	0	7	0.0	0	0	0	0	0	0
oewn-09251231-n	branch	7	14	65	3	branch	0	7	0.0	0	0	0	0	0	0
oewn-13969940-n	equality	7	14	58	3	tie	0	7	0.0	0	0	0	0	0	0
oewn-14567937-n	tension	7	14	137	2	tone	4	7	0.57	0	4	0	0	0	0
oewn-14723045-n	gravel	7	14	20	3	gravel	0	7	0.0	0	0	0	0	0	0
oewn-00133576-n	double	6	14	54	1	double	0	6	0.0	0	0	0	0	0	0
oewn-02925543-n	burial garment	6	14	35	4	shroud	0	6	0.0	0	0	0	0	0	0
oewn-04584257-n	wheelwork	6	14	85	2	train	0	6	0.0	0	0	0	0	0	0
oewn-04726275-n	handiness	6	14	97	2	command	4	6	0.67	4	0	0	0	0	0
oewn-04749775-n	sameness	6	14	32	4	equality	5	6	0.83	3	2	1	0	0	0
oewn-04810679-n	exactness	6	14	16	4	precision	3	6	0.5	3	0	0	0	0	0
oewn-04935593-n	youngness	6	14	77	2	youth	3	6	0.5	3	0	0	0	0	0
oewn-05593033-n	skeletal system	6	14	79	2	skeleton	0	6	0.0	0	0	0	0	0	0
oewn-05922132-n	principle	6	14	105	3	rule	0	6	0.0	0	0	0	0	0	0
oewn-05924749-n	suggestion	6	14	33	5	suggestion	0	6	0.0	0	0	0	0	0	0
oewn-06568683-n	summons	6	14	66	5	ticket	0	6	0.0	0	0	0	0	0	0
oewn-06722631-n	disapprobation	6	14	22	3	censure	4	6	0.67	0	4	0	0	0	0
oewn-07026850-n	string of words	6	14	43	1	sentence	0	6	0.0	0	0	0	0	0	0
oewn-08208160-n	army	6	14	47	3	host	0	6	0.0	0	0	0	0	0	0
oewn-08680894-n	tip	6	14	27	4	tip	0	6	0.0	0	0	0	0	0	0
oewn-09223909-n	aperture	6	14	35	3	pupil	0	6	0.0	0	0	0	0	0	0
oewn-10068026-n	elder	6	14	40	2	elder	0	6	0.0	0	0	0	0	0	0
oewn-10267055-n	lass	6	14	14	2	young girl	0	6	0.0	0	0	0	0	0	0
oewn-10286025-n	literate	6	14	44	2	writer	0	6	0.0	0	0	0	0	0	0
oewn-11510863-n	optical illusion	6	14	110	3	motion	0	6	0.0	0	0	0	0	0	0
oewn-00153925-n	medical diagnosis	5	14	72	1	prospect	0	5	0.0	0	0	0	0	0	0
oewn-00547426-n	song	5	14	91	4	strain	0	5	0.0	0	0	0	0	0	0
oewn-00838954-n	yawn	5	14	14	2	yawning	0	5	0.0	0	0	0	0	0	0
oewn-00880949-n	inspection	5	14	40	3	check	0	5	0.0	0	0	0	0	0	0
oewn-01263360-n	excitation	5	14	53	2	excitement	0	5	0.0	0	0	0	0	0	0
oewn-03020822-n	chime	5	14	92	2	bell	0	5	0.0	0	0	0	0	0	0
oewn-03405146-n	frying pan	5	14	37	2	spider	0	5	0.0	0	0	0	0	0	0
oewn-03417816-n	gallows	5	14	14	1	gallows	4	5	0.8	0	4	0	0	0	0
oewn-03421239-n	gap	5	14	85	3	crack	1	5	0.2	1	0	0	0	0	0
oewn-03670269-n	ligament	5	14	96	4	chain	0	5	0.0	0	0	0	0	0	0
oewn-04460937-n	top	5	14	133	4	top	1	5	0.2	1	0	0	0	0	0
oewn-05144430-n	height	5	14	54	3	height	3	5	0.6	2	1	1	0	0	0
oewn-05541966-n	intestine	5	14	14	2	bowel	0	5	0.0	0	0	0	0	0	0
oewn-05961846-n	theory	5	14	42	4	theory	1	5	0.2	1	0	0	0	0	0
oewn-06357831-n	title	5	14	99	3	credit	0	5	0.0	0	0	0	0	0	0
oewn-07325609-n	bending	5	14	50	3	bend	0	5	0.0	0	0	0	0	0	0
oewn-07551633-n	guilt	5	14	27	1	guilt	5	5	1.0	0	5	0	0	0	0
oewn-07622373-n	kiss	5	14	56	1	kiss	0	5	0.0	0	0	0	0	0	0
oewn-07686476-n	rind	5	14	66	4	skin	1	5	0.2	1	0	0	0	0	0
oewn-13807348-n	transformation	5	14	104	4	reflection	0	5	0.0	0	0	0	0	0	0
oewn-13959972-n	pass	5	14	39	3	strait	5	5	1.0	0	5	0	0	0	0
oewn-14585734-n	devastation	5	14	69	4	ruin	2	5	0.4	0	2	0	0	0	0
oewn-15172057-n	childhood	5	14	21	3	childhood	0	5	0.0	0	0	0	0	0	0
oewn-00124054-n	discharge	4	14	97	3	gun	0	4	0.0	0	0	0	0	0	0
oewn-00434742-n	gymnastics	4	14	15	2	tumbling	0	4	0.0	0	0	0	0	0	0
oewn-01137182-n	treatment	4	14	44	3	treatment	0	4	0.0	0	0	0	0	0	0
oewn-03010734-n	chapel	4	14	29	1	chapel	0	4	0.0	0	0	0	0	0	0
oewn-03193767-n	diaphragm	4	14	154	1	stop	0	4	0.0	0	0	0	0	0	0
oewn-03216337-n	display panel	4	14	127	1	board	0	4	0.0	0	0	0	0	0	0
oewn-03735442-n	material	4	14	65	2	material	0	4	0.0	0	0	0	0	0	0
oewn-03844055-n	objet d'art	4	14	182	1	piece	0	4	0.0	0	0	0	0	0	0
oewn-03932813-n	photographic print	4	14	88	2	proof	0	4	0.0	0	0	0	0	0	0
oewn-03935681-n	pick	4	14	63	2	pick	0	4	0.0	0	0	0	0	0	0
oewn-04358311-n	suit	4	14	82	2	suit	2	4	0.5	1	1	1	0	0	0
oewn-04618511-n	yard	4	14	122	1	yard	0	4	0.0	0	0	0	0	0	0
oewn-04935762-n	youth	4	14	77	2	youth	3	4	0.75	3	0	0	0	0	0
oewn-07064217-n	refrain	4	14	21	2	refrain	0	4	0.0	0	0	0	0	0	0
oewn-07276776-n	target	4	14	167	3	mark	0	4	0.0	0	0	0	0	0	0
oewn-07362858-n	swell	4	14	40	3	swell	0	4	0.0	0	0	0	0	0	0
oewn-07561495-n	lovingness	4	14	47	2	warmth	0	4	0.0	0	0	0	0	0	0
oewn-07834253-n	garlic	4	14	25	3	garlic	0	4	0.0	0	0	0	0	0	0
oewn-09857212-n	banker	4	14	27	2	banker	0	4	0.0	0	0	0	0	0	0
oewn-10078970-n	enrollee	4	14	33	2	pupil	0	4	0.0	0	0	0	0	0	0
oewn-11629336-n	pine	4	14	28	1	pine	0	4	0.0	0	0	0	0	0	0
oewn-13646708-n	bit	4	14	138	1	bit	0	4	0.0	0	0	0	0	0	0
oewn-13851799-n	windward	4	14	25	3	windward	0	4	0.0	0	0	0	0	0	0
oewn-13670886-n	metric linear unit	45	13	24	3	dam	0	45	0.0	0	0	0	0	0	0
oewn-06532935-n	contract	43	13	42	9	grant	3	43	0.07	1	2	1	0	0	0
oewn-04454577-n	toiletry	35	13	34	7	essence	0	35	0.0	0	0	0	0	0	0
oewn-04582285-n	wheel	35	13	64	4	wheel	0	35	0.0	0	0	0	0	0	0
oewn-04418399-n	tent	29	13	36	3	canvas	2	29	0.07	0	2	0	0	0	0
oewn-06100457-n	physics	28	13	13	2	natural philosophy	0	28	0.0	0	0	0	0	0	0
oewn-13806028-n	function	25	13	37	5	map	0	25	0.0	0	0	0	0	0	0
oewn-01205394-n	cooperation	24	13	38	10	representation	6	24	0.25	6	0	0	0	0	0
oewn-13437518-n	security	24	13	101	5	stock	5	24	0.21	2	3	1	0	0	0
oewn-07275291-n	standard	23	13	98	6	measure	6	23	0.26	0	6	0	0	0	0
oewn-14803709-n	chemical agent	22	13	38	4	active	5	22	0.23	5	0	0	0	0	0
oewn-14145717-n	contagious disease	21	13	17	5	measles	13	21	0.62	9	4	1	0	0	0
oewn-03018359-n	chest	20	13	50	2	chest	1	20	0.05	0	1	0	0	0	0
oewn-03082291-n	communication system	19	13	41	2	link	0	19	0.0	0	0	0	0	0	0
oewn-09974494-n	swindler	19	13	13	1	sharper	3	19	0.16	1	2	1	0	0	0
oewn-06375736-n	literary composition	18	13	25	4	dialogue	2	18	0.11	0	2	0	0	0	0
oewn-13508041-n	geological process	18	13	46	5	fold	0	18	0.0	0	0	0	0	0	0
oewn-14837352-n	clay	17	13	38	1	clay	0	17	0.0	0	0	0	0	0	0
oewn-03847186-n	office	16	13	85	3	office	0	16	0.0	0	0	0	0	0	0
oewn-03946532-n	pin	15	13	43	6	pin	0	15	0.0	0	0	0	0	0	0
oewn-05113933-n	smallness	15	13	79	5	delicacy	6	15	0.4	6	0	0	0	0	0
oewn-06350278-n	appellation	15	13	50	5	title	0	15	0.0	0	0	0	0	0	0
oewn-04601816-n	wire	13	13	131	4	lead	0	13	0.0	0	0	0	0	0	0
oewn-04897307-n	wisdom	13	13	47	6	discretion	7	13	0.54	5	2	1	0	0	0
oewn-10171603-n	gunslinger	13	13	86	2	gun	0	13	0.0	0	0	0	0	0	0
oewn-14568274-n	tonicity	13	13	129	1	tone	2	13	0.15	0	2	0	0	0	0
oewn-02401652-n	ruminant	12	13	15	4	deer	0	12	0.0	0	0	0	0	0	0
oewn-02831067-n	belt	12	13	142	3	track	0	12	0.0	0	0	0	0	0	0
oewn-00238889-n	introduction	11	13	64	5	introduction	0	11	0.0	0	0	0	0	0	0
oewn-00495779-n	poker	11	13	95	3	draw	1	11	0.09	1	0	0	0	0	0
oewn-03287502-n	emblem	11	13	59	6	flag	1	11	0.09	0	1	0	0	0	0
oewn-05723811-n	relish	11	13	36	8	relish	0	11	0.0	0	0	0	0	0	0
oewn-07568195-n	irritability	11	13	32	5	pet	7	11	0.64	0	7	0	0	0	0
oewn-08456947-n	staff	11	13	90	2	office	1	11	0.09	1	0	0	0	0	0
oewn-10820913-n	writer	11	13	27	4	writer	0	11	0.0	0	0	0	0	0	0
oewn-00357616-n	compression	10	13	43	6	squeeze	0	10	0.0	0	0	0	0	0	0
oewn-01029321-n	ceremony	10	13	42	2	ceremony	1	10	0.1	1	0	0	0	0	0
oewn-05783078-n	prediction	10	13	34	5	anticipation	0	10	0.0	0	0	0	0	0	0
oewn-07874571-n	sweetening	10	13	31	3	honey	1	10	0.1	1	0	0	0	0	0
oewn-10390080-n	occultist	10	13	43	4	witch	0	10	0.0	0	0	0	0	0	0
oewn-13983217-n	nonexistence	10	13	27	5	impossibility	4	10	0.4	0	4	0	0	0	0
oewn-04735634-n	superiority	9	13	38	6	superiority	6	9	0.67	6	0	0	0	0	0
oewn-06275051-n	mail	9	13	93	2	post	0	9	0.0	0	0	0	0	0	0
oewn-06436708-n	number	9	13	152	2	number	0	9	0.0	0	0	0	0	0	0
oewn-08197557-n	labor	9	13	66	2	labour	0	9	0.0	0	0	0	0	0	0
oewn-09790858-n	admirer	9	13	27	4	admirer	0	9	0.0	0	0	0	0	0	0
oewn-13551611-n	oxidation	9	13	70	2	burning	0	9	0.0	0	0	0	0	0	0
oewn-13654836-n	current unit	9	13	40	1	mA	0	9	0.0	0	0	0	0	0	0
oewn-00522618-n	presentation	8	13	59	6	performance	0	8	0.0	0	0	0	0	0	0
oewn-01215372-n	attachment	8	13	87	2	attachment	1	8	0.12	1	0	0	0	0	0
oewn-01241629-n	engagement	8	13	87	4	engagement	0	8	0.0	0	0	0	0	0	0
oewn-03125142-n	court	8	13	118	1	court	0	8	0.0	0	0	0	0	0	0
oewn-03676598-n	line	8	13	354	2	line	0	8	0.0	0	0	0	0	0	0
oewn-03676994-n	line	8	13	350	2	line	0	8	0.0	0	0	0	0	0	0
oewn-03856266-n	opiate	8	13	13	3	laudanum	3	8	0.38	2	1	1	0	0	0
oewn-04410773-n	telescope	8	13	18	3	scope	0	8	0.0	0	0	0	0	0	0
oewn-08660590-n	retreat	8	13	47	5	retreat	0	8	0.0	0	0	0	0	0	0
oewn-11524062-n	resistance	8	13	63	4	drag	0	8	0.0	0	0	0	0	0	0
oewn-13426469-n	entry	8	13	100	2	credit	2	8	0.25	0	2	0	0	0	0
oewn-13486023-n	development	8	13	33	6	development	0	8	0.0	0	0	0	0	0	0
oewn-00240097-n	first step	7	13	96	2	opening	0	7	0.0	0	0	0	0	0	0
oewn-00358915-n	crush	7	13	44	4	mill	0	7	0.0	0	0	0	0	0	0
oewn-00455648-n	casting	7	13	95	3	cast	0	7	0.0	0	0	0	0	0	0
oewn-02820166-n	bearing	7	13	63	2	bearing	0	7	0.0	0	0	0	0	0	0
oewn-03139803-n		7	13	23	3	crucifix	0	7	0.0	0	0	0	0	0	0
oewn-04640554-n	energy	7	13	65	4	energy	7	7	1.0	7	0	0	0	0	0
oewn-06548844-n	bill	7	13	116	2	measure	0	7	0.0	0	0	0	0	0	0
oewn-08489901-n	labor movement	7	13	66	2	labour	0	7	0.0	0	0	0	0	0	0
oewn-08647083-n	rear	7	13	36	4	rear	0	7	0.0	0	0	0	0	0	0
oewn-10343410-n	mistress	7	13	34	2	mistress	0	7	0.0	0	0	0	0	0	0
oewn-10578716-n	schoolchild	7	13	29	3	pupil	0	7	0.0	0	0	0	0	0	0
oewn-14448184-n	maturity	7	13	77	2	youth	0	7	0.0	0	0	0	0	0	0
oewn-03442981-n	girdle	6	13	24	3	sash	1	6	0.17	0	1	0	0	0	0
oewn-03796288-n	motor hotel	6	13	118	1	court	0	6	0.0	0	0	0	0	0	0
oewn-03978882-n	pocket	6	13	121	1	pocket	0	6	0.0	0	0	0	0	0	0
oewn-04911841-n	discomposure	6	13	54	5	uneasiness	5	6	0.83	0	5	0	0	0	0
oewn-05186242-n	prerogative	6	13	37	2	privilege	0	6	0.0	0	0	0	0	0	0
oewn-05703771-n	counterpart	6	13	101	3	match	1	6	0.17	0	1	0	0	0	0
oewn-06315049-n	terminology	6	13	74	2	language	0	6	0.0	0	0	0	0	0	0
oewn-06679574-n	closure	6	13	27	2	guillotine	0	6	0.0	0	0	0	0	0	0
oewn-07107220-n	poetry	6	13	31	2	verse	0	6	0.0	0	0	0	0	0	0
oewn-07469062-n	exercise	6	13	69	2	exercise	0	6	0.0	0	0	0	0	0	0
oewn-10507601-n	psychiatrist	6	13	13	1	shrink	1	6	0.17	0	1	0	0	0	0
oewn-13365086-n	security	6	13	68	4	security	0	6	0.0	0	0	0	0	0	0
oewn-13636045-n	liquid unit	6	13	39	1	bath	0	6	0.0	0	0	0	0	0	0
oewn-14478672-n	emptiness	6	13	27	6	vacancy	3	6	0.5	0	3	0	0	0	0
oewn-00776783-n	capture	5	13	49	4	capture	1	5	0.2	0	1	0	0	0	0
oewn-01213509-n	boost	5	13	38	1	encouragement	0	5	0.0	0	0	0	0	0	0
oewn-02726951-n	antiquity	5	13	30	3	antiquity	0	5	0.0	0	0	0	0	0	0
oewn-03447680-n	goal	5	13	57	4	basket	0	5	0.0	0	0	0	0	0	0
oewn-04227103-n	sill	5	13	30	4	threshold	0	5	0.0	0	0	0	0	0	0
oewn-04778571-n	randomness	5	13	80	1	noise	4	5	0.8	0	4	0	0	0	0
oewn-05921869-n	generalization	5	13	96	3	rule	0	5	0.0	0	0	0	0	0	0
oewn-06603166-n	proof	5	13	76	1	proof	0	5	0.0	0	0	0	0	0	0
oewn-07170369-n	dialect	5	13	36	3	accent	0	5	0.0	0	0	0	0	0	0
oewn-07349843-n	ruin	5	13	68	4	ruin	3	5	0.6	0	3	0	0	0	0
oewn-07354694-n	casualty	5	13	96	3	loss	0	5	0.0	0	0	0	0	0	0
oewn-08118376-n	breed	5	13	105	4	stock	0	5	0.0	0	0	0	0	0	0
oewn-08480074-n	mail	5	13	93	2	post	1	5	0.2	0	1	0	0	0	0
oewn-08490634-n	reform movement	5	13	66	2	labour	0	5	0.0	0	0	0	0	0	0
oewn-00258637-n	bath	4	13	39	1	bath	1	4	0.25	0	1	0	0	0	0
oewn-00315295-n	seafaring	4	13	51	3	sailing	0	4	0.0	0	0	0	0	0	0
oewn-03227219-n	doorbell	4	13	91	1	bell	0	4	0.0	0	0	0	0	0	0
oewn-03845315-n	obstacle	4	13	33	2	hazard	0	4	0.0	0	0	0	0	0	0
oewn-03974120-n	plowshare	4	13	60	2	share	0	4	0.0	0	0	0	0	0	0
oewn-04753670-n	analogue	4	13	56	2	echo	0	4	0.0	0	0	0	0	0	0
oewn-06384937-n	plot	4	13	116	2	action	0	4	0.0	0	0	0	0	0	0
oewn-06610383-n	reading	4	13	92	1	reading	0	4	0.0	0	0	0	0	0	0
oewn-06660952-n	testimony	4	13	27	3	testament	1	4	0.25	1	0	0	0	0	0
oewn-07179737-n	bid	4	13	63	2	tender	0	4	0.0	0	0	0	0	0	0
oewn-07272483-n	post	4	13	93	2	post	0	4	0.0	0	0	0	0	0	0
oewn-08320205-n	confederation	4	13	40	2	nation	0	4	0.0	0	0	0	0	0	0
oewn-09901459-n	businessman	4	13	78	1	suit	0	4	0.0	0	0	0	0	0	0
oewn-12672582-n	fruit tree	118	12	28	11	cherry	0	118	0.0	0	0	0	0	0	0
oewn-12288763-n	oak	37	12	23	1	oak	0	37	0.0	0	0	0	0	0	0
oewn-12266749-n	blueberry	34	12	37	1	huckleberry	0	34	0.0	0	0	0	0	0	0
oewn-02285853-n	moth	33	12	23	2	miller	2	33	0.06	2	0	0	0	0	0
oewn-02432691-n	deer	30	12	14	5	deer	0	30	0.0	0	0	0	0	0	0
oewn-12451939-n	alliaceous plant	30	12	26	3	garlic	0	30	0.0	0	0	0	0	0	0
oewn-02003608-n	wading bird	28	12	37	4	rail	0	28	0.0	0	0	0	0	0	0
oewn-08263534-n	musical organization	26	12	123	7	band	0	26	0.0	0	0	0	0	0	0
oewn-06812755-n	line	22	12	353	2	line	0	22	0.0	0	0	0	0	0	0
oewn-00321678-n	insertion	21	12	49	5	introduction	0	21	0.0	0	0	0	0	0	0
oewn-01623768-n	owl	20	12	12	1	owl	1	20	0.05	1	0	0	0	0	0
oewn-04107268-n	rod	20	12	87	10	pole	0	20	0.0	0	0	0	0	0	0
oewn-05998364-n	theory	20	12	37	1	theory	2	20	0.1	0	2	0	0	0	0
oewn-05882839-n	principle	19	12	93	2	rule	1	19	0.05	0	1	0	0	0	0
oewn-04313218-n	station	18	12	59	2	station	3	18	0.17	2	1	1	0	0	0
oewn-04481701-n	trap	18	12	74	8	trap	0	18	0.0	0	0	0	0	0	0
oewn-05120433-n	insufficiency	18	12	18	3	deficiency	9	18	0.5	0	9	0	0	0	0
oewn-07149558-n	chat	18	12	33	4	chat	5	18	0.28	0	5	0	0	0	0
oewn-12162012-n	cereal	18	12	63	8	corn	0	18	0.0	0	0	0	0	0	0
oewn-15016494-n	plant product	18	12	25	1	tobacco	0	18	0.0	0	0	0	0	0	0
oewn-03743732-n	mechanical system	17	12	350	3	line	0	17	0.0	0	0	0	0	0	0
oewn-00983916-n	intelligence	16	12	55	2	intelligence	1	16	0.06	0	1	0	0	0	0
oewn-04409192-n	telephone line	16	12	348	1	line	0	16	0.0	0	0	0	0	0	0
oewn-06483016-n	certificate	16	12	42	5	commission	0	16	0.0	0	0	0	0	0	0
oewn-06430544-n	dictionary	15	12	14	3	dictionary	2	15	0.13	2	0	0	0	0	0
oewn-12698985-n	elder	15	12	35	1	elder	0	15	0.0	0	0	0	0	0	0
oewn-04242397-n	sled	14	12	38	2	bob	1	14	0.07	0	1	0	0	0	0
oewn-05881099-n	principle	14	12	58	3	principle	0	14	0.0	0	0	0	0	0	0
oewn-09642994-n	individualist	14	12	25	1	independent	0	14	0.0	0	0	0	0	0	0
oewn-04334034-n	stool	13	12	28	3	stool	5	13	0.38	0	5	0	0	0	0
oewn-05125737-n	excess	13	12	43	5	embarrassment	4	13	0.31	2	2	1	0	0	0
oewn-03089375-n	computer network	12	12	24	4	net	0	12	0.0	0	0	0	0	0	0
oewn-10035803-n	disciple	12	12	13	3	disciple	2	12	0.17	2	0	0	0	0	0
oewn-13999199-n	confusion	12	12	49	3	confusion	8	12	0.67	0	8	0	0	0	0
oewn-01771988-n	arachnid	11	12	35	2	spider	2	11	0.18	0	2	0	0	0	0
oewn-04899279-n	judgment	11	12	83	3	judgment	2	11	0.18	2	0	0	0	0	0
oewn-07049616-n	hymn	11	12	12	4	hymn	0	11	0.0	0	0	0	0	0	0
oewn-10472913-n	poor person	11	12	16	3	vagabond	7	11	0.64	0	7	0	0	0	0
oewn-13266525-n	personal property	11	12	51	3	stuff	0	11	0.0	0	0	0	0	0	0
oewn-14442568-n	connection	11	12	101	3	connection	0	11	0.0	0	0	0	0	0	0
oewn-06606007-n	series	10	12	36	4	series	0	10	0.0	0	0	0	0	0	0
oewn-07435916-n	breakdown	10	12	82	2	fault	2	10	0.2	0	2	0	0	0	0
oewn-09632262-n	capitalist	10	12	35	3	holder	1	10	0.1	1	0	0	0	0	0
oewn-14540103-n	environmental condition	10	12	17	3	climate	1	10	0.1	0	1	0	0	0	0
oewn-15002063-n	paving	10	12	28	3	pavement	1	10	0.1	0	1	0	0	0	0
oewn-03011879-n	charge	9	12	203	2	shot	1	9	0.11	0	1	0	0	0	0
oewn-04718711-n	troublesomeness	9	12	40	2	inconvenience	4	9	0.44	0	4	0	0	0	0
oewn-05269684-n	mustache	9	12	12	1	moustache	0	9	0.0	0	0	0	0	0	0
oewn-05645908-n	craft	9	12	59	1	craft	3	9	0.33	3	0	0	0	0	0
oewn-05662718-n	somatosense	9	12	134	2	touch	0	9	0.0	0	0	0	0	0	0
oewn-06430336-n	wordbook	9	12	17	4	dictionary	0	9	0.0	0	0	0	0	0	0
oewn-10105843-n	fiduciary	9	12	33	4	steward	1	9	0.11	0	1	0	0	0	0
oewn-02168108-n	ladybug	8	12	12	1	ladybird	0	8	0.0	0	0	0	0	0	0
oewn-02712226-n	anchor	8	12	35	2	anchor	0	8	0.0	0	0	0	0	0	0
oewn-03166116-n	damper	8	12	89	4	shock	0	8	0.0	0	0	0	0	0	0
oewn-03821676-n	needle	8	12	33	2	needle	0	8	0.0	0	0	0	0	0	0
oewn-04461511-n	top	8	12	128	1	top	0	8	0.0	0	0	0	0	0	0
oewn-05187094-n	privilege	8	12	35	1	privilege	1	8	0.12	0	1	0	0	0	0
oewn-07939537-n	milkshake	8	12	70	2	shake	0	8	0.0	0	0	0	0	0	0
oewn-10262488-n	noblewoman	8	12	12	3	countess	1	8	0.12	1	0	0	0	0	0
oewn-13883265-n	plane	8	12	84	2	sheet	0	8	0.0	0	0	0	0	0	0
oewn-13956593-n	crisis	8	12	34	5	crisis	3	8	0.38	0	3	0	0	0	0
oewn-00082392-n	buying	7	12	14	3	buying	2	7	0.29	0	2	0	0	0	0
oewn-00325936-n	climb	7	12	45	4	mount	1	7	0.14	0	1	0	0	0	0
oewn-01176455-n	stab	7	12	52	3	thrust	0	7	0.0	0	0	0	0	0	0
oewn-03493686-n	hand shovel	7	12	23	1	spade	0	7	0.0	0	0	0	0	0	0
oewn-03583825-n	interface	7	12	60	1	port	0	7	0.0	0	0	0	0	0	0
oewn-03741128-n	measuring stick	7	12	110	3	measure	0	7	0.0	0	0	0	0	0	0
oewn-04471218-n	track	7	12	85	3	track	0	7	0.0	0	0	0	0	0	0
oewn-04557470-n	wardrobe	7	12	66	3	press	0	7	0.0	0	0	0	0	0	0
oewn-04611087-n	worktable	7	12	61	1	bench	0	7	0.0	0	0	0	0	0	0
oewn-04785869-n	pleasantness	7	12	38	4	sweetness	7	7	1.0	6	1	1	0	0	0
oewn-05307730-n	chemoreceptor	7	12	100	1	nose	0	7	0.0	0	0	0	0	0	0
oewn-05563550-n	belly	7	12	42	3	belly	0	7	0.0	0	0	0	0	0	0
oewn-05727751-n	harmonic	7	12	23	2	partial	0	7	0.0	0	0	0	0	0	0
oewn-09426609-n	range	7	12	93	3	chain	1	7	0.14	0	1	0	0	0	0
oewn-09915153-n	caretaker	7	12	19	3	superintendent	0	7	0.0	0	0	0	0	0	0
oewn-09982445-n	convict	7	12	24	4	inmate	0	7	0.0	0	0	0	0	0	0
oewn-10340521-n	minister	7	12	32	3	minister	0	7	0.0	0	0	0	0	0	0
oewn-10579780-n	schoolteacher	7	12	33	2	mistress	0	7	0.0	0	0	0	0	0	0
oewn-12928225-n	tobacco	7	12	25	1	tobacco	0	7	0.0	0	0	0	0	0	0
oewn-13304787-n	reward	7	12	48	4	reward	2	7	0.29	2	0	0	0	0	0
oewn-13400586-n	credit line	7	12	348	1	line	0	7	0.0	0	0	0	0	0	0
oewn-13898031-n	ring	7	12	95	3	ring	0	7	0.0	0	0	0	0	0	0
oewn-14466399-n	dominion	7	12	66	3	rule	1	7	0.14	1	0	0	0	0	0
oewn-14615271-n	suspension	7	12	25	3	vapor	0	7	0.0	0	0	0	0	0	0
oewn-15056943-n	poison	7	12	24	1	poison	0	7	0.0	0	0	0	0	0	0
oewn-00172070-n	device	6	12	71	4	trick	0	6	0.0	0	0	0	0	0	0
oewn-00419407-n	annoyance	6	12	44	6	vexation	4	6	0.67	0	4	0	0	0	0
oewn-00891150-n	lesson	6	12	49	1	lesson	0	6	0.0	0	0	0	0	0	0
oewn-02863579-n	bob	6	12	30	3	bob	0	6	0.0	0	0	0	0	0	0
oewn-03620342-n	keystone	6	12	140	4	key	0	6	0.0	0	0	0	0	0	0
oewn-04196525-n	sheet metal	6	12	18	3	flashing	0	6	0.0	0	0	0	0	0	0
oewn-04607813-n	workbench	6	12	61	1	bench	0	6	0.0	0	0	0	0	0	0
oewn-04632316-n	nervousness	6	12	52	3	uneasiness	6	6	1.0	3	3	1	0	0	0
oewn-04669283-n	recklessness	6	12	17	4	desperation	1	6	0.17	0	1	0	0	0	0
oewn-04843914-n	energy	6	12	66	2	energy	4	6	0.67	4	0	0	0	0	0
oewn-05180732-n	pettiness	6	12	46	2	joke	4	6	0.67	0	4	0	0	0	0
oewn-05741963-n	criticism	6	12	44	3	knock	5	6	0.83	3	2	1	0	0	0
oewn-05864650-n	numerical quantity	6	12	70	3	value	0	6	0.0	0	0	0	0	0	0
oewn-06808603-n	token	6	12	47	3	token	0	6	0.0	0	0	0	0	0	0
oewn-07248294-n	execration	6	12	47	6	curse	3	6	0.5	0	3	0	0	0	0
oewn-07390857-n	bang	6	12	59	4	blast	5	6	0.83	0	5	0	0	0	0
oewn-07450700-n	jet	6	12	65	4	jet	0	6	0.0	0	0	0	0	0	0
oewn-09799064-n	agricultural laborer	6	12	37	1	peasant	0	6	0.0	0	0	0	0	0	0
oewn-10507894-n	psychic	6	12	22	3	medium	0	6	0.0	0	0	0	0	0	0
oewn-11523478-n	reflection	6	12	97	2	reflection	1	6	0.17	1	0	0	0	0	0
oewn-13922980-n	toroid	6	12	95	3	ring	0	6	0.0	0	0	0	0	0	0
oewn-14403545-n	mental illness	6	12	12	2	insanity	5	6	0.83	3	2	1	0	0	0
oewn-14820745-n	graphite	6	12	130	2	lead	0	6	0.0	0	0	0	0	0	0
oewn-00255464-n	depilation	5	12	19	2	shaving	0	5	0.0	0	0	0	0	0	0
oewn-00472512-n	ball game	5	12	115	1	ball	0	5	0.0	0	0	0	0	0	0
oewn-00790293-n	shot	5	12	222	2	shot	0	5	0.0	0	0	0	0	0	0
oewn-00961487-n	brush	5	12	56	4	encounter	1	5	0.2	0	1	0	0	0	0
oewn-01012400-n	succession	5	12	111	4	opening	0	5	0.0	0	0	0	0	0	0
oewn-01064921-n	respite	5	12	137	4	break	0	5	0.0	0	0	0	0	0	0
oewn-03021863-n	china	5	12	24	2	china	2	5	0.4	2	0	0	0	0	0
oewn-03151512-n	cultivator	5	12	22	2	tiller	0	5	0.0	0	0	0	0	0	0
oewn-03158041-n	cutlery	5	12	41	3	spoon	0	5	0.0	0	0	0	0	0	0
oewn-03506296-n	hazard	5	12	57	3	trap	0	5	0.0	0	0	0	0	0	0
oewn-04470914-n	track	5	12	100	2	track	0	5	0.0	0	0	0	0	0	0
oewn-04843499-n	ambition	5	12	26	2	ambition	4	5	0.8	4	0	0	0	0	0
oewn-04888025-n	artlessness	5	12	32	5	innocence	4	5	0.8	4	0	0	0	0	0
oewn-04997456-n	volume	5	12	60	3	volume	0	5	0.0	0	0	0	0	0	0
oewn-05173431-n	destructiveness	5	12	24	1	poison	3	5	0.6	0	3	0	0	0	0
oewn-06339636-n	gender	5	12	12	2	feminine	0	5	0.0	0	0	0	0	0	0
oewn-06518182-n	memo	5	12	12	2	memorandum	0	5	0.0	0	0	0	0	0	0
oewn-06525755-n	solicitation	5	12	46	3	appeal	0	5	0.0	0	0	0	0	0	0
oewn-06868257-n	stamp	5	12	96	3	impression	0	5	0.0	0	0	0	0	0	0
oewn-07540296-n	edginess	5	12	42	3	uneasiness	5	5	1.0	0	5	0	0	0	0
oewn-07547101-n	complacency	5	12	12	3	complacency	4	5	0.8	0	4	0	0	0	0
oewn-07890756-n	porridge	5	12	13	3	gruel	0	5	0.0	0	0	0	0	0	0
oewn-09279385-n	coral reef	5	12	135	2	key	0	5	0.0	0	0	0	0	0	0
oewn-10470837-n	politician	5	12	19	4	governor	0	5	0.0	0	0	0	0	0	0
oewn-12257063-n	huckleberry	5	12	37	1	huckleberry	0	5	0.0	0	0	0	0	0	0
oewn-14983611-n	animal fiber	5	12	25	3	silk	0	5	0.0	0	0	0	0	0	0
oewn-00380230-n	attachment	4	12	86	1	attachment	0	4	0.0	0	0	0	0	0	0
oewn-00515139-n	practical joke	4	12	47	2	rag	0	4	0.0	0	0	0	0	0	0
oewn-01022878-n	imitation	4	12	58	3	echo	0	4	0.0	0	0	0	0	0	0
oewn-01052551-n	burying	4	12	17	2	burial	0	4	0.0	0	0	0	0	0	0
oewn-02782458-n	ball	4	12	115	1	ball	0	4	0.0	0	0	0	0	0	0
oewn-02809564-n	bat	4	12	51	3	bat	0	4	0.0	0	0	0	0	0	0
oewn-03022147-n	chinaware	4	12	23	1	china	0	4	0.0	0	0	0	0	0	0
oewn-03530254-n	hoist	4	12	13	2	hoist	0	4	0.0	0	0	0	0	0	0
oewn-03952601-n	pipeline	4	12	348	1	line	0	4	0.0	0	0	0	0	0	0
oewn-04273596-n	spade	4	12	23	1	spade	0	4	0.0	0	0	0	0	0	0
oewn-04414821-n	temple	4	12	49	1	temple	0	4	0.0	0	0	0	0	0	0
oewn-04516887-n	uniform	4	12	13	2	uniform	0	4	0.0	0	0	0	0	0	0
oewn-05650398-n	touch	4	12	135	2	touch	4	4	1.0	4	0	0	0	0	0
oewn-05730815-n	prickling	4	12	15	2	tingling	4	4	1.0	0	4	0	0	0	0
oewn-05949755-n	concretism	4	12	78	2	shape	0	4	0.0	0	0	0	0	0	0
oewn-07066015-n	lyric	4	12	73	1	language	1	4	0.25	1	0	0	0	0	0
oewn-07210735-n	interview	4	12	25	1	interview	0	4	0.0	0	0	0	0	0	0
oewn-07217786-n	affirmation	4	12	52	2	statement	0	4	0.0	0	0	0	0	0	0
oewn-07332733-n	downfall	4	12	82	3	ruin	3	4	0.75	0	3	0	0	0	0
oewn-07432244-n	crisis	4	12	35	4	crisis	3	4	0.75	0	3	0	0	0	0
oewn-07525734-n	stupefaction	4	12	88	3	shock	4	4	1.0	0	4	0	0	0	0
oewn-09265295-n	chasm	4	12	19	3	gulf	0	4	0.0	0	0	0	0	0	0
oewn-09323212-n	gully	4	12	91	2	draw	0	4	0.0	0	0	0	0	0	0
oewn-10612800-n	gun	4	12	82	1	gun	0	4	0.0	0	0	0	0	0	0
oewn-11468680-n	east wind	4	12	12	4	east wind	0	4	0.0	0	0	0	0	0	0
oewn-13363150-n	share	4	12	59	1	share	0	4	0.0	0	0	0	0	0	0
oewn-13809172-n	trigonometric function	36	11	38	3	sin	0	36	0.0	0	0	0	0	0	0
oewn-13176981-n	simple leaf	28	11	32	1	needle	10	28	0.36	9	1	1	0	0	0
oewn-07872246-n	spread	27	11	80	4	spread	3	27	0.11	0	3	0	0	0	0
oewn-07860018-n	milk	24	11	26	2	milk	2	24	0.08	0	2	0	0	0	0
oewn-10596736-n	seller	19	11	15	5	vendor	2	19	0.11	0	2	0	0	0	0
oewn-03752065-n	mental hospital	18	11	23	4	asylum	11	18	0.61	0	11	0	0	0	0
oewn-09844011-n	authority	18	11	63	3	authority	0	18	0.0	0	0	0	0	0	0
oewn-02106058-n	working dog	17	11	12	4	husky	0	17	0.0	0	0	0	0	0	0
oewn-10227450-n	inquirer	17	11	12	4	inquirer	2	17	0.12	0	2	0	0	0	0
oewn-13930429-n	fold	17	11	62	6	bend	2	17	0.12	0	2	0	0	0	0
oewn-01030024-n	religious ceremony	16	11	118	4	service	0	16	0.0	0	0	0	0	0	0
oewn-02515569-n	food fish	16	11	36	4	sole	0	16	0.0	0	0	0	0	0	0
oewn-07596347-n	roast	16	11	36	4	joint	9	16	0.56	9	0	0	0	0	0
oewn-13303573-n	compensation	16	11	23	7	amends	4	16	0.25	0	4	0	0	0	0
oewn-13518338-n	increase	16	11	54	6	increase	0	16	0.0	0	0	0	0	0	0
oewn-00237945-n	constitution	15	11	56	7	establishment	0	15	0.0	0	0	0	0	0	0
oewn-00743943-n	waste	15	11	40	5	waste	8	15	0.53	0	8	0	0	0	0
oewn-10039756-n	diviner	15	11	23	3	prophet	1	15	0.07	1	0	0	0	0	0
oewn-10696710-n	supplier	15	11	68	3	connection	0	15	0.0	0	0	0	0	0	0
oewn-02713625-n	anesthetic	14	11	22	1	local	2	14	0.14	0	2	0	0	0	0
oewn-03686474-n	local anesthetic	14	11	22	1	local	0	14	0.0	0	0	0	0	0	0
oewn-10156479-n	golfer	14	11	49	2	driver	0	14	0.0	0	0	0	0	0	0
oewn-10541628-n	representative	14	11	57	5	agent	0	14	0.0	0	0	0	0	0	0
oewn-03302664-n	establishment	13	11	42	6	establishment	0	13	0.0	0	0	0	0	0	0
oewn-05034009-n	weight	13	11	72	4	weight	1	13	0.08	0	1	0	0	0	0
oewn-05211905-n	powerlessness	13	11	48	3	weakness	8	13	0.62	0	8	0	0	0	0
oewn-06802268-n	religious doctrine	13	11	27	5	confession	0	13	0.0	0	0	0	0	0	0
oewn-08026566-n	nongovernmental organization	13	11	24	4	mission	2	13	0.15	0	2	0	0	0	0
oewn-10221154-n	imposter	13	11	35	4	fraud	0	13	0.0	0	0	0	0	0	0
oewn-13597304-n	definite quantity	13	11	130	2	number	1	13	0.08	0	1	0	0	0	0
oewn-13916479-n	groove	13	11	98	4	track	0	13	0.0	0	0	0	0	0	0
oewn-01109837-n	transfer	12	11	21	4	conveying	0	12	0.0	0	0	0	0	0	0
oewn-01774863-n	spider	12	11	34	1	spider	1	12	0.08	0	1	0	0	0	0
oewn-04545847-n	vise	12	11	32	1	vice	0	12	0.0	0	0	0	0	0	0
oewn-04940721-n	constitution	12	11	58	5	structure	0	12	0.0	0	0	0	0	0	0
oewn-05126667-n	overabundance	12	11	23	5	excess	4	12	0.33	0	4	0	0	0	0
oewn-10399457-n	oppressor	12	11	13	5	oppressor	1	12	0.08	0	1	0	0	0	0
oewn-03446036-n	glove	11	11	21	5	glove	0	11	0.0	0	0	0	0	0	0
oewn-03685312-n	load	11	11	51	4	burden	3	11	0.27	0	3	0	0	0	0
oewn-05010588-n	gracefulness	11	11	56	5	grace	3	11	0.27	3	0	0	0	0	0
oewn-07021061-n	play	11	11	166	2	play	0	11	0.0	0	0	0	0	0	0
oewn-13479774-n	decrease	11	11	44	5	decline	0	11	0.0	0	0	0	0	0	0
oewn-02925268-n	burial chamber	10	11	28	3	vault	0	10	0.0	0	0	0	0	0	0
oewn-03223838-n	doll	10	11	22	4	doll	1	10	0.1	1	0	0	0	0	0
oewn-05807220-n	trial	10	11	67	2	trial	0	10	0.0	0	0	0	0	0	0
oewn-06708324-n	flattery	10	11	12	3	flattery	1	10	0.1	1	0	0	0	0	0
oewn-13805793-n	mathematical relation	10	11	28	2	map	0	10	0.0	0	0	0	0	0	0
oewn-13960587-n	rejection	10	11	27	8	censure	1	10	0.1	0	1	0	0	0	0
oewn-00098324-n	performance	9	11	56	4	performance	0	9	0.0	0	0	0	0	0	0
oewn-00258095-n	hair care	9	11	33	4	brush	0	9	0.0	0	0	0	0	0	0
oewn-02391998-n	ass	9	11	46	5	jack	0	9	0.0	0	0	0	0	0	0
oewn-02918159-n	building block	9	11	136	3	key	0	9	0.0	0	0	0	0	0	0
oewn-03930191-n	phonograph record	9	11	72	5	record	0	9	0.0	0	0	0	0	0	0
oewn-10188177-n	heir	9	11	15	3	heir	1	9	0.11	0	1	0	0	0	0
oewn-11479937-n	friction	9	11	41	5	rubbing	0	9	0.0	0	0	0	0	0	0
oewn-00732520-n	mission	8	11	126	3	charge	1	8	0.12	0	1	0	0	0	0
oewn-02958501-n	cap	8	11	64	3	cap	2	8	0.25	2	0	0	0	0	0
oewn-03069428-n	coil	8	11	28	3	coil	0	8	0.0	0	0	0	0	0	0
oewn-04720011-n	compatibility	8	11	50	5	correspondence	2	8	0.25	2	0	0	0	0	0
oewn-04771180-n	peculiarity	8	11	34	4	peculiarity	5	8	0.62	5	0	0	0	0	0
oewn-04781138-n	movability	8	11	166	4	play	5	8	0.62	3	2	1	0	0	0
oewn-04852706-n	cruelty	8	11	26	6	cruelty	4	8	0.5	0	4	0	0	0	0
oewn-04890163-n	restraint	8	11	50	5	restraint	5	8	0.62	5	0	0	0	0	0
oewn-07946794-n	punch	8	11	55	2	cup	0	8	0.0	0	0	0	0	0	0
oewn-01110307-n	conveyance	7	11	22	4	conveying	0	7	0.0	0	0	0	0	0	0
oewn-01250194-n	clearing	7	11	32	4	clearing	1	7	0.14	0	1	0	0	0	0
oewn-02905383-n	brim	7	11	74	3	bill	0	7	0.0	0	0	0	0	0	0
oewn-03481206-n	hairpiece	7	11	25	2	wig	0	7	0.0	0	0	0	0	0	0
oewn-04591493-n	wig	7	11	22	1	wig	0	7	0.0	0	0	0	0	0	0
oewn-04737838-n	inferiority	7	11	34	2	wretchedness	3	7	0.43	0	3	0	0	0	0
oewn-05285440-n	auditory ossicle	7	11	60	3	hammer	0	7	0.0	0	0	0	0	0	0
oewn-07350316-n	disappearance	7	11	26	5	disappearance	0	7	0.0	0	0	0	0	0	0
oewn-07454840-n	rush	7	11	65	2	rush	4	7	0.57	0	4	0	0	0	0
oewn-08212737-n	air unit	7	11	107	4	wing	0	7	0.0	0	0	0	0	0	0
oewn-08270371-n	masquerade	7	11	29	3	mask	0	7	0.0	0	0	0	0	0	0
oewn-10276234-n	liar	7	11	11	1	liar	2	7	0.29	0	2	0	0	0	0
oewn-10717864-n	television reporter	7	11	33	1	anchor	0	7	0.0	0	0	0	0	0	0
oewn-14022691-n	captivity	7	11	26	2	imprisonment	0	7	0.0	0	0	0	0	0	0
oewn-15184543-n	date	7	11	49	4	date	0	7	0.0	0	0	0	0	0	0
oewn-00406027-n	bending	6	11	29	4	bending	0	6	0.0	0	0	0	0	0	0
oewn-00491580-n	bridge	6	11	45	3	bridge	0	6	0.0	0	0	0	0	0	0
oewn-01111592-n	barter	6	11	47	2	trade	0	6	0.0	0	0	0	0	0	0
oewn-02934150-n	cab	6	11	34	2	cab	0	6	0.0	0	0	0	0	0	0
oewn-03545447-n	hosiery	6	11	21	4	stocking	0	6	0.0	0	0	0	0	0	0
oewn-03567306-n	imitation	6	11	24	4	imitation	3	6	0.5	0	3	0	0	0	0
oewn-03679297-n	link	6	11	89	3	tie	0	6	0.0	0	0	0	0	0	0
oewn-04599016-n	wine bottle	6	11	11	1	jeroboam	0	6	0.0	0	0	0	0	0	0
oewn-04722763-n	suitability	6	11	30	4	convenience	6	6	1.0	6	0	0	0	0	0
oewn-05564576-n	abdomen	6	11	37	2	belly	0	6	0.0	0	0	0	0	0	0
oewn-05714175-n	inattention	6	11	38	5	neglect	1	6	0.17	0	1	0	0	0	0
oewn-06420294-n	treatise	6	11	16	6	treatise	0	6	0.0	0	0	0	0	0	0
oewn-06722472-n	disapproval	6	11	17	4	disapprobation	4	6	0.67	0	4	0	0	0	0
oewn-06729173-n	jeer	6	11	18	4	mockery	0	6	0.0	0	0	0	0	0	0
oewn-07192584-n	settlement	6	11	86	3	conclusion	2	6	0.33	0	2	0	0	0	0
oewn-07343542-n	creation	6	11	51	2	creation	0	6	0.0	0	0	0	0	0	0
oewn-07379624-n	flop	6	11	41	5	bust	6	6	1.0	3	3	1	0	0	0
oewn-10170460-n	guest	6	11	34	1	guest	0	6	0.0	0	0	0	0	0	0
oewn-12183552-n	bryony	6	11	11	1	briony	0	6	0.0	0	0	0	0	0	0
oewn-01073137-n	lenience	5	11	42	2	mercy	0	5	0.0	0	0	0	0	0	0
oewn-02131817-n	lion	5	11	22	1	lion	0	5	0.0	0	0	0	0	0	0
oewn-02406106-n	cow	5	11	32	1	cow	0	5	0.0	0	0	0	0	0	0
oewn-02805887-n	basketball equipment	5	11	43	2	basket	0	5	0.0	0	0	0	0	0	0
oewn-04407634-n	telegraph	5	11	11	1	telegraph	0	5	0.0	0	0	0	0	0	0
oewn-04458020-n	tongs	5	11	11	1	tongs	0	5	0.0	0	0	0	0	0	0
oewn-04781750-n	looseness	5	11	172	3	play	0	5	0.0	0	0	0	0	0	0
oewn-05774981-n	depicting	5	11	19	2	mirror	1	5	0.2	1	0	0	0	0	0
oewn-05933151-n	paragon	5	11	33	2	perfection	1	5	0.2	1	0	0	0	0	0
oewn-07269504-n	relinquishment	5	11	26	4	yielding	0	5	0.0	0	0	0	0	0	0
oewn-11448493-n	beam	5	11	51	2	ray	0	5	0.0	0	0	0	0	0	0
oewn-14563562-n	protection	5	11	58	3	shelter	1	5	0.2	0	1	0	0	0	0
oewn-02321747-n	sea urchin	4	11	11	1	sand dollar	0	4	0.0	0	0	0	0	0	0
oewn-03132736-n	cravat	4	11	55	2	stock	0	4	0.0	0	0	0	0	0	0
oewn-03975218-n	plumber's snake	4	11	42	2	snake	0	4	0.0	0	0	0	0	0	0
oewn-04195222-n	sheet	4	11	76	1	sheet	0	4	0.0	0	0	0	0	0	0
oewn-04252831-n	small stuff	4	11	21	2	seizing	0	4	0.0	0	0	0	0	0	0
oewn-05322469-n	eyelash	4	11	23	2	lash	0	4	0.0	0	0	0	0	0	0
oewn-05400087-n	chamber	4	11	55	2	chamber	0	4	0.0	0	0	0	0	0	0
oewn-05689175-n	trance	4	11	28	2	trance	1	4	0.25	0	1	0	0	0	0
oewn-05803052-n	agreement	4	11	67	2	arrangement	0	4	0.0	0	0	0	0	0	0
oewn-05860690-n	peculiarity	4	11	30	2	peculiarity	1	4	0.25	1	0	0	0	0	0
oewn-06806967-n	street sign	4	11	89	1	address	0	4	0.0	0	0	0	0	0	0
oewn-06820056-n	numeral	4	11	129	1	number	0	4	0.0	0	0	0	0	0	0
oewn-07328236-n	injury	4	11	42	3	injury	3	4	0.75	0	3	0	0	0	0
oewn-07339273-n	emergence	4	11	104	3	rise	1	4	0.25	1	0	0	0	0	0
oewn-07411258-n	tapping	4	11	11	2	tapping	0	4	0.0	0	0	0	0	0	0
oewn-07603012-n	chowder	4	11	11	1	chowder	0	4	0.0	0	0	0	0	0	0
oewn-09358822-n	landmass	4	11	11	1	continent	0	4	0.0	0	0	0	0	0	0
oewn-09812410-n	anchor	4	11	33	1	anchor	0	4	0.0	0	0	0	0	0	0
oewn-10408431-n	overseer	4	11	18	4	superintendent	1	4	0.25	0	1	0	0	0	0
oewn-13785524-n	minimum	4	11	44	1	skeleton	0	4	0.0	0	0	0	0	0	0
oewn-14064142-n	thirst	4	11	22	1	thirst	3	4	0.75	2	1	1	0	0	0
oewn-05426061-n	vein	272	10	42	3	vein	19	272	0.07	13	6	1	0	0	0
oewn-13143123-n	marsh plant	44	10	62	1	rush	1	44	0.02	1	0	0	0	0	0
oewn-07924183-n	liqueur	37	10	10	1	cordial	2	37	0.05	2	0	0	0	0	0
oewn-06561652-n	license	30	10	36	4	permit	0	30	0.0	0	0	0	0	0	0
oewn-02313712-n	larva	26	10	12	4	bot	6	26	0.23	1	5	1	0	0	0
oewn-13402907-n	check	24	10	41	5	check	5	24	0.21	0	5	0	0	0	0
oewn-00110877-n	basketball shot	23	10	144	2	shot	0	23	0.0	0	0	0	0	0	0
oewn-03974274-n	plug	21	10	36	7	plug	0	21	0.0	0	0	0	0	0	0
oewn-05336415-n	exocrine gland	21	10	19	1	mamma	0	21	0.0	0	0	0	0	0	0
oewn-08538999-n	center	20	10	97	10	centre	0	20	0.0	0	0	0	0	0	0
oewn-05976844-n	magic	19	10	20	5	magic	5	19	0.26	1	4	1	0	0	0
oewn-09976635-n	conservative	19	10	78	1	square	2	19	0.11	1	1	1	0	0	0
oewn-14300151-n	zoonosis	19	10	48	2	madness	9	19	0.47	5	4	1	0	0	0
oewn-00975181-n	war	17	10	35	3	war	2	17	0.12	0	2	0	0	0	0
oewn-03573297-n	indicator	17	10	81	3	level	0	17	0.0	0	0	0	0	0	0
oewn-03585151-n	internal-combustion engine	17	10	70	1	ICE	0	17	0.0	0	0	0	0	0	0
oewn-03751821-n	man's clothing	17	10	38	7	brace	0	17	0.0	0	0	0	0	0	0
oewn-04804731-n	unfamiliarity	17	10	21	9	eccentricity	11	17	0.65	6	5	1	0	0	0
oewn-08076248-n	corporation	16	10	20	3	empire	3	16	0.19	0	3	0	0	0	0
oewn-02208922-n	hymenopterous insect	15	10	15	3	bee	4	15	0.27	0	4	0	0	0	0
oewn-03279472-n	electro-acoustic transducer	15	10	17	3	speaker	0	15	0.0	0	0	0	0	0	0
oewn-03768668-n	military installation	15	10	103	5	post	0	15	0.0	0	0	0	0	0	0
oewn-13629228-n	pressure unit	15	10	109	3	bar	0	15	0.0	0	0	0	0	0	0
oewn-00420657-n	harassment	14	10	35	5	torment	1	14	0.07	1	0	0	0	0	0
oewn-00443966-n	dive	14	10	30	4	dive	0	14	0.0	0	0	0	0	0	0
oewn-01145325-n	preparation	14	10	58	3	preparation	0	14	0.0	0	0	0	0	0	0
oewn-10273692-n	legislator	14	10	38	5	whip	1	14	0.07	0	1	0	0	0	0
oewn-03996832-n	pot	13	10	33	6	pot	0	13	0.0	0	0	0	0	0	0
oewn-04642988-n	inactiveness	13	10	25	5	lethargy	8	13	0.62	5	3	1	0	0	0
oewn-04954363-n	smoothness	13	10	63	8	slip	4	13	0.31	4	0	0	0	0	0
oewn-07012462-n	chart	13	10	36	3	chart	2	13	0.15	2	0	0	0	0	0
oewn-07097924-n	prosody	13	10	49	4	accent	0	13	0.0	0	0	0	0	0	0
oewn-07455579-n	rotation	13	10	76	4	roll	0	13	0.0	0	0	0	0	0	0
oewn-07927611-n	mixed drink	13	10	30	4	punch	0	13	0.0	0	0	0	0	0	0
oewn-00263092-n	decoration	12	10	32	6	marking	1	12	0.08	1	0	0	0	0	0
oewn-02732963-n	appliance	12	10	42	3	convenience	0	12	0.0	0	0	0	0	0	0
oewn-04269788-n	sound recording	12	10	69	4	record	0	12	0.0	0	0	0	0	0	0
oewn-04768026-n	materiality	12	10	41	1	reality	8	12	0.67	1	7	1	0	0	0
oewn-04912365-n	tractability	12	10	21	2	obedience	7	12	0.58	7	0	0	0	0	0
oewn-06362609-n	orthography	12	10	14	3	hieroglyphic	0	12	0.0	0	0	0	0	0	0
oewn-07481697-n	field event	12	10	19	2	discus	0	12	0.0	0	0	0	0	0	0
oewn-07957410-n	biological group	12	10	54	4	generation	0	12	0.0	0	0	0	0	0	0
oewn-10221982-n	incompetent	12	10	25	3	butcher	2	12	0.17	0	2	0	0	0	0
oewn-13317922-n	benefit	12	10	30	2	benefit	0	12	0.0	0	0	0	0	0	0
oewn-02805104-n	basket	11	10	35	3	basket	0	11	0.0	0	0	0	0	0	0
oewn-04291140-n	spoon	11	10	29	2	spoon	1	11	0.09	0	1	0	0	0	0
oewn-05425319-n	blood vessel	11	10	43	2	vein	0	11	0.0	0	0	0	0	0	0
oewn-05987679-n	sorcery	11	10	13	7	enchantment	4	11	0.36	0	4	0	0	0	0
oewn-06593586-n	utility program	11	10	49	2	driver	0	11	0.0	0	0	0	0	0	0
oewn-07709717-n	biscuit	11	10	17	2	biscuit	2	11	0.18	2	0	0	0	0	0
oewn-10123254-n	foreigner	11	10	27	4	foreigner	0	11	0.0	0	0	0	0	0	0
oewn-14510768-n	impurity	11	10	17	6	alloy	1	11	0.09	0	1	0	0	0	0
oewn-00366535-n	expansion	10	10	23	6	stretching	0	10	0.0	0	0	0	0	0	0
oewn-00571103-n	swimming stroke	10	10	25	3	crawl	0	10	0.0	0	0	0	0	0	0
oewn-03525974-n	hindrance	10	10	42	6	interference	0	10	0.0	0	0	0	0	0	0
oewn-03611128-n	junction	10	10	54	5	joint	2	10	0.2	0	2	0	0	0	0
oewn-04472087-n	tracked vehicle	10	10	76	1	cat	0	10	0.0	0	0	0	0	0	0
oewn-07100710-n	rhythm	10	10	95	1	beat	0	10	0.0	0	0	0	0	0	0
oewn-11763763-n	rush	10	10	62	1	rush	1	10	0.1	0	1	0	0	0	0
oewn-13283812-n	inheritance	10	10	15	6	inheritance	1	10	0.1	1	0	0	0	0	0
oewn-00353157-n	cut	9	10	180	1	cut	2	9	0.22	0	2	0	0	0	0
oewn-00558625-n	play	9	10	162	1	play	0	9	0.0	0	0	0	0	0	0
oewn-01124470-n	spending	9	10	20	3	spending	0	9	0.0	0	0	0	0	0	0
oewn-01927557-n	flatworm	9	10	40	1	fluke	4	9	0.44	4	0	0	0	0	0
oewn-02795575-n	barge	9	10	23	4	lighter	0	9	0.0	0	0	0	0	0	0
oewn-04539401-n	vestment	9	10	30	3	veil	1	9	0.11	0	1	0	0	0	0
oewn-06426015-n	textbook	9	10	64	4	introduction	0	9	0.0	0	0	0	0	0	0
oewn-06439501-n	editing	9	10	182	2	cut	0	9	0.0	0	0	0	0	0	0
oewn-06902380-n	ostentation	9	10	51	5	flash	4	9	0.44	2	2	1	0	0	0
oewn-06916947-n	natural language	9	10	80	1	tongue	0	9	0.0	0	0	0	0	0	0
oewn-07388403-n	combining	9	10	39	5	mixture	0	9	0.0	0	0	0	0	0	0
oewn-13289169-n	prize	9	10	30	4	prize	2	9	0.22	1	1	1	0	0	0
oewn-15208263-n	holiday	9	10	19	1	holiday	0	9	0.0	0	0	0	0	0	0
oewn-00874219-n	arithmetic operation	8	10	52	4	addition	0	8	0.0	0	0	0	0	0	0
oewn-00903014-n	X-raying	8	10	76	1	CAT	0	8	0.0	0	0	0	0	0	0
oewn-01088869-n	social welfare	8	10	77	2	relief	0	8	0.0	0	0	0	0	0	0
oewn-01249088-n	surprise attack	8	10	41	3	trap	4	8	0.5	0	4	0	0	0	0
oewn-04756982-n	discrepancy	8	10	44	5	allowance	0	8	0.0	0	0	0	0	0	0
oewn-06024079-n	derived function	8	10	21	1	partial	0	8	0.0	0	0	0	0	0	0
oewn-06876801-n	key	8	10	133	1	key	0	8	0.0	0	0	0	0	0	0
oewn-07637385-n	topping	8	10	70	1	ice	0	8	0.0	0	0	0	0	0	0
oewn-09203328-n	urge	8	10	42	2	impulse	0	8	0.0	0	0	0	0	0	0
oewn-09331304-n	ice	8	10	70	1	ice	0	8	0.0	0	0	0	0	0	0
oewn-10089452-n	executive	8	10	30	1	minister	3	8	0.38	3	0	0	0	0	0
oewn-10276453-n	liberal	8	10	20	2	liberal	0	8	0.0	0	0	0	0	0	0
oewn-10504443-n	prosecutor	8	10	10	3	prosecutor	0	8	0.0	0	0	0	0	0	0
oewn-14313092-n	burn	8	10	39	2	burn	4	8	0.5	0	4	0	0	0	0
oewn-15289174-n	tempo	8	10	21	2	pacing	3	8	0.38	1	2	1	0	0	0
oewn-00045411-n	equalization	7	10	13	2	balancing	0	7	0.0	0	0	0	0	0	0
oewn-00578562-n	service	7	10	116	3	service	0	7	0.0	0	0	0	0	0	0
oewn-00755028-n	fraud	7	10	35	3	fraud	0	7	0.0	0	0	0	0	0	0
oewn-01071502-n	self-denial	7	10	34	4	mortification	0	7	0.0	0	0	0	0	0	0
oewn-01152695-n	privation	7	10	17	4	privation	0	7	0.0	0	0	0	0	0	0
oewn-01198357-n	trial	7	10	54	2	trial	1	7	0.14	0	1	0	0	0	0
oewn-02414351-n	sheep	7	10	31	3	sheep	0	7	0.0	0	0	0	0	0	0
oewn-02975150-n	cartridge	7	10	38	3	blank	0	7	0.0	0	0	0	0	0	0
oewn-03142995-n	crowbar	7	10	10	3	pry	1	7	0.14	1	0	0	0	0	0
oewn-04104960-n	robe	7	10	17	2	robe	1	7	0.14	0	1	0	0	0	0
oewn-04379258-n	switch	7	10	25	4	cane	0	7	0.0	0	0	0	0	0	0
oewn-05794660-n	introspection	7	10	41	2	examination	0	7	0.0	0	0	0	0	0	0
oewn-05801562-n	basis	7	10	75	5	base	0	7	0.0	0	0	0	0	0	0
oewn-06263270-n	dissemination	7	10	32	6	spreading	0	7	0.0	0	0	0	0	0	0
oewn-07189084-n	misinterpretation	7	10	13	2	mistaking	7	7	1.0	0	7	0	0	0	0
oewn-08356381-n	intelligence	7	10	51	1	intelligence	0	7	0.0	0	0	0	0	0	0
oewn-08571977-n	suburb	7	10	38	2	addition	1	7	0.14	0	1	0	0	0	0
oewn-10083268-n	escort	7	10	45	3	guide	0	7	0.0	0	0	0	0	0	0
oewn-13184889-n	branchlet	7	10	13	3	twig	2	7	0.29	2	0	0	0	0	0
oewn-13974662-n	inferiority	7	10	70	2	shade	7	7	1.0	2	5	1	0	0	0
oewn-14086207-n	addiction	7	10	19	2	dependence	0	7	0.0	0	0	0	0	0	0
oewn-14941786-n	ink	7	10	20	1	ink	0	7	0.0	0	0	0	0	0	0
oewn-00300043-n	riding	6	10	19	1	riding	0	6	0.0	0	0	0	0	0	0
oewn-00574305-n	approach	6	10	95	3	approach	2	6	0.33	0	2	0	0	0	0
oewn-00752233-n	falsification	6	10	21	3	falsehood	1	6	0.17	0	1	0	0	0	0
oewn-00829898-n	dressing	6	10	30	4	dressing	1	6	0.17	1	0	0	0	0	0
oewn-01928336-n	fluke	6	10	40	1	fluke	0	6	0.0	0	0	0	0	0	0
oewn-02851761-n	blade	6	10	46	3	blade	0	6	0.0	0	0	0	0	0	0
oewn-03706974-n	machinery	6	10	27	2	mill	0	6	0.0	0	0	0	0	0	0
oewn-03886020-n	pan	6	10	21	1	pan	0	6	0.0	0	0	0	0	0	0
oewn-03913773-n	penal institution	6	10	47	2	camp	0	6	0.0	0	0	0	0	0	0
oewn-04223701-n	sieve	6	10	24	3	riddle	0	6	0.0	0	0	0	0	0	0
oewn-04345112-n	string	6	10	35	2	string	0	6	0.0	0	0	0	0	0	0
oewn-04669063-n	unthoughtfulness	6	10	15	4	thoughtlessness	2	6	0.33	0	2	0	0	0	0
oewn-04755139-n	equality	6	10	29	3	equality	2	6	0.33	1	1	1	0	0	0
oewn-04785091-n	steadiness	6	10	27	4	firmness	3	6	0.5	2	1	1	0	0	0
oewn-04884180-n	fidelity	6	10	22	5	fidelity	6	6	1.0	6	0	0	0	0	0
oewn-05043116-n	energy	6	10	55	3	energy	0	6	0.0	0	0	0	0	0	0
oewn-07019235-n	dramaturgy	6	10	57	3	stage	0	6	0.0	0	0	0	0	0	0
oewn-07250737-n	allegation	6	10	31	2	lodging	0	6	0.0	0	0	0	0	0	0
oewn-07538525-n	diffidence	6	10	11	2	diffidence	3	6	0.5	3	0	0	0	0	0
oewn-07554353-n	discontentment	6	10	10	3	discontent	3	6	0.5	0	3	0	0	0	0
oewn-07853338-n	white sauce	6	10	10	1	blanc	0	6	0.0	0	0	0	0	0	0
oewn-07975630-n	sum	6	10	50	3	sum	0	6	0.0	0	0	0	0	0	0
oewn-07980325-n	combination	6	10	53	3	complexion	0	6	0.0	0	0	0	0	0	0
oewn-10034684-n	director	6	10	22	3	manager	0	6	0.0	0	0	0	0	0	0
oewn-10048793-n	drawer	6	10	29	1	drawer	0	6	0.0	0	0	0	0	0	0
oewn-10483618-n	prayer	6	10	49	1	prayer	0	6	0.0	0	0	0	0	0	0
oewn-13737860-n	system of weights	6	10	67	2	weight	0	6	0.0	0	0	0	0	0	0
oewn-13889754-n	regular polygon	6	10	78	1	square	0	6	0.0	0	0	0	0	0	0
oewn-14029664-n	motionlessness	6	10	30	2	stillness	3	6	0.5	0	3	0	0	0	0
oewn-14465996-n	domination	6	10	30	4	superiority	3	6	0.5	3	0	0	0	0	0
oewn-00451320-n	riding	5	10	19	1	riding	0	5	0.0	0	0	0	0	0	0
oewn-01249473-n	ambush	5	10	41	3	trap	4	5	0.8	0	4	0	0	0	0
oewn-02124272-n	cat	5	10	77	2	cat	0	5	0.0	0	0	0	0	0	0
oewn-02276676-n	lepidopterous insect	5	10	13	2	moth	0	5	0.0	0	0	0	0	0	0
oewn-02379443-n	colt	5	10	10	1	colt	0	5	0.0	0	0	0	0	0	0
oewn-02381067-n	warhorse	5	10	13	2	steed	0	5	0.0	0	0	0	0	0	0
oewn-03563356-n	ice rink	5	10	70	1	ice	0	5	0.0	0	0	0	0	0	0
oewn-03571509-n	inclined plane	5	10	24	4	screw	0	5	0.0	0	0	0	0	0	0
oewn-03768938-n	military post	5	10	68	3	post	0	5	0.0	0	0	0	0	0	0
oewn-04100053-n	ring	5	10	91	1	ring	0	5	0.0	0	0	0	0	0	0
oewn-04100719-n	rink	5	10	70	1	ice	0	5	0.0	0	0	0	0	0	0
oewn-04205840-n	shock absorber	5	10	85	2	shock	0	5	0.0	0	0	0	0	0	0
oewn-04507355-n	turner	5	10	29	1	turner	0	5	0.0	0	0	0	0	0	0
oewn-05017985-n	echo	5	10	46	2	echo	0	5	0.0	0	0	0	0	0	0
oewn-05101987-n	depth	5	10	50	2	depth	2	5	0.4	2	0	0	0	0	0
oewn-05623283-n	discretion	5	10	29	3	discretion	4	5	0.8	0	4	0	0	0	0
oewn-05626076-n	breadth	5	10	21	3	breadth	2	5	0.4	0	2	0	0	0	0
oewn-06402155-n	copy	5	10	28	3	copy	0	5	0.0	0	0	0	0	0	0
oewn-07412361-n	tick	5	10	33	2	tick	0	5	0.0	0	0	0	0	0	0
oewn-08200316-n	crush	5	10	62	3	press	0	5	0.0	0	0	0	0	0	0
oewn-08585406-n	finish	5	10	54	3	finish	0	5	0.0	0	0	0	0	0	0
oewn-09432630-n	ridge	5	10	33	2	ridge	0	5	0.0	0	0	0	0	0	0
oewn-10187776-n	hedonist	5	10	31	1	pagan	3	5	0.6	3	0	0	0	0	0
oewn-10500168-n	professional	5	10	27	2	professional	0	5	0.0	0	0	0	0	0	0
oewn-14005842-n	disagreement	5	10	23	3	divide	2	5	0.4	0	2	0	0	0	0
oewn-14015999-n	autonomy	5	10	52	1	liberty	0	5	0.0	0	0	0	0	0	0
oewn-14402535-n	mental health	5	10	10	1	sanity	4	5	0.8	4	0	0	0	0	0
oewn-00226017-n	shooting	4	10	19	1	shooting	0	4	0.0	0	0	0	0	0	0
oewn-00330645-n	flood	4	10	33	3	flood	0	4	0.0	0	0	0	0	0	0
oewn-00983797-n	information gathering	4	10	51	1	intelligence	0	4	0.0	0	0	0	0	0	0
oewn-03513107-n	heat engine	4	10	70	1	ICE	0	4	0.0	0	0	0	0	0	0
oewn-03993437-n	portrait	4	10	20	2	portrait	1	4	0.25	1	0	0	0	0	0
oewn-04108326-n	roll	4	10	86	4	roll	0	4	0.0	0	0	0	0	0	0
oewn-04188779-n	shade	4	10	62	2	shade	0	4	0.0	0	0	0	0	0	0
oewn-04298380-n	square	4	10	78	1	square	0	4	0.0	0	0	0	0	0	0
oewn-04899989-n	prudence	4	10	26	2	providence	1	4	0.25	1	0	0	0	0	0
oewn-04900165-n	providence	4	10	25	2	providence	0	4	0.0	0	0	0	0	0	0
oewn-05139932-n	ceiling	4	10	30	1	ceiling	0	4	0.0	0	0	0	0	0	0
oewn-05708590-n	abstractedness	4	10	23	3	revery	0	4	0.0	0	0	0	0	0	0
oewn-05931082-n	tenor	4	10	66	3	strain	0	4	0.0	0	0	0	0	0	0
oewn-07052146-n	musical arrangement	4	10	57	1	arrangement	0	4	0.0	0	0	0	0	0	0
oewn-07389356-n	mix	4	10	39	3	mixture	0	4	0.0	0	0	0	0	0	0
oewn-07629807-n	ice	4	10	70	1	ice	0	4	0.0	0	0	0	0	0	0
oewn-09269789-n	closed chain	4	10	91	1	ring	0	4	0.0	0	0	0	0	0	0
oewn-09296197-n	enclosure	4	10	23	2	cavern	0	4	0.0	0	0	0	0	0	0
oewn-10265038-n	landlubber	4	10	21	2	landsman	0	4	0.0	0	0	0	0	0	0
oewn-10331042-n	messenger boy	4	10	41	1	page	0	4	0.0	0	0	0	0	0	0
oewn-12056536-n	achene	4	10	133	1	key	0	4	0.0	0	0	0	0	0	0
oewn-13434666-n	value	4	10	60	2	value	2	4	0.5	1	1	1	0	0	0
oewn-13746692-n	kilogram	4	10	133	1	key	0	4	0.0	0	0	0	0	0	0
oewn-14455458-n	nobility	4	10	28	3	purple	0	4	0.0	0	0	0	0	0	0
oewn-14458332-n	emphasis	4	10	47	4	accent	2	4	0.5	2	0	0	0	0	0
oewn-14935681-n	bitumen	4	10	44	2	pitch	0	4	0.0	0	0	0	0	0	0
oewn-15087035-n	tallow	4	10	10	1	tallow	0	4	0.0	0	0	0	0	0	0
oewn-06578068-n	software	38	9	35	5	routine	1	38	0.03	1	0	0	0	0	0
oewn-07753057-n	edible nut	37	9	18	5	chestnut	0	37	0.0	0	0	0	0	0	0
oewn-14576394-n	visual impairment	35	9	9	1	blindness	17	35	0.49	0	17	0	0	0	0
oewn-01431221-n	soft-finned fish	34	9	20	3	smelt	0	34	0.0	0	0	0	0	0	0
oewn-09796794-n	agent	29	9	39	4	agent	0	29	0.0	0	0	0	0	0	0
oewn-10580065-n	scientist	29	9	14	6	chemist	6	29	0.21	6	0	0	0	0	0
oewn-03856861-n	optical device	26	9	29	4	lens	0	26	0.0	0	0	0	0	0	0
oewn-02694015-n	airplane	25	9	52	2	jet	2	25	0.08	0	2	0	0	0	0
oewn-13607325-n	coefficient	25	9	66	1	weight	0	25	0.0	0	0	0	0	0	0
oewn-06429241-n	reference book	23	9	46	5	reference	0	23	0.0	0	0	0	0	0	0
oewn-13398441-n	draft	23	9	43	4	check	0	23	0.0	0	0	0	0	0	0
oewn-09563541-n	fairy	19	9	18	6	fairy	1	19	0.05	1	0	0	0	0	0
oewn-04881867-n	dishonesty	18	9	26	8	corruption	10	18	0.56	2	8	1	0	0	0
oewn-08537584-n	celestial point	18	9	48	6	pole	0	18	0.0	0	0	0	0	0	0
oewn-01757517-n	rattlesnake	17	9	10	2	rattlesnake	0	17	0.0	0	0	0	0	0	0
oewn-02876113-n	boot	17	9	66	1	boot	2	17	0.12	2	0	0	0	0	0
oewn-03727779-n	marketplace	17	9	39	4	market	0	17	0.0	0	0	0	0	0	0
oewn-07818393-n	grain	17	9	43	7	corn	0	17	0.0	0	0	0	0	0	0
oewn-00428985-n	celebration	15	9	12	5	festivity	4	15	0.27	1	3	1	0	0	0
oewn-03152175-n	cup	15	9	42	4	cup	1	15	0.07	0	1	0	0	0	0
oewn-06792908-n	caricature	15	9	26	6	imitation	1	15	0.07	0	1	0	0	0	0
oewn-09790372-n	administrator	15	9	21	2	manager	2	15	0.13	2	0	0	0	0	0
oewn-00278220-n	wetting	14	9	18	7	splash	0	14	0.0	0	0	0	0	0	0
oewn-03057459-n	club	14	9	45	4	bat	0	14	0.0	0	0	0	0	0	0
oewn-06621081-n	gibberish	13	9	9	6	jabbering	7	13	0.54	0	7	0	0	0	0
oewn-06895611-n	badge	13	9	33	6	button	2	13	0.15	2	0	0	0	0	0
oewn-10244248-n	journalist	13	9	18	4	correspondent	0	13	0.0	0	0	0	0	0	0
oewn-00457223-n	game	12	9	72	2	game	2	12	0.17	0	2	0	0	0	0
oewn-03003017-n	chain	12	9	74	2	chain	0	12	0.0	0	0	0	0	0	0
oewn-03906587-n	paved surface	12	9	29	3	pavement	0	12	0.0	0	0	0	0	0	0
oewn-04330957-n	stocking	12	9	14	3	stocking	2	12	0.17	0	2	0	0	0	0
oewn-05522061-n	female genitalia	12	9	33	3	snatch	0	12	0.0	0	0	0	0	0	0
oewn-05738310-n	topology	12	9	73	4	star	0	12	0.0	0	0	0	0	0	0
oewn-06624034-n	bunk	12	9	42	4	bull	6	12	0.5	0	6	0	0	0	0
oewn-09451871-n	sediment	12	9	27	3	lick	0	12	0.0	0	0	0	0	0	0
oewn-14823771-n	cardboard	12	9	64	3	card	3	12	0.25	3	0	0	0	0	0
oewn-00164600-n	appointment	11	9	39	7	appointment	0	11	0.0	0	0	0	0	0	0
oewn-03516570-n	heel	11	9	56	3	heel	0	11	0.0	0	0	0	0	0	0
oewn-05660771-n	sensitivity	11	9	25	3	sensibility	0	11	0.0	0	0	0	0	0	0
oewn-07334902-n	birth	11	9	45	2	birth	0	11	0.0	0	0	0	0	0	0
oewn-13994512-n	agreement	11	9	38	6	accord	1	11	0.09	1	0	0	0	0	0
oewn-14512178-n	economic condition	11	9	36	3	prosperity	4	11	0.36	0	4	0	0	0	0
oewn-01581216-n	corvine bird	10	9	22	4	crow	0	10	0.0	0	0	0	0	0	0
oewn-04160812-n	screw	10	9	49	3	bolt	0	10	0.0	0	0	0	0	0	0
oewn-04702524-n	stain	10	9	25	4	stain	5	10	0.5	0	5	0	0	0	0
oewn-06506991-n	roll	10	9	112	2	card	0	10	0.0	0	0	0	0	0	0
oewn-07162900-n	negotiation	10	9	22	6	dialogue	0	10	0.0	0	0	0	0	0	0
oewn-15125928-n	igniter	10	9	22	4	lighter	0	10	0.0	0	0	0	0	0	0
oewn-00312635-n	excursion	9	9	31	3	expedition	0	9	0.0	0	0	0	0	0	0
oewn-00400201-n	revision	9	9	30	4	alteration	2	9	0.22	2	0	0	0	0	0
oewn-01212066-n	service	9	9	107	2	service	0	9	0.0	0	0	0	0	0	0
oewn-03247921-n	drive	9	9	93	2	drive	0	9	0.0	0	0	0	0	0	0
oewn-07099567-n	stress	9	9	44	3	accent	0	9	0.0	0	0	0	0	0	0
oewn-09501020-n	wetland	9	9	14	3	swamp	0	9	0.0	0	0	0	0	0	0
oewn-10568094-n	salesman	9	9	9	1	salesman	0	9	0.0	0	0	0	0	0	0
oewn-10791304-n	weakling	9	9	23	4	chicken	1	9	0.11	1	0	0	0	0	0
oewn-12184341-n	melon	9	9	18	3	watermelon	0	9	0.0	0	0	0	0	0	0
oewn-12396035-n	helianthemum	9	9	9	1	sun rose	0	9	0.0	0	0	0	0	0	0
oewn-13898210-n	loop	9	9	79	6	band	0	9	0.0	0	0	0	0	0	0
oewn-14150142-n	blindness	9	9	9	1	blindness	4	9	0.44	1	3	1	0	0	0
oewn-01194640-n	verdict	8	9	9	1	verdict	3	8	0.38	0	3	0	0	0	0
oewn-01756600-n	pit viper	8	9	10	2	rattlesnake	0	8	0.0	0	0	0	0	0	0
oewn-04784337-n	fastness	8	9	26	3	lodging	0	8	0.0	0	0	0	0	0	0
oewn-05546771-n	human head	8	9	27	4	bean	0	8	0.0	0	0	0	0	0	0
oewn-07274440-n	rule	8	9	68	2	rule	0	8	0.0	0	0	0	0	0	0
oewn-08657351-n	anchorage	8	9	60	3	slip	2	8	0.25	0	2	0	0	0	0
oewn-10490835-n	priest	8	9	18	2	priest	0	8	0.0	0	0	0	0	0	0
oewn-14457053-n	prominence	8	9	23	3	glare	0	8	0.0	0	0	0	0	0	0
oewn-15250045-n	school term	8	9	120	2	quarter	0	8	0.0	0	0	0	0	0	0
oewn-02415086-n	lamb	7	9	29	2	hog	0	7	0.0	0	0	0	0	0	0
oewn-02811600-n	bathtub	7	9	26	2	tub	0	7	0.0	0	0	0	0	0	0
oewn-03121181-n	counter	7	9	114	2	bar	0	7	0.0	0	0	0	0	0	0
oewn-04794991-n	affectedness	7	9	27	2	pose	7	7	1.0	4	3	1	0	0	0
oewn-05914396-n	contrivance	7	9	37	4	contrivance	3	7	0.43	0	3	0	0	0	0
oewn-06166666-n	fine arts	7	9	28	4	painting	0	7	0.0	0	0	0	0	0	0
oewn-06212421-n	impartiality	7	9	14	3	candour	0	7	0.0	0	0	0	0	0	0
oewn-06393492-n	verse	7	9	24	3	verse	0	7	0.0	0	0	0	0	0	0
oewn-06887235-n	traffic light	7	9	12	2	red light	0	7	0.0	0	0	0	0	0	0
oewn-10663740-n	groom	7	9	14	2	groom	0	7	0.0	0	0	0	0	0	0
oewn-10719850-n	tenant	7	9	18	3	boarder	0	7	0.0	0	0	0	0	0	0
oewn-11542373-n	ultraviolet	7	9	9	1	UV	0	7	0.0	0	0	0	0	0	0
oewn-13920689-n	balance	7	9	45	6	proportion	0	7	0.0	0	0	0	0	0	0
oewn-14090558-n	shock	7	9	81	1	shock	6	7	0.86	0	6	0	0	0	0
oewn-01021466-n	copying	6	9	18	2	imitation	0	6	0.0	0	0	0	0	0	0
oewn-03380802-n	foil	6	9	50	3	slide	0	6	0.0	0	0	0	0	0	0
oewn-03595493-n	jacket	6	9	44	1	jacket	0	6	0.0	0	0	0	0	0	0
oewn-03647020-n	lap	6	9	25	4	lap	0	6	0.0	0	0	0	0	0	0
oewn-03665990-n	library	6	9	42	2	library	0	6	0.0	0	0	0	0	0	0
oewn-03871627-n	overshoe	6	9	13	3	arctic	0	6	0.0	0	0	0	0	0	0
oewn-04064159-n	razor	6	9	9	1	razor	0	6	0.0	0	0	0	0	0	0
oewn-05585041-n	toe	6	9	31	2	toe	0	6	0.0	0	0	0	0	0	0
oewn-06668133-n	principle	6	9	48	2	principle	2	6	0.33	1	1	1	0	0	0
oewn-07598006-n	relish	6	9	25	3	relish	0	6	0.0	0	0	0	0	0	0
oewn-08695539-n	vertex	6	9	75	4	crown	0	6	0.0	0	0	0	0	0	0
oewn-10573233-n	savior	6	9	14	3	deliverer	6	6	1.0	0	6	0	0	0	0
oewn-11517986-n	prevailing wind	6	9	45	2	trade	0	6	0.0	0	0	0	0	0	0
oewn-00095941-n	expiation	5	9	19	4	amends	2	5	0.4	0	2	0	0	0	0
oewn-02398058-n	hog	5	9	31	3	hog	0	5	0.0	0	0	0	0	0	0
oewn-02716453-n	annex	5	9	57	3	wing	0	5	0.0	0	0	0	0	0	0
oewn-03062747-n	coat of arms	5	9	12	2	coat of arms	0	5	0.0	0	0	0	0	0	0
oewn-03479758-n	hackney	5	9	9	3	four-wheeler	0	5	0.0	0	0	0	0	0	0
oewn-03602510-n	jewelled headdress	5	9	62	3	crown	0	5	0.0	0	0	0	0	0	0
oewn-04470745-n	track	5	9	80	2	track	3	5	0.6	0	3	0	0	0	0
oewn-04578578-n	weight	5	9	66	1	weight	3	5	0.6	0	3	0	0	0	0
oewn-04593707-n	winder	5	9	28	3	reel	0	5	0.0	0	0	0	0	0	0
oewn-04632641-n	restlessness	5	9	45	2	uneasiness	5	5	1.0	0	5	0	0	0	0
oewn-04729991-n	inconvenience	5	9	28	1	inconvenience	2	5	0.4	0	2	0	0	0	0
oewn-05075885-n	grade	5	9	94	2	rise	0	5	0.0	0	0	0	0	0	0
oewn-05722413-n	aroma	5	9	24	5	scent	5	5	1.0	5	0	0	0	0	0
oewn-06417342-n	inscription	5	9	23	3	inscription	0	5	0.0	0	0	0	0	0	0
oewn-07371701-n	easing	5	9	74	3	relief	4	5	0.8	3	1	1	0	0	0
oewn-07449873-n	outbreak	5	9	11	4	outbreak	0	5	0.0	0	0	0	0	0	0
oewn-07555178-n	boredom	5	9	28	2	fatigue	5	5	1.0	0	5	0	0	0	0
oewn-07719799-n	gruel	5	9	9	1	gruel	0	5	0.0	0	0	0	0	0	0
oewn-08232524-n	guard	5	9	89	3	guard	0	5	0.0	0	0	0	0	0	0
oewn-08254784-n	cast	5	9	75	2	cast	0	5	0.0	0	0	0	0	0	0
oewn-08633213-n	parking lot	5	9	44	1	park	0	5	0.0	0	0	0	0	0	0
oewn-09500167-n	web	5	9	20	2	tent	1	5	0.2	1	0	0	0	0	0
oewn-10265204-n	landlubber	5	9	18	1	landsman	0	5	0.0	0	0	0	0	0	0
oewn-13473520-n	convalescence	5	9	22	3	recovery	5	5	1.0	1	4	1	0	0	0
oewn-00167523-n	capture	4	9	52	4	capture	0	4	0.0	0	0	0	0	0	0
oewn-01238861-n	war	4	9	34	2	war	0	4	0.0	0	0	0	0	0	0
oewn-02413155-n	bison	4	9	19	2	buffalo	0	4	0.0	0	0	0	0	0	0
oewn-02957109-n	canvas	4	9	23	2	canvas	0	4	0.0	0	0	0	0	0	0
oewn-03926859-n	petticoat	4	9	9	1	petticoat	0	4	0.0	0	0	0	0	0	0
oewn-06333461-n	positive	4	9	18	1	positive	0	4	0.0	0	0	0	0	0	0
oewn-07074737-n	dance music	4	9	26	2	trance	0	4	0.0	0	0	0	0	0	0
oewn-07434560-n	remission	4	9	92	2	resolution	1	4	0.25	0	1	0	0	0	0
oewn-07984596-n	race	4	9	53	1	race	1	4	0.25	1	0	0	0	0	0
oewn-08632724-n	park	4	9	44	1	park	0	4	0.0	0	0	0	0	0	0
oewn-09998419-n	cripple	4	9	10	2	cripple	1	4	0.25	0	1	0	0	0	0
oewn-14463954-n	humiliation	4	9	24	3	humiliation	0	4	0.0	0	0	0	0	0	0
oewn-14692700-n	beryl	4	9	10	2	beryl	0	4	0.0	0	0	0	0	0	0
oewn-15035270-n	salt	86	8	22	3	salt	2	86	0.02	0	2	0	0	0	0
oewn-13013628-n	fungus	76	8	33	6	rust	21	76	0.28	1	20	1	0	0	0
oewn-13105873-n	weed	55	8	16	4	weed	0	55	0.0	0	0	0	0	0	0
oewn-12191102-n	mallow	35	8	15	1	cheese	0	35	0.0	0	0	0	0	0	0
oewn-10469877-n	politician	25	8	14	7	candidate	1	25	0.04	0	1	0	0	0	0
oewn-07866305-n	cheese	24	8	15	1	cheese	1	24	0.04	0	1	0	0	0	0
oewn-13354848-n	stock	24	8	83	2	stock	4	24	0.17	2	2	1	0	0	0
oewn-09875036-n	biologist	23	8	15	2	naturalist	1	23	0.04	1	0	0	0	0	0
oewn-12602979-n	palm	23	8	33	1	palm	1	23	0.04	1	0	0	0	0	0
oewn-13480525-n	defense mechanism	23	8	45	8	denial	3	23	0.13	2	1	1	0	0	0
oewn-10728103-n	thinker	22	8	9	2	reasoner	2	22	0.09	1	1	1	0	0	0
oewn-14338619-n	swelling	22	8	28	2	lump	11	22	0.5	0	11	0	0	0	0
oewn-02090203-n	hound	21	8	12	3	hound	0	21	0.0	0	0	0	0	0	0
oewn-07799186-n	shellfish	21	8	27	4	clam	1	21	0.05	0	1	0	0	0	0
oewn-03117803-n	cosmetic	20	8	24	2	pencil	0	20	0.0	0	0	0	0	0	0
oewn-05866043-n	variable	19	8	50	3	argument	0	19	0.0	0	0	0	0	0	0
oewn-07927917-n	cocktail	19	8	16	5	sour	0	19	0.0	0	0	0	0	0	0
oewn-03771096-n	mill	18	8	25	2	mill	0	18	0.0	0	0	0	0	0	0
oewn-14522846-n	disorderliness	18	8	25	6	disorder	3	18	0.17	0	3	0	0	0	0
oewn-14657384-n	carbon	18	8	23	4	diamond	0	18	0.0	0	0	0	0	0	0
oewn-01959122-n	clam	17	8	24	4	clam	0	17	0.0	0	0	0	0	0	0
oewn-07792521-n	freshwater fish	17	8	37	5	perch	0	17	0.0	0	0	0	0	0	0
oewn-03880896-n	paint	16	8	24	4	paint	0	16	0.0	0	0	0	0	0	0
oewn-05245612-n	skin	16	8	65	2	skin	3	16	0.19	0	3	0	0	0	0
oewn-06594579-n	routine	16	8	31	3	routine	0	16	0.0	0	0	0	0	0	0
oewn-08310903-n	alliance	16	8	36	5	alliance	0	16	0.0	0	0	0	0	0	0
oewn-00871261-n	mathematical process	15	8	69	4	operation	0	15	0.0	0	0	0	0	0	0
oewn-05403033-n	stomach	15	8	30	4	stomach	0	15	0.0	0	0	0	0	0	0
oewn-06530710-n	ticket	15	8	49	4	ticket	10	15	0.67	10	0	0	0	0	0
oewn-10596414-n	selfish person	15	8	30	2	hog	5	15	0.33	2	3	1	0	0	0
oewn-14051156-n	regional anesthesia	15	8	8	1	spinal	4	15	0.27	0	4	0	0	0	0
oewn-03101611-n	control	14	8	31	5	control	0	14	0.0	0	0	0	0	0	0
oewn-03451776-n	golf equipment	14	8	65	3	flag	0	14	0.0	0	0	0	0	0	0
oewn-03696454-n	lotion	14	8	41	3	application	0	14	0.0	0	0	0	0	0	0
oewn-07028624-n	comedy	14	8	13	4	comedy	8	14	0.57	5	3	1	0	0	0
oewn-07467805-n	initiation	14	8	11	3	coronation	0	14	0.0	0	0	0	0	0	0
oewn-10062653-n	eccentric	14	8	27	3	nut	0	14	0.0	0	0	0	0	0	0
oewn-01498342-n	ray	13	8	33	1	ray	1	13	0.08	1	0	0	0	0	0
oewn-02690851-n	airfield	13	8	94	2	field	4	13	0.31	0	4	0	0	0	0
oewn-03821155-n	necktie	13	8	44	3	tie	0	13	0.0	0	0	0	0	0	0
oewn-03922150-n	perfume	13	8	19	4	essence	0	13	0.0	0	0	0	0	0	0
oewn-06761683-n	prediction	13	8	16	5	prophecy	2	13	0.15	2	0	0	0	0	0
oewn-14892009-n	fibril	13	8	30	5	barb	1	13	0.08	1	0	0	0	0	0
oewn-00355710-n	easing	12	8	71	3	relief	2	12	0.17	0	2	0	0	0	0
oewn-04773530-n	complexity	12	8	12	5	intricacy	7	12	0.58	7	0	0	0	0	0
oewn-04774586-n	regularity	12	8	17	6	regularity	6	12	0.5	2	4	1	0	0	0
oewn-04851255-n	insensitivity	12	8	14	3	insensibility	4	12	0.33	1	3	1	0	0	0
oewn-05854581-n	rule	12	8	64	5	rule	7	12	0.58	4	3	1	0	0	0
oewn-08571072-n	residential district	12	8	13	5	community	0	12	0.0	0	0	0	0	0	0
oewn-10046278-n	doorkeeper	12	8	21	3	porter	0	12	0.0	0	0	0	0	0	0
oewn-02659998-n	flatfish	11	8	31	3	sole	0	11	0.0	0	0	0	0	0	0
oewn-02898868-n	breathing device	11	8	15	1	ventilator	0	11	0.0	0	0	0	0	0	0
oewn-03471094-n	guided missile	11	8	8	1	SAM	0	11	0.0	0	0	0	0	0	0
oewn-03537522-n	hook	11	8	40	6	hook	0	11	0.0	0	0	0	0	0	0
oewn-04624919-n	personality	11	8	22	3	identity	1	11	0.09	1	0	0	0	0	0
oewn-04783938-n	immovability	11	8	23	4	firmness	2	11	0.18	0	2	0	0	0	0
oewn-06125083-n	earth science	11	8	8	2	geography	0	11	0.0	0	0	0	0	0	0
oewn-06379324-n	novel	11	8	18	2	novel	1	11	0.09	1	0	0	0	0	0
oewn-08529808-n	boundary line	11	8	30	4	border	0	11	0.0	0	0	0	0	0	0
oewn-10037746-n	dissenter	11	8	13	3	CO	3	11	0.27	2	1	1	0	0	0
oewn-13827946-n	progressive	11	8	8	2	imperfect	0	11	0.0	0	0	0	0	0	0
oewn-00205928-n	renunciation	10	8	27	5	denial	0	10	0.0	0	0	0	0	0	0
oewn-01203511-n	separation	10	8	35	4	separation	0	10	0.0	0	0	0	0	0	0
oewn-01224100-n	aggression	10	8	21	6	irritation	2	10	0.2	0	2	0	0	0	0
oewn-02955279-n	canopy	10	8	18	5	umbrella	0	10	0.0	0	0	0	0	0	0
oewn-03818716-n	navigational instrument	10	8	33	1	compass	1	10	0.1	1	0	0	0	0	0
oewn-04292760-n	sports implement	10	8	53	4	pole	0	10	0.0	0	0	0	0	0	0
oewn-04932525-n	oldness	10	8	19	3	antiquity	1	10	0.1	1	0	0	0	0	0
oewn-05071996-n	symmetry	10	8	35	4	correspondence	0	10	0.0	0	0	0	0	0	0
oewn-06554038-n	prohibition	10	8	15	4	injunction	0	10	0.0	0	0	0	0	0	0
oewn-07724543-n	legume	10	8	30	3	pulse	0	10	0.0	0	0	0	0	0	0
oewn-09660255-n		10	8	9	3	white man	4	10	0.4	0	4	0	0	0	0
oewn-10092496-n	explorer	10	8	17	4	diver	0	10	0.0	0	0	0	0	0	0
oewn-11970814-n	chrysanthemum	10	8	23	1	mum	0	10	0.0	0	0	0	0	0	0
oewn-14888511-n	fat	10	8	24	1	fat	0	10	0.0	0	0	0	0	0	0
oewn-00274534-n	change of color	9	8	12	3	colouring	0	9	0.0	0	0	0	0	0	0
oewn-00638164-n	research	9	8	16	2	research	2	9	0.22	2	0	0	0	0	0
oewn-03581127-n	instrument of punishment	9	8	26	3	paddle	0	9	0.0	0	0	0	0	0	0
oewn-03967364-n	plate glass	9	8	35	3	slide	0	9	0.0	0	0	0	0	0	0
oewn-04447883-n	tire	9	8	8	2	tire	0	9	0.0	0	0	0	0	0	0
oewn-04524169-n	utility	9	8	53	3	heat	0	9	0.0	0	0	0	0	0	0
oewn-04872345-n	diligence	9	8	29	3	diligence	6	9	0.67	6	0	0	0	0	0
oewn-04929964-n	ancestry	9	8	36	5	descent	0	9	0.0	0	0	0	0	0	0
oewn-04939142-n	structure	9	8	30	4	structure	0	9	0.0	0	0	0	0	0	0
oewn-05055452-n	concurrence	9	8	26	5	coincidence	0	9	0.0	0	0	0	0	0	0
oewn-06797496-n	puzzle	9	8	16	2	puzzle	4	9	0.44	4	0	0	0	0	0
oewn-07171981-n	slang	9	8	15	5	slang	0	9	0.0	0	0	0	0	0	0
oewn-07860580-n	milk	9	8	23	1	milk	0	9	0.0	0	0	0	0	0	0
oewn-08476263-n	sequence	9	8	65	5	string	0	9	0.0	0	0	0	0	0	0
oewn-13375435-n	capital	9	8	77	2	stock	0	9	0.0	0	0	0	0	0	0
oewn-00059947-n	evasion	8	8	56	4	slip	0	8	0.0	0	0	0	0	0	0
oewn-00084795-n	appropriation	8	8	22	6	borrowing	0	8	0.0	0	0	0	0	0	0
oewn-00344075-n	spin	8	8	36	4	whirl	0	8	0.0	0	0	0	0	0	0
oewn-00399512-n	transformation	8	8	26	4	alteration	1	8	0.12	1	0	0	0	0	0
oewn-00425770-n	atrocity	8	8	23	6	outrage	2	8	0.25	0	2	0	0	0	0
oewn-01129340-n	enforcement	8	8	29	6	execution	0	8	0.0	0	0	0	0	0	0
oewn-03350981-n	fire iron	8	8	28	3	shovel	0	8	0.0	0	0	0	0	0	0
oewn-03907152-n	paving stone	8	8	31	4	flag	0	8	0.0	0	0	0	0	0	0
oewn-04575584-n	weave	8	8	32	3	check	1	8	0.12	0	1	0	0	0	0
oewn-04977236-n	purple	8	8	22	2	purple	1	8	0.12	0	1	0	0	0	0
oewn-05451227-n	sex chromosome	8	8	16	2	XX	0	8	0.0	0	0	0	0	0	0
oewn-05709328-n	process	8	8	67	2	operation	0	8	0.0	0	0	0	0	0	0
oewn-06268608-n	spread	8	8	75	1	spread	0	8	0.0	0	0	0	0	0	0
oewn-06504930-n	menu	8	8	63	3	card	0	8	0.0	0	0	0	0	0	0
oewn-07286877-n	label	8	8	39	4	ticket	0	8	0.0	0	0	0	0	0	0
oewn-08007398-n	flock	8	8	51	7	flight	0	8	0.0	0	0	0	0	0	0
oewn-09248850-n	bog	8	8	20	5	slack	1	8	0.12	0	1	0	0	0	0
oewn-10175409-n	hairdresser	8	8	8	2	barber	0	8	0.0	0	0	0	0	0	0
oewn-10734333-n	tollkeeper	8	8	16	1	toller	0	8	0.0	0	0	0	0	0	0
oewn-13556464-n	perspiration	8	8	9	2	sweating	3	8	0.38	0	3	0	0	0	0
oewn-14728801-n	cement	8	8	16	3	gum	0	8	0.0	0	0	0	0	0	0
oewn-00205288-n	abandonment	7	8	45	5	bolt	1	7	0.14	0	1	0	0	0	0
oewn-00230127-n	closure	7	8	41	2	closing	0	7	0.0	0	0	0	0	0	0
oewn-00310473-n	expedition	7	8	30	2	expedition	0	7	0.0	0	0	0	0	0	0
oewn-01149089-n	confinement	7	8	26	3	imprisonment	0	7	0.0	0	0	0	0	0	0
oewn-03181052-n	denture	7	8	70	3	plate	0	7	0.0	0	0	0	0	0	0
oewn-03235863-n	drafting instrument	7	8	34	2	compass	0	7	0.0	0	0	0	0	0	0
oewn-04076388-n	reflector	7	8	16	1	mirror	0	7	0.0	0	0	0	0	0	0
oewn-04199901-n	shield	7	8	77	4	plate	0	7	0.0	0	0	0	0	0	0
oewn-04878915-n	candor	7	8	16	3	candour	7	7	1.0	7	0	0	0	0	0
oewn-05018461-n	deflection	7	8	24	1	bending	2	7	0.29	0	2	0	0	0	0
oewn-05318315-n	fetal membrane	7	8	28	3	veil	0	7	0.0	0	0	0	0	0	0
oewn-05714901-n	omission	7	8	25	4	exception	2	7	0.29	0	2	0	0	0	0
oewn-06418864-n	manuscript	7	8	62	3	roll	0	7	0.0	0	0	0	0	0	0
oewn-08645494-n	quarter	7	8	118	1	quarter	0	7	0.0	0	0	0	0	0	0
oewn-09986240-n	correspondent	7	8	15	1	correspondent	0	7	0.0	0	0	0	0	0	0
oewn-10616307-n	signaler	7	8	18	3	toller	0	7	0.0	0	0	0	0	0	0
oewn-00172439-n	trick	6	8	44	2	trick	4	6	0.67	4	0	0	0	0	0
oewn-00193462-n	economy	6	8	23	2	saving	0	6	0.0	0	0	0	0	0	0
oewn-00226460-n	suffocation	6	8	12	4	choking	0	6	0.0	0	0	0	0	0	0
oewn-00698618-n	injection	6	8	115	3	shot	0	6	0.0	0	0	0	0	0	0
oewn-01039851-n	baptism	6	8	14	5	sprinkling	1	6	0.17	1	0	0	0	0	0
oewn-01760949-n	beak	6	8	61	2	bill	0	6	0.0	0	0	0	0	0	0
oewn-02516191-n	young fish	6	8	16	3	brit	0	6	0.0	0	0	0	0	0	0
oewn-02951993-n	candlestick	6	8	8	2	candlestick	0	6	0.0	0	0	0	0	0	0
oewn-03694483-n	loom	6	8	8	1	loom	0	6	0.0	0	0	0	0	0	0
oewn-03745009-n	medical building	6	8	15	1	hospital	2	6	0.33	2	0	0	0	0	0
oewn-04248522-n	slipper	6	8	17	2	slipper	4	6	0.67	0	4	0	0	0	0
oewn-04758353-n	heterogeneity	6	8	43	2	variety	2	6	0.33	0	2	0	0	0	0
oewn-04758560-n	diverseness	6	8	43	2	variety	0	6	0.0	0	0	0	0	0	0
oewn-04795722-n	artificiality	6	8	32	3	pretence	6	6	1.0	0	6	0	0	0	0
oewn-05055274-n	simultaneity	6	8	22	4	coincidence	0	6	0.0	0	0	0	0	0	0
oewn-05919047-n	project	6	8	20	2	project	0	6	0.0	0	0	0	0	0	0
oewn-05961357-n	supernaturalism	6	8	16	2	magic	0	6	0.0	0	0	0	0	0	0
oewn-06411274-n	addendum	6	8	17	6	sequel	0	6	0.0	0	0	0	0	0	0
oewn-06415790-n	scribble	6	8	26	3	scratch	5	6	0.83	0	5	0	0	0	0
oewn-06738907-n	announcement	6	8	26	4	declaration	0	6	0.0	0	0	0	0	0	0
oewn-07269842-n	prohibition	6	8	9	2	forbidding	0	6	0.0	0	0	0	0	0	0
oewn-08309677-n	fleet	6	8	17	2	fleet	0	6	0.0	0	0	0	0	0	0
oewn-09882437-n	bodyguard	6	8	20	3	escort	0	6	0.0	0	0	0	0	0	0
oewn-10247948-n	juror	6	8	8	1	juryman	0	6	0.0	0	0	0	0	0	0
oewn-13309007-n	security interest	6	8	18	3	pledge	0	6	0.0	0	0	0	0	0	0
oewn-13641435-n		6	8	23	4	pint	0	6	0.0	0	0	0	0	0	0
oewn-13780436-n	limit	6	8	43	3	limit	3	6	0.5	0	3	0	0	0	0
oewn-13904301-n	star	6	8	65	1	star	0	6	0.0	0	0	0	0	0	0
oewn-14146526-n	measles	6	8	8	1	measles	3	6	0.5	3	0	0	0	0	0
oewn-14310051-n	abrasion	6	8	41	3	scratch	1	6	0.17	0	1	0	0	0	0
oewn-14393149-n	dyspnea	6	8	24	1	SOB	5	6	0.83	0	5	0	0	0	0
oewn-14399295-n	strain	6	8	62	3	strain	3	6	0.5	0	3	0	0	0	0
oewn-14872955-n	infusion	6	8	17	1	extract	1	6	0.17	0	1	0	0	0	0
oewn-15125211-n	firewood	6	8	11	3	firewood	0	6	0.0	0	0	0	0	0	0
oewn-00363181-n	weakening	5	8	17	2	wilt	2	5	0.4	0	2	0	0	0	0
oewn-00970259-n	campaign	5	8	30	2	expedition	0	5	0.0	0	0	0	0	0	0
oewn-01028424-n	routine	5	8	23	3	routine	3	5	0.6	2	1	1	0	0	0
oewn-01081528-n	suppression	5	8	10	4	crushing	0	5	0.0	0	0	0	0	0	0
oewn-02856275-n	block	5	8	46	3	block	0	5	0.0	0	0	0	0	0	0
oewn-02863755-n	bobbin	5	8	22	3	reel	0	5	0.0	0	0	0	0	0	0
oewn-03247698-n	drive	5	8	93	2	drive	0	5	0.0	0	0	0	0	0	0
oewn-03658546-n	leather strip	5	8	25	2	lash	0	5	0.0	0	0	0	0	0	0
oewn-03730361-n	mask	5	8	29	2	mask	0	5	0.0	0	0	0	0	0	0
oewn-03923744-n	permanent magnet	5	8	8	1	loadstone	0	5	0.0	0	0	0	0	0	0
oewn-03975985-n	plumb line	5	8	16	1	perpendicular	0	5	0.0	0	0	0	0	0	0
oewn-04034791-n	puzzle	5	8	15	1	puzzle	0	5	0.0	0	0	0	0	0	0
oewn-04228491-n	silverware	5	8	40	1	silver	0	5	0.0	0	0	0	0	0	0
oewn-04644465-n	indolence	5	8	17	3	idleness	1	5	0.2	1	0	0	0	0	0
oewn-05023937-n	warmth	5	8	41	1	warmth	3	5	0.6	0	3	0	0	0	0
oewn-05698721-n	barrier	5	8	23	1	barrier	0	5	0.0	0	0	0	0	0	0
oewn-05843082-n	source	5	8	51	4	source	0	5	0.0	0	0	0	0	0	0
oewn-07270069-n	ban	5	8	9	2	forbidding	0	5	0.0	0	0	0	0	0	0
oewn-07489785-n	slam	5	8	45	2	sweep	0	5	0.0	0	0	0	0	0	0
oewn-07524370-n	humility	5	8	22	3	humility	2	5	0.4	0	2	0	0	0	0
oewn-07771387-n	melon	5	8	16	2	watermelon	0	5	0.0	0	0	0	0	0	0
oewn-07806376-n	flatfish	5	8	31	3	sole	0	5	0.0	0	0	0	0	0	0
oewn-08074652-n	chain	5	8	73	1	chain	0	5	0.0	0	0	0	0	0	0
oewn-08202965-n	service	5	8	110	2	service	0	5	0.0	0	0	0	0	0	0
oewn-08326339-n	council	5	8	16	3	powwow	0	5	0.0	0	0	0	0	0	0
oewn-08531106-n	center	5	8	87	2	centre	0	5	0.0	0	0	0	0	0	0
oewn-10091139-n	exile	5	8	13	2	exile	0	5	0.0	0	0	0	0	0	0
oewn-10196781-n	historian	5	8	8	2	historian	0	5	0.0	0	0	0	0	0	0
oewn-10198922-n	hockey player	5	8	109	2	centre	0	5	0.0	0	0	0	0	0	0
oewn-10437846-n	personification	5	8	48	4	queen	1	5	0.2	1	0	0	0	0	0
oewn-10690481-n	substitute	5	8	43	2	reserve	0	5	0.0	0	0	0	0	0	0
oewn-13118708-n	vascular bundle	5	8	40	1	vein	0	5	0.0	0	0	0	0	0	0
oewn-13421971-n	charge	5	8	98	3	charge	0	5	0.0	0	0	0	0	0	0
oewn-13879683-n	contradictoriness	5	8	16	2	inconsistency	4	5	0.8	0	4	0	0	0	0
oewn-14002194-n	tumult	5	8	20	2	tumult	1	5	0.2	0	1	0	0	0	0
oewn-14052887-n	spinal anesthesia	5	8	8	1	spinal	3	5	0.6	0	3	0	0	0	0
oewn-14338498-n	enlargement	5	8	29	3	lump	5	5	1.0	1	4	1	0	0	0
oewn-00066675-n	credit	4	8	71	1	credit	0	4	0.0	0	0	0	0	0	0
oewn-00228462-n	sacrifice	4	8	38	1	sacrifice	0	4	0.0	0	0	0	0	0	0
oewn-00260020-n	redress	4	8	15	2	remedy	0	4	0.0	0	0	0	0	0	0
oewn-00298483-n	ford	4	8	17	1	ford	0	4	0.0	0	0	0	0	0	0
oewn-01062158-n	issue	4	8	25	2	issue	0	4	0.0	0	0	0	0	0	0
oewn-01067365-n	idleness	4	8	16	3	idleness	0	4	0.0	0	0	0	0	0	0
oewn-03841582-n	nursery	4	8	8	1	nursery	0	4	0.0	0	0	0	0	0	0
oewn-03872399-n	ovolo	4	8	25	1	thumb	0	4	0.0	0	0	0	0	0	0
oewn-03935440-n	pick	4	8	57	3	pick	0	4	0.0	0	0	0	0	0	0
oewn-04237283-n	skin	4	8	60	1	skin	0	4	0.0	0	0	0	0	0	0
oewn-04440319-n	tie	4	8	68	2	tie	0	4	0.0	0	0	0	0	0	0
oewn-04511781-n	type	4	8	67	2	space	0	4	0.0	0	0	0	0	0	0
oewn-04879431-n	truthfulness	4	8	18	4	sincerity	3	4	0.75	2	1	1	0	0	0
oewn-05271086-n	pubic hair	4	8	30	1	bush	0	4	0.0	0	0	0	0	0	0
oewn-05406377-n	milk	4	8	23	1	milk	0	4	0.0	0	0	0	0	0	0
oewn-06295430-n	discourse	4	8	23	2	discourse	0	4	0.0	0	0	0	0	0	0
oewn-07419544-n	slide	4	8	34	3	slide	0	4	0.0	0	0	0	0	0	0
oewn-07454170-n	flush	4	8	21	2	gush	1	4	0.25	0	1	0	0	0	0
oewn-07510112-n	pang	4	8	24	2	pang	4	4	1.0	0	4	0	0	0	0
oewn-07558063-n	discouragement	4	8	15	2	dismay	4	4	1.0	1	3	1	0	0	0
oewn-07679644-n	patty	4	8	23	2	patty	0	4	0.0	0	0	0	0	0	0
oewn-07994293-n	library	4	8	41	1	library	0	4	0.0	0	0	0	0	0	0
oewn-08070657-n	medical institution	4	8	15	1	hospital	0	4	0.0	0	0	0	0	0	0
oewn-08380739-n	monarchy	4	8	33	3	kingdom	0	4	0.0	0	0	0	0	0	0
oewn-08392981-n	chain	4	8	73	1	chain	0	4	0.0	0	0	0	0	0	0
oewn-08697107-n	watershed	4	8	15	1	divide	0	4	0.0	0	0	0	0	0	0
oewn-09372694-n	mechanism	4	8	26	2	barrier	0	4	0.0	0	0	0	0	0	0
oewn-09428665-n	ravine	4	8	14	3	gorge	0	4	0.0	0	0	0	0	0	0
oewn-09986084-n	correspondent	4	8	15	1	correspondent	0	4	0.0	0	0	0	0	0	0
oewn-10234307-n	inventor	4	8	11	3	discoverer	0	4	0.0	0	0	0	0	0	0
oewn-10457619-n	plaintiff	4	8	9	2	plaintiff	0	4	0.0	0	0	0	0	0	0
oewn-10524138-n	rafter	4	8	10	2	rafter	0	4	0.0	0	0	0	0	0	0
oewn-10729084-n	thrall	4	8	8	2	serf	0	4	0.0	0	0	0	0	0	0
oewn-11697710-n	style	4	8	70	1	style	0	4	0.0	0	0	0	0	0	0
oewn-12748061-n	sallow	4	8	8	1	sallow	0	4	0.0	0	0	0	0	0	0
oewn-13118945-n	vein	4	8	40	1	vein	0	4	0.0	0	0	0	0	0	0
oewn-13303030-n	recompense	4	8	29	3	allowance	1	4	0.25	0	1	0	0	0	0
oewn-13842867-n	average	4	8	15	1	average	0	4	0.0	0	0	0	0	0	0
oewn-14236681-n	affliction	4	8	19	2	deformity	1	4	0.25	0	1	0	0	0	0
oewn-14546010-n	mildness	4	8	28	4	mildness	4	4	1.0	2	2	1	0	0	0
oewn-14554438-n	capability	4	8	55	4	activity	1	4	0.25	0	1	0	0	0	0
oewn-15073663-n	spar	4	8	23	1	spar	0	4	0.0	0	0	0	0	0	0
oewn-92460865-n	trance	4	8	25	1	trance	0	4	0.0	0	0	0	0	0	0
oewn-08082070-n	industry	47	7	27	2	market	0	47	0.0	0	0	0	0	0	0
oewn-07791881-n	saltwater fish	43	7	20	5	cod	4	43	0.09	4	0	0	0	0	0
oewn-13183195-n	bark	30	7	27	4	bark	3	30	0.1	3	0	0	0	0	0
oewn-03037347-n	circuit	29	7	59	4	bridge	0	29	0.0	0	0	0	0	0	0
oewn-09213796-n	agent	29	7	37	2	agent	11	29	0.38	8	3	1	0	0	0
oewn-03661810-n	lens	28	7	32	4	contact	1	28	0.04	1	0	0	0	0	0
oewn-02736529-n	arch	27	7	20	3	arch	3	27	0.11	0	3	0	0	0	0
oewn-09793689-n	adviser	25	7	13	3	counsellor	0	25	0.0	0	0	0	0	0	0
oewn-02277474-n	nymphalid	24	7	20	3	emperor	3	24	0.12	3	0	0	0	0	0
oewn-04352366-n	stuff	21	7	46	1	stuff	0	21	0.0	0	0	0	0	0	0
oewn-04379457-n	switch	17	7	41	3	push	0	17	0.0	0	0	0	0	0	0
oewn-04515784-n	underpants	17	7	7	1	scanty	0	17	0.0	0	0	0	0	0	0
oewn-10012790-n	dawdler	16	7	14	3	poke	2	16	0.12	0	2	0	0	0	0
oewn-00382488-n	union	15	7	38	3	union	0	15	0.0	0	0	0	0	0	0
oewn-03386622-n	fore-and-aft sail	15	7	12	4	jib	1	15	0.07	0	1	0	0	0	0
oewn-04636551-n	unemotionality	15	7	21	6	coldness	6	15	0.4	0	6	0	0	0	0
oewn-13496741-n	erosion	15	7	14	3	wearing	0	15	0.0	0	0	0	0	0	0
oewn-01569774-n	wood warbler	14	7	20	1	chat	0	14	0.0	0	0	0	0	0	0
oewn-04006350-n	press	14	7	43	2	press	0	14	0.0	0	0	0	0	0	0
oewn-04657884-n	communicativeness	14	7	10	5	frankness	2	14	0.14	2	0	0	0	0	0
oewn-04786888-n	unpleasantness	14	7	10	7	awfulness	8	14	0.57	0	8	0	0	0	0
oewn-07085982-n	music genre	14	7	30	2	march	3	14	0.21	3	0	0	0	0	0
oewn-07113937-n	repetition	14	7	22	1	repetition	0	14	0.0	0	0	0	0	0	0
oewn-09946547-n	cleaner	14	7	41	2	sweep	3	14	0.21	0	3	0	0	0	0
oewn-01958574-n	bivalve	13	7	20	2	clam	0	13	0.0	0	0	0	0	0	0
oewn-02389148-n	draft horse	13	7	14	1	shire	0	13	0.0	0	0	0	0	0	0
oewn-02397129-n	even-toed ungulate	13	7	7	2	camel	0	13	0.0	0	0	0	0	0	0
oewn-03003851-n	chain mail	13	7	32	2	mail	0	13	0.0	0	0	0	0	0	0
oewn-06548380-n	translation	13	7	31	6	trot	1	13	0.08	0	1	0	0	0	0
oewn-08131836-n	department	13	7	44	3	security	0	13	0.0	0	0	0	0	0	0
oewn-10380446-n	noncommissioned officer	13	7	13	3	PO	2	13	0.15	2	0	0	0	0	0
oewn-00094821-n	redemption	12	7	19	5	salvation	0	12	0.0	0	0	0	0	0	0
oewn-02948834-n	camp	12	7	42	2	camp	0	12	0.0	0	0	0	0	0	0
oewn-04055187-n	railroad track	12	7	16	5	railway	0	12	0.0	0	0	0	0	0	0
oewn-04650578-n	disagreeableness	12	7	23	5	bitterness	6	12	0.5	2	4	1	0	0	0
oewn-04820943-n	chic	12	7	15	2	last word	8	12	0.67	8	0	0	0	0	0
oewn-05012434-n	physiological property	12	7	28	2	sex	4	12	0.33	0	4	0	0	0	0
oewn-07828160-n	spice	12	7	21	6	ginger	0	12	0.0	0	0	0	0	0	0
oewn-09959604-n	comedian	12	7	17	3	joker	0	12	0.0	0	0	0	0	0	0
oewn-10735654-n	tormentor	12	7	14	4	cuss	0	12	0.0	0	0	0	0	0	0
oewn-14897792-n	formulation	12	7	49	3	preparation	0	12	0.0	0	0	0	0	0	0
oewn-01127115-n	government	11	7	23	4	government	2	11	0.18	0	2	0	0	0	0
oewn-03601053-n	jet	11	7	44	1	jet	0	11	0.0	0	0	0	0	0	0
oewn-03942844-n	pill	11	7	20	3	tablet	1	11	0.09	0	1	0	0	0	0
oewn-04045857-n	racket	11	7	34	2	bat	0	11	0.0	0	0	0	0	0	0
oewn-04336615-n	storeroom	11	7	10	5	pantry	0	11	0.0	0	0	0	0	0	0
oewn-06055093-n	medical science	11	7	24	3	medicine	1	11	0.09	1	0	0	0	0	0
oewn-09876606-n	bishop	11	7	12	3	bishop	1	11	0.09	1	0	0	0	0	0
oewn-00439005-n	acrobatic stunt	10	7	32	3	split	0	10	0.0	0	0	0	0	0	0
oewn-03236615-n	drain	10	7	40	3	trap	0	10	0.0	0	0	0	0	0	0
oewn-04044101-n	racetrack	10	7	78	2	track	1	10	0.1	1	0	0	0	0	0
oewn-04340267-n	strap	10	7	18	2	rein	2	10	0.2	0	2	0	0	0	0
oewn-05014082-n	sex	10	7	27	1	sex	3	10	0.3	3	0	0	0	0	0
oewn-05731155-n	cutaneous sensation	10	7	12	3	itch	4	10	0.4	0	4	0	0	0	0
oewn-09985785-n	corporate executive	10	7	25	2	president	0	10	0.0	0	0	0	0	0	0
oewn-10159834-n	governor	10	7	14	3	governor	1	10	0.1	1	0	0	0	0	0
oewn-12247449-n	heath	10	7	15	3	heath	0	10	0.0	0	0	0	0	0	0
oewn-14020738-n	bondage	10	7	19	4	slavery	0	10	0.0	0	0	0	0	0	0
oewn-00178297-n	expedient	9	7	8	3	expedient	3	9	0.33	0	3	0	0	0	0
oewn-00586443-n	facility	9	7	29	2	convenience	0	9	0.0	0	0	0	0	0	0
oewn-00632621-n	practice	9	7	33	1	practice	0	9	0.0	0	0	0	0	0	0
oewn-01794266-n	chicken	9	7	29	4	chicken	0	9	0.0	0	0	0	0	0	0
oewn-02388962-n	workhorse	9	7	7	1	dobbin	0	9	0.0	0	0	0	0	0	0
oewn-03116550-n	corrective	9	7	48	3	pack	0	9	0.0	0	0	0	0	0	0
oewn-03124161-n	coupling	9	7	30	2	universal	0	9	0.0	0	0	0	0	0	0
oewn-03514169-n	heating system	9	7	46	1	heat	0	9	0.0	0	0	0	0	0	0
oewn-06391344-n	epic poem	9	7	7	1	heroic	0	9	0.0	0	0	0	0	0	0
oewn-07143654-n	pronunciation	9	7	30	2	accent	1	9	0.11	0	1	0	0	0	0
oewn-07802662-n	clam	9	7	23	3	clam	0	9	0.0	0	0	0	0	0	0
oewn-10241626-n	jewelry maker	9	7	9	3	jeweller	0	9	0.0	0	0	0	0	0	0
oewn-11486442-n	heat	9	7	46	1	heat	0	9	0.0	0	0	0	0	0	0
oewn-13391187-n	reserve account	9	7	54	2	pool	1	9	0.11	0	1	0	0	0	0
oewn-14546692-n	bad weather	9	7	13	5	bad weather	4	9	0.44	0	4	0	0	0	0
oewn-00820685-n	preservation	8	7	23	3	saving	1	8	0.12	0	1	0	0	0	0
oewn-01224279-n	aggravation	8	7	19	5	irritation	1	8	0.12	0	1	0	0	0	0
oewn-02787755-n	band	8	7	56	4	band	1	8	0.12	1	0	0	0	0	0
oewn-02948281-n	camp	8	7	42	2	camp	0	8	0.0	0	0	0	0	0	0
oewn-03040851-n	clamp	8	7	47	4	press	1	8	0.12	0	1	0	0	0	0
oewn-03486604-n	hammer	8	7	52	1	hammer	0	8	0.0	0	0	0	0	0	0
oewn-03769262-n	military quarters	8	7	42	2	camp	0	8	0.0	0	0	0	0	0	0
oewn-06698201-n	guarantee	8	7	40	5	security	0	8	0.0	0	0	0	0	0	0
oewn-07221933-n	rejection	8	7	14	5	rejection	4	8	0.5	0	4	0	0	0	0
oewn-07679337-n	beef	8	7	21	1	beef	1	8	0.12	1	0	0	0	0	0
oewn-08404938-n	nobility	8	7	15	3	nobility	1	8	0.12	1	0	0	0	0	0
oewn-09507794-n	mythical being	8	7	36	1	hero	5	8	0.62	2	3	1	0	0	0
oewn-14398981-n	nervousness	8	7	53	2	strain	5	8	0.62	0	5	0	0	0	0
oewn-14584204-n	decay	8	7	24	3	rot	5	8	0.62	0	5	0	0	0	0
oewn-00352311-n	change of magnitude	7	7	35	3	increase	0	7	0.0	0	0	0	0	0	0
oewn-00490741-n	all fours	7	7	34	3	pitch	0	7	0.0	0	0	0	0	0	0
oewn-00751065-n	treachery	7	7	16	2	treachery	0	7	0.0	0	0	0	0	0	0
oewn-01151109-n	restriction	7	7	24	5	confinement	0	7	0.0	0	0	0	0	0	0
oewn-01208451-n	selflessness	7	7	24	3	denial	2	7	0.29	2	0	0	0	0	0
oewn-02078579-n	pinniped mammal	7	7	25	2	seal	0	7	0.0	0	0	0	0	0	0
oewn-02406838-n	beef	7	7	21	1	beef	0	7	0.0	0	0	0	0	0	0
oewn-02915411-n	buffet	7	7	41	2	counter	2	7	0.29	2	0	0	0	0	0
oewn-02918337-n	building complex	7	7	25	3	college	0	7	0.0	0	0	0	0	0	0
oewn-03209639-n	directional antenna	7	7	37	3	dish	1	7	0.14	1	0	0	0	0	0
oewn-03526239-n	hinge	7	7	14	1	hinge	0	7	0.0	0	0	0	0	0	0
oewn-04097375-n	rifle	7	7	7	1	rifle	2	7	0.29	2	0	0	0	0	0
oewn-05124253-n	scarcity	7	7	10	3	rarity	7	7	1.0	0	7	0	0	0	0
oewn-05530920-n	erectile organ	7	7	43	2	member	0	7	0.0	0	0	0	0	0	0
oewn-06414208-n	typing	7	7	7	1	typewriting	0	7	0.0	0	0	0	0	0	0
oewn-06438138-n	annual	7	7	13	4	annual	0	7	0.0	0	0	0	0	0	0
oewn-06793517-n	cartoon	7	7	33	2	strip	0	7	0.0	0	0	0	0	0	0
oewn-07033353-n	variety show	7	7	44	3	variety	0	7	0.0	0	0	0	0	0	0
oewn-07572202-n	comestible	7	7	17	4	tuck	0	7	0.0	0	0	0	0	0	0
oewn-10195138-n	highjacker	7	7	7	2	highwayman	0	7	0.0	0	0	0	0	0	0
oewn-10294512-n	lowerclassman	7	7	13	2	junior	2	7	0.29	0	2	0	0	0	0
oewn-11475008-n	flood	7	7	29	3	flood	0	7	0.0	0	0	0	0	0	0
oewn-14035282-n	dormancy	7	7	14	2	slumber	0	7	0.0	0	0	0	0	0	0
oewn-14385069-n	twitch	7	7	7	2	twitching	3	7	0.43	0	3	0	0	0	0
oewn-14484149-n	integrity	7	7	15	5	integrity	4	7	0.57	4	0	0	0	0	0
oewn-15001007-n	packing material	7	7	9	3	packing	0	7	0.0	0	0	0	0	0	0
oewn-00106640-n	pass	6	7	50	4	snap	0	6	0.0	0	0	0	0	0	0
oewn-00747530-n	irreverence	6	7	11	6	sacrilege	0	6	0.0	0	0	0	0	0	0
oewn-00944804-n	puncture	6	7	18	3	prick	0	6	0.0	0	0	0	0	0	0
oewn-02698907-n	alcove	6	7	27	3	bay	0	6	0.0	0	0	0	0	0	0
oewn-03686803-n	local area network	6	7	7	1	LAN	0	6	0.0	0	0	0	0	0	0
oewn-04566561-n	watercourse	6	7	19	3	canal	0	6	0.0	0	0	0	0	0	0
oewn-04625427-n	identity	6	7	20	3	identity	0	6	0.0	0	0	0	0	0	0
oewn-04629772-n	aloneness	6	7	16	2	loneliness	5	6	0.83	1	4	1	0	0	0
oewn-04687822-n	band	6	7	68	3	band	0	6	0.0	0	0	0	0	0	0
oewn-04845741-n	audacity	6	7	27	3	presumption	6	6	1.0	0	6	0	0	0	0
oewn-04859981-n	nefariousness	6	7	28	3	wickedness	5	6	0.83	0	5	0	0	0	0
oewn-05029623-n	flexibility	6	7	33	2	whip	0	6	0.0	0	0	0	0	0	0
oewn-05637465-n	perdition	6	7	19	4	pit	4	6	0.67	0	4	0	0	0	0
oewn-06009822-n	mathematics	6	7	7	1	mathematics	0	6	0.0	0	0	0	0	0	0
oewn-06648469-n	details	6	7	8	2	low-down	0	6	0.0	0	0	0	0	0	0
oewn-07514854-n	friendliness	6	7	18	4	goodwill	1	6	0.17	0	1	0	0	0	0
oewn-07688659-n	margarine	6	7	53	2	stick	0	6	0.0	0	0	0	0	0	0
oewn-08385834-n	generation	6	7	30	2	generation	0	6	0.0	0	0	0	0	0	0
oewn-10702832-n	swimmer	6	7	14	2	diver	0	6	0.0	0	0	0	0	0	0
oewn-14356022-n	tenderness	6	7	26	3	tenderness	2	6	0.33	0	2	0	0	0	0
oewn-14495883-n	defectiveness	6	7	18	3	sickness	3	6	0.5	2	1	1	0	0	0
oewn-15190684-n	mealtime	6	7	7	4	dinnertime	0	6	0.0	0	0	0	0	0	0
oewn-00410304-n	operation	5	7	58	3	operation	1	5	0.2	1	0	0	0	0	0
oewn-00497178-n	whist	5	7	7	1	whist	0	5	0.0	0	0	0	0	0	0
oewn-00563435-n	blocking	5	7	50	2	interference	0	5	0.0	0	0	0	0	0	0
oewn-00786042-n	extortion	5	7	34	3	protection	0	5	0.0	0	0	0	0	0	0
oewn-01093829-n	trade	5	7	43	2	trade	0	5	0.0	0	0	0	0	0	0
oewn-01149281-n	imprisonment	5	7	20	2	imprisonment	0	5	0.0	0	0	0	0	0	0
oewn-01778954-n	tick	5	7	27	1	tick	0	5	0.0	0	0	0	0	0	0
oewn-02666479-n	sole	5	7	28	1	sole	0	5	0.0	0	0	0	0	0	0
oewn-03501737-n	harrow	5	7	7	1	harrow	0	5	0.0	0	0	0	0	0	0
oewn-04029643-n	punch	5	7	21	1	punch	0	5	0.0	0	0	0	0	0	0
oewn-04266092-n	sole	5	7	28	1	sole	0	5	0.0	0	0	0	0	0	0
oewn-04416263-n	tender	5	7	39	3	tender	0	5	0.0	0	0	0	0	0	0
oewn-04530985-n	vault	5	7	20	1	vault	0	5	0.0	0	0	0	0	0	0
oewn-04807608-n	originality	5	7	24	3	novelty	3	5	0.6	2	1	1	0	0	0
oewn-04852543-n	unkindness	5	7	10	3	thoughtlessness	1	5	0.2	0	1	0	0	0	0
oewn-04888818-n	discipline	5	7	42	4	restraint	1	5	0.2	0	1	0	0	0	0
oewn-04930920-n	origin	5	7	33	3	descent	0	5	0.0	0	0	0	0	0	0
oewn-05588980-n	plate	5	7	55	3	plate	0	5	0.0	0	0	0	0	0	0
oewn-05642458-n	originality	5	7	24	3	novelty	3	5	0.6	0	3	0	0	0	0
oewn-07527704-n	sensitivity	5	7	21	2	sensibility	3	5	0.6	1	2	1	0	0	0
oewn-07528087-n	sensibility	5	7	23	2	sensibility	1	5	0.2	0	1	0	0	0	0
oewn-07807250-n	sole	5	7	28	1	sole	1	5	0.2	1	0	0	0	0	0
oewn-07899955-n	draft	5	7	36	3	draught	0	5	0.0	0	0	0	0	0	0
oewn-09202673-n	incentive	5	7	14	1	inducement	5	5	1.0	5	0	0	0	0	0
oewn-09661981-n	white man	5	7	7	1	white man	0	5	0.0	0	0	0	0	0	0
oewn-09925991-n	champion	5	7	37	2	hero	0	5	0.0	0	0	0	0	0	0
oewn-10599987-n	serf	5	7	7	1	serf	0	5	0.0	0	0	0	0	0	0
oewn-11484542-n	gravity	5	7	20	1	gravity	0	5	0.0	0	0	0	0	0	0
oewn-12952666-n	angelica	5	7	15	2	archangel	0	5	0.0	0	0	0	0	0	0
oewn-14680398-n	sulfur	5	7	7	2	sulphur	0	5	0.0	0	0	0	0	0	0
oewn-90000031-n	post	5	7	62	1	post	0	5	0.0	0	0	0	0	0	0
oewn-00099445-n	service	4	7	104	1	service	0	4	0.0	0	0	0	0	0	0
oewn-00134488-n	smack	4	7	16	3	smack	0	4	0.0	0	0	0	0	0	0
oewn-00161352-n	seduction	4	7	45	3	score	2	4	0.5	2	0	0	0	0	0
oewn-00257613-n	comb	4	7	19	3	comb	0	4	0.0	0	0	0	0	0	0
oewn-00268956-n	overhaul	4	7	104	1	service	0	4	0.0	0	0	0	0	0	0
oewn-00441158-n	jumping	4	7	14	1	jumping	0	4	0.0	0	0	0	0	0	0
oewn-00564531-n	basketball play	4	7	58	2	pick	0	4	0.0	0	0	0	0	0	0
oewn-00580601-n	service	4	7	104	1	service	0	4	0.0	0	0	0	0	0	0
oewn-00713284-n	friction	4	7	20	3	rubbing	0	4	0.0	0	0	0	0	0	0
oewn-00944050-n	carving	4	7	47	2	cutting	2	4	0.5	2	0	0	0	0	0
oewn-01182197-n	disobedience	4	7	25	2	contempt	0	4	0.0	0	0	0	0	0	0
oewn-02155643-n	game	4	7	63	2	game	0	4	0.0	0	0	0	0	0	0
oewn-02455268-n	snout	4	7	36	1	trunk	0	4	0.0	0	0	0	0	0	0
oewn-02948616-n	camp	4	7	41	1	camp	1	4	0.25	1	0	0	0	0	0
oewn-03268041-n	ecclesiastical attire	4	7	19	2	purple	0	4	0.0	0	0	0	0	0	0
oewn-03714745-n	magnifier	4	7	12	3	scope	0	4	0.0	0	0	0	0	0	0
oewn-03720925-n	mallet	4	7	14	2	beetle	0	4	0.0	0	0	0	0	0	0
oewn-03731208-n	masonry	4	7	11	2	masonry	0	4	0.0	0	0	0	0	0	0
oewn-03807933-n	muslin	4	7	7	1	muslin	0	4	0.0	0	0	0	0	0	0
oewn-03903640-n	patch	4	7	63	3	flash	0	4	0.0	0	0	0	0	0	0
oewn-04191744-n	shard	4	7	21	1	fragment	0	4	0.0	0	0	0	0	0	0
oewn-04471653-n	track	4	7	74	1	track	0	4	0.0	0	0	0	0	0	0
oewn-04530820-n	vault	4	7	20	1	vault	0	4	0.0	0	0	0	0	0	0
oewn-04715819-n	effortlessness	4	7	29	3	readiness	4	4	1.0	1	3	1	0	0	0
oewn-05274844-n	tissue	4	7	56	3	band	0	4	0.0	0	0	0	0	0	0
oewn-05303752-n	tendon	4	7	9	3	tendon	0	4	0.0	0	0	0	0	0	0
oewn-06209913-n	predisposition	4	7	26	2	preference	3	4	0.75	3	0	0	0	0	0
oewn-06675763-n	trade policy	4	7	7	1	open door	0	4	0.0	0	0	0	0	0	0
oewn-06737816-n	specification	4	7	7	1	spec	0	4	0.0	0	0	0	0	0	0
oewn-07155686-n	argument	4	7	48	2	argument	0	4	0.0	0	0	0	0	0	0
oewn-07345428-n	annihilation	4	7	19	3	annihilation	2	4	0.5	2	0	0	0	0	0
oewn-07376675-n	cessation	4	7	23	2	separation	0	4	0.0	0	0	0	0	0	0
oewn-07456219-n	axial rotation	4	7	56	2	roll	1	4	0.25	0	1	0	0	0	0
oewn-07531213-n	easiness	4	7	16	3	languor	2	4	0.5	0	2	0	0	0	0
oewn-07652143-n	macaroon	4	7	7	1	macaroon	0	4	0.0	0	0	0	0	0	0
oewn-07909503-n	sparkling wine	4	7	7	1	champagne	0	4	0.0	0	0	0	0	0	0
oewn-07921278-n	rum	4	7	11	2	rum	0	4	0.0	0	0	0	0	0	0
oewn-08201518-n	mob	4	7	19	3	mob	1	4	0.25	0	1	0	0	0	0
oewn-09330206-n	hunk	4	7	22	2	lump	0	4	0.0	0	0	0	0	0	0
oewn-10329163-n	mentor	4	7	8	3	wise man	1	4	0.25	1	0	0	0	0	0
oewn-13395181-n	tender	4	7	47	2	tender	0	4	0.0	0	0	0	0	0	0
oewn-14839433-n	lignite	4	7	44	1	jet	0	4	0.0	0	0	0	0	0	0
oewn-15177777-n	adulthood	4	7	20	3	prime	2	4	0.5	2	0	0	0	0	0
oewn-15184779-n	date	4	7	41	2	date	0	4	0.0	0	0	0	0	0	0
oewn-15305715-n	pace	4	7	40	2	pace	0	4	0.0	0	0	0	0	0	0
oewn-07845388-n	sauce	61	6	24	3	dressing	3	61	0.05	0	3	0	0	0	0
oewn-03282682-n	electronic device	46	6	30	4	display	0	46	0.0	0	0	0	0	0	0
oewn-00662334-n	therapy	43	6	27	4	treatment	7	43	0.16	0	7	0	0	0	0
oewn-00006484-n	cell	30	6	38	2	cell	6	30	0.2	0	6	0	0	0	0
oewn-12728541-n	citrus	29	6	23	5	orange	0	29	0.0	0	0	0	0	0	0
oewn-01770302-n	arthropod	26	6	12	2	insect	0	26	0.0	0	0	0	0	0	0
oewn-00659325-n	treatment	25	6	24	2	treatment	6	25	0.24	2	4	1	0	0	0
oewn-05550810-n	synovial joint	24	6	6	1	knuckle	0	24	0.0	0	0	0	0	0	0
oewn-05633662-n	imaginary place	24	6	19	4	pit	7	24	0.29	3	4	1	0	0	0
oewn-09638837-n	engineer	23	6	12	2	engineer	0	23	0.0	0	0	0	0	0	0
oewn-01665425-n	turtle	21	6	7	4	turtle	2	21	0.1	0	2	0	0	0	0
oewn-03696785-n	loudspeaker	21	6	11	1	speaker	0	21	0.0	0	0	0	0	0	0
oewn-04955418-n	roughness	21	6	33	6	knot	5	21	0.24	0	5	0	0	0	0
oewn-08355774-n	independent agency	21	6	11	1	PO	0	21	0.0	0	0	0	0	0	0
oewn-00117507-n	expulsion	20	6	14	7	projection	0	20	0.0	0	0	0	0	0	0
oewn-12783656-n	sumac	20	6	6	1	sumach	0	20	0.0	0	0	0	0	0	0
oewn-02865388-n	body armor	19	6	31	1	mail	1	19	0.05	1	0	0	0	0	0
oewn-05836008-n	stimulation	19	6	24	4	kick	7	19	0.37	4	3	1	0	0	0
oewn-13324337-n	price	19	6	31	2	price	0	19	0.0	0	0	0	0	0	0
oewn-13906542-n	polyhedron	18	6	13	1	pyramid	0	18	0.0	0	0	0	0	0	0
oewn-14195164-n	inflammatory disease	18	6	6	1	sore throat	16	18	0.89	2	14	1	0	0	0
oewn-02804691-n	basin	17	6	26	2	basin	0	17	0.0	0	0	0	0	0	0
oewn-04009955-n	print	17	6	24	2	print	0	17	0.0	0	0	0	0	0	0
oewn-04999748-n	spiciness	16	6	35	5	bite	0	16	0.0	0	0	0	0	0	0
oewn-13427135-n	accounting	16	6	37	3	entry	0	16	0.0	0	0	0	0	0	0
oewn-02524277-n	gadoid	15	6	16	3	cod	2	15	0.13	0	2	0	0	0	0
oewn-03353300-n	firework	15	6	16	3	serpent	0	15	0.0	0	0	0	0	0	0
oewn-04080781-n	relief	15	6	66	1	relief	3	15	0.2	0	3	0	0	0	0
oewn-06152605-n	social science	15	6	26	2	government	0	15	0.0	0	0	0	0	0	0
oewn-00902781-n	imaging	14	6	24	1	PET	0	14	0.0	0	0	0	0	0	0
oewn-02883788-n	bowed stringed instrument	14	6	31	3	string	0	14	0.0	0	0	0	0	0	0
oewn-06833830-n	diacritical mark	14	6	31	2	accent	1	14	0.07	1	0	0	0	0	0
oewn-13537161-n	micturition	14	6	24	2	leak	0	14	0.0	0	0	0	0	0	0
oewn-03795763-n	motorboat	13	6	13	2	launch	0	13	0.0	0	0	0	0	0	0
oewn-04025061-n	public toilet	13	6	23	1	convenience	0	13	0.0	0	0	0	0	0	0
oewn-04788240-n	offensiveness	13	6	22	3	wickedness	3	13	0.23	0	3	0	0	0	0
oewn-10546909-n	revolutionist	13	6	8	3	revolutionary	0	13	0.0	0	0	0	0	0	0
oewn-14921902-n	gum resin	13	6	6	3	benjamin	0	13	0.0	0	0	0	0	0	0
oewn-03327885-n	farm machine	12	6	19	3	tiller	0	12	0.0	0	0	0	0	0	0
oewn-09950725-n	clumsy person	12	6	20	3	lump	1	12	0.08	1	0	0	0	0	0
oewn-10359679-n	musician	12	6	20	5	conductor	1	12	0.08	1	0	0	0	0	0
oewn-10645222-n	sorcerer	12	6	10	4	magician	0	12	0.0	0	0	0	0	0	0
oewn-15254204-n	canonical hour	12	6	22	2	prime	0	12	0.0	0	0	0	0	0	0
oewn-02737428-n	architectural ornament	11	6	18	2	fret	0	11	0.0	0	0	0	0	0	0
oewn-02792510-n	bar	11	6	86	1	bar	0	11	0.0	0	0	0	0	0	0
oewn-04068554-n	receptacle	11	6	19	3	socket	0	11	0.0	0	0	0	0	0	0
oewn-04483494-n	tray	11	6	6	2	tray	0	11	0.0	0	0	0	0	0	0
oewn-07039369-n	classical music	11	6	9	3	opera	3	11	0.27	3	0	0	0	0	0
oewn-07323181-n	explosion	11	6	35	2	blast	1	11	0.09	1	0	0	0	0	0
oewn-11531956-n	discharge	11	6	34	3	spark	0	11	0.0	0	0	0	0	0	0
oewn-13295115-n	allowance	11	6	35	3	allowance	1	11	0.09	1	0	0	0	0	0
oewn-13656797-n	radioactivity unit	11	6	24	2	gray	0	11	0.0	0	0	0	0	0	0
oewn-00223352-n	suicide	10	6	12	2	suicide	0	10	0.0	0	0	0	0	0	0
oewn-00851153-n	reproduction	10	6	37	4	generation	0	10	0.0	0	0	0	0	0	0
oewn-02089774-n	hunting dog	10	6	11	2	hound	0	10	0.0	0	0	0	0	0	0
oewn-02742673-n	armor	10	6	13	4	shield	0	10	0.0	0	0	0	0	0	0
oewn-02800154-n	barroom	10	6	88	2	bar	1	10	0.1	0	1	0	0	0	0
oewn-02813606-n	battery	10	6	41	3	pile	0	10	0.0	0	0	0	0	0	0
oewn-02891810-n	bracket	10	6	22	3	console	0	10	0.0	0	0	0	0	0	0
oewn-03163551-n	dagger	10	6	11	4	dagger	0	10	0.0	0	0	0	0	0	0
oewn-04884725-n	loyalty	10	6	8	4	patriotism	4	10	0.4	2	2	1	0	0	0
oewn-06773810-n	evasion	10	6	18	4	hedge	4	10	0.4	0	4	0	0	0	0
oewn-07364792-n	recoil	10	6	13	5	recoil	0	10	0.0	0	0	0	0	0	0
oewn-07600779-n	broth	10	6	56	3	stock	0	10	0.0	0	0	0	0	0	0
oewn-07665191-n	loaf	10	6	12	1	loaf	0	10	0.0	0	0	0	0	0	0
oewn-14838786-n	coal	10	6	13	1	coal	1	10	0.1	1	0	0	0	0	0
oewn-00870588-n	calculation	9	6	50	2	operation	0	9	0.0	0	0	0	0	0	0
oewn-03507475-n	head covering	9	6	26	1	veil	0	9	0.0	0	0	0	0	0	0
oewn-04190372-n	shaker	9	6	8	2	castor	0	9	0.0	0	0	0	0	0	0
oewn-04491416-n	trimming	9	6	16	3	trim	0	9	0.0	0	0	0	0	0	0
oewn-05797813-n	reversal	9	6	6	1	second thought	0	9	0.0	0	0	0	0	0	0
oewn-06554821-n	injunction	9	6	12	2	injunction	0	9	0.0	0	0	0	0	0	0
oewn-08633625-n	pasture	9	6	10	2	pasture	0	9	0.0	0	0	0	0	0	0
oewn-10494882-n	printer	9	6	25	4	reader	0	9	0.0	0	0	0	0	0	0
oewn-10499146-n	prodigal	9	6	8	3	spendthrift	5	9	0.56	3	2	1	0	0	0
oewn-10629981-n	sleeper	9	6	29	4	sleeper	0	9	0.0	0	0	0	0	0	0
oewn-11533083-n	electrical conduction	9	6	34	3	spark	1	9	0.11	0	1	0	0	0	0
oewn-13864062-n	mutuality	9	6	26	2	sharing	2	9	0.22	0	2	0	0	0	0
oewn-14475377-n	fullness	9	6	21	4	excess	3	9	0.33	0	3	0	0	0	0
oewn-14553663-n	susceptibility	9	6	25	4	capacity	2	9	0.22	1	1	1	0	0	0
oewn-00197334-n	substitution	8	6	19	3	exchange	0	8	0.0	0	0	0	0	0	0
oewn-00496342-n	rummy	8	6	16	3	rum	0	8	0.0	0	0	0	0	0	0
oewn-00718460-n	painting	8	6	20	3	painting	0	8	0.0	0	0	0	0	0	0
oewn-01663732-n	reptile	8	6	6	1	reptile	2	8	0.25	0	2	0	0	0	0
oewn-02060875-n	albatross	8	6	12	1	albatross	0	8	0.0	0	0	0	0	0	0
oewn-02404827-n	ox	8	6	11	1	ox	0	8	0.0	0	0	0	0	0	0
oewn-02674410-n	accessory	8	6	27	4	belt	5	8	0.62	0	5	0	0	0	0
oewn-02934801-n	cabaret	8	6	28	2	club	0	8	0.0	0	0	0	0	0	0
oewn-03636468-n	lace	8	6	11	1	lace	1	8	0.12	0	1	0	0	0	0
oewn-03677678-n	linen	8	6	18	1	linen	0	8	0.0	0	0	0	0	0	0
oewn-03679093-n	lining	8	6	19	3	facing	2	8	0.25	0	2	0	0	0	0
oewn-03973894-n	plow	8	6	6	3	plough	0	8	0.0	0	0	0	0	0	0
oewn-04301350-n	stabilizer	8	6	33	1	fin	0	8	0.0	0	0	0	0	0	0
oewn-04711694-n	indistinctness	8	6	22	5	softness	2	8	0.25	2	0	0	0	0	0
oewn-04725839-n	convenience	8	6	23	1	convenience	5	8	0.62	5	0	0	0	0	0
oewn-05039720-n	endurance	8	6	12	3	endurance	3	8	0.38	0	3	0	0	0	0
oewn-07039821-n	opera	8	6	9	2	opera	0	8	0.0	0	0	0	0	0	0
oewn-07584671-n	flour	8	6	6	1	flour	1	8	0.12	0	1	0	0	0	0
oewn-10031556-n	dictator	8	6	12	4	tyrant	0	8	0.0	0	0	0	0	0	0
oewn-10742614-n	traitor	8	6	12	1	traitor	0	8	0.0	0	0	0	0	0	0
oewn-10761247-n	user	8	6	6	1	wearer	2	8	0.25	2	0	0	0	0	0
oewn-10783051-n	waiter	8	6	11	1	waiter	0	8	0.0	0	0	0	0	0	0
oewn-11700483-n	stoma	8	6	11	1	pore	0	8	0.0	0	0	0	0	0	0
oewn-13110391-n	spine	8	6	24	2	spine	2	8	0.25	0	2	0	0	0	0
oewn-13474333-n	cooling	8	6	8	4	freezing	0	8	0.0	0	0	0	0	0	0
oewn-14105785-n	stroke	8	6	43	2	stroke	0	8	0.0	0	0	0	0	0	0
oewn-14196966-n	sore throat	8	6	6	1	sore throat	3	8	0.38	0	3	0	0	0	0
oewn-14383357-n	nausea	8	6	18	3	sickness	0	8	0.0	0	0	0	0	0	0
oewn-00438728-n	tumble	7	6	16	4	tumble	0	7	0.0	0	0	0	0	0	0
oewn-00840477-n	bite	7	6	44	4	bite	3	7	0.43	0	3	0	0	0	0
oewn-01032852-n	ritual	7	6	8	4	ablution	0	7	0.0	0	0	0	0	0	0
oewn-02060385-n	pelagic bird	7	6	12	1	albatross	0	7	0.0	0	0	0	0	0	0
oewn-02468763-n	fin	7	6	33	1	fin	0	7	0.0	0	0	0	0	0	0
oewn-02965981-n	card	7	6	61	2	card	0	7	0.0	0	0	0	0	0	0
oewn-03476596-n	gutter	7	6	34	4	slide	0	7	0.0	0	0	0	0	0	0
oewn-03608935-n	jug	7	6	13	2	jug	0	7	0.0	0	0	0	0	0	0
oewn-03636736-n	lace	7	6	13	2	lace	0	7	0.0	0	0	0	0	0	0
oewn-03988418-n	pool	7	6	40	2	pool	0	7	0.0	0	0	0	0	0	0
oewn-04002774-n	power shovel	7	6	24	2	shovel	0	7	0.0	0	0	0	0	0	0
oewn-04892286-n	unrestraint	7	6	13	3	abandon	3	7	0.43	0	3	0	0	0	0
oewn-04980653-n	reddish brown	7	6	29	2	copper	0	7	0.0	0	0	0	0	0	0
oewn-05180123-n	unimportance	7	6	7	2	insignificance	6	7	0.86	0	6	0	0	0	0
oewn-05324741-n	capsule	7	6	9	2	orb	0	7	0.0	0	0	0	0	0	0
oewn-06062970-n	obstetrics	7	6	6	3	OB	0	7	0.0	0	0	0	0	0	0
oewn-07167656-n	maxim	7	6	7	3	maxim	3	7	0.43	3	0	0	0	0	0
oewn-07169038-n	idiom	7	6	23	2	phrase	0	7	0.0	0	0	0	0	0	0
oewn-07322513-n	electrical discharge	7	6	42	2	impulse	0	7	0.0	0	0	0	0	0	0
oewn-07521388-n	heartlessness	7	6	17	2	cruelty	3	7	0.43	0	3	0	0	0	0
oewn-07567157-n	good humor	7	6	6	3	good humour	7	7	1.0	7	0	0	0	0	0
oewn-08527190-n	fatherland	7	6	6	3	old country	0	7	0.0	0	0	0	0	0	0
oewn-10274089-n	lender	7	6	6	1	pawnbroker	0	7	0.0	0	0	0	0	0	0
oewn-11541422-n	turbulence	7	6	22	2	rip	0	7	0.0	0	0	0	0	0	0
oewn-13110179-n	aculeus	7	6	24	2	spine	0	7	0.0	0	0	0	0	0	0
oewn-14389146-n	atrophy	7	6	11	1	wasting	0	7	0.0	0	0	0	0	0	0
oewn-14846733-n	copper-base alloy	7	6	32	2	brass	0	7	0.0	0	0	0	0	0	0
oewn-00226974-n	spasm	6	6	28	2	heave	4	6	0.67	0	4	0	0	0	0
oewn-00357025-n	depletion	6	6	21	4	exhaustion	0	6	0.0	0	0	0	0	0	0
oewn-00693383-n	sterilization	6	6	14	2	fixing	0	6	0.0	0	0	0	0	0	0
oewn-00693759-n	neutering	6	6	14	2	fixing	0	6	0.0	0	0	0	0	0	0
oewn-00734781-n	trespass	6	6	17	5	intrusion	5	6	0.83	0	5	0	0	0	0
oewn-00942228-n	invention	6	6	25	3	contrivance	0	6	0.0	0	0	0	0	0	0
oewn-00997220-n	electronic countermeasures	6	6	13	2	jam	0	6	0.0	0	0	0	0	0	0
oewn-01223108-n	attack	6	6	51	2	attack	5	6	0.83	5	0	0	0	0	0
oewn-01255966-n	jamming	6	6	13	2	jam	0	6	0.0	0	0	0	0	0	0
oewn-01463098-n	egg	6	6	18	1	egg	0	6	0.0	0	0	0	0	0	0
oewn-02326554-n	leporid	6	6	16	2	rabbit	0	6	0.0	0	0	0	0	0	0
oewn-02543043-n	smelt	6	6	13	1	smelt	0	6	0.0	0	0	0	0	0	0
oewn-02763860-n	automatic rifle	6	6	86	1	BAR	0	6	0.0	0	0	0	0	0	0
oewn-02952638-n	cane	6	6	18	2	cane	0	6	0.0	0	0	0	0	0	0
oewn-02958374-n	cap	6	6	57	1	cap	0	6	0.0	0	0	0	0	0	0
oewn-03141879-n	crossing	6	6	39	1	crossing	2	6	0.33	2	0	0	0	0	0
oewn-03423152-n	garden tool	6	6	6	1	mower	0	6	0.0	0	0	0	0	0	0
oewn-03730526-n	mask	6	6	22	1	mask	0	6	0.0	0	0	0	0	0	0
oewn-04199741-n	shield	6	6	10	4	shield	0	6	0.0	0	0	0	0	0	0
oewn-04215277-n	shovel	6	6	27	2	shovel	0	6	0.0	0	0	0	0	0	0
oewn-04845958-n	presumption	6	6	24	2	presumption	6	6	1.0	0	6	0	0	0	0
oewn-04997999-n	softness	6	6	24	3	softness	3	6	0.5	1	2	1	0	0	0
oewn-05012631-n	animateness	6	6	32	3	animation	0	6	0.0	0	0	0	0	0	0
oewn-05127416-n	overplus	6	6	21	3	embarrassment	0	6	0.0	0	0	0	0	0	0
oewn-05703519-n	equivalent	6	6	16	3	substitute	0	6	0.0	0	0	0	0	0	0
oewn-05717967-n	perception	6	6	29	4	perception	3	6	0.5	3	0	0	0	0	0
oewn-05946242-n	prototype	6	6	36	4	image	4	6	0.67	0	4	0	0	0	0
oewn-05988776-n	unbelief	6	6	9	4	disbelief	3	6	0.5	3	0	0	0	0	0
oewn-06131785-n	geography	6	6	6	1	geography	0	6	0.0	0	0	0	0	0	0
oewn-06157599-n	politics	6	6	26	2	government	2	6	0.33	2	0	0	0	0	0
oewn-06532213-n	receipt	6	6	11	1	receipt	0	6	0.0	0	0	0	0	0	0
oewn-06603723-n	collection	6	6	23	3	collection	0	6	0.0	0	0	0	0	0	0
oewn-06662815-n	confirmation	6	6	16	3	confirmation	0	6	0.0	0	0	0	0	0	0
oewn-06888144-n	flag	6	6	32	3	flag	0	6	0.0	0	0	0	0	0	0
oewn-07287841-n	tag	6	6	31	2	ticket	0	6	0.0	0	0	0	0	0	0
oewn-07923117-n	corn whiskey	6	6	26	2	corn	0	6	0.0	0	0	0	0	0	0
oewn-08356866-n		6	6	6	1	DIA	0	6	0.0	0	0	0	0	0	0
oewn-08630343-n	outline	6	6	17	3	outline	0	6	0.0	0	0	0	0	0	0
oewn-09778216-n	academic administrator	6	6	25	2	president	1	6	0.17	1	0	0	0	0	0
oewn-12156723-n	cane	6	6	18	2	cane	0	6	0.0	0	0	0	0	0	0
oewn-14321372-n	sting	6	6	40	2	bite	6	6	1.0	0	6	0	0	0	0
oewn-14506710-n	impossibility	6	6	12	1	impossibility	2	6	0.33	0	2	0	0	0	0
oewn-14584518-n	putrefaction	6	6	22	2	rot	2	6	0.33	0	2	0	0	0	0
oewn-15065844-n	silica	6	6	6	1	flint	0	6	0.0	0	0	0	0	0	0
oewn-00104239-n	rocket firing	5	6	111	1	shot	0	5	0.0	0	0	0	0	0	0
oewn-00252647-n	scrub	5	6	7	4	swabbing	0	5	0.0	0	0	0	0	0	0
oewn-00364614-n	addition	5	6	33	1	addition	0	5	0.0	0	0	0	0	0	0
oewn-00425602-n	cruelty	5	6	17	2	cruelty	4	5	0.8	0	4	0	0	0	0
oewn-00613447-n	medicine	5	6	22	1	medicine	1	5	0.2	1	0	0	0	0	0
oewn-01107814-n	hauling	5	6	6	1	hauling	0	5	0.0	0	0	0	0	0	0
oewn-02489041-n	baboon	5	6	8	2	baboon	0	5	0.0	0	0	0	0	0	0
oewn-02786347-n	ballroom	5	6	6	1	ballroom	0	5	0.0	0	0	0	0	0	0
oewn-02878255-n	border	5	6	22	3	border	0	5	0.0	0	0	0	0	0	0
oewn-02936846-n	cabinet	5	6	15	2	cabinet	0	5	0.0	0	0	0	0	0	0
oewn-02940098-n	cage	5	6	12	2	cage	0	5	0.0	0	0	0	0	0	0
oewn-03053442-n	closet	5	6	26	3	closet	0	5	0.0	0	0	0	0	0	0
oewn-03136912-n	cricket equipment	5	6	30	2	bat	0	5	0.0	0	0	0	0	0	0
oewn-03186898-n	detonator	5	6	57	1	cap	0	5	0.0	0	0	0	0	0	0
oewn-03212026-n	dish	5	6	33	2	dish	0	5	0.0	0	0	0	0	0	0
oewn-03609842-n	jumper	5	6	108	1	lead	0	5	0.0	0	0	0	0	0	0
oewn-03610056-n	jumper cable	5	6	108	1	lead	0	5	0.0	0	0	0	0	0	0
oewn-03643635-n	landing	5	6	32	2	landing	0	5	0.0	0	0	0	0	0	0
oewn-03655235-n	lawn mower	5	6	6	1	mower	0	5	0.0	0	0	0	0	0	0
oewn-03891232-n	pantry	5	6	8	3	pantry	0	5	0.0	0	0	0	0	0	0
oewn-04324971-n	stick	5	6	52	1	stick	0	5	0.0	0	0	0	0	0	0
oewn-04328942-n	stock	5	6	77	3	stock	0	5	0.0	0	0	0	0	0	0
oewn-04505257-n	tunnel	5	6	10	2	tunnel	0	5	0.0	0	0	0	0	0	0
oewn-04560675-n	wash	5	6	30	2	wash	0	5	0.0	0	0	0	0	0	0
oewn-04689375-n	shading	5	6	20	3	hatch	0	5	0.0	0	0	0	0	0	0
oewn-04707990-n	coating	5	6	39	3	finish	0	5	0.0	0	0	0	0	0	0
oewn-04775722-n	orderliness	5	6	42	4	system	5	5	1.0	5	0	0	0	0	0
oewn-04867296-n	cowardice	5	6	8	2	cowardice	4	5	0.8	1	3	1	0	0	0
oewn-04890809-n	temperance	5	6	21	4	temperance	2	5	0.4	2	0	0	0	0	0
oewn-04896722-n	humility	5	6	12	2	humility	4	5	0.8	0	4	0	0	0	0
oewn-04908124-n	modesty	5	6	13	1	modesty	3	5	0.6	0	3	0	0	0	0
oewn-05127014-n	excess	5	6	18	2	excess	0	5	0.0	0	0	0	0	0	0
oewn-05465549-n	ovum	5	6	18	1	egg	0	5	0.0	0	0	0	0	0	0
oewn-05573999-n	minimus	5	6	6	1	little finger	0	5	0.0	0	0	0	0	0	0
oewn-05854882-n	restriction	5	6	28	4	restraint	2	5	0.4	2	0	0	0	0	0
oewn-06207399-n	drift	5	6	64	2	movement	0	5	0.0	0	0	0	0	0	0
oewn-06535632-n	policy	5	6	16	3	policy	0	5	0.0	0	0	0	0	0	0
oewn-07322660-n	nerve impulse	5	6	34	1	impulse	0	5	0.0	0	0	0	0	0	0
oewn-07706018-n	muffin	5	6	20	2	gem	0	5	0.0	0	0	0	0	0	0
oewn-10047315-n	double-crosser	5	6	12	1	traitor	0	5	0.0	0	0	0	0	0	0
oewn-10086818-n	evangelist	5	6	6	1	evangelist	0	5	0.0	0	0	0	0	0	0
oewn-10170076-n	guerrilla	5	6	13	2	irregular	4	5	0.8	0	4	0	0	0	0
oewn-10229738-n	insurgent	5	6	8	3	mutineer	0	5	0.0	0	0	0	0	0	0
oewn-10354495-n	mountebank	5	6	8	2	phrenologist	0	5	0.0	0	0	0	0	0	0
oewn-10440554-n	petty officer	5	6	11	1	PO	4	5	0.8	4	0	0	0	0	0
oewn-10529932-n	reasoner	5	6	6	1	reasoner	0	5	0.0	0	0	0	0	0	0
oewn-10644647-n	sophisticate	5	6	6	3	cosmopolitan	1	5	0.2	1	0	0	0	0	0
oewn-11455142-n	charge	5	6	92	1	charge	0	5	0.0	0	0	0	0	0	0
oewn-11507108-n	necrosis	5	6	23	2	mortification	0	5	0.0	0	0	0	0	0	0
oewn-13160826-n	pod	5	6	20	2	cod	0	5	0.0	0	0	0	0	0	0
oewn-13291396-n	offering	5	6	21	2	offering	0	5	0.0	0	0	0	0	0	0
oewn-13501744-n	filling	5	6	24	2	filling	0	5	0.0	0	0	0	0	0	0
oewn-14306680-n	wilt	5	6	12	1	wilt	2	5	0.4	0	2	0	0	0	0
oewn-14353059-n	pang	5	6	18	1	pang	4	5	0.8	0	4	0	0	0	0
oewn-14479148-n	nothingness	5	6	12	3	void	0	5	0.0	0	0	0	0	0	0
oewn-14513694-n	obligation	5	6	27	3	obligation	0	5	0.0	0	0	0	0	0	0
oewn-14667645-n	lead	5	6	108	1	lead	1	5	0.2	0	1	0	0	0	0
oewn-15308315-n	tempo	5	6	36	1	pace	0	5	0.0	0	0	0	0	0	0
oewn-00103960-n	launching	4	6	12	2	launch	0	4	0.0	0	0	0	0	0	0
oewn-00403343-n	filling	4	6	34	2	flood	0	4	0.0	0	0	0	0	0	0
oewn-00609469-n	interior decoration	4	6	20	3	lighting	0	4	0.0	0	0	0	0	0	0
oewn-00786699-n	burglary	4	6	6	2	burglary	0	4	0.0	0	0	0	0	0	0
oewn-01005671-n	gradation	4	6	13	3	blending	0	4	0.0	0	0	0	0	0	0
oewn-03111373-n	cord	4	6	26	1	cord	0	4	0.0	0	0	0	0	0	0
oewn-03111549-n	cord	4	6	26	1	cord	0	4	0.0	0	0	0	0	0	0
oewn-03366791-n	flatware	4	6	50	3	plate	0	4	0.0	0	0	0	0	0	0
oewn-03454962-n	governor	4	6	12	1	governor	0	4	0.0	0	0	0	0	0	0
oewn-03459651-n	grate	4	6	18	2	grating	0	4	0.0	0	0	0	0	0	0
oewn-03508862-n	headgear	4	6	14	3	bridle	0	4	0.0	0	0	0	0	0	0
oewn-03513772-n	heating element	4	6	86	1	bar	0	4	0.0	0	0	0	0	0	0
oewn-03607053-n	joist	4	6	6	1	joist	0	4	0.0	0	0	0	0	0	0
oewn-03935898-n	pick	4	6	55	1	pick	0	4	0.0	0	0	0	0	0	0
oewn-04079663-n	rein	4	6	11	1	rein	0	4	0.0	0	0	0	0	0	0
oewn-04325269-n	stick	4	6	52	1	stick	0	4	0.0	0	0	0	0	0	0
oewn-04630129-n	reclusiveness	4	6	11	2	seclusion	4	4	1.0	4	0	0	0	0	0
oewn-04707675-n	decorativeness	4	6	39	3	finish	0	4	0.0	0	0	0	0	0	0
oewn-04737625-n	ingenuity	4	6	13	2	ingenuity	0	4	0.0	0	0	0	0	0	0
oewn-04887159-n	perfidy	4	6	11	1	treachery	4	4	1.0	3	1	1	0	0	0
oewn-05076368-n	pitch	4	6	39	4	pitch	0	4	0.0	0	0	0	0	0	0
oewn-05213505-n	tediousness	4	6	33	2	drag	1	4	0.25	0	1	0	0	0	0
oewn-05547228-n	pate	4	6	60	2	crown	0	4	0.0	0	0	0	0	0	0
oewn-06291693-n	reception	4	6	28	2	reception	0	4	0.0	0	0	0	0	0	0
oewn-07059411-n	phrase	4	6	24	2	phrase	0	4	0.0	0	0	0	0	0	0
oewn-07228377-n	display	4	6	25	3	display	2	4	0.5	1	1	1	0	0	0
oewn-07685636-n	ham	4	6	11	1	ham	0	4	0.0	0	0	0	0	0	0
oewn-07699531-n	loaf of bread	4	6	12	1	loaf	0	4	0.0	0	0	0	0	0	0
oewn-08170336-n	royalty	4	6	10	2	royalty	0	4	0.0	0	0	0	0	0	0
oewn-08325427-n	conference	4	6	19	1	conference	0	4	0.0	0	0	0	0	0	0
oewn-08445713-n	file	4	6	37	2	column	0	4	0.0	0	0	0	0	0	0
oewn-09208337-n	libidinal energy	4	6	92	1	charge	1	4	0.25	0	1	0	0	0	0
oewn-09271940-n	col	4	6	15	2	gap	0	4	0.0	0	0	0	0	0	0
oewn-09780399-n	accomplice	4	6	10	3	confederate	0	4	0.0	0	0	0	0	0	0
oewn-09791087-n	admirer	4	6	17	1	admirer	0	4	0.0	0	0	0	0	0	0
oewn-10393500-n	agent	4	6	35	1	agent	0	4	0.0	0	0	0	0	0	0
oewn-10428069-n	patron	4	6	33	3	host	0	4	0.0	0	0	0	0	0	0
oewn-10754955-n	tyrant	4	6	14	3	tyrant	0	4	0.0	0	0	0	0	0	0
oewn-10783393-n	waiter	4	6	11	1	waiter	3	4	0.75	3	0	0	0	0	0
oewn-11542881-n	draft	4	6	35	2	draught	0	4	0.0	0	0	0	0	0	0
oewn-13115315-n	veil	4	6	26	1	veil	0	4	0.0	0	0	0	0	0	0
oewn-13158186-n	berry	4	6	11	1	berry	0	4	0.0	0	0	0	0	0	0
oewn-13353685-n	intangible	4	6	13	3	goodwill	2	4	0.5	0	2	0	0	0	0
oewn-13374873-n	means	4	6	51	1	substance	0	4	0.0	0	0	0	0	0	0
oewn-13477740-n	decay	4	6	26	2	decline	0	4	0.0	0	0	0	0	0	0
oewn-13656076-n	magnetomotive force unit	4	6	6	1	gilbert	0	4	0.0	0	0	0	0	0	0
oewn-13890113-n	amorphous shape	4	6	55	1	space	2	4	0.5	0	2	0	0	0	0
oewn-14208283-n	staphylococcal infection	4	6	12	2	carbuncle	3	4	0.75	0	3	0	0	0	0
oewn-14895229-n	flint	4	6	6	1	flint	0	4	0.0	0	0	0	0	0	0
oewn-14978740-n	monoxide	4	6	11	1	CO	0	4	0.0	0	0	0	0	0	0
oewn-05297360-n	skeletal muscle	79	5	19	2	calf	1	79	0.01	1	0	0	0	0	0
oewn-02743769-n	armor plate	38	5	24	3	cannon	3	38	0.08	0	3	0	0	0	0
oewn-01642406-n	frog	34	5	9	2	frog	0	34	0.0	0	0	0	0	0	0
oewn-02127275-n	wildcat	26	5	12	5	painter	0	26	0.0	0	0	0	0	0	0
oewn-00691754-n	plastic surgery	25	5	45	2	lift	1	25	0.04	0	1	0	0	0	0
oewn-02025338-n	shorebird	25	5	8	4	woodcock	1	25	0.04	1	0	0	0	0	0
oewn-07726028-n	root vegetable	24	5	10	4	potato	0	24	0.0	0	0	0	0	0	0
oewn-13131674-n	nut tree	24	5	11	4	walnut	0	24	0.0	0	0	0	0	0	0
oewn-15102617-n	transparent gem	22	5	19	5	diamond	0	22	0.0	0	0	0	0	0	0
oewn-04154560-n	scientific instrument	21	5	20	1	console	0	21	0.0	0	0	0	0	0	0
oewn-00635519-n	analysis	20	5	18	3	anatomy	0	20	0.0	0	0	0	0	0	0
oewn-03439853-n	genre	20	5	14	1	landscape	1	20	0.05	1	0	0	0	0	0
oewn-03626258-n	kitchen utensil	20	5	5	1	mincer	0	20	0.0	0	0	0	0	0	0
oewn-14816873-n	carbohydrate	20	5	15	1	sugar	6	20	0.3	0	6	0	0	0	0
oewn-00533147-n	social dancing	19	5	21	3	twist	2	19	0.11	2	0	0	0	0	0
oewn-00918295-n	farming	19	5	9	5	planting	1	19	0.05	0	1	0	0	0	0
oewn-12426219-n	elm	19	5	9	2	elm	0	19	0.0	0	0	0	0	0	0
oewn-03932386-n	photographic equipment	18	5	45	2	flash	0	18	0.0	0	0	0	0	0	0
oewn-00207151-n	banishment	17	5	15	5	exile	2	17	0.12	0	2	0	0	0	0
oewn-03765483-n	microphone	17	5	10	2	bug	0	17	0.0	0	0	0	0	0	0
oewn-04660287-n	sociability	17	5	14	3	openness	8	17	0.47	4	4	1	0	0	0
oewn-11724138-n	laurel	17	5	23	3	bay	0	17	0.0	0	0	0	0	0	0
oewn-02209508-n	bee	16	5	10	1	bee	1	16	0.06	1	0	0	0	0	0
oewn-04070980-n	recording	16	5	40	3	cover	0	16	0.0	0	0	0	0	0	0
oewn-05521732-n	genitalia	15	5	13	2	crotch	0	15	0.0	0	0	0	0	0	0
oewn-07763031-n	citrus	15	5	22	4	orange	0	15	0.0	0	0	0	0	0	0
oewn-12729053-n	orange	15	5	18	2	orange	0	15	0.0	0	0	0	0	0	0
oewn-14581818-n	paralysis	15	5	7	2	palsy	6	15	0.4	0	6	0	0	0	0
oewn-00540158-n	country-dance	14	5	25	3	swing	0	14	0.0	0	0	0	0	0	0
oewn-01630065-n	amphibian	14	5	10	3	frog	0	14	0.0	0	0	0	0	0	0
oewn-07875260-n	sugar	14	5	15	1	sugar	1	14	0.07	0	1	0	0	0	0
oewn-14236994-n	deformity	14	5	10	1	deformity	4	14	0.29	2	2	1	0	0	0
oewn-04840918-n	meanness	13	5	16	5	littleness	3	13	0.23	3	0	0	0	0	0
oewn-06673687-n	foreign policy	13	5	26	1	interference	2	13	0.15	0	2	0	0	0	0
oewn-02487104-n	catarrhine	12	5	5	1	baboon	0	12	0.0	0	0	0	0	0	0
oewn-05709685-n	process	12	5	38	3	process	2	12	0.17	0	2	0	0	0	0
oewn-13319034-n	fringe benefit	12	5	14	3	tip	0	12	0.0	0	0	0	0	0	0
oewn-13480291-n	defecation	12	5	54	2	movement	0	12	0.0	0	0	0	0	0	0
oewn-14350016-n	headache	12	5	10	1	headache	2	12	0.17	0	2	0	0	0	0
oewn-15303267-n	frequency	12	5	15	2	attendance	0	12	0.0	0	0	0	0	0	0
oewn-00938436-n	painting	11	5	16	4	painting	0	11	0.0	0	0	0	0	0	0
oewn-03287312-n	embellishment	11	5	19	3	flourish	3	11	0.27	0	3	0	0	0	0
oewn-03704730-n	lysergic acid diethylamide	11	5	16	4	pane	0	11	0.0	0	0	0	0	0	0
oewn-04870305-n	stubbornness	11	5	10	2	obstinacy	4	11	0.36	0	4	0	0	0	0
oewn-06302098-n	function word	11	5	12	3	particle	0	11	0.0	0	0	0	0	0	0
oewn-06336363-n	pronoun	11	5	5	2	demonstrative	0	11	0.0	0	0	0	0	0	0
oewn-06607555-n	magazine	11	5	15	4	slick	5	11	0.45	3	2	1	0	0	0
oewn-07066331-n	stanza	11	5	6	3	stanza	0	11	0.0	0	0	0	0	0	0
oewn-07660576-n	chicken	11	5	19	2	chicken	1	11	0.09	1	0	0	0	0	0
oewn-07952503-n	drinking water	11	5	5	2	boiling water	1	11	0.09	1	0	0	0	0	0
oewn-14210023-n	arthritis	11	5	5	1	gout	8	11	0.73	0	8	0	0	0	0
oewn-00311492-n	tour	10	5	17	2	tour	2	10	0.2	2	0	0	0	0	0
oewn-00675401-n	face lift	10	5	45	2	lift	0	10	0.0	0	0	0	0	0	0
oewn-02472545-n	primate	10	5	10	2	monkey	1	10	0.1	1	0	0	0	0	0
oewn-02589174-n	snapper	10	5	14	1	schoolmaster	0	10	0.0	0	0	0	0	0	0
oewn-05601792-n	leg bone	10	5	10	2	shin	0	10	0.0	0	0	0	0	0	0
oewn-05656304-n	awkwardness	10	5	19	4	awkwardness	6	10	0.6	0	6	0	0	0	0
oewn-05833569-n	confirmation	10	5	38	3	check	4	10	0.4	4	0	0	0	0	0
oewn-06396351-n	verse	10	5	16	1	verse	0	10	0.0	0	0	0	0	0	0
oewn-07151648-n	yak	10	5	7	5	chatter	5	10	0.5	0	5	0	0	0	0
oewn-10224540-n	marcher	10	5	7	2	grenadier	0	10	0.0	0	0	0	0	0	0
oewn-13159085-n	drupe	10	5	21	4	cherry	0	10	0.0	0	0	0	0	0	0
oewn-14969026-n	macromolecule	10	5	15	1	sugar	0	10	0.0	0	0	0	0	0	0
oewn-00269401-n	restoration	9	5	20	2	renewal	0	9	0.0	0	0	0	0	0	0
oewn-02899704-n	breeches	9	5	5	1	britches	1	9	0.11	0	1	0	0	0	0
oewn-03033305-n	chute	9	5	28	2	slide	0	9	0.0	0	0	0	0	0	0
oewn-03946989-n	pin	9	5	26	4	pin	0	9	0.0	0	0	0	0	0	0
oewn-04645280-n	permissiveness	9	5	28	3	indulgence	5	9	0.56	5	0	0	0	0	0
oewn-04980068-n	light brown	9	5	8	4	tan	0	9	0.0	0	0	0	0	0	0
oewn-05584204-n	arch	9	5	18	2	arch	0	9	0.0	0	0	0	0	0	0
oewn-06287350-n	broadcasting	9	5	26	1	reception	0	9	0.0	0	0	0	0	0	0
oewn-06489042-n	card	9	5	60	1	card	0	9	0.0	0	0	0	0	0	0
oewn-06639513-n	card	9	5	60	1	card	0	9	0.0	0	0	0	0	0	0
oewn-08233821-n	section	9	5	39	2	brass	0	9	0.0	0	0	0	0	0	0
oewn-08509556-n	air lane	9	5	49	1	approach	0	9	0.0	0	0	0	0	0	0
oewn-09961443-n	commanding officer	9	5	21	1	commander	1	9	0.11	1	0	0	0	0	0
oewn-10374597-n	neurotic	9	5	5	1	hysteric	3	9	0.33	0	3	0	0	0	0
oewn-14400260-n	delusion	9	5	14	2	delusion	3	9	0.33	1	2	1	0	0	0
oewn-00073628-n	miscalculation	8	5	5	1	rounding	0	8	0.0	0	0	0	0	0	0
oewn-00806695-n	regulation	8	5	17	4	limitation	0	8	0.0	0	0	0	0	0	0
oewn-01218392-n	support	8	5	42	3	support	0	8	0.0	0	0	0	0	0	0
oewn-02017595-n	rail	8	5	26	1	rail	0	8	0.0	0	0	0	0	0	0
oewn-02119787-n	hyena	8	5	5	1	hyena	0	8	0.0	0	0	0	0	0	0
oewn-02817668-n	beach wagon	8	5	19	1	wagon	0	8	0.0	0	0	0	0	0	0
oewn-04053683-n	rail	8	5	26	1	rail	0	8	0.0	0	0	0	0	0	0
oewn-04125870-n	rule	8	5	49	2	rule	0	8	0.0	0	0	0	0	0	0
oewn-05206554-n	effectiveness	8	5	5	1	efficacy	6	8	0.75	6	0	0	0	0	0
oewn-10039277-n	diver	8	5	10	1	diver	0	8	0.0	0	0	0	0	0	0
oewn-13329169-n	fare	8	5	21	1	fare	0	8	0.0	0	0	0	0	0	0
oewn-15030283-n	roofing material	8	5	16	3	slate	0	8	0.0	0	0	0	0	0	0
oewn-15128784-n	wool	8	5	19	3	fleece	2	8	0.25	0	2	0	0	0	0
oewn-00381504-n	blend	7	5	12	3	blending	0	7	0.0	0	0	0	0	0	0
oewn-01129944-n	imposition	7	5	28	3	protection	0	7	0.0	0	0	0	0	0	0
oewn-01999239-n	copepod	7	5	10	1	brit	1	7	0.14	1	0	0	0	0	0
oewn-02410605-n	buffalo	7	5	15	1	buffalo	0	7	0.0	0	0	0	0	0	0
oewn-02919696-n	bullet	7	5	16	1	bullet	1	7	0.14	0	1	0	0	0	0
oewn-04522033-n	upper deck	7	5	30	2	bridge	3	7	0.43	1	2	1	0	0	0
oewn-04601545-n	wire	7	5	20	1	wire	0	7	0.0	0	0	0	0	0	0
oewn-04699986-n	birthmark	7	5	12	2	strawberry	0	7	0.0	0	0	0	0	0	0
oewn-04913648-n	submissiveness	7	5	6	4	obsequiousness	6	7	0.86	4	2	1	0	0	0
oewn-05314590-n	canine	7	5	12	2	fang	0	7	0.0	0	0	0	0	0	0
oewn-05463488-n	visual cell	7	5	27	2	rod	0	7	0.0	0	0	0	0	0	0
oewn-06274262-n	print media	7	5	41	2	press	0	7	0.0	0	0	0	0	0	0
oewn-06540774-n	appraisal	7	5	20	2	estimation	4	7	0.57	4	0	0	0	0	0
oewn-06837277-n	capital	7	5	30	1	capital	0	7	0.0	0	0	0	0	0	0
oewn-07045239-n	accompaniment	7	5	40	2	support	0	7	0.0	0	0	0	0	0	0
oewn-07072336-n	marching music	7	5	28	1	march	0	7	0.0	0	0	0	0	0	0
oewn-07387877-n	union	7	5	32	3	union	0	7	0.0	0	0	0	0	0	0
oewn-08419399-n	deputation	7	5	36	3	commission	0	7	0.0	0	0	0	0	0	0
oewn-10758172-n	union representative	7	5	23	1	steward	0	7	0.0	0	0	0	0	0	0
oewn-13974433-n	low status	7	5	15	3	inferiority	6	7	0.86	0	6	0	0	0	0
oewn-14004330-n	conflict	7	5	19	6	conflict	0	7	0.0	0	0	0	0	0	0
oewn-14312373-n	bruise	7	5	11	4	mouse	5	7	0.71	0	5	0	0	0	0
oewn-14581490-n	dysfunction	7	5	7	2	palsy	3	7	0.43	0	3	0	0	0	0
oewn-00039759-n	interaction	6	5	27	2	contact	1	6	0.17	1	0	0	0	0	0
oewn-00939472-n	sculpture	6	5	14	3	carving	0	6	0.0	0	0	0	0	0	0
oewn-01328656-n	crest	6	5	20	4	comb	0	6	0.0	0	0	0	0	0	0
oewn-02141851-n	bat	6	5	26	1	bat	0	6	0.0	0	0	0	0	0	0
oewn-02735832-n	arbor	6	5	5	2	bower	0	6	0.0	0	0	0	0	0	0
oewn-03392169-n	foundation garment	6	5	31	2	foundation	0	6	0.0	0	0	0	0	0	0
oewn-03414303-n	gable	6	5	5	2	gable	0	6	0.0	0	0	0	0	0	0
oewn-03694269-n	lookout	6	5	18	2	lookout	0	6	0.0	0	0	0	0	0	0
oewn-04078988-n	register	6	5	42	2	counter	0	6	0.0	0	0	0	0	0	0
oewn-04191478-n	shaper	6	5	16	1	miller	0	6	0.0	0	0	0	0	0	0
oewn-04316486-n	steamer	6	5	23	2	tramp	0	6	0.0	0	0	0	0	0	0
oewn-04436510-n	throne	6	5	15	1	throne	0	6	0.0	0	0	0	0	0	0
oewn-04710036-n	distinctness	6	5	15	4	definition	4	6	0.67	4	0	0	0	0	0
oewn-04851856-n	unfeelingness	6	5	11	2	insensibility	0	6	0.0	0	0	0	0	0	0
oewn-05272255-n	funiculus	6	5	5	3	spinal cord	0	6	0.0	0	0	0	0	0	0
oewn-05627526-n	brilliance	6	5	23	2	genius	3	6	0.5	3	0	0	0	0	0
oewn-05704390-n	substitute	6	5	14	2	substitute	1	6	0.17	0	1	0	0	0	0
oewn-05934868-n	wisdom	6	5	20	2	wisdom	5	6	0.83	5	0	0	0	0	0
oewn-06515715-n	entry	6	5	29	1	entry	0	6	0.0	0	0	0	0	0	0
oewn-06676796-n	regulation	6	5	15	3	assize	0	6	0.0	0	0	0	0	0	0
oewn-07245162-n	naming	6	5	15	2	indication	1	6	0.17	1	0	0	0	0	0
oewn-07314187-n	error	6	5	35	1	error	4	6	0.67	0	4	0	0	0	0
oewn-09824898-n	architect	6	5	5	1	architect	0	6	0.0	0	0	0	0	0	0
oewn-09927966-n	chaplain	6	5	5	1	chaplain	0	6	0.0	0	0	0	0	0	0
oewn-09963639-n	committee member	6	5	13	3	director	0	6	0.0	0	0	0	0	0	0
oewn-10675033-n	steward	6	5	23	1	steward	0	6	0.0	0	0	0	0	0	0
oewn-10781361-n	vulgarian	6	5	15	2	pig	0	6	0.0	0	0	0	0	0	0
oewn-13291061-n	contribution	6	5	20	2	offering	0	6	0.0	0	0	0	0	0	0
oewn-13858570-n	angular position	6	5	28	3	depression	0	6	0.0	0	0	0	0	0	0
oewn-14038092-n	torpor	6	5	15	3	lethargy	0	6	0.0	0	0	0	0	0	0
oewn-00199300-n	promotion	5	5	16	4	promotion	1	5	0.2	1	0	0	0	0	0
oewn-00203133-n	resistance	5	5	35	3	opposition	3	5	0.6	0	3	0	0	0	0
oewn-00312513-n	pilgrimage	5	5	5	1	pilgrimage	3	5	0.6	0	3	0	0	0	0
oewn-00396605-n	emptying	5	5	7	3	emptying	0	5	0.0	0	0	0	0	0	0
oewn-00876924-n	estimate	5	5	20	2	estimation	3	5	0.6	3	0	0	0	0	0
oewn-01137850-n	supervision	5	5	6	3	supervision	0	5	0.0	0	0	0	0	0	0
oewn-03118308-n	costume	5	5	15	3	costume	0	5	0.0	0	0	0	0	0	0
oewn-03131358-n	crane	5	5	10	2	crane	1	5	0.2	1	0	0	0	0	0
oewn-03164975-n	dam	5	5	16	1	dam	0	5	0.0	0	0	0	0	0	0
oewn-03332786-n	fender	5	5	53	2	wing	0	5	0.0	0	0	0	0	0	0
oewn-03733437-n	mat	5	5	31	2	canvas	0	5	0.0	0	0	0	0	0	0
oewn-03901930-n	passenger train	5	5	16	1	bullet	0	5	0.0	0	0	0	0	0	0
oewn-04504300-n	tumbler	5	5	31	3	pin	0	5	0.0	0	0	0	0	0	0
oewn-04676176-n	trustworthiness	5	5	14	1	responsibility	4	5	0.8	4	0	0	0	0	0
oewn-04916012-n	stubbornness	5	5	10	2	obstinacy	4	5	0.8	0	4	0	0	0	0
oewn-04920745-n	graciousness	5	5	12	4	smoothness	5	5	1.0	5	0	0	0	0	0
oewn-05160767-n	competence	5	5	8	4	proficiency	3	5	0.6	3	0	0	0	0	0
oewn-05691020-n	curiousness	5	5	6	3	prying	3	5	0.6	0	3	0	0	0	0
oewn-05919534-n	agenda	5	5	21	1	fare	0	5	0.0	0	0	0	0	0	0
oewn-06184139-n	grammar	5	5	5	1	grammar	0	5	0.0	0	0	0	0	0	0
oewn-06191300-n	descriptive linguistics	5	5	5	1	grammar	0	5	0.0	0	0	0	0	0	0
oewn-06348274-n	surname	5	5	5	3	family name	0	5	0.0	0	0	0	0	0	0
oewn-06524571-n	application	5	5	37	1	application	0	5	0.0	0	0	0	0	0	0
oewn-06888747-n	sign language	5	5	5	1	signing	0	5	0.0	0	0	0	0	0	0
oewn-07232009-n	presentation	5	5	37	2	introduction	0	5	0.0	0	0	0	0	0	0
oewn-07840964-n	pickle	5	5	11	2	pickle	1	5	0.2	0	1	0	0	0	0
oewn-08130409-n	priesthood	5	5	6	2	clergy	0	5	0.0	0	0	0	0	0	0
oewn-08375259-n	rally	5	5	13	2	revival	0	5	0.0	0	0	0	0	0	0
oewn-10362098-n	mute	5	5	12	2	mute	3	5	0.6	0	3	0	0	0	0
oewn-10582177-n	scout	5	5	27	2	guide	0	5	0.0	0	0	0	0	0	0
oewn-10761024-n	urchin	5	5	5	2	urchin	3	5	0.6	0	3	0	0	0	0
oewn-11430412-n	crystallization	5	5	23	2	bloom	0	5	0.0	0	0	0	0	0	0
oewn-11522915-n	shower	5	5	24	3	shower	0	5	0.0	0	0	0	0	0	0
oewn-11525316-n	drag	5	5	32	1	drag	0	5	0.0	0	0	0	0	0	0
oewn-13481502-n	degeneration	5	5	49	1	attack	2	5	0.4	2	0	0	0	0	0
oewn-13803882-n	personal relation	5	5	24	1	obligation	0	5	0.0	0	0	0	0	0	0
oewn-13951421-n	relationship	5	5	19	2	relationship	4	5	0.8	4	0	0	0	0	0
oewn-14053917-n	sleepiness	5	5	5	2	drowsiness	0	5	0.0	0	0	0	0	0	0
oewn-14964038-n	fluid	5	5	13	2	fluid	0	5	0.0	0	0	0	0	0	0
oewn-00127056-n	crash	4	5	26	2	crash	0	4	0.0	0	0	0	0	0	0
oewn-00360729-n	trim	4	5	15	2	trim	3	4	0.75	3	0	0	0	0	0
oewn-00361583-n	subtraction	4	5	40	3	bite	0	4	0.0	0	0	0	0	0	0
oewn-00407433-n	fold	4	5	25	2	fold	0	4	0.0	0	0	0	0	0	0
oewn-00540988-n	square dance	4	5	17	2	reel	1	4	0.25	1	0	0	0	0	0
oewn-00714846-n	handling	4	5	15	3	handling	1	4	0.25	0	1	0	0	0	0
oewn-00950950-n	application	4	5	37	1	application	1	4	0.25	0	1	0	0	0	0
oewn-01171059-n	competition	4	5	12	3	competition	0	4	0.0	0	0	0	0	0	0
oewn-01206909-n	honoring	4	5	8	3	observance	1	4	0.25	1	0	0	0	0	0
oewn-03013574-n	chart	4	5	16	1	chart	3	4	0.75	3	0	0	0	0	0
oewn-03078384-n	column	4	5	33	2	column	0	4	0.0	0	0	0	0	0	0
oewn-03649562-n	lash-up	4	5	36	2	patch	0	4	0.0	0	0	0	0	0	0
oewn-03735644-n	materiel	4	5	14	2	baggage	0	4	0.0	0	0	0	0	0	0
oewn-03771579-n	miller	4	5	16	1	miller	0	4	0.0	0	0	0	0	0	0
oewn-03879526-n	paddle	4	5	21	1	paddle	0	4	0.0	0	0	0	0	0	0
oewn-03905846-n	patio	4	5	10	1	terrace	0	4	0.0	0	0	0	0	0	0
oewn-03986536-n	pommel	4	5	44	2	horn	0	4	0.0	0	0	0	0	0	0
oewn-04093385-n	revolver	4	5	10	1	revolver	0	4	0.0	0	0	0	0	0	0
oewn-04645942-n	indulgence	4	5	30	2	indulgence	4	4	1.0	3	1	1	0	0	0
oewn-04720704-n	agreement	4	5	26	2	correspondence	0	4	0.0	0	0	0	0	0	0
oewn-04748551-n	mutability	4	5	9	2	vicissitude	3	4	0.75	3	0	0	0	0	0
oewn-04796210-n	pretentiousness	4	5	15	3	pretension	4	4	1.0	3	1	1	0	0	0
oewn-04809652-n	incorrectness	4	5	35	1	error	4	4	1.0	0	4	0	0	0	0
oewn-04809878-n	erroneousness	4	5	37	2	error	3	4	0.75	1	2	1	0	0	0
oewn-04915168-n	defiance	4	5	14	1	defiance	3	4	0.75	2	1	1	0	0	0
oewn-05731508-n	itch	4	5	8	2	itch	4	4	1.0	0	4	0	0	0	0
oewn-05845694-n	trap	4	5	37	2	trap	0	4	0.0	0	0	0	0	0	0
oewn-05905340-n	delusion	4	5	14	2	delusion	2	4	0.5	0	2	0	0	0	0
oewn-06627914-n	attraction	4	5	24	1	attraction	0	4	0.0	0	0	0	0	0	0
oewn-07128731-n	schwa	4	5	20	1	murmur	0	4	0.0	0	0	0	0	0	0
oewn-07939274-n	ice-cream soda	4	5	36	1	float	0	4	0.0	0	0	0	0	0	0
oewn-07992356-n	bee	4	5	10	1	bee	0	4	0.0	0	0	0	0	0	0
oewn-08067137-n	polity	4	5	20	1	government	0	4	0.0	0	0	0	0	0	0
oewn-08169784-n	clergy	4	5	5	1	clergy	0	4	0.0	0	0	0	0	0	0
oewn-08535783-n	capital	4	5	30	1	capital	0	4	0.0	0	0	0	0	0	0
oewn-08589006-n	finishing line	4	5	21	2	wire	0	4	0.0	0	0	0	0	0	0
oewn-09252948-n	burrow	4	5	11	3	tunnel	0	4	0.0	0	0	0	0	0	0
oewn-09282916-n	crust	4	5	45	2	plate	0	4	0.0	0	0	0	0	0	0
oewn-09420482-n	pool	4	5	39	2	pool	1	4	0.25	0	1	0	0	0	0
oewn-10122138-n	forebear	4	5	5	1	forbear	0	4	0.0	0	0	0	0	0	0
oewn-10535609-n	refugee	4	5	5	1	refugee	0	4	0.0	0	0	0	0	0	0
oewn-10561390-n	civil authority	4	5	5	2	mayor	0	4	0.0	0	0	0	0	0	0
oewn-14358219-n	heart murmur	4	5	20	1	murmur	0	4	0.0	0	0	0	0	0	0
oewn-14520949-n	neatness	4	5	13	2	trim	2	4	0.5	2	0	0	0	0	0
oewn-15246614-n	solstice	4	5	5	1	midsummer	0	4	0.0	0	0	0	0	0	0
oewn-15302716-n	flow	4	5	33	1	flow	0	4	0.0	0	0	0	0	0	0
oewn-14525310-n	abnormality	87	4	15	5	irritation	30	87	0.34	6	24	1	0	0	0
oewn-12445786-n	liliaceous plant	64	4	4	2	lily	5	64	0.08	5	0	0	0	0	0
oewn-06177044-n	philosophical doctrine	54	4	17	7	realism	6	54	0.11	5	1	1	0	0	0
oewn-11767937-n	legume	46	4	13	3	bean	0	46	0.0	0	0	0	0	0	0
oewn-01848972-n	duck	40	4	14	4	duck	0	40	0.0	0	0	0	0	0	0
oewn-10459618-n	player	35	4	19	3	seed	0	35	0.0	0	0	0	0	0	0
oewn-07129729-n	consonant	32	4	8	3	liquid	4	32	0.12	0	4	0	0	0	0
oewn-13145876-n	root	31	4	26	3	root	0	31	0.0	0	0	0	0	0	0
oewn-07714660-n	pasta	30	4	7	1	dumpling	0	30	0.0	0	0	0	0	0	0
oewn-10438792-n	pervert	25	4	6	4	degenerate	6	25	0.24	5	1	1	0	0	0
oewn-10411352-n	painter	24	4	10	2	painter	2	24	0.08	1	1	1	0	0	0
oewn-15274610-n	anniversary	24	4	8	3	birthday	0	24	0.0	0	0	0	0	0	0
oewn-01677105-n	lizard	23	4	4	1	lizard	0	23	0.0	0	0	0	0	0	0
oewn-14156641-n	venereal disease	23	4	14	2	clap	10	23	0.43	0	10	0	0	0	0
oewn-12408356-n	violet	22	4	7	1	violet	0	22	0.0	0	0	0	0	0	0
oewn-00538719-n	folk dancing	20	4	8	3	jig	0	20	0.0	0	0	0	0	0	0
oewn-01351171-n	bacteria	20	4	25	1	rod	2	20	0.1	1	1	1	0	0	0
oewn-02028713-n	sandpiper	20	4	26	2	knot	0	20	0.0	0	0	0	0	0	0
oewn-08073958-n	agency	20	4	15	2	agency	0	20	0.0	0	0	0	0	0	0
oewn-12432427-n	iris	20	4	27	1	flag	1	20	0.05	0	1	0	0	0	0
oewn-03825135-n	net	19	4	15	5	net	0	19	0.0	0	0	0	0	0	0
oewn-09701687-n		19	4	6	2	assassin	1	19	0.05	1	0	0	0	0	0
oewn-04745174-n	changelessness	18	4	11	4	constancy	11	18	0.61	4	7	1	0	0	0
oewn-07792842-n	seafood	18	4	9	2	squid	2	18	0.11	0	2	0	0	0	0
oewn-13476660-n	data processing	18	4	43	1	operation	0	18	0.0	0	0	0	0	0	0
oewn-01099197-n	market	17	4	18	1	market	0	17	0.0	0	0	0	0	0	0
oewn-04395830-n	tank	17	4	11	2	cistern	0	17	0.0	0	0	0	0	0	0
oewn-06067070-n	anatomy	17	4	11	2	anatomy	0	17	0.0	0	0	0	0	0	0
oewn-13529536-n	linguistic process	17	4	22	4	drift	0	17	0.0	0	0	0	0	0	0
oewn-02043900-n	gull	16	4	9	3	gull	0	16	0.0	0	0	0	0	0	0
oewn-02222138-n	ant	16	4	4	1	ant	1	16	0.06	0	1	0	0	0	0
oewn-04564594-n	water-base paint	16	4	25	2	wash	0	16	0.0	0	0	0	0	0	0
oewn-07708359-n	sweet roll	16	4	4	1	danish	6	16	0.38	0	6	0	0	0	0
oewn-10045455-n	donor	16	4	6	3	giver	2	16	0.12	2	0	0	0	0	0
oewn-15129835-n	writing paper	16	4	22	4	bond	2	16	0.12	2	0	0	0	0	0
oewn-03093470-n	conduit	15	4	11	6	tube	0	15	0.0	0	0	0	0	0	0
oewn-03293936-n	engraving	15	4	13	2	engraving	0	15	0.0	0	0	0	0	0	0
oewn-03635277-n	lab	15	4	7	1	laboratory	0	15	0.0	0	0	0	0	0	0
oewn-07146562-n	articulation	15	4	14	3	thickness	0	15	0.0	0	0	0	0	0	0
oewn-07729140-n	cruciferous vegetable	15	4	9	3	cabbage	0	15	0.0	0	0	0	0	0	0
oewn-10140473-n	garmentmaker	15	4	4	2	seamstress	0	15	0.0	0	0	0	0	0	0
oewn-11650468-n	cedar	15	4	10	2	cedar	0	15	0.0	0	0	0	0	0	0
oewn-12752161-n	poplar	15	4	9	2	cottonwood	0	15	0.0	0	0	0	0	0	0
oewn-01527000-n	passerine	14	4	7	1	sparrow	0	14	0.0	0	0	0	0	0	0
oewn-02357879-n	squirrel	14	4	8	1	squirrel	0	14	0.0	0	0	0	0	0	0
oewn-03133170-n	cream	14	4	8	3	cream	0	14	0.0	0	0	0	0	0	0
oewn-03277294-n	electric lamp	14	4	12	3	torch	0	14	0.0	0	0	0	0	0	0
oewn-03839580-n	nuclear reactor	14	4	35	1	pile	0	14	0.0	0	0	0	0	0	0
oewn-04261887-n	sock	14	4	8	2	sock	2	14	0.14	0	2	0	0	0	0
oewn-06711015-n	bachelor's degree	14	4	7	3	AB	1	14	0.07	0	1	0	0	0	0
oewn-00184354-n	vote	13	4	13	3	vote	1	13	0.08	0	1	0	0	0	0
oewn-00468787-n	field game	13	4	5	2	hurling	0	13	0.0	0	0	0	0	0	0
oewn-01158925-n	mobilization	13	4	11	3	muster	0	13	0.0	0	0	0	0	0	0
oewn-01666042-n	sea turtle	13	4	8	2	loggerhead	0	13	0.0	0	0	0	0	0	0
oewn-01841239-n	woodpecker	13	4	7	3	flicker	0	13	0.0	0	0	0	0	0	0
oewn-04674763-n	femininity	13	4	15	2	softness	2	13	0.15	2	0	0	0	0	0
oewn-04826257-n	comprehensibility	13	4	7	1	clearness	9	13	0.69	9	0	0	0	0	0
oewn-07725752-n	solanaceous vegetable	13	4	9	3	potato	0	13	0.0	0	0	0	0	0	0
oewn-08077282-n	manufacturer	13	4	8	2	maker	0	13	0.0	0	0	0	0	0	0
oewn-10431296-n	peddler	13	4	5	2	peddler	1	13	0.08	0	1	0	0	0	0
oewn-10813210-n	wright	13	4	4	1	wright	0	13	0.0	0	0	0	0	0	0
oewn-11828448-n	pink	13	4	10	2	pink	1	13	0.08	1	0	0	0	0	0
oewn-14134156-n	cardiac arrhythmia	13	4	14	1	flutter	6	13	0.46	2	4	1	0	0	0
oewn-14741158-n	brass	13	4	29	1	brass	0	13	0.0	0	0	0	0	0	0
oewn-14994225-n	opaque gem	13	4	11	2	coral	0	13	0.0	0	0	0	0	0	0
oewn-00780744-n	bunco	12	4	17	4	sting	0	12	0.0	0	0	0	0	0	0
oewn-02641226-n	ganoid	12	4	4	2	sturgeon	0	12	0.0	0	0	0	0	0	0
oewn-03472449-n	guitar	12	4	4	1	guitar	1	12	0.08	1	0	0	0	0	0
oewn-10028370-n	destroyer	12	4	7	1	destroyer	3	12	0.25	0	3	0	0	0	0
oewn-13872501-n	scale	12	4	29	2	scale	4	12	0.33	0	4	0	0	0	0
oewn-14437698-n	separation	12	4	26	3	separation	0	12	0.0	0	0	0	0	0	0
oewn-00434156-n	sport	11	4	25	1	sport	0	11	0.0	0	0	0	0	0	0
oewn-00500077-n	table game	11	4	34	1	pool	0	11	0.0	0	0	0	0	0	0
oewn-01795281-n	hen	11	4	17	2	layer	0	11	0.0	0	0	0	0	0	0
oewn-02419165-n	goat	11	4	9	3	kid	0	11	0.0	0	0	0	0	0	0
oewn-02452665-n	marten	11	4	11	3	sable	0	11	0.0	0	0	0	0	0	0
oewn-02994503-n	cell	11	4	30	1	cell	0	11	0.0	0	0	0	0	0	0
oewn-04279164-n	spectacles	11	4	4	2	goggles	1	11	0.09	0	1	0	0	0	0
oewn-04679712-n	conscientiousness	11	4	13	1	diligence	3	11	0.27	3	0	0	0	0	0
oewn-05887047-n		11	4	11	4	similarity	0	11	0.0	0	0	0	0	0	0
oewn-07084469-n	grandiosity	11	4	14	3	flourish	0	11	0.0	0	0	0	0	0	0
oewn-07739304-n	lettuce	11	4	9	2	iceberg	2	11	0.18	0	2	0	0	0	0
oewn-09416001-n	pit	11	4	21	3	pit	0	11	0.0	0	0	0	0	0	0
oewn-12223453-n	linden	11	4	9	2	cottonwood	0	11	0.0	0	0	0	0	0	0
oewn-14844350-n	concrete	11	4	4	1	concrete	0	11	0.0	0	0	0	0	0	0
oewn-14878998-n	droppings	11	4	18	3	chip	0	11	0.0	0	0	0	0	0	0
oewn-03330033-n	faucet	10	4	18	4	cock	0	10	0.0	0	0	0	0	0	0
oewn-03348200-n	fipple flute	10	4	22	2	whistle	0	10	0.0	0	0	0	0	0	0
oewn-04026692-n	pulley	10	4	26	2	block	0	10	0.0	0	0	0	0	0	0
oewn-04710772-n	opacity	10	4	16	4	softness	3	10	0.3	3	0	0	0	0	0
oewn-05855459-n	rule	10	4	47	1	rule	0	10	0.0	0	0	0	0	0	0
oewn-05870439-n	polynomial	10	4	28	1	series	0	10	0.0	0	0	0	0	0	0
oewn-07800498-n	herring	10	4	7	3	herring	0	10	0.0	0	0	0	0	0	0
oewn-08249977-n	union	10	4	31	2	union	0	10	0.0	0	0	0	0	0	0
oewn-08266881-n	dance band	10	4	50	1	band	0	10	0.0	0	0	0	0	0	0
oewn-09392066-n	nest	10	4	18	3	nest	0	10	0.0	0	0	0	0	0	0
oewn-09779206-n	accessory	10	4	10	2	confederate	0	10	0.0	0	0	0	0	0	0
oewn-09845606-n	aviator	10	4	27	1	pilot	0	10	0.0	0	0	0	0	0	0
oewn-09909143-n	campaigner	10	4	8	3	candidate	3	10	0.3	0	3	0	0	0	0
oewn-10023944-n	dentist	10	4	4	1	dentist	0	10	0.0	0	0	0	0	0	0
oewn-10300371-n	magician	10	4	7	2	magician	0	10	0.0	0	0	0	0	0	0
oewn-10614572-n	sibling	10	4	8	1	twin	0	10	0.0	0	0	0	0	0	0
oewn-12232878-n	vegetable	10	4	7	1	vegetable	0	10	0.0	0	0	0	0	0	0
oewn-12408150-n	viola	10	4	9	2	violet	0	10	0.0	0	0	0	0	0	0
oewn-14161311-n	meningitis	10	4	4	1	brain fever	9	10	0.9	0	9	0	0	0	0
oewn-14700203-n	garnet	10	4	7	1	carbuncle	0	10	0.0	0	0	0	0	0	0
oewn-15020108-n	sandstone	10	4	7	1	grit	3	10	0.3	0	3	0	0	0	0
oewn-00033122-n	social relation	9	4	13	2	chemistry	0	9	0.0	0	0	0	0	0	0
oewn-00302018-n	flight	9	4	38	1	flight	0	9	0.0	0	0	0	0	0	0
oewn-00636255-n	police work	9	4	5	3	detection	0	9	0.0	0	0	0	0	0	0
oewn-00775604-n	sexual assault	9	4	14	3	assault	4	9	0.44	4	0	0	0	0	0
oewn-00917553-n	cultivation	9	4	13	5	cultivation	0	9	0.0	0	0	0	0	0	0
oewn-01616256-n	young bird	9	4	5	3	young bird	2	9	0.22	2	0	0	0	0	0
oewn-02525030-n	cod	9	4	12	2	cod	2	9	0.22	0	2	0	0	0	0
oewn-02532403-n	clupeid fish	9	4	7	3	herring	0	9	0.0	0	0	0	0	0	0
oewn-02892666-n	brake	9	4	12	2	emergency	0	9	0.0	0	0	0	0	0	0
oewn-03294179-n	engraving	9	4	13	2	engraving	0	9	0.0	0	0	0	0	0	0
oewn-03341784-n	file	9	4	16	1	file	0	9	0.0	0	0	0	0	0	0
oewn-03426982-n	gas burner	9	4	27	1	pilot	0	9	0.0	0	0	0	0	0	0
oewn-04387704-n	table linen	9	4	8	2	napkin	0	9	0.0	0	0	0	0	0	0
oewn-04703780-n	wart	9	4	11	1	wart	2	9	0.22	0	2	0	0	0	0
oewn-04889024-n	self-discipline	9	4	8	3	self-denial	2	9	0.22	2	0	0	0	0	0
oewn-05005695-n	physique	9	4	9	1	build	1	9	0.11	1	0	0	0	0	0
oewn-05051824-n	temporal arrangement	9	4	20	2	succession	0	9	0.0	0	0	0	0	0	0
oewn-05291832-n	vertebra	9	4	4	1	vertebra	0	9	0.0	0	0	0	0	0	0
oewn-05469392-n	muscular structure	9	4	9	2	gorge	0	9	0.0	0	0	0	0	0	0
oewn-05483530-n	nerve pathway	9	4	10	2	pathway	1	9	0.11	1	0	0	0	0	0
oewn-05680235-n	amnesia	9	4	8	1	forgetfulness	1	9	0.11	1	0	0	0	0	0
oewn-06624351-n	folderol	9	4	13	2	trash	0	9	0.0	0	0	0	0	0	0
oewn-06874680-n	mode	9	4	24	1	mode	0	9	0.0	0	0	0	0	0	0
oewn-07281865-n	staff	9	4	19	5	staff	0	9	0.0	0	0	0	0	0	0
oewn-07382856-n	suspension	9	4	11	4	respite	1	9	0.11	0	1	0	0	0	0
oewn-07654285-n	friedcake	9	4	6	3	fritter	0	9	0.0	0	0	0	0	0	0
oewn-08536123-n	river basin	9	4	19	1	basin	0	9	0.0	0	0	0	0	0	0
oewn-09307495-n	fossil	9	4	8	1	fossil	0	9	0.0	0	0	0	0	0	0
oewn-09567562-n	genie	9	4	4	1	genie	1	9	0.11	0	1	0	0	0	0
oewn-11477177-n	field	9	4	75	1	field	0	9	0.0	0	0	0	0	0	0
oewn-14251630-n	keratosis	9	4	11	1	wart	8	9	0.89	1	7	1	0	0	0
oewn-14325525-n	vital sign	9	4	18	1	pulse	0	9	0.0	0	0	0	0	0	0
oewn-92433710-n	G-series agent	9	4	4	1	G agent	0	9	0.0	0	0	0	0	0	0
oewn-00040890-n	interchange	8	4	18	2	interchange	2	8	0.25	2	0	0	0	0	0
oewn-00056135-n	desertion	8	4	8	3	desertion	2	8	0.25	0	2	0	0	0	0
oewn-00080218-n	trading	8	4	4	1	trading	1	8	0.12	0	1	0	0	0	0
oewn-00198621-n	replacement	8	4	5	2	replacing	0	8	0.0	0	0	0	0	0	0
oewn-00219075-n	annihilation	8	4	7	1	annihilation	0	8	0.0	0	0	0	0	0	0
oewn-01056469-n	inhabitancy	8	4	13	2	habitation	0	8	0.0	0	0	0	0	0	0
oewn-01400138-n	seaweed	8	4	9	3	wrack	4	8	0.5	0	4	0	0	0	0
oewn-02779210-n	bait	8	4	9	3	bait	0	8	0.0	0	0	0	0	0	0
oewn-02869005-n	bolt	8	4	30	1	bolt	0	8	0.0	0	0	0	0	0	0
oewn-03123190-n	counterweight	8	4	15	4	balance	0	8	0.0	0	0	0	0	0	0
oewn-03218956-n	ditch	8	4	9	4	ditch	0	8	0.0	0	0	0	0	0	0
oewn-03983318-n	pole	8	4	40	1	pole	0	8	0.0	0	0	0	0	0	0
oewn-04018203-n	propeller	8	4	14	3	screw	0	8	0.0	0	0	0	0	0	0
oewn-04051578-n	radiotelephone	8	4	30	1	cell	0	8	0.0	0	0	0	0	0	0
oewn-04166119-n	seal	8	4	31	3	seal	0	8	0.0	0	0	0	0	0	0
oewn-04886056-n	infidelity	8	4	6	3	inconstancy	1	8	0.12	1	0	0	0	0	0
oewn-04891645-n	indiscipline	8	4	18	1	indulgence	7	8	0.88	3	4	1	0	0	0
oewn-04900553-n	frugality	8	4	12	2	economy	4	8	0.5	4	0	0	0	0	0
oewn-05092779-n	nearness	8	4	9	5	closeness	0	8	0.0	0	0	0	0	0	0
oewn-05157835-n	inutility	8	4	5	3	futility	4	8	0.5	2	2	1	0	0	0
oewn-05783404-n	prophecy	8	4	9	3	prophecy	0	8	0.0	0	0	0	0	0	0
oewn-05871305-n	series	8	4	28	1	series	0	8	0.0	0	0	0	0	0	0
oewn-06520807-n	file	8	4	16	1	file	0	8	0.0	0	0	0	0	0	0
oewn-06757091-n	definition	8	4	8	1	definition	1	8	0.12	0	1	0	0	0	0
oewn-07717938-n	dumpling	8	4	7	1	dumpling	0	8	0.0	0	0	0	0	0	0
oewn-07977383-n	tuft	8	4	6	4	tussock	0	8	0.0	0	0	0	0	0	0
oewn-09921806-n	trooper	8	4	5	4	lancer	0	8	0.0	0	0	0	0	0	0
oewn-10311713-n	man of means	8	4	4	3	rich man	0	8	0.0	0	0	0	0	0	0
oewn-12164193-n	corn	8	4	22	3	corn	0	8	0.0	0	0	0	0	0	0
oewn-13165571-n	grape	8	4	10	2	grape	0	8	0.0	0	0	0	0	0	0
oewn-14572505-n	disability of walking	8	4	5	2	limping	1	8	0.12	0	1	0	0	0	0
oewn-00351206-n	diversion	7	4	12	3	diversion	0	7	0.0	0	0	0	0	0	0
oewn-00774891-n	rape	7	4	14	3	assault	6	7	0.86	6	0	0	0	0	0
oewn-00925258-n	industry	7	4	14	2	industry	0	7	0.0	0	0	0	0	0	0
oewn-00926639-n	fabrication	7	4	14	4	formation	0	7	0.0	0	0	0	0	0	0
oewn-01024425-n	discontinuance	7	4	4	2	dismount	0	7	0.0	0	0	0	0	0	0
oewn-01026334-n	medical procedure	7	4	43	1	operation	0	7	0.0	0	0	0	0	0	0
oewn-01048908-n	energizing	7	4	21	1	animation	3	7	0.43	3	0	0	0	0	0
oewn-01101341-n	investing	7	4	8	2	investment	0	7	0.0	0	0	0	0	0	0
oewn-01744584-n	boa	7	4	5	2	anaconda	0	7	0.0	0	0	0	0	0	0
oewn-02420710-n	goat antelope	7	4	6	2	chamois	0	7	0.0	0	0	0	0	0	0
oewn-02433768-n	red deer	7	4	8	2	hind	0	7	0.0	0	0	0	0	0	0
oewn-02769325-n	baby bed	7	4	9	3	cradle	2	7	0.29	2	0	0	0	0	0
oewn-02995984-n	cellular telephone	7	4	30	1	cell	0	7	0.0	0	0	0	0	0	0
oewn-03084313-n	compartment	7	4	30	1	cell	0	7	0.0	0	0	0	0	0	0
oewn-03286056-n	elevator	7	4	44	1	lift	0	7	0.0	0	0	0	0	0	0
oewn-03342085-n	file	7	4	16	1	file	0	7	0.0	0	0	0	0	0	0
oewn-03541941-n	horn	7	4	42	1	horn	0	7	0.0	0	0	0	0	0	0
oewn-03606548-n	joint	7	4	25	1	joint	0	7	0.0	0	0	0	0	0	0
oewn-03795479-n	motor	7	4	12	2	engine	0	7	0.0	0	0	0	0	0	0
oewn-03972239-n	pleat	7	4	14	2	tuck	0	7	0.0	0	0	0	0	0	0
oewn-04006669-n	press	7	4	40	1	press	0	7	0.0	0	0	0	0	0	0
oewn-04129919-n	sack	7	4	25	2	sack	0	7	0.0	0	0	0	0	0	0
oewn-04194104-n	sheath	7	4	9	4	sheath	0	7	0.0	0	0	0	0	0	0
oewn-04238755-n	ski tow	7	4	44	1	lift	1	7	0.14	0	1	0	0	0	0
oewn-04462521-n	topmast	7	4	4	1	royal mast	0	7	0.0	0	0	0	0	0	0
oewn-04565864-n	watercolor	7	4	25	2	wash	0	7	0.0	0	0	0	0	0	0
oewn-04675496-n	effeminacy	7	4	15	2	softness	0	7	0.0	0	0	0	0	0	0
oewn-04789730-n	frightfulness	7	4	6	2	grimness	0	7	0.0	0	0	0	0	0	0
oewn-04839749-n	liberality	7	4	7	2	liberality	7	7	1.0	7	0	0	0	0	0
oewn-05043870-n	badness	7	4	15	3	seriousness	5	7	0.71	0	5	0	0	0	0
oewn-05069146-n	slowness	7	4	11	3	slowness	7	7	1.0	0	7	0	0	0	0
oewn-05413289-n	digestive juice	7	4	8	3	gall	0	7	0.0	0	0	0	0	0	0
oewn-06539842-n	sale	7	4	14	1	sale	0	7	0.0	0	0	0	0	0	0
oewn-07384204-n	adjustment	7	4	15	3	accommodation	3	7	0.43	3	0	0	0	0	0
oewn-07694474-n	stuffing	7	4	15	3	dressing	0	7	0.0	0	0	0	0	0	0
oewn-10114353-n	flag officer	7	4	7	1	admiral	3	7	0.43	3	0	0	0	0	0
oewn-10206393-n	host	7	4	26	2	host	0	7	0.0	0	0	0	0	0	0
oewn-10295742-n	lumberjack	7	4	7	1	feller	0	7	0.0	0	0	0	0	0	0
oewn-10754051-n	twin	7	4	8	1	twin	0	7	0.0	0	0	0	0	0	0
oewn-10756259-n	undergraduate	7	4	7	2	senior	2	7	0.29	0	2	0	0	0	0
oewn-10760525-n	upstart	7	4	13	2	junior	6	7	0.86	2	4	1	0	0	0
oewn-10763821-n	vacationer	7	4	25	1	sport	0	7	0.0	0	0	0	0	0	0
oewn-12196466-n	cotton	7	4	11	2	cotton	0	7	0.0	0	0	0	0	0	0
oewn-12650905-n	strawberry	7	4	11	1	strawberry	0	7	0.0	0	0	0	0	0	0
oewn-12753516-n	cottonwood	7	4	7	1	cottonwood	0	7	0.0	0	0	0	0	0	0
oewn-13319724-n	gratuity	7	4	12	2	tip	0	7	0.0	0	0	0	0	0	0
oewn-13561813-n	preservation	7	4	17	2	fixing	0	7	0.0	0	0	0	0	0	0
oewn-14487589-n	defect	7	4	14	1	defect	0	7	0.0	0	0	0	0	0	0
oewn-14573529-n	lameness	7	4	5	2	limping	0	7	0.0	0	0	0	0	0	0
oewn-14722161-n	sedimentary rock	7	4	11	1	slate	0	7	0.0	0	0	0	0	0	0
oewn-14727036-n	glue	7	4	12	2	gum	1	7	0.14	0	1	0	0	0	0
oewn-14849232-n	covering material	7	4	11	3	plaster	0	7	0.0	0	0	0	0	0	0
oewn-14984860-n	nerve gas	7	4	4	1	G agent	2	7	0.29	0	2	0	0	0	0
oewn-00085191-n	borrowing	6	4	9	2	borrowing	1	6	0.17	0	1	0	0	0	0
oewn-00214561-n	release	6	4	26	4	release	0	6	0.0	0	0	0	0	0	0
oewn-00269862-n	reclamation	6	4	11	1	renewal	0	6	0.0	0	0	0	0	0	0
oewn-00643063-n	scientific research	6	4	13	1	experiment	0	6	0.0	0	0	0	0	0	0
oewn-02115987-n	poodle	6	4	4	2	poodle	0	6	0.0	0	0	0	0	0	0
oewn-02626797-n	mackerel	6	4	7	2	tinker	0	6	0.0	0	0	0	0	0	0
oewn-02767619-n	axis	6	4	30	3	pin	0	6	0.0	0	0	0	0	0	0
oewn-02869271-n	bolt	6	4	30	1	bolt	2	6	0.33	0	2	0	0	0	0
oewn-03191083-n	diagram	6	4	6	2	zodiac	1	6	0.17	1	0	0	0	0	0
oewn-03364601-n	flat	6	4	25	2	flat	0	6	0.0	0	0	0	0	0	0
oewn-03466317-n	grocery store	6	4	19	2	market	0	6	0.0	0	0	0	0	0	0
oewn-03813077-n	napkin	6	4	7	1	napkin	0	6	0.0	0	0	0	0	0	0
oewn-04613716-n	wreckage	6	4	4	1	wreckage	0	6	0.0	0	0	0	0	0	0
oewn-04750264-n	identity	6	4	13	3	identity	3	6	0.5	3	0	0	0	0	0
oewn-04867817-n	fearfulness	6	4	9	2	timidity	3	6	0.5	0	3	0	0	0	0
oewn-04873696-n	irresoluteness	6	4	8	3	indecision	0	6	0.0	0	0	0	0	0	0
oewn-04883569-n	disingenuousness	6	4	5	3	guile	4	6	0.67	3	1	1	0	0	0
oewn-04885296-n	patriotism	6	4	4	1	patriotism	0	6	0.0	0	0	0	0	0	0
oewn-05288330-n	socket	6	4	12	1	socket	0	6	0.0	0	0	0	0	0	0
oewn-05491329-n	white matter	6	4	10	2	pathway	0	6	0.0	0	0	0	0	0	0
oewn-05586542-n	girdle	6	4	12	3	hip	0	6	0.0	0	0	0	0	0	0
oewn-05774244-n	interpretation	6	4	13	3	rendering	0	6	0.0	0	0	0	0	0	0
oewn-06305222-n	neologism	6	4	9	3	blend	0	6	0.0	0	0	0	0	0	0
oewn-06434383-n	guidebook	6	4	25	1	guide	0	6	0.0	0	0	0	0	0	0
oewn-06695035-n	bulletin	6	4	43	1	flash	0	6	0.0	0	0	0	0	0	0
oewn-06812118-n	stroke	6	4	43	2	stroke	0	6	0.0	0	0	0	0	0	0
oewn-07187407-n	expansion	6	4	11	5	embellishment	2	6	0.33	2	0	0	0	0	0
oewn-07375728-n	collapse	6	4	8	3	collapse	3	6	0.5	0	3	0	0	0	0
oewn-07747928-n	corn	6	4	21	2	corn	0	6	0.0	0	0	0	0	0	0
oewn-08239214-n	audience	6	4	17	1	audience	0	6	0.0	0	0	0	0	0	0
oewn-08418776-n	rabble	6	4	11	3	trash	2	6	0.33	2	0	0	0	0	0
oewn-08573420-n	disk space	6	4	22	1	overhead	0	6	0.0	0	0	0	0	0	0
oewn-09238344-n	basin	6	4	19	1	basin	1	6	0.17	1	0	0	0	0	0
oewn-09283124-n	crust	6	4	11	3	tartar	0	6	0.0	0	0	0	0	0	0
oewn-09336622-n	inlet	6	4	14	2	recess	0	6	0.0	0	0	0	0	0	0
oewn-09788499-n	addict	6	4	16	2	nut	0	6	0.0	0	0	0	0	0	0
oewn-10218722-n	illiterate	6	4	4	1	illiterate	3	6	0.5	0	3	0	0	0	0
oewn-10228847-n	instigator	6	4	4	2	ringleader	5	6	0.83	0	5	0	0	0	0
oewn-10283916-n	linguist	6	4	6	4	polyglot	0	6	0.0	0	0	0	0	0	0
oewn-10323481-n	mayor	6	4	4	1	mayor	0	6	0.0	0	0	0	0	0	0
oewn-10454188-n	pioneer	6	4	5	2	pioneer	0	6	0.0	0	0	0	0	0	0
oewn-10581289-n	scold	6	4	4	1	scold	1	6	0.17	0	1	0	0	0	0
oewn-10654858-n	spendthrift	6	4	4	1	spendthrift	0	6	0.0	0	0	0	0	0	0
oewn-13581620-n	spoilage	6	4	15	3	mould	0	6	0.0	0	0	0	0	0	0
oewn-13599137-n	metric system	6	4	8	1	SI	0	6	0.0	0	0	0	0	0	0
oewn-13802931-n	relationship	6	4	15	2	relationship	0	6	0.0	0	0	0	0	0	0
oewn-13819525-n	agreement	6	4	17	2	agreement	0	6	0.0	0	0	0	0	0	0
oewn-13999769-n	chaos	6	4	7	1	chaos	5	6	0.83	0	5	0	0	0	0
oewn-14023888-n	representation	6	4	25	2	agency	1	6	0.17	0	1	0	0	0	0
oewn-14401022-n	hallucination	6	4	24	2	trip	1	6	0.17	0	1	0	0	0	0
oewn-14448507-n	adulthood	6	4	12	3	manhood	1	6	0.17	1	0	0	0	0	0
oewn-14612672-n	composition	6	4	22	3	composition	0	6	0.0	0	0	0	0	0	0
oewn-15077537-n	stain	6	4	18	1	stain	0	6	0.0	0	0	0	0	0	0
oewn-15103117-n	transparent substance	6	4	4	2	isinglass	0	6	0.0	0	0	0	0	0	0
oewn-00053154-n	landing	5	4	18	1	landing	0	5	0.0	0	0	0	0	0	0
oewn-00053320-n	landing	5	4	18	1	landing	0	5	0.0	0	0	0	0	0	0
oewn-00063271-n	fulfillment	5	4	8	1	fulfilment	0	5	0.0	0	0	0	0	0	0
oewn-00095060-n	absolution	5	4	19	2	indulgence	0	5	0.0	0	0	0	0	0	0
oewn-00101363-n	rendition	5	4	20	3	spin	0	5	0.0	0	0	0	0	0	0
oewn-00336640-n	inversion	5	4	25	2	upset	0	5	0.0	0	0	0	0	0	0
oewn-00550509-n	apery	5	4	11	2	mockery	0	5	0.0	0	0	0	0	0	0
oewn-00640799-n	experiment	5	4	13	1	experiment	0	5	0.0	0	0	0	0	0	0
oewn-00769315-n	assault	5	4	16	2	assault	5	5	1.0	0	5	0	0	0	0
oewn-00813322-n	storage	5	4	7	4	stowing	0	5	0.0	0	0	0	0	0	0
oewn-00851612-n	generation	5	4	25	3	generation	0	5	0.0	0	0	0	0	0	0
oewn-00939292-n	printmaking	5	4	13	2	engraving	0	5	0.0	0	0	0	0	0	0
oewn-00940607-n	engraving	5	4	13	2	engraving	0	5	0.0	0	0	0	0	0	0
oewn-01056259-n	occupancy	5	4	12	1	habitation	0	5	0.0	0	0	0	0	0	0
oewn-01110658-n	delivery	5	4	17	3	surrender	0	5	0.0	0	0	0	0	0	0
oewn-01152406-n	constriction	5	4	22	2	squeeze	0	5	0.0	0	0	0	0	0	0
oewn-01201240-n	defense	5	4	29	2	denial	1	5	0.2	0	1	0	0	0	0
oewn-01217658-n	endorsement	5	4	25	2	protection	3	5	0.6	0	3	0	0	0	0
oewn-01224966-n	bullying	5	4	4	2	bullying	0	5	0.0	0	0	0	0	0	0
oewn-01250738-n	admission	5	4	14	2	admission	0	5	0.0	0	0	0	0	0	0
oewn-01255647-n	emission	5	4	12	2	discharge	0	5	0.0	0	0	0	0	0	0
oewn-01256840-n	separation	5	4	20	3	separation	0	5	0.0	0	0	0	0	0	0
oewn-01325176-n	cub	5	4	10	2	cub	0	5	0.0	0	0	0	0	0	0
oewn-01890537-n	calf	5	4	16	1	calf	0	5	0.0	0	0	0	0	0	0
oewn-01973735-n	decapod	5	4	8	1	squid	0	5	0.0	0	0	0	0	0	0
oewn-01973921-n	squid	5	4	8	1	squid	0	5	0.0	0	0	0	0	0	0
oewn-02282289-n	danaid	5	4	9	1	monarch	2	5	0.4	0	2	0	0	0	0
oewn-02571590-n	grouper	5	4	7	1	hind	0	5	0.0	0	0	0	0	0	0
oewn-02788021-n	band	5	4	52	2	band	0	5	0.0	0	0	0	0	0	0
oewn-02958976-n	caparison	5	4	6	2	trapping	0	5	0.0	0	0	0	0	0	0
oewn-02967273-n	car door	5	4	15	1	hatch	0	5	0.0	0	0	0	0	0	0
oewn-03139504-n	croquet equipment	5	4	18	2	hoop	0	5	0.0	0	0	0	0	0	0
oewn-03516319-n	hedge	5	4	11	1	hedge	0	5	0.0	0	0	0	0	0	0
oewn-03915279-n	pendulum	5	4	4	1	pendulum	0	5	0.0	0	0	0	0	0	0
oewn-04420286-n	terminal	5	4	40	1	pole	0	5	0.0	0	0	0	0	0	0
oewn-04443319-n	timber	5	4	19	1	timber	0	5	0.0	0	0	0	0	0	0
oewn-04478550-n	transformer	5	4	20	2	coil	0	5	0.0	0	0	0	0	0	0
oewn-04745881-n	constancy	5	4	10	3	constancy	2	5	0.4	2	0	0	0	0	0
oewn-04789380-n	awfulness	5	4	4	2	awfulness	0	5	0.0	0	0	0	0	0	0
oewn-04853198-n	inconsideration	5	4	8	3	thoughtlessness	1	5	0.2	0	1	0	0	0	0
oewn-04874361-n	sincerity	5	4	14	2	sincerity	2	5	0.4	0	2	0	0	0	0
oewn-04916195-n	contrariness	5	4	7	2	perverseness	5	5	1.0	0	5	0	0	0	0
oewn-04942416-n	stickiness	5	4	21	3	bond	0	5	0.0	0	0	0	0	0	0
oewn-04954054-n	texture	5	4	20	4	nap	2	5	0.4	0	2	0	0	0	0
oewn-04978025-n	violet	5	4	7	1	violet	0	5	0.0	0	0	0	0	0	0
oewn-05125551-n	immoderation	5	4	16	1	excess	2	5	0.4	0	2	0	0	0	0
oewn-05167331-n	wisdom	5	4	18	3	wisdom	5	5	1.0	5	0	0	0	0	0
oewn-05194714-n	franchise	5	4	13	3	vote	0	5	0.0	0	0	0	0	0	0
oewn-05770995-n	recognition	5	4	20	3	identity	0	5	0.0	0	0	0	0	0	0
oewn-05823643-n	area	5	4	16	2	area	2	5	0.4	0	2	0	0	0	0
oewn-05911466-n	system	5	4	36	1	system	0	5	0.0	0	0	0	0	0	0
oewn-05947694-n	template	5	4	25	1	guide	0	5	0.0	0	0	0	0	0	0
oewn-06195690-n	teaching	5	4	12	3	teaching	3	5	0.6	3	0	0	0	0	0
oewn-06348677-n	first name	5	4	4	2	first name	0	5	0.0	0	0	0	0	0	0
oewn-06906924-n	theatrical performance	5	4	14	2	representation	0	5	0.0	0	0	0	0	0	0
oewn-07268935-n	resignation	5	4	10	3	resignation	0	5	0.0	0	0	0	0	0	0
oewn-07282278-n	scepter	5	4	12	4	verge	0	5	0.0	0	0	0	0	0	0
oewn-07327604-n	shrinking	5	4	12	4	contraction	0	5	0.0	0	0	0	0	0	0
oewn-07334509-n	emergence	5	4	25	4	issue	0	5	0.0	0	0	0	0	0	0
oewn-07464462-n	fete	5	4	12	1	feast	0	5	0.0	0	0	0	0	0	0
oewn-07543044-n	elation	5	4	6	2	high spirits	2	5	0.4	0	2	0	0	0	0
oewn-07763583-n	orange	5	4	17	1	orange	2	5	0.4	2	0	0	0	0	0
oewn-07898861-n	mix	5	4	12	1	mix	0	5	0.0	0	0	0	0	0	0
oewn-08089673-n	market	5	4	18	1	market	2	5	0.4	0	2	0	0	0	0
oewn-08265959-n	band	5	4	50	1	band	0	5	0.0	0	0	0	0	0	0
oewn-08375521-n	cell	5	4	30	1	cell	0	5	0.0	0	0	0	0	0	0
oewn-08456468-n	underbrush	5	4	4	4	underbrush	0	5	0.0	0	0	0	0	0	0
oewn-09477542-n	tangle	5	4	11	2	tangle	0	5	0.0	0	0	0	0	0	0
oewn-10016019-n	deaf person	5	4	7	1	mute	4	5	0.8	0	4	0	0	0	0
oewn-10024942-n	deputy	5	4	11	3	lieutenant	1	5	0.2	1	0	0	0	0	0
oewn-10460825-n	plebeian	5	4	4	2	philistine	0	5	0.0	0	0	0	0	0	0
oewn-11447355-n	aurora	5	4	5	3	aurora	0	5	0.0	0	0	0	0	0	0
oewn-11501734-n	trajectory	5	4	38	1	flight	0	5	0.0	0	0	0	0	0	0
oewn-12417441-n	cannabis	5	4	12	1	hemp	0	5	0.0	0	0	0	0	0	0
oewn-13733165-n	standard atmosphere	5	4	22	1	atmosphere	0	5	0.0	0	0	0	0	0	0
oewn-13931035-n	indentation	5	4	11	3	notch	0	5	0.0	0	0	0	0	0	0
oewn-14055142-n	alert	5	4	11	1	alert	0	5	0.0	0	0	0	0	0	0
oewn-14501461-n	failure	5	4	20	2	failure	3	5	0.6	0	3	0	0	0	0
oewn-14922092-n	benzoin	5	4	4	1	benjamin	0	5	0.0	0	0	0	0	0	0
oewn-14930651-n	hemp	5	4	12	1	hemp	0	5	0.0	0	0	0	0	0	0
oewn-15013061-n	hair dye	5	4	11	1	tint	0	5	0.0	0	0	0	0	0	0
oewn-15305913-n	pulse	5	4	18	1	pulse	0	5	0.0	0	0	0	0	0	0
oewn-15322915-n	processing time	5	4	22	1	overhead	0	5	0.0	0	0	0	0	0	0
oewn-00040035-n	contact	4	4	34	2	brush	2	4	0.5	1	1	1	0	0	0
oewn-00196933-n	switch	4	4	16	3	shift	1	4	0.25	0	1	0	0	0	0
oewn-00295034-n	jog	4	4	13	2	trot	0	4	0.0	0	0	0	0	0	0
oewn-00327503-n	dive	4	4	13	1	dive	0	4	0.0	0	0	0	0	0	0
oewn-00563317-n	obstruction	4	4	51	3	check	0	4	0.0	0	0	0	0	0	0
oewn-01168748-n	exchange	4	4	25	2	exchange	0	4	0.0	0	0	0	0	0	0
oewn-01529835-n	accentor	4	4	7	1	sparrow	0	4	0.0	0	0	0	0	0	0
oewn-01542214-n	sparrow	4	4	7	1	sparrow	0	4	0.0	0	0	0	0	0	0
oewn-02156611-n	hoof	4	4	9	1	hoof	0	4	0.0	0	0	0	0	0	0
oewn-02380132-n	mare	4	4	7	1	mare	0	4	0.0	0	0	0	0	0	0
oewn-02392211-n	domestic ass	4	4	7	1	donkey	0	4	0.0	0	0	0	0	0	0
oewn-02486953-n	monkey	4	4	9	1	monkey	0	4	0.0	0	0	0	0	0	0
oewn-02722499-n	antidote	4	4	4	1	antidote	0	4	0.0	0	0	0	0	0	0
oewn-02745327-n	array	4	4	9	3	array	4	4	1.0	0	4	0	0	0	0
oewn-02775873-n	baffle	4	4	4	1	baffle	0	4	0.0	0	0	0	0	0	0
oewn-02809273-n	bastion	4	4	5	3	citadel	0	4	0.0	0	0	0	0	0	0
oewn-02881204-n	bottle opener	4	4	4	1	corkscrew	0	4	0.0	0	0	0	0	0	0
oewn-03185170-n	destroyer	4	4	9	2	destroyer	0	4	0.0	0	0	0	0	0	0
oewn-03409161-n	fur coat	4	4	4	1	fur coat	0	4	0.0	0	0	0	0	0	0
oewn-03504106-n	hatchet	4	4	8	1	hatchet	1	4	0.25	1	0	0	0	0	0
oewn-03523145-n	high-angle gun	4	4	11	1	mortar	1	4	0.25	1	0	0	0	0	0
oewn-03847676-n	office furniture	4	4	16	1	file	0	4	0.0	0	0	0	0	0	0
oewn-03870909-n	overnighter	4	4	4	1	valise	0	4	0.0	0	0	0	0	0	0
oewn-03888308-n	paneling	4	4	8	2	pane	0	4	0.0	0	0	0	0	0	0
oewn-03958247-n	pivot	4	4	26	3	pin	0	4	0.0	0	0	0	0	0	0
oewn-04085686-n	reservoir	4	4	11	2	cistern	0	4	0.0	0	0	0	0	0	0
oewn-04189557-n	shaft	4	4	9	2	shaft	0	4	0.0	0	0	0	0	0	0
oewn-04217457-n	shrine	4	4	5	2	shrine	0	4	0.0	0	0	0	0	0	0
oewn-04249068-n	slit	4	4	20	2	slit	0	4	0.0	0	0	0	0	0	0
oewn-04586718-n	whistle	4	4	21	1	whistle	0	4	0.0	0	0	0	0	0	0
oewn-04607639-n	workbasket	4	4	4	2	workbasket	0	4	0.0	0	0	0	0	0	0
oewn-04638655-n	uncheerfulness	4	4	11	1	sadness	4	4	1.0	0	4	0	0	0	0
oewn-04758195-n	nonuniformity	4	4	8	1	inconsistency	4	4	1.0	2	2	1	0	0	0
oewn-04862369-n	holiness	4	4	4	3	sanctity	4	4	1.0	4	0	0	0	0	0
oewn-04867990-n	timidity	4	4	11	2	timidity	2	4	0.5	0	2	0	0	0	0
oewn-04913889-n	obsequiousness	4	4	4	2	obsequiousness	3	4	0.75	3	0	0	0	0	0
oewn-04918597-n	formality	4	4	10	2	formality	4	4	1.0	4	0	0	0	0	0
oewn-04919229-n	informality	4	4	10	3	familiarity	3	4	0.75	3	0	0	0	0	0
oewn-05229884-n	groove	4	4	11	2	groove	0	4	0.0	0	0	0	0	0	0
oewn-05630739-n	capacity	4	4	20	2	capacity	0	4	0.0	0	0	0	0	0	0
oewn-05687452-n	unknowingness	4	4	8	1	forgetfulness	4	4	1.0	1	3	1	0	0	0
oewn-05861665-n	sector	4	4	17	2	sphere	0	4	0.0	0	0	0	0	0	0
oewn-05941627-n	field	4	4	75	1	field	0	4	0.0	0	0	0	0	0	0
oewn-06279220-n	column	4	4	23	2	column	0	4	0.0	0	0	0	0	0	0
oewn-06365611-n	access	4	4	12	2	access	0	4	0.0	0	0	0	0	0	0
oewn-06373848-n	hieroglyph	4	4	7	1	hieroglyphic	0	4	0.0	0	0	0	0	0	0
oewn-06633954-n	serial	4	4	28	1	series	0	4	0.0	0	0	0	0	0	0
oewn-06677590-n	etiquette	4	4	4	1	etiquette	2	4	0.5	2	0	0	0	0	0
oewn-06770602-n	fabrication	4	4	10	3	fable	4	4	1.0	0	4	0	0	0	0
oewn-07264702-n	commercial	4	4	4	1	commercial	0	4	0.0	0	0	0	0	0	0
oewn-07277247-n	indicator	4	4	36	1	reference	0	4	0.0	0	0	0	0	0	0
oewn-07448573-n	distortion	4	4	13	3	warp	4	4	1.0	2	2	1	0	0	0
oewn-07615354-n	brittle	4	4	4	1	brittle	0	4	0.0	0	0	0	0	0	0
oewn-07873935-n	pate	4	4	5	3	pate	0	4	0.0	0	0	0	0	0	0
oewn-07908487-n	red wine	4	4	6	2	red wine	0	4	0.0	0	0	0	0	0	0
oewn-08295245-n	college	4	4	12	1	college	0	4	0.0	0	0	0	0	0	0
oewn-08342616-n	committee	4	4	7	2	committee	0	4	0.0	0	0	0	0	0	0
oewn-08407468-n	militia	4	4	9	1	militia	2	4	0.5	0	2	0	0	0	0
oewn-08423576-n	charity	4	4	20	1	charity	2	4	0.5	1	1	1	0	0	0
oewn-08445442-n	parade	4	4	11	1	parade	0	4	0.0	0	0	0	0	0	0
oewn-08614732-n	lookout	4	4	16	1	lookout	2	4	0.5	2	0	0	0	0	0
oewn-08677077-n	field	4	4	75	1	field	0	4	0.0	0	0	0	0	0	0
oewn-09498422-n	waterfall	4	4	8	3	cascade	0	4	0.0	0	0	0	0	0	0
oewn-09986936-n	cosmopolitan	4	4	4	2	cosmopolitan	0	4	0.0	0	0	0	0	0	0
oewn-10062498-n	eavesdropper	4	4	4	1	eavesdropper	0	4	0.0	0	0	0	0	0	0
oewn-10079983-n	entrant	4	4	4	2	intruder	0	4	0.0	0	0	0	0	0	0
oewn-10134554-n	fugitive	4	4	9	1	fugitive	1	4	0.25	1	0	0	0	0	0
oewn-10452296-n	pilgrim	4	4	4	1	pilgrim	0	4	0.0	0	0	0	0	0	0
oewn-10519442-n	queen	4	4	40	1	queen	0	4	0.0	0	0	0	0	0	0
oewn-10624042-n	skeptic	4	4	4	1	sceptic	1	4	0.25	0	1	0	0	0	0
oewn-10624496-n	skidder	4	4	9	1	slipper	0	4	0.0	0	0	0	0	0	0
oewn-10769021-n	veteran	4	4	9	2	vet	0	4	0.0	0	0	0	0	0	0
oewn-12830125-n	polemonium	4	4	20	1	charity	2	4	0.5	0	2	0	0	0	0
oewn-13316680-n	rent	4	4	18	1	rent	1	4	0.25	0	1	0	0	0	0
oewn-13815716-n	involvement	4	4	10	3	comprehension	0	4	0.0	0	0	0	0	0	0
oewn-14038461-n	lethargy	4	4	13	2	lethargy	0	4	0.0	0	0	0	0	0	0
oewn-14466998-n	reign	4	4	12	2	reign	2	4	0.5	0	2	0	0	0	0
oewn-14729879-n	sealant	4	4	4	2	caulk	0	4	0.0	0	0	0	0	0	0
oewn-14631699-n	acid	109	3	4	3	acid	10	109	0.09	1	9	1	0	0	0
oewn-14228432-n	pathology	87	3	7	4	slough	31	87	0.36	5	26	1	0	0	0
oewn-05433820-n	membrane	46	3	8	3	membrane	4	46	0.09	4	0	0	0	0	0
oewn-13739260-n	metric weight unit	42	3	23	3	grain	0	42	0.0	0	0	0	0	0	0
oewn-13468534-n	chemical reaction	34	3	14	5	reaction	0	34	0.0	0	0	0	0	0	0
oewn-02422442-n	antelope	32	3	3	1	antelope	1	32	0.03	1	0	0	0	0	0
oewn-01908302-n	invertebrate	31	3	12	2	worm	3	31	0.1	0	3	0	0	0	0
oewn-00484946-n	child's game	29	3	7	3	tag	0	29	0.0	0	0	0	0	0	0
oewn-06047178-n	biology	29	3	6	3	botany	0	29	0.0	0	0	0	0	0	0
oewn-01608271-n	hawk	27	3	11	2	hawk	0	27	0.0	0	0	0	0	0	0
oewn-02530794-n	teleost fish	25	3	4	3	flying fish	0	25	0.0	0	0	0	0	0	0
oewn-04613932-n	wrench	25	3	8	1	wrench	0	25	0.0	0	0	0	0	0	0
oewn-04177098-n	self-propelled vehicle	24	3	16	2	engine	0	24	0.0	0	0	0	0	0	0
oewn-09638495-n	disputant	23	3	3	2	crusader	12	23	0.52	6	6	1	0	0	0
oewn-07943437-n	soft drink	21	3	8	4	pop	0	21	0.0	0	0	0	0	0	0
oewn-07076737-n	jazz	20	3	23	2	swing	1	20	0.05	0	1	0	0	0	0
oewn-07696677-n	bun	19	3	52	1	roll	2	19	0.11	0	2	0	0	0	0
oewn-02304104-n	saturniid	18	3	12	1	emperor	0	18	0.0	0	0	0	0	0	0
oewn-05296796-n	muscle	18	3	17	1	muscle	2	18	0.11	0	2	0	0	0	0
oewn-12446753-n	lily	18	3	3	1	lily	0	18	0.0	0	0	0	0	0	0
oewn-02579206-n	jack	17	3	33	2	jack	1	17	0.06	1	0	0	0	0	0
oewn-02615287-n	blennioid fish	17	3	9	3	catfish	0	17	0.0	0	0	0	0	0	0
oewn-02911542-n	brush	17	3	24	2	brush	0	17	0.0	0	0	0	0	0	0
oewn-03215404-n	dispenser	17	3	19	1	spray	0	17	0.0	0	0	0	0	0	0
oewn-07822197-n	salad	16	3	3	1	salad	1	16	0.06	0	1	0	0	0	0
oewn-08395550-n	social organization	16	3	16	1	structure	0	16	0.0	0	0	0	0	0	0
oewn-12178286-n	gourd	16	3	9	3	gourd	0	16	0.0	0	0	0	0	0	0
oewn-13379722-n	fund	16	3	12	3	deposit	0	16	0.0	0	0	0	0	0	0
oewn-14533314-n	poisoning	16	3	7	2	poisoning	9	16	0.56	0	9	0	0	0	0
oewn-00900216-n	representation	15	3	29	3	model	0	15	0.0	0	0	0	0	0	0
oewn-02276911-n	butterfly	15	3	6	1	butterfly	2	15	0.13	0	2	0	0	0	0
oewn-02499544-n	lemur	15	3	3	1	aye-aye	4	15	0.27	4	0	0	0	0	0
oewn-02997001-n	center	15	3	57	1	centre	1	15	0.07	0	1	0	0	0	0
oewn-06365341-n	code	15	3	17	4	access	0	15	0.0	0	0	0	0	0	0
oewn-08327879-n	council	15	3	7	2	council	0	15	0.0	0	0	0	0	0	0
oewn-10633021-n	small person	15	3	6	6	dwarf	3	15	0.2	0	3	0	0	0	0
oewn-04948630-n	density	14	3	7	2	rarity	0	14	0.0	0	0	0	0	0	0
oewn-05214398-n	inability	14	3	6	4	inability	8	14	0.57	0	8	0	0	0	0
oewn-05740701-n	classification	14	3	9	4	classification	1	14	0.07	0	1	0	0	0	0
oewn-06013012-n	pure mathematics	14	3	3	2	arithmetic	0	14	0.0	0	0	0	0	0	0
oewn-07617570-n	chocolate	14	3	10	1	chocolate	3	14	0.21	3	0	0	0	0	0
oewn-09294991-n	elementary particle	14	3	28	1	string	0	14	0.0	0	0	0	0	0	0
oewn-10020810-n	delivery boy	14	3	19	3	deliverer	0	14	0.0	0	0	0	0	0	0
oewn-11650940-n	cypress	14	3	6	3	cypress	0	14	0.0	0	0	0	0	0	0
oewn-13455293-n	asexual reproduction	14	3	3	1	budding	2	14	0.14	0	2	0	0	0	0
oewn-13499728-n	extraction	14	3	4	2	extraction	6	14	0.43	6	0	0	0	0	0
oewn-02942270-n	calculator	13	3	29	2	counter	0	13	0.0	0	0	0	0	0	0
oewn-03043932-n	cleaning implement	13	3	6	3	broom	0	13	0.0	0	0	0	0	0	0
oewn-07628241-n	pudding	13	3	6	3	pudding	0	13	0.0	0	0	0	0	0	0
oewn-09998851-n	critic	13	3	22	2	reader	1	13	0.08	1	0	0	0	0	0
oewn-12162602-n	wheat	13	3	7	2	wheat	0	13	0.0	0	0	0	0	0	0
oewn-01545427-n	weaver	12	3	6	1	weaver	0	12	0.0	0	0	0	0	0	0
oewn-03072185-n	collar	12	3	20	2	collar	6	12	0.5	6	0	0	0	0	0
oewn-03398748-n	freight car	12	3	24	1	flat	3	12	0.25	0	3	0	0	0	0
oewn-12662174-n	cherry	12	3	9	2	cherry	0	12	0.0	0	0	0	0	0	0
oewn-02326697-n	rabbit	11	3	10	1	rabbit	0	11	0.0	0	0	0	0	0	0
oewn-02578854-n	carangid fish	11	3	32	1	jack	0	11	0.0	0	0	0	0	0	0
oewn-02663647-n	lefteye flounder	11	3	6	1	whiff	0	11	0.0	0	0	0	0	0	0
oewn-02675001-n	accommodation	11	3	12	2	accommodation	0	11	0.0	0	0	0	0	0	0
oewn-02693800-n	air passage	11	3	15	2	register	0	11	0.0	0	0	0	0	0	0
oewn-03357474-n	fishnet	11	3	3	1	seine	3	11	0.27	3	0	0	0	0	0
oewn-04303399-n	staff	11	3	12	4	staff	0	11	0.0	0	0	0	0	0	0
oewn-04634863-n	mawkishness	11	3	20	1	corn	2	11	0.18	1	1	1	0	0	0
oewn-05564972-n	abdominal	11	3	7	2	oblique	0	11	0.0	0	0	0	0	0	0
oewn-05910115-n	policy	11	3	8	1	policy	0	11	0.0	0	0	0	0	0	0
oewn-06355831-n	headline	11	3	6	3	banner	0	11	0.0	0	0	0	0	0	0
oewn-06386210-n	criticism	11	3	14	3	analysis	0	11	0.0	0	0	0	0	0	0
oewn-08383680-n	economy	11	3	10	1	economy	1	11	0.09	0	1	0	0	0	0
oewn-14262907-n	malignant tumor	11	3	3	1	cancer	0	11	0.0	0	0	0	0	0	0
oewn-15004774-n	pesticide	11	3	19	1	spray	0	11	0.0	0	0	0	0	0	0
oewn-02064670-n	aquatic mammal	10	3	3	1	cetacean	0	10	0.0	0	0	0	0	0	0
oewn-02830790-n	belt	10	3	19	2	belt	0	10	0.0	0	0	0	0	0	0
oewn-02884182-n	bowl	10	3	15	2	bowl	0	10	0.0	0	0	0	0	0	0
oewn-02885888-n	bowling pin	10	3	24	2	pin	0	10	0.0	0	0	0	0	0	0
oewn-03977780-n	pneumatic tire	10	3	24	1	flat	2	10	0.2	0	2	0	0	0	0
oewn-04000366-n	powder	10	3	10	1	powder	0	10	0.0	0	0	0	0	0	0
oewn-05471109-n	center	10	3	57	1	centre	0	10	0.0	0	0	0	0	0	0
oewn-05499911-n	fold	10	3	19	1	fold	0	10	0.0	0	0	0	0	0	0
oewn-06317223-n	morpheme	10	3	15	2	ending	0	10	0.0	0	0	0	0	0	0
oewn-06331562-n	verb	10	3	8	2	imperative	0	10	0.0	0	0	0	0	0	0
oewn-09780826-n	accountant	10	3	4	2	accountant	0	10	0.0	0	0	0	0	0	0
oewn-09956514-n	collegian	10	3	3	2	undergraduate	0	10	0.0	0	0	0	0	0	0
oewn-10318917-n	master of ceremonies	10	3	25	1	host	0	10	0.0	0	0	0	0	0	0
oewn-10339454-n	miner	10	3	3	1	miner	0	10	0.0	0	0	0	0	0	0
oewn-10375148-n	newcomer	10	3	8	3	newcomer	0	10	0.0	0	0	0	0	0	0
oewn-10631726-n	slob	10	3	14	2	pig	3	10	0.3	0	3	0	0	0	0
oewn-13587415-n	temperature change	10	3	5	3	cooling	0	10	0.0	0	0	0	0	0	0
oewn-14527267-n	aberrance	10	3	11	1	warp	2	10	0.2	0	2	0	0	0	0
oewn-01486163-n	mackerel shark	9	3	4	2	white shark	0	9	0.0	0	0	0	0	0	0
oewn-02597182-n	drum	9	3	15	2	drum	1	9	0.11	1	0	0	0	0	0
oewn-02674051-n	accessory	9	3	9	3	accessory	0	9	0.0	0	0	0	0	0	0
oewn-03419724-n	gamma hydroxybutyrate	9	3	11	2	soap	0	9	0.0	0	0	0	0	0	0
oewn-03710918-n	magnet	9	3	6	1	magnet	0	9	0.0	0	0	0	0	0	0
oewn-03769503-n	military uniform	9	3	3	1	regimentals	0	9	0.0	0	0	0	0	0	0
oewn-04032142-n	purgative	9	3	3	2	physic	5	9	0.56	4	1	1	0	0	0
oewn-04667893-n	thoughtfulness	9	3	10	3	deliberation	1	9	0.11	1	0	0	0	0	0
oewn-05458960-n	lymphocyte	9	3	3	1	T cell	0	9	0.0	0	0	0	0	0	0
oewn-05898856-n	model	9	3	21	2	model	0	9	0.0	0	0	0	0	0	0
oewn-07095931-n	wording	9	3	3	2	phraseology	0	9	0.0	0	0	0	0	0	0
oewn-09416900-n	planet	9	3	8	1	planet	0	9	0.0	0	0	0	0	0	0
oewn-10191239-n	herder	9	3	6	1	shepherd	0	9	0.0	0	0	0	0	0	0
oewn-12376277-n	ginger	9	3	13	1	ginger	0	9	0.0	0	0	0	0	0	0
oewn-14263400-n	cancer	9	3	3	1	cancer	4	9	0.44	0	4	0	0	0	0
oewn-00088243-n	grant	8	3	16	2	grant	0	8	0.0	0	0	0	0	0	0
oewn-00277464-n	soiling	8	3	5	3	staining	0	8	0.0	0	0	0	0	0	0
oewn-00389200-n	branching	8	3	13	2	fork	0	8	0.0	0	0	0	0	0	0
oewn-01008617-n	test	8	3	16	1	test	0	8	0.0	0	0	0	0	0	0
oewn-01690306-n	agamid	8	3	8	1	dragon	0	8	0.0	0	0	0	0	0	0
oewn-02471495-n	flight feather	8	3	9	2	quill	0	8	0.0	0	0	0	0	0	0
oewn-03225216-n	dome	8	3	9	3	dome	1	8	0.12	1	0	0	0	0	0
oewn-03267052-n	earring	8	3	3	1	earring	0	8	0.0	0	0	0	0	0	0
oewn-03624605-n	kit	8	3	9	2	outfit	0	8	0.0	0	0	0	0	0	0
oewn-03865478-n	outfit	8	3	15	2	rig	1	8	0.12	1	0	0	0	0	0
oewn-03965779-n	plate	8	3	41	1	plate	0	8	0.0	0	0	0	0	0	0
oewn-04771667-n	generality	8	3	7	4	generality	3	8	0.38	2	1	1	0	0	0
oewn-05820064-n	center	8	3	57	1	centre	2	8	0.25	2	0	0	0	0	0
oewn-06416225-n	signature	8	3	15	3	signature	0	8	0.0	0	0	0	0	0	0
oewn-06519032-n	register	8	3	15	2	register	0	8	0.0	0	0	0	0	0	0
oewn-06551493-n	court order	8	3	20	1	execution	0	8	0.0	0	0	0	0	0	0
oewn-06625409-n	quotation	8	3	9	3	quote	2	8	0.25	0	2	0	0	0	0
oewn-06869618-n	scale	8	3	24	2	scale	0	8	0.0	0	0	0	0	0	0
oewn-07026665-n	string	8	3	29	2	string	0	8	0.0	0	0	0	0	0	0
oewn-07098358-n	intonation	8	3	7	2	intonation	4	8	0.5	0	4	0	0	0	0
oewn-09776984-n	absentee	8	3	8	1	exile	1	8	0.12	0	1	0	0	0	0
oewn-09860576-n	bartender	8	3	3	1	barmaid	0	8	0.0	0	0	0	0	0	0
oewn-09972018-n	conductor	8	3	15	2	conductor	0	8	0.0	0	0	0	0	0	0
oewn-13084029-n	rust	8	3	13	1	rust	7	8	0.88	0	7	0	0	0	0
oewn-13474601-n	corrosion	8	3	14	2	rust	0	8	0.0	0	0	0	0	0	0
oewn-13738791-n	troy unit	8	3	19	2	grain	0	8	0.0	0	0	0	0	0	0
oewn-13957933-n	equilibrium	8	3	16	3	balance	0	8	0.0	0	0	0	0	0	0
oewn-14034107-n	abeyance	8	3	13	3	recess	0	8	0.0	0	0	0	0	0	0
oewn-14042038-n	drunkenness	8	3	6	3	intoxication	0	8	0.0	0	0	0	0	0	0
oewn-14705716-n	mica	8	3	3	1	isinglass	0	8	0.0	0	0	0	0	0	0
oewn-00129909-n	grounder	7	3	14	3	chop	0	7	0.0	0	0	0	0	0	0
oewn-00440424-n	somersault	7	3	9	3	flip	0	7	0.0	0	0	0	0	0	0
oewn-00450280-n	racing	7	3	3	1	racing	0	7	0.0	0	0	0	0	0	0
oewn-00809843-n	limitation	7	3	12	3	limitation	0	7	0.0	0	0	0	0	0	0
oewn-01146646-n	planning	7	3	10	1	planning	0	7	0.0	0	0	0	0	0	0
oewn-02329084-n	hare	7	3	6	1	hare	0	7	0.0	0	0	0	0	0	0
oewn-02757108-n	atomizer	7	3	19	1	spray	0	7	0.0	0	0	0	0	0	0
oewn-02902540-n	bridge	7	3	28	1	bridge	0	7	0.0	0	0	0	0	0	0
oewn-02936496-n	cabinet	7	3	9	1	cabinet	0	7	0.0	0	0	0	0	0	0
oewn-03412279-n	fuse	7	3	9	1	breaker	0	7	0.0	0	0	0	0	0	0
oewn-03509564-n	headquarters	7	3	4	2	headquarters	0	7	0.0	0	0	0	0	0	0
oewn-03630646-n	knit	7	3	8	2	knit	2	7	0.29	0	2	0	0	0	0
oewn-03823187-n	negligee	7	3	8	1	wrapper	0	7	0.0	0	0	0	0	0	0
oewn-04366422-n	supply chamber	7	3	15	4	clip	0	7	0.0	0	0	0	0	0	0
oewn-04485892-n	trench	7	3	4	2	moat	0	7	0.0	0	0	0	0	0	0
oewn-04822855-n	awkwardness	7	3	16	3	awkwardness	6	7	0.86	0	6	0	0	0	0
oewn-04934622-n	oldness	7	3	4	3	longevity	2	7	0.29	1	1	1	0	0	0
oewn-04952707-n	greed	7	3	4	2	avarice	2	7	0.29	1	1	1	0	0	0
oewn-05001060-n	sourness	7	3	10	2	sour	4	7	0.57	0	4	0	0	0	0
oewn-05011459-n	awkwardness	7	3	16	3	awkwardness	4	7	0.57	0	4	0	0	0	0
oewn-05459557-n	T cell	7	3	3	1	T cell	0	7	0.0	0	0	0	0	0	0
oewn-05720373-n	threshold	7	3	16	1	threshold	0	7	0.0	0	0	0	0	0	0
oewn-07416560-n	high tide	7	3	3	2	high tide	3	7	0.43	3	0	0	0	0	0
oewn-07775792-n	vinifera grape	7	3	12	1	emperor	0	7	0.0	0	0	0	0	0	0
oewn-08018127-n	mathematical space	7	3	9	1	manifold	0	7	0.0	0	0	0	0	0	0
oewn-09869529-n	beneficiary	7	3	3	2	legatee	0	7	0.0	0	0	0	0	0	0
oewn-10017160-n	debtor	7	3	3	1	debtor	0	7	0.0	0	0	0	0	0	0
oewn-10115638-n	flatterer	7	3	3	1	flatterer	0	7	0.0	0	0	0	0	0	0
oewn-10302734-n	mail carrier	7	3	8	2	carrier	0	7	0.0	0	0	0	0	0	0
oewn-10310901-n	mannequin	7	3	19	3	model	0	7	0.0	0	0	0	0	0	0
oewn-10439375-n	pest	7	3	9	2	cuss	2	7	0.29	0	2	0	0	0	0
oewn-10447768-n	physicist	7	3	3	1	astronomer	0	7	0.0	0	0	0	0	0	0
oewn-10737780-n	tourist	7	3	4	2	tourist	7	7	1.0	4	3	1	0	0	0
oewn-11449572-n	atmospheric pressure	7	3	16	2	pressure	0	7	0.0	0	0	0	0	0	0
oewn-13350069-n	tax write-off	7	3	16	2	deduction	0	7	0.0	0	0	0	0	0	0
oewn-13433494-n	register	7	3	19	2	register	0	7	0.0	0	0	0	0	0	0
oewn-14484558-n	completeness	7	3	7	3	comprehensiveness	3	7	0.43	3	0	0	0	0	0
oewn-14785985-n	chamois	7	3	5	2	chamois	0	7	0.0	0	0	0	0	0	0
oewn-15090934-n	talc	7	3	3	1	soapstone	0	7	0.0	0	0	0	0	0	0
oewn-00339647-n	rearrangement	6	3	5	3	juggling	1	6	0.17	0	1	0	0	0	0
oewn-00532238-n	nude dancing	6	3	19	1	strip	1	6	0.17	1	0	0	0	0	0
oewn-00966454-n	combat	6	3	6	2	combat	0	6	0.0	0	0	0	0	0	0
oewn-01160337-n	conscription	6	3	10	2	muster	0	6	0.0	0	0	0	0	0	0
oewn-01209043-n	devotion	6	3	12	1	devotion	1	6	0.17	1	0	0	0	0	0
oewn-01465900-n	layer	6	3	15	1	layer	0	6	0.0	0	0	0	0	0	0
oewn-01915095-n	siphonophore	6	3	6	1	man-of-war	0	6	0.0	0	0	0	0	0	0
oewn-02157068-n	bird's foot	6	3	12	1	claw	0	6	0.0	0	0	0	0	0	0
oewn-02818372-n	beading	6	3	9	1	bead	0	6	0.0	0	0	0	0	0	0
oewn-02890450-n	brace	6	3	24	1	brace	0	6	0.0	0	0	0	0	0	0
oewn-02953692-n	cannon	6	3	17	3	cannon	1	6	0.17	1	0	0	0	0	0
oewn-02982975-n	cassock	6	3	3	1	cassock	0	6	0.0	0	0	0	0	0	0
oewn-03460299-n	graver	6	3	3	1	graver	0	6	0.0	0	0	0	0	0	0
oewn-03575860-n	ingredient	6	3	39	3	base	0	6	0.0	0	0	0	0	0	0
oewn-03603344-n	jib	6	3	3	1	jib	0	6	0.0	0	0	0	0	0	0
oewn-03826490-n	network	6	3	6	2	reticule	0	6	0.0	0	0	0	0	0	0
oewn-03878742-n	padding	6	3	7	3	cushion	0	6	0.0	0	0	0	0	0	0
oewn-03947960-n	pincer	6	3	4	2	pincer	0	6	0.0	0	0	0	0	0	0
oewn-03955718-n	pit	6	3	17	2	pit	0	6	0.0	0	0	0	0	0	0
oewn-04077839-n	refrigerator	6	3	7	2	cooler	0	6	0.0	0	0	0	0	0	0
oewn-04339381-n	strainer	6	3	10	2	screen	0	6	0.0	0	0	0	0	0	0
oewn-04752610-n	uniformity	6	3	7	3	uniformity	4	6	0.67	2	2	1	0	0	0
oewn-04834002-n	piety	6	3	3	1	piety	4	6	0.67	4	0	0	0	0	0
oewn-05079832-n	curvature	6	3	14	1	curve	0	6	0.0	0	0	0	0	0	0
oewn-05193574-n	right to vote	6	3	12	2	vote	0	6	0.0	0	0	0	0	0	0
oewn-05266995-n	braid	6	3	12	3	twist	0	6	0.0	0	0	0	0	0	0
oewn-05296556-n	muscle	6	3	17	1	muscle	0	6	0.0	0	0	0	0	0	0
oewn-05987026-n	conjuring	6	3	5	3	invocation	0	6	0.0	0	0	0	0	0	0
oewn-06214141-n	tolerance	6	3	6	1	liberality	2	6	0.33	2	0	0	0	0	0
oewn-06319755-n	ending	6	3	15	2	ending	0	6	0.0	0	0	0	0	0	0
oewn-06703153-n	pass	6	3	16	2	pass	0	6	0.0	0	0	0	0	0	0
oewn-07667661-n	liver	6	3	12	1	liver	0	6	0.0	0	0	0	0	0	0
oewn-09207731-n	psychic energy	6	3	8	3	provocation	3	6	0.5	3	0	0	0	0	0
oewn-10344226-n	model	6	3	19	2	model	0	6	0.0	0	0	0	0	0	0
oewn-13305585-n	bribe	6	3	7	2	soap	0	6	0.0	0	0	0	0	0	0
oewn-13446038-n	accretion	6	3	17	3	accumulation	1	6	0.17	0	1	0	0	0	0
oewn-13486733-n	diffusion	6	3	8	2	transport	0	6	0.0	0	0	0	0	0	0
oewn-13835254-n	descent	6	3	18	1	descent	0	6	0.0	0	0	0	0	0	0
oewn-14442066-n	coalition	6	3	14	1	alliance	0	6	0.0	0	0	0	0	0	0
oewn-14725304-n	lac	6	3	3	1	lac	1	6	0.17	0	1	0	0	0	0
oewn-14997692-n	pad	6	3	14	2	tablet	0	6	0.0	0	0	0	0	0	0
oewn-15258786-n	overtime	6	3	3	1	sudden death	0	6	0.0	0	0	0	0	0	0
oewn-00275785-n	coloring	5	3	7	2	colouring	0	5	0.0	0	0	0	0	0	0
oewn-00360440-n	clip	5	3	17	3	pinch	2	5	0.4	0	2	0	0	0	0
oewn-01004619-n	mental measurement	5	3	16	1	test	0	5	0.0	0	0	0	0	0	0
oewn-01905987-n	scute	5	3	13	2	shell	0	5	0.0	0	0	0	0	0	0
oewn-01906397-n	carapace	5	3	13	2	shell	0	5	0.0	0	0	0	0	0	0
oewn-02559477-n	perch	5	3	16	1	perch	0	5	0.0	0	0	0	0	0	0
oewn-02642872-n	sturgeon	5	3	3	1	sturgeon	0	5	0.0	0	0	0	0	0	0
oewn-02695929-n	airstrip	5	3	19	1	strip	4	5	0.8	0	4	0	0	0	0
oewn-02709445-n	amulet	5	3	3	1	talisman	0	5	0.0	0	0	0	0	0	0
oewn-02867090-n	boiler	5	3	6	1	boiler	0	5	0.0	0	0	0	0	0	0
oewn-03161071-n	cylinder	5	3	12	1	cylinder	0	5	0.0	0	0	0	0	0	0
oewn-03320589-n	facing	5	3	11	1	facing	2	5	0.4	0	2	0	0	0	0
oewn-03324991-n	fan	5	3	8	1	fan	0	5	0.0	0	0	0	0	0	0
oewn-03416454-n	gallery	5	3	18	2	gallery	0	5	0.0	0	0	0	0	0	0
oewn-03481436-n	hairpin	5	3	16	3	grip	0	5	0.0	0	0	0	0	0	0
oewn-03497818-n	hard drug	5	3	3	1	cocaine	0	5	0.0	0	0	0	0	0	0
oewn-03581786-n	intake	5	3	3	1	siamese	0	5	0.0	0	0	0	0	0	0
oewn-03599921-n	jeans	5	3	3	1	blue jeans	0	5	0.0	0	0	0	0	0	0
oewn-03883150-n	pajama	5	3	26	2	sleeper	0	5	0.0	0	0	0	0	0	0
oewn-03886467-n	panacea	5	3	4	3	elixir	0	5	0.0	0	0	0	0	0	0
oewn-03941726-n	pike	5	3	14	2	pike	0	5	0.0	0	0	0	0	0	0
oewn-04129443-n	sable	5	3	12	2	sable	0	5	0.0	0	0	0	0	0	0
oewn-04611230-n	workwear	5	3	3	1	blue jeans	0	5	0.0	0	0	0	0	0	0
oewn-04875102-n	insincerity	5	3	5	3	hypocrisy	3	5	0.6	0	3	0	0	0	0
oewn-04928188-n	inheritance	5	3	16	3	background	0	5	0.0	0	0	0	0	0	0
oewn-04962337-n	polish	5	3	7	3	polish	0	5	0.0	0	0	0	0	0	0
oewn-05046261-n	pH	5	3	3	1	pH	0	5	0.0	0	0	0	0	0	0
oewn-05539012-n	cartilaginous tube	5	3	3	1	windpipe	0	5	0.0	0	0	0	0	0	0
oewn-05611097-n	ridge	5	3	20	1	ridge	0	5	0.0	0	0	0	0	0	0
oewn-05628251-n	acuteness	5	3	7	3	acuteness	4	5	0.8	4	0	0	0	0	0
oewn-05724691-n	sour	5	3	9	1	sour	0	5	0.0	0	0	0	0	0	0
oewn-05933552-n	criterion	5	3	23	3	control	0	5	0.0	0	0	0	0	0	0
oewn-06319039-n	affix	5	3	3	2	prefix	0	5	0.0	0	0	0	0	0	0
oewn-06328665-n	major form class	5	3	6	3	verb	0	5	0.0	0	0	0	0	0	0
oewn-06573129-n	plea	5	3	10	1	plea	0	5	0.0	0	0	0	0	0	0
oewn-06828964-n	sheet music	5	3	37	1	score	0	5	0.0	0	0	0	0	0	0
oewn-07068033-n	work song	5	3	6	1	shanty	0	5	0.0	0	0	0	0	0	0
oewn-07774656-n	grape	5	3	9	1	grape	0	5	0.0	0	0	0	0	0	0
oewn-08386333-n	coevals	5	3	23	1	generation	0	5	0.0	0	0	0	0	0	0
oewn-08390976-n	colony	5	3	16	2	colony	0	5	0.0	0	0	0	0	0	0
oewn-08417409-n	batch	5	3	14	2	clutch	0	5	0.0	0	0	0	0	0	0
oewn-08600622-n	hemisphere	5	3	4	2	hemisphere	0	5	0.0	0	0	0	0	0	0
oewn-08616379-n	meridian	5	3	6	1	meridian	0	5	0.0	0	0	0	0	0	0
oewn-09250746-n	boulder	5	3	3	2	boulder	0	5	0.0	0	0	0	0	0	0
oewn-09300592-n	extraterrestrial object	5	3	3	1	comet	0	5	0.0	0	0	0	0	0	0
oewn-09304317-n	flat	5	3	24	1	flat	0	5	0.0	0	0	0	0	0	0
oewn-09448485-n	scale	5	3	24	2	scale	0	5	0.0	0	0	0	0	0	0
oewn-09837748-n	astronomer	5	3	3	1	astronomer	0	5	0.0	0	0	0	0	0	0
oewn-09860351-n	barrister	5	3	4	2	barrister	4	5	0.8	4	0	0	0	0	0
oewn-09893070-n	breaker	5	3	9	1	breaker	0	5	0.0	0	0	0	0	0	0
oewn-09933282-n	chemist	5	3	6	1	chemist	0	5	0.0	0	0	0	0	0	0
oewn-09972962-n	confederate	5	3	6	1	confederate	0	5	0.0	0	0	0	0	0	0
oewn-10096087-n	fakir	5	3	3	2	fakir	0	5	0.0	0	0	0	0	0	0
oewn-10195742-n	hiker	5	3	15	2	tramp	0	5	0.0	0	0	0	0	0	0
oewn-10312833-n	marauder	5	3	6	1	vulture	0	5	0.0	0	0	0	0	0	0
oewn-10438047-n	embodiment	5	3	8	3	embodiment	1	5	0.2	1	0	0	0	0	0
oewn-10607013-n	sheepherder	5	3	6	1	shepherd	0	5	0.0	0	0	0	0	0	0
oewn-10638692-n	collectivist	5	3	9	1	pink	0	5	0.0	0	0	0	0	0	0
oewn-10659323-n	sports fan	5	3	8	1	fan	0	5	0.0	0	0	0	0	0	0
oewn-10722430-n	terrorist	5	3	25	1	sleeper	0	5	0.0	0	0	0	0	0	0
oewn-10742949-n	tramp	5	3	16	2	tramp	3	5	0.6	0	3	0	0	0	0
oewn-11465491-n	deposit	5	3	26	2	load	0	5	0.0	0	0	0	0	0	0
oewn-11643556-n	cedar	5	3	8	1	cedar	0	5	0.0	0	0	0	0	0	0
oewn-12418369-n	hop	5	3	8	1	hop	0	5	0.0	0	0	0	0	0	0
oewn-13275136-n	grant	5	3	16	2	grant	0	5	0.0	0	0	0	0	0	0
oewn-13371458-n	recognizance	5	3	20	2	bond	0	5	0.0	0	0	0	0	0	0
oewn-13498665-n	execution	5	3	20	1	execution	0	5	0.0	0	0	0	0	0	0
oewn-13808625-n	operator	5	3	12	2	identity	0	5	0.0	0	0	0	0	0	0
oewn-14040677-n	exhaustion	5	3	10	1	exhaustion	3	5	0.6	0	3	0	0	0	0
oewn-14083145-n	failure	5	3	19	1	failure	4	5	0.8	0	4	0	0	0	0
oewn-14399593-n	tension	5	3	16	2	tension	0	5	0.0	0	0	0	0	0	0
oewn-00057732-n	retreat	4	3	22	1	retreat	0	4	0.0	0	0	0	0	0	0
oewn-00074648-n	slip	4	3	42	1	slip	0	4	0.0	0	0	0	0	0	0
oewn-00091833-n	abandonment	4	3	5	2	abandonment	3	4	0.75	0	3	0	0	0	0
oewn-00716926-n	sewing	4	3	6	1	sewing	1	4	0.25	0	1	0	0	0	0
oewn-00930186-n	planning	4	3	10	1	planning	0	4	0.0	0	0	0	0	0	0
oewn-00973567-n	support	4	3	35	2	support	0	4	0.0	0	0	0	0	0	0
oewn-01091702-n	contribution	4	3	4	3	alms	1	4	0.25	0	1	0	0	0	0
oewn-01221256-n	adoration	4	3	8	1	adoration	0	4	0.0	0	0	0	0	0	0
oewn-01254867-n	colonization	4	3	15	3	settlement	0	4	0.0	0	0	0	0	0	0
oewn-01262453-n	awakening	4	3	3	2	awakening	0	4	0.0	0	0	0	0	0	0
oewn-01890115-n	livestock	4	3	47	1	stock	0	4	0.0	0	0	0	0	0	0
oewn-02563739-n	pike	4	3	13	1	pike	0	4	0.0	0	0	0	0	0	0
oewn-02909763-n	brooch	4	3	4	4	brooch	0	4	0.0	0	0	0	0	0	0
oewn-02995487-n	cellblock	4	3	11	1	ward	0	4	0.0	0	0	0	0	0	0
oewn-03009709-n	channel	4	3	22	3	channel	0	4	0.0	0	0	0	0	0	0
oewn-03063369-n	coaxial cable	4	3	3	1	coax	0	4	0.0	0	0	0	0	0	0
oewn-03240263-n	drawstring	4	3	28	1	string	0	4	0.0	0	0	0	0	0	0
oewn-03297121-n	epaulet	4	3	3	1	epaulet	0	4	0.0	0	0	0	0	0	0
oewn-03343593-n	film	4	3	10	3	slick	0	4	0.0	0	0	0	0	0	0
oewn-03416968-n	gallery	4	3	18	2	gallery	0	4	0.0	0	0	0	0	0	0
oewn-03594138-n	jack	4	3	32	1	jack	0	4	0.0	0	0	0	0	0	0
oewn-03723289-n	manifold	4	3	9	1	manifold	0	4	0.0	0	0	0	0	0	0
oewn-04049875-n	radio link	4	3	21	1	link	0	4	0.0	0	0	0	0	0	0
oewn-04149040-n	scale	4	3	34	2	scale	0	4	0.0	0	0	0	0	0	0
oewn-04557205-n	ward	4	3	11	1	ward	0	4	0.0	0	0	0	0	0	0
oewn-04721716-n	incompatibility	4	3	10	2	conflict	3	4	0.75	0	3	0	0	0	0
oewn-04903356-n	cleanliness	4	3	6	3	neatness	4	4	1.0	4	0	0	0	0	0
oewn-05124960-n	moderation	4	3	11	2	moderation	0	4	0.0	0	0	0	0	0	0
oewn-05143608-n	wideness	4	3	12	2	thickness	0	4	0.0	0	0	0	0	0	0
oewn-05297100-n	contractile organ	4	3	17	1	muscle	0	4	0.0	0	0	0	0	0	0
oewn-06428589-n	prayer book	4	3	3	2	missal	0	4	0.0	0	0	0	0	0	0
oewn-06634278-n	episode	4	3	11	3	episode	0	4	0.0	0	0	0	0	0	0
oewn-07221547-n	contradiction	4	3	6	1	contradiction	1	4	0.25	1	0	0	0	0	0
oewn-07403587-n	pat	4	3	15	3	tap	0	4	0.0	0	0	0	0	0	0
oewn-07447159-n	drip	4	3	6	3	drip	0	4	0.0	0	0	0	0	0	0
oewn-07956792-n	kingdom	4	3	18	1	kingdom	1	4	0.25	0	1	0	0	0	0
oewn-08075773-n	conglomerate	4	3	13	1	empire	0	4	0.0	0	0	0	0	0	0
oewn-08081929-n	commercial enterprise	4	3	9	1	industry	0	4	0.0	0	0	0	0	0	0
oewn-08129596-n	health profession	4	3	6	2	nursing	0	4	0.0	0	0	0	0	0	0
oewn-08526807-n	belt	4	3	18	1	belt	0	4	0.0	0	0	0	0	0	0
oewn-08560786-n	hub	4	3	4	2	hub	0	4	0.0	0	0	0	0	0	0
oewn-09471839-n	streambed	4	3	22	1	wash	0	4	0.0	0	0	0	0	0	0
oewn-09517519-n	dragon	4	3	8	1	dragon	0	4	0.0	0	0	0	0	0	0
oewn-09905992-n	cadet	4	3	3	1	cadet	1	4	0.25	1	0	0	0	0	0
oewn-10072502-n	emissary	4	3	4	2	emissary	0	4	0.0	0	0	0	0	0	0
oewn-10072812-n	emperor	4	3	12	1	emperor	0	4	0.0	0	0	0	0	0	0
oewn-10110267-n	finder	4	3	6	2	discoverer	0	4	0.0	0	0	0	0	0	0
oewn-10124854-n	forger	4	3	6	2	forger	1	4	0.25	0	1	0	0	0	0
oewn-10359063-n	muscle	4	3	17	1	muscle	0	4	0.0	0	0	0	0	0	0
oewn-10518136-n	quarrier	4	3	10	2	breaker	0	4	0.0	0	0	0	0	0	0
oewn-10549725-n	rider	4	3	12	1	rider	0	4	0.0	0	0	0	0	0	0
oewn-10564305-n	saboteur	4	3	25	1	sleeper	3	4	0.75	0	3	0	0	0	0
oewn-10693569-n	suitor	4	3	3	1	suitor	0	4	0.0	0	0	0	0	0	0
oewn-10811975-n	worshiper	4	3	6	1	worshipper	0	4	0.0	0	0	0	0	0	0
oewn-11535238-n	stress	4	3	16	2	stress	1	4	0.25	0	1	0	0	0	0
oewn-11539883-n	tornado	4	3	6	2	tornado	3	4	0.75	0	3	0	0	0	0
oewn-11545913-n	west wind	4	3	3	2	wester	0	4	0.0	0	0	0	0	0	0
oewn-11573691-n	perennial	4	3	3	1	perennial	0	4	0.0	0	0	0	0	0	0
oewn-13185984-n	bud	4	3	6	1	bud	1	4	0.25	1	0	0	0	0	0
oewn-13311025-n	reimbursement	4	3	20	1	allowance	1	4	0.25	0	1	0	0	0	0
oewn-13314400-n	allowance	4	3	20	1	allowance	0	4	0.0	0	0	0	0	0	0
oewn-13569308-n	refining	4	3	9	2	refinement	0	4	0.0	0	0	0	0	0	0
oewn-13846887-n	proportionality	4	3	16	1	correspondence	0	4	0.0	0	0	0	0	0	0
oewn-13924741-n	ridge	4	3	20	1	ridge	0	4	0.0	0	0	0	0	0	0
oewn-13965156-n	ultimacy	4	3	16	1	extremity	1	4	0.25	1	0	0	0	0	0
oewn-14025764-n	balance	4	3	19	2	balance	1	4	0.25	1	0	0	0	0	0
oewn-14056667-n	juncture	4	3	8	2	juncture	0	4	0.0	0	0	0	0	0	0
oewn-14075399-n	pathological state	4	3	3	1	ill health	4	4	1.0	0	4	0	0	0	0
oewn-14301157-n	rust	4	3	13	1	rust	3	4	0.75	0	3	0	0	0	0
oewn-14387971-n	callosity	4	3	20	1	corn	0	4	0.0	0	0	0	0	0	0
oewn-14510351-n	purity	4	3	8	1	purity	2	4	0.5	0	2	0	0	0	0
oewn-14742983-n	solder	4	3	3	1	solder	1	4	0.25	0	1	0	0	0	0
oewn-14783182-n	parchment	4	3	7	2	parchment	0	4	0.0	0	0	0	0	0	0
oewn-15033414-n	seawater	4	3	5	2	brine	0	4	0.0	0	0	0	0	0	0
oewn-15081108-n	spray	4	3	19	1	spray	0	4	0.0	0	0	0	0	0	0
oewn-15188052-n	day of the week	4	3	3	2	day of the week	0	4	0.0	0	0	0	0	0	0
oewn-05341325-n	artery	155	2	4	2	artery	5	155	0.03	5	0	0	0	0	0
oewn-11692851-n	wildflower	107	2	2	1	wild flower	0	107	0.0	0	0	0	0	0	0
oewn-14488632-n	birth defect	49	2	2	1	amelia	20	49	0.41	2	18	1	0	0	0
oewn-14238813-n	blight	36	2	5	1	blight	15	36	0.42	10	5	1	0	0	0
oewn-03745184-n	medical instrument	34	2	2	1	stethoscope	0	34	0.0	0	0	0	0	0	0
oewn-04187375-n	sewing stitch	34	2	6	1	whipping	0	34	0.0	0	0	0	0	0	0
oewn-10651303-n	specialist	34	2	3	2	specialist	2	34	0.06	0	2	0	0	0	0
oewn-15047343-n	coagulation factor	32	2	2	1	factor I	10	32	0.31	0	10	0	0	0	0
oewn-13157075-n	bean	31	2	10	1	bean	0	31	0.0	0	0	0	0	0	0
oewn-04088393-n	restaurant	30	2	2	1	restaurant	0	30	0.0	0	0	0	0	0	0
oewn-14918632-n	natural resin	30	2	5	1	amber	2	30	0.07	0	2	0	0	0	0
oewn-02443957-n	musteline mammal	29	2	4	4	weasel	4	29	0.14	0	4	0	0	0	0
oewn-12340527-n	hickory	29	2	3	1	hickory	0	29	0.0	0	0	0	0	0	0
oewn-02311989-n	caterpillar	28	2	2	1	caterpillar	2	28	0.07	0	2	0	0	0	0
oewn-08125938-n	genus	28	2	3	1	genus	1	28	0.04	0	1	0	0	0	0
oewn-14935208-n	hydrocarbon	28	2	11	1	gas	0	28	0.0	0	0	0	0	0	0
oewn-03961007-n	plane	27	2	8	1	plane	0	27	0.0	0	0	0	0	0	0
oewn-07012937-n	graph	27	2	13	1	pattern	0	27	0.0	0	0	0	0	0	0
oewn-07604518-n	stew	27	2	3	3	stew	0	27	0.0	0	0	0	0	0	0
oewn-02710542-n	analgesic	26	2	2	1	morphia	10	26	0.38	2	8	1	0	0	0
oewn-04021598-n	protective garment	26	2	7	2	apron	2	26	0.08	0	2	0	0	0	0
oewn-00535886-n	ballroom dancing	25	2	6	1	waltz	0	25	0.0	0	0	0	0	0	0
oewn-13438583-n	bond	23	2	19	1	bond	4	23	0.17	0	4	0	0	0	0
oewn-01924944-n	worm	22	2	9	1	worm	4	22	0.18	2	2	1	0	0	0
oewn-10009040-n	dancer	22	2	4	1	dancer	0	22	0.0	0	0	0	0	0	0
oewn-11735322-n	water lily	22	2	4	2	lotus	0	22	0.0	0	0	0	0	0	0
oewn-02795072-n	barbiturate	21	2	2	1	red devil	1	21	0.05	0	1	0	0	0	0
oewn-03851070-n	ointment	21	2	3	2	balm	0	21	0.0	0	0	0	0	0	0
oewn-09647729-n	mediator	21	2	7	3	interpreter	1	21	0.05	0	1	0	0	0	0
oewn-12921222-n	capsicum	21	2	7	2	pepper	0	21	0.0	0	0	0	0	0	0
oewn-00043279-n	delivery	20	2	8	2	delivery	0	20	0.0	0	0	0	0	0	0
oewn-03515727-n	heavier-than-air craft	20	2	9	2	plane	0	20	0.0	0	0	0	0	0	0
oewn-03769811-n	military vehicle	20	2	5	1	technical	0	20	0.0	0	0	0	0	0	0
oewn-04178892-n	semiconductor device	20	2	16	1	chip	3	20	0.15	3	0	0	0	0	0
oewn-05494572-n	cortical area	20	2	2	1	motor area	0	20	0.0	0	0	0	0	0	0
oewn-14988729-n	nucleotide	20	2	37	1	base	0	20	0.0	0	0	0	0	0	0
oewn-01819528-n	parrot	19	2	4	2	parrot	0	19	0.0	0	0	0	0	0	0
oewn-02877081-n	booth	19	2	9	3	stall	0	19	0.0	0	0	0	0	0	0
oewn-10540693-n	servicer	19	2	3	2	mechanic	0	19	0.0	0	0	0	0	0	0
oewn-13578654-n	social process	19	2	9	4	civilization	0	19	0.0	0	0	0	0	0	0
oewn-01156043-n	discrimination	18	2	5	1	discrimination	3	18	0.17	1	2	1	0	0	0
oewn-03690149-n	locomotive	18	2	10	1	engine	0	18	0.0	0	0	0	0	0	0
oewn-07673777-n	beefsteak	18	2	2	1	beefsteak	0	18	0.0	0	0	0	0	0	0
oewn-07703534-n	cornbread	18	2	2	1	pone	2	18	0.11	0	2	0	0	0	0
oewn-07740688-n	bean	18	2	10	1	bean	4	18	0.22	4	0	0	0	0	0
oewn-08087686-n	investment company	18	2	5	1	fund	0	18	0.0	0	0	0	0	0	0
oewn-09409315-n	particle	18	2	6	1	particle	1	18	0.06	1	0	0	0	0	0
oewn-14560040-n	dryness	18	2	5	3	drought	8	18	0.44	0	8	0	0	0	0
oewn-01328932-n	microorganism	17	2	8	2	bug	7	17	0.41	4	3	1	0	0	0
oewn-04237870-n	skirt	17	2	10	1	skirt	0	17	0.0	0	0	0	0	0	0
oewn-06182505-n	linguistics	17	2	3	1	etymology	0	17	0.0	0	0	0	0	0	0
oewn-06322324-n	oblique	17	2	4	1	oblique	4	17	0.24	0	4	0	0	0	0
oewn-09854894-n	ballplayer	17	2	5	3	pitcher	0	17	0.0	0	0	0	0	0	0
oewn-10064687-n	editor	17	2	3	1	editor	0	17	0.0	0	0	0	0	0	0
oewn-13557997-n	photography	17	2	6	2	photography	0	17	0.0	0	0	0	0	0	0
oewn-14874653-n	ester	17	2	37	1	base	3	17	0.18	0	3	0	0	0	0
oewn-04420036-n	terminal	16	2	2	2	depot	0	16	0.0	0	0	0	0	0	0
oewn-05295381-n	lymphatic tissue	16	2	3	1	spleen	0	16	0.0	0	0	0	0	0	0
oewn-06056961-n	dentistry	16	2	2	1	dentistry	0	16	0.0	0	0	0	0	0	0
oewn-06521201-n	computer file	16	2	9	1	document	0	16	0.0	0	0	0	0	0	0
oewn-06690047-n	printing	16	2	15	2	composition	0	16	0.0	0	0	0	0	0	0
oewn-00702232-n	behavior therapy	15	2	2	1	flooding	6	15	0.4	6	0	0	0	0	0
oewn-02095120-n	terrier	15	2	2	1	terrier	0	15	0.0	0	0	0	0	0	0
oewn-02520073-n	catfish	15	2	6	2	catfish	1	15	0.07	0	1	0	0	0	0
oewn-04010851-n	printer	15	2	6	2	printer	0	15	0.0	0	0	0	0	0	0
oewn-04260547-n	soap	15	2	6	1	soap	1	15	0.07	1	0	0	0	0	0
oewn-04371632-n	surgical instrument	15	2	5	3	probe	0	15	0.0	0	0	0	0	0	0
oewn-04411547-n	television	15	2	11	1	cable	1	15	0.07	0	1	0	0	0	0
oewn-04790142-n	credibility	15	2	3	3	authenticity	6	15	0.4	6	0	0	0	0	0
oewn-05741528-n	appraisal	15	2	28	2	check	3	15	0.2	3	0	0	0	0	0
oewn-06094057-n	chemistry	15	2	7	1	chemistry	0	15	0.0	0	0	0	0	0	0
oewn-08436941-n	nondepository financial institution	15	2	6	2	fund	0	15	0.0	0	0	0	0	0	0
oewn-08526463-n	zone	15	2	8	1	zone	1	15	0.07	0	1	0	0	0	0
oewn-10455755-n	pitcher	15	2	4	2	pitcher	2	15	0.13	0	2	0	0	0	0
oewn-14424081-n	speech disorder	15	2	2	1	stammer	5	15	0.33	0	5	0	0	0	0
oewn-00905257-n	photography	14	2	11	2	exposure	0	14	0.0	0	0	0	0	0	0
oewn-01014654-n	categorization	14	2	6	1	classification	0	14	0.0	0	0	0	0	0	0
oewn-01520206-n	ratite	14	2	4	1	ostrich	0	14	0.0	0	0	0	0	0	0
oewn-01643487-n	true frog	14	2	2	2	bullfrog	0	14	0.0	0	0	0	0	0	0
oewn-01847558-n	aquatic bird	14	2	2	1	swan	0	14	0.0	0	0	0	0	0	0
oewn-03044572-n	cleansing agent	14	2	7	2	soap	0	14	0.0	0	0	0	0	0	0
oewn-03287844-n	embroidery	14	2	3	1	embroidery	1	14	0.07	1	0	0	0	0	0
oewn-04573543-n	weaponry	14	2	6	3	ammunition	0	14	0.0	0	0	0	0	0	0
oewn-05008647-n	leanness	14	2	4	2	thinness	5	14	0.36	0	5	0	0	0	0
oewn-07111327-n	rhyme	14	2	5	1	rhyme	0	14	0.0	0	0	0	0	0	0
oewn-10284134-n	linguist	14	2	3	3	linguist	0	14	0.0	0	0	0	0	0	0
oewn-11964665-n	thistle	14	2	2	1	thistle	0	14	0.0	0	0	0	0	0	0
oewn-14336867-n	gangrene	14	2	5	2	slough	0	14	0.0	0	0	0	0	0	0
oewn-14484815-n	entirety	14	2	3	2	totality	0	14	0.0	0	0	0	0	0	0
oewn-01937081-n	annelid	13	2	3	1	leech	1	13	0.08	0	1	0	0	0	0
oewn-03598713-n	jar	13	2	7	2	jar	0	13	0.0	0	0	0	0	0	0
oewn-04825515-n	tastelessness	13	2	3	2	loudness	5	13	0.38	1	4	1	0	0	0
oewn-05213007-n	dullness	13	2	3	3	dreariness	1	13	0.08	1	0	0	0	0	0
oewn-06125308-n	geology	13	2	2	1	geology	0	13	0.0	0	0	0	0	0	0
oewn-07726361-n	potato	13	2	4	1	potato	0	13	0.0	0	0	0	0	0	0
oewn-11651341-n	cypress	13	2	5	2	cypress	0	13	0.0	0	0	0	0	0	0
oewn-11773047-n	clover	13	2	2	1	clover	0	13	0.0	0	0	0	0	0	0
oewn-12568785-n	medic	13	2	2	1	lucerne	0	13	0.0	0	0	0	0	0	0
oewn-13544411-n	nuclear reaction	13	2	10	1	decay	0	13	0.0	0	0	0	0	0	0
oewn-00434398-n	contact sport	12	2	5	3	wrestling	0	12	0.0	0	0	0	0	0	0
oewn-01001729-n	adjustment	12	2	6	2	temperament	0	12	0.0	0	0	0	0	0	0
oewn-01239980-n	consolidation	12	2	4	4	consolidation	0	12	0.0	0	0	0	0	0	0
oewn-01978787-n	decapod crustacean	12	2	8	3	crab	0	12	0.0	0	0	0	0	0	0
oewn-03841711-n	nut	12	2	13	1	nut	0	12	0.0	0	0	0	0	0	0
oewn-05002696-n	appetizingness	12	2	2	1	deliciousness	5	12	0.42	0	5	0	0	0	0
oewn-06158935-n	economics	12	2	5	1	finance	0	12	0.0	0	0	0	0	0	0
oewn-06329055-n	verb	12	2	3	1	verb	0	12	0.0	0	0	0	0	0	0
oewn-06363020-n	script	12	2	4	2	alphabet	0	12	0.0	0	0	0	0	0	0
oewn-07848878-n	dressing	12	2	12	1	dressing	0	12	0.0	0	0	0	0	0	0
oewn-07863174-n	cream	12	2	6	1	cream	4	12	0.33	2	2	1	0	0	0
oewn-07875559-n	syrup	12	2	2	1	molasses	2	12	0.17	0	2	0	0	0	0
oewn-09792169-n	adulterer	12	2	3	3	adulterer	2	12	0.17	0	2	0	0	0	0
oewn-09881352-n	boater	12	2	2	1	boatman	0	12	0.0	0	0	0	0	0	0
oewn-09897741-n	builder	12	2	5	1	builder	1	12	0.08	0	1	0	0	0	0
oewn-10215212-n	hypocrite	12	2	2	1	hypocrite	6	12	0.5	6	0	0	0	0	0
oewn-10457939-n	planner	12	2	3	3	schemer	0	12	0.0	0	0	0	0	0	0
oewn-10704310-n	sycophant	12	2	2	1	goody-goody	7	12	0.58	7	0	0	0	0	0
oewn-11456397-n	chemical bond	12	2	19	1	bond	0	12	0.0	0	0	0	0	0	0
oewn-13498226-n	evolution	12	2	3	1	evolution	0	12	0.0	0	0	0	0	0	0
oewn-14166897-n	tuberculosis	12	2	7	1	consumption	4	12	0.33	0	4	0	0	0	0
oewn-14276346-n	eye disease	12	2	3	1	cataract	4	12	0.33	2	2	1	0	0	0
oewn-14726577-n	adhesive material	12	2	5	3	lime	0	12	0.0	0	0	0	0	0	0
oewn-15078434-n	starch	12	2	3	1	arrowroot	0	12	0.0	0	0	0	0	0	0
oewn-00207776-n	ejection	11	2	5	2	exclusion	0	11	0.0	0	0	0	0	0	0
oewn-01782270-n	mite	11	2	3	1	mite	0	11	0.0	0	0	0	0	0	0
oewn-01855502-n	sea duck	11	2	2	2	eider	0	11	0.0	0	0	0	0	0	0
oewn-02010695-n	heron	11	2	2	1	heron	0	11	0.0	0	0	0	0	0	0
oewn-02596880-n	sciaenid fish	11	2	14	1	drum	0	11	0.0	0	0	0	0	0	0
oewn-03279707-n	electrode	11	2	37	1	base	0	11	0.0	0	0	0	0	0	0
oewn-03518520-n	helmet	11	2	3	1	helmet	0	11	0.0	0	0	0	0	0	0
oewn-03791032-n	morgue	11	2	2	1	mortuary	0	11	0.0	0	0	0	0	0	0
oewn-04780590-n	mobility	11	2	7	1	restlessness	6	11	0.55	6	0	0	0	0	0
oewn-05007507-n	fleshiness	11	2	3	2	corpulence	4	11	0.36	0	4	0	0	0	0
oewn-05780664-n	analysis	11	2	8	2	analysis	0	11	0.0	0	0	0	0	0	0
oewn-06287933-n	television	11	2	11	1	cable	0	11	0.0	0	0	0	0	0	0
oewn-10167825-n	grouch	11	2	7	2	crab	5	11	0.45	0	5	0	0	0	0
oewn-10400371-n	orator	11	2	2	1	orator	1	11	0.09	1	0	0	0	0	0
oewn-11470244-n	electricity	11	2	4	2	electricity	0	11	0.0	0	0	0	0	0	0
oewn-11520217-n	radio wave	11	2	7	2	carrier	0	11	0.0	0	0	0	0	0	0
oewn-12624720-n	dock	11	2	14	1	dock	0	11	0.0	0	0	0	0	0	0
oewn-12909666-n	mullein	11	2	8	1	torch	0	11	0.0	0	0	0	0	0	0
oewn-14344896-n	eruption	11	2	5	2	rash	4	11	0.36	4	0	0	0	0	0
oewn-14345380-n	rash	11	2	4	1	rash	4	11	0.36	0	4	0	0	0	0
oewn-14642431-n	base	11	2	37	1	base	0	11	0.0	0	0	0	0	0	0
oewn-00514412-n	buffoonery	10	2	4	2	frivolity	6	10	0.6	6	0	0	0	0	0
oewn-02120985-n	fox	10	2	5	1	fox	0	10	0.0	0	0	0	0	0	0
oewn-02683191-n	adhesive tape	10	2	6	2	plaster	0	10	0.0	0	0	0	0	0	0
oewn-03023717-n	chip	10	2	16	1	chip	0	10	0.0	0	0	0	0	0	0
oewn-03232719-n	double-reed instrument	10	2	2	1	hautboy	0	10	0.0	0	0	0	0	0	0
oewn-03284064-n	electronic instrument	10	2	13	1	organ	0	10	0.0	0	0	0	0	0	0
oewn-03518281-n	helmet	10	2	4	2	helmet	0	10	0.0	0	0	0	0	0	0
oewn-03712192-n	magnetic disk	10	2	6	2	disk	0	10	0.0	0	0	0	0	0	0
oewn-04837333-n	inhumaneness	10	2	4	3	barbarity	6	10	0.6	1	5	1	0	0	0
oewn-04929515-n	inheritance	10	2	8	2	inheritance	0	10	0.0	0	0	0	0	0	0
oewn-06330286-n	noun	10	2	3	2	proper name	0	10	0.0	0	0	0	0	0	0
oewn-10613153-n	promoter	10	2	15	1	shower	0	10	0.0	0	0	0	0	0	0
oewn-11998702-n	sunflower	10	2	2	1	sunflower	0	10	0.0	0	0	0	0	0	0
oewn-15302104-n	deathrate	10	2	4	1	mortality	0	10	0.0	0	0	0	0	0	0
oewn-00069993-n	breach of contract	9	2	2	1	breach of promise	2	9	0.22	1	1	1	0	0	0
oewn-00398761-n	division	9	2	17	2	division	0	9	0.0	0	0	0	0	0	0
oewn-00902073-n	pictorial representation	9	2	5	2	photography	0	9	0.0	0	0	0	0	0	0
oewn-00977538-n	penetration	9	2	10	3	penetration	0	9	0.0	0	0	0	0	0	0
oewn-01699274-n	crocodilian reptile	9	2	2	1	crocodile	2	9	0.22	0	2	0	0	0	0
oewn-01840679-n	piciform bird	9	2	2	1	woodpecker	0	9	0.0	0	0	0	0	0	0
oewn-01891715-n	insectivore	9	2	10	2	mole	0	9	0.0	0	0	0	0	0	0
oewn-01963100-n	oyster	9	2	7	1	oyster	1	9	0.11	1	0	0	0	0	0
oewn-02732781-n	appliance	9	2	3	2	appliance	0	9	0.0	0	0	0	0	0	0
oewn-03292644-n	engine	9	2	10	1	engine	0	9	0.0	0	0	0	0	0	0
oewn-03844419-n	oboe	9	2	2	1	hautboy	0	9	0.0	0	0	0	0	0	0
oewn-03979986-n	pocketknife	9	2	2	2	pocket knife	0	9	0.0	0	0	0	0	0	0
oewn-04087045-n	resistor	9	2	14	2	resistance	0	9	0.0	0	0	0	0	0	0
oewn-04159676-n	screen	9	2	17	2	background	0	9	0.0	0	0	0	0	0	0
oewn-04383963-n	syringe	9	2	3	2	hypo	3	9	0.33	3	0	0	0	0	0
oewn-04815028-n	unworthiness	9	2	3	3	unworthiness	6	9	0.67	6	0	0	0	0	0
oewn-05057530-n	currentness	9	2	3	2	currency	5	9	0.56	5	0	0	0	0	0
oewn-05736981-n	distribution	9	2	8	2	sample	2	9	0.22	2	0	0	0	0	0
oewn-05742504-n	attribution	9	2	4	2	imputation	0	9	0.0	0	0	0	0	0	0
oewn-06104629-n	astronomy	9	2	2	1	astronomy	0	9	0.0	0	0	0	0	0	0
oewn-06300030-n	content word	9	2	4	2	verb	0	9	0.0	0	0	0	0	0	0
oewn-06499734-n	catalog	9	2	3	2	catalogue	0	9	0.0	0	0	0	0	0	0
oewn-07102630-n	terseness	9	2	4	2	brevity	3	9	0.33	0	3	0	0	0	0
oewn-07342405-n	factor	9	2	6	2	factor	5	9	0.56	4	1	1	0	0	0
oewn-07950770-n	black tea	9	2	2	1	congo	4	9	0.44	2	2	1	0	0	0
oewn-08127993-n	fish species	9	2	2	1	saratoga	0	9	0.0	0	0	0	0	0	0
oewn-08299617-n	graduate school	9	2	2	2	law school	0	9	0.0	0	0	0	0	0	0
oewn-08693705-n	urban area	9	2	3	2	new town	0	9	0.0	0	0	0	0	0	0
oewn-09563850-n	elf	9	2	5	3	hob	0	9	0.0	0	0	0	0	0	0
oewn-09793385-n	advertiser	9	2	4	2	tout	0	9	0.0	0	0	0	0	0	0
oewn-09867897-n	believer	9	2	3	1	believer	1	9	0.11	1	0	0	0	0	0
oewn-10341896-n	misfit	9	2	9	3	jerk	5	9	0.56	0	5	0	0	0	0
oewn-10634850-n	smuggler	9	2	3	2	smuggler	5	9	0.56	0	5	0	0	0	0
oewn-11508350-n	north wind	9	2	2	2	north wind	0	9	0.0	0	0	0	0	0	0
oewn-13485407-n	deterioration	9	2	9	1	slack	5	9	0.56	5	0	0	0	0	0
oewn-13851118-n	opposition	9	2	14	2	opposition	0	9	0.0	0	0	0	0	0	0
oewn-14125557-n	thrombosis	9	2	2	1	white leg	3	9	0.33	0	3	0	0	0	0
oewn-14711074-n	gasoline	9	2	11	1	gas	2	9	0.22	0	2	0	0	0	0
oewn-14741436-n	bronze	9	2	3	1	bronze	0	9	0.0	0	0	0	0	0	0
oewn-00213657-n	relinquishment	8	2	22	3	release	0	8	0.0	0	0	0	0	0	0
oewn-00322782-n	enclosure	8	2	8	3	enclosure	0	8	0.0	0	0	0	0	0	0
oewn-00347519-n	reversion	8	2	11	1	reverse	0	8	0.0	0	0	0	0	0	0
oewn-00395611-n	denudation	8	2	2	1	stripping	0	8	0.0	0	0	0	0	0	0
oewn-01115977-n	traffic	8	2	7	1	traffic	0	8	0.0	0	0	0	0	0	0
oewn-01615935-n	eagle	8	2	9	1	eagle	0	8	0.0	0	0	0	0	0	0
oewn-02087513-n	cur	8	2	3	2	cur	3	8	0.38	0	3	0	0	0	0
oewn-02188805-n	flea	8	2	2	1	flea	2	8	0.25	2	0	0	0	0	0
oewn-02801449-n	base	8	2	37	1	base	0	8	0.0	0	0	0	0	0	0
oewn-03054640-n	clothes dryer	8	2	2	1	mangle	0	8	0.0	0	0	0	0	0	0
oewn-03380540-n	foil	8	2	4	2	chaff	0	8	0.0	0	0	0	0	0	0
oewn-03398178-n	free-reed instrument	8	2	5	1	harp	0	8	0.0	0	0	0	0	0	0
oewn-03402368-n	frill	8	2	9	2	frill	0	8	0.0	0	0	0	0	0	0
oewn-03672706-n	lighting fixture	8	2	3	2	pendent	0	8	0.0	0	0	0	0	0	0
oewn-03771857-n	millinery	8	2	3	1	turban	0	8	0.0	0	0	0	0	0	0
oewn-03850880-n	oil well	8	2	5	2	spouter	2	8	0.25	0	2	0	0	0	0
oewn-04056210-n	railway station	8	2	2	2	railway station	0	8	0.0	0	0	0	0	0	0
oewn-04106523-n	rocket	8	2	7	3	rocket	0	8	0.0	0	0	0	0	0	0
oewn-04377135-n	sweater	8	2	3	1	turtle	3	8	0.38	3	0	0	0	0	0
oewn-04713435-n	conspicuousness	8	2	4	2	boldness	3	8	0.38	3	0	0	0	0	0
oewn-04883248-n	untruthfulness	8	2	4	4	equivocation	4	8	0.5	0	4	0	0	0	0
oewn-04939455-n	computer architecture	8	2	6	1	architecture	0	8	0.0	0	0	0	0	0	0
oewn-05034695-n	heaviness	8	2	4	2	heaviness	0	8	0.0	0	0	0	0	0	0
oewn-05053810-n	earliness	8	2	4	2	priority	1	8	0.12	0	1	0	0	0	0
oewn-05054430-n	priority	8	2	4	2	priority	0	8	0.0	0	0	0	0	0	0
oewn-05423542-n	saliva	8	2	5	3	spit	0	8	0.0	0	0	0	0	0	0
oewn-05694286-n	cognitive factor	8	2	11	1	inspiration	1	8	0.12	0	1	0	0	0	0
oewn-05739724-n	configuration	8	2	5	2	constellation	0	8	0.0	0	0	0	0	0	0
oewn-05830135-n	sample	8	2	6	2	sample	0	8	0.0	0	0	0	0	0	0
oewn-05879984-n	fundamentals	8	2	4	2	alphabet	0	8	0.0	0	0	0	0	0	0
oewn-06036061-n	sample distribution	8	2	5	1	sample	0	8	0.0	0	0	0	0	0	0
oewn-06388195-n	prose	8	2	5	1	prose	1	8	0.12	1	0	0	0	0	0
oewn-06509450-n	alphabet	8	2	3	1	alphabet	0	8	0.0	0	0	0	0	0	0
oewn-06585196-n	malevolent program	8	2	9	1	worm	5	8	0.62	2	3	1	0	0	0
oewn-07164544-n	bargaining	8	2	2	2	bargaining	0	8	0.0	0	0	0	0	0	0
oewn-08403096-n	upper class	8	2	4	1	aristocracy	2	8	0.25	2	0	0	0	0	0
oewn-10324859-n	meddler	8	2	2	2	meddler	2	8	0.25	1	1	1	0	0	0
oewn-10429497-n	payer	8	2	6	1	tenant	0	8	0.0	0	0	0	0	0	0
oewn-10702573-n	swimmer	8	2	4	1	swimmer	0	8	0.0	0	0	0	0	0	0
oewn-10780008-n	voter	8	2	3	3	voter	2	8	0.25	0	2	0	0	0	0
oewn-12177336-n	grain	8	2	14	2	grain	0	8	0.0	0	0	0	0	0	0
oewn-12354810-n	gum tree	8	2	10	1	gum	0	8	0.0	0	0	0	0	0	0
oewn-12806484-n	sedum	8	2	2	1	livelong	0	8	0.0	0	0	0	0	0	0
oewn-13159832-n	pod	8	2	9	1	pod	0	8	0.0	0	0	0	0	0	0
oewn-13576802-n	shedding	8	2	3	1	shedding	0	8	0.0	0	0	0	0	0	0
oewn-14847009-n	copper sulfate	8	2	2	1	blue stone	0	8	0.0	0	0	0	0	0	0
oewn-15099529-n	tissue	8	2	5	1	tissue	1	8	0.12	1	0	0	0	0	0
oewn-15121776-n	builder	8	2	5	1	builder	0	8	0.0	0	0	0	0	0	0
oewn-00122186-n	transmission	7	2	4	2	forwarding	0	7	0.0	0	0	0	0	0	0
oewn-00270102-n	reconstruction	7	2	4	3	regeneration	1	7	0.14	1	0	0	0	0	0
oewn-00518784-n	festival	7	2	4	2	festival	0	7	0.0	0	0	0	0	0	0
oewn-00631151-n	leg exercise	7	2	5	2	squat	0	7	0.0	0	0	0	0	0	0
oewn-00817462-n	navigation	7	2	4	3	navigation	1	7	0.14	0	1	0	0	0	0
oewn-00876299-n	disapproval	7	2	5	2	condemnation	0	7	0.0	0	0	0	0	0	0
oewn-00911901-n	recording	7	2	5	2	recording	0	7	0.0	0	0	0	0	0	0
oewn-00920197-n	gardening	7	2	2	2	gardening	0	7	0.0	0	0	0	0	0	0
oewn-01076422-n	obstruction	7	2	9	3	stall	0	7	0.0	0	0	0	0	0	0
oewn-01103234-n	advertising	7	2	3	1	advertising	1	7	0.14	0	1	0	0	0	0
oewn-01130711-n	domination	7	2	7	3	mastery	0	7	0.0	0	0	0	0	0	0
oewn-01143160-n	delegating	7	2	3	2	deputation	0	7	0.0	0	0	0	0	0	0
oewn-01817011-n	domestic pigeon	7	2	5	2	tumbler	0	7	0.0	0	0	0	0	0	0
oewn-01892161-n	mole	7	2	9	1	mole	0	7	0.0	0	0	0	0	0	0
oewn-02078848-n	seal	7	2	20	1	seal	0	7	0.0	0	0	0	0	0	0
oewn-02202850-n	mosquito	7	2	2	2	mosquito	0	7	0.0	0	0	0	0	0	0
oewn-02215254-n	vespid	7	2	2	1	hornet	0	7	0.0	0	0	0	0	0	0
oewn-02332897-n	mouse	7	2	6	1	mouse	0	7	0.0	0	0	0	0	0	0
oewn-02796518-n	barn	7	2	5	1	barn	0	7	0.0	0	0	0	0	0	0
oewn-02818735-n	beads	7	2	3	3	string of beads	0	7	0.0	0	0	0	0	0	0
oewn-02884435-n	bowl	7	2	14	1	bowl	0	7	0.0	0	0	0	0	0	0
oewn-02926513-n	burner	7	2	8	1	torch	0	7	0.0	0	0	0	0	0	0
oewn-02977017-n	carving	7	2	6	1	carving	0	7	0.0	0	0	0	0	0	0
oewn-03078859-n	comb	7	2	8	1	comb	0	7	0.0	0	0	0	0	0	0
oewn-03089957-n	computer system	7	2	15	1	platform	0	7	0.0	0	0	0	0	0	0
oewn-03221531-n	dock	7	2	14	1	dock	0	7	0.0	0	0	0	0	0	0
oewn-03288430-n	emetic	7	2	3	2	vomit	0	7	0.0	0	0	0	0	0	0
oewn-03349961-n	firecracker	7	2	2	1	firecracker	0	7	0.0	0	0	0	0	0	0
oewn-03376875-n	flute	7	2	2	1	fife	0	7	0.0	0	0	0	0	0	0
oewn-03392499-n	foundry	7	2	3	3	foundry	0	7	0.0	0	0	0	0	0	0
oewn-03459155-n	grapnel	7	2	5	2	grapple	0	7	0.0	0	0	0	0	0	0
oewn-03536461-n	hood	7	2	17	1	hood	0	7	0.0	0	0	0	0	0	0
oewn-03683688-n	litter	7	2	10	2	litter	0	7	0.0	0	0	0	0	0	0
oewn-03917985-n	pennant	7	2	4	4	pennant	0	7	0.0	0	0	0	0	0	0
oewn-04056517-n	raincoat	7	2	3	1	waterproof	0	7	0.0	0	0	0	0	0	0
oewn-04072576-n	recreation room	7	2	2	2	family room	0	7	0.0	0	0	0	0	0	0
oewn-04301564-n	stabilizer	7	2	2	1	horizontal tail	0	7	0.0	0	0	0	0	0	0
oewn-04473848-n	trail	7	2	6	1	trail	0	7	0.0	0	0	0	0	0	0
oewn-04558661-n	warhead	7	2	20	1	load	0	7	0.0	0	0	0	0	0	0
oewn-04835486-n	impiety	7	2	2	2	impiety	5	7	0.71	1	4	1	0	0	0
oewn-05062014-n	impermanence	7	2	4	1	mortality	2	7	0.29	0	2	0	0	0	0
oewn-05127983-n	margin	7	2	11	2	margin	0	7	0.0	0	0	0	0	0	0
oewn-05134114-n	register	7	2	14	1	register	0	7	0.0	0	0	0	0	0	0
oewn-05236952-n	fiber	7	2	8	1	fibre	0	7	0.0	0	0	0	0	0	0
oewn-05424816-n	pus	7	2	2	2	pus	6	7	0.86	0	6	0	0	0	0
oewn-05708052-n	preoccupation	7	2	6	3	abstraction	1	7	0.14	1	0	0	0	0	0
oewn-05716765-n	constancy	7	2	6	1	constancy	0	7	0.0	0	0	0	0	0	0
oewn-05760918-n	conditioning	7	2	8	2	extinction	2	7	0.29	0	2	0	0	0	0
oewn-05822776-n	issue	7	2	19	1	issue	4	7	0.57	2	2	1	0	0	0
oewn-05838851-n	nuisance	7	2	3	1	nuisance	0	7	0.0	0	0	0	0	0	0
oewn-06425532-n	booklet	7	2	3	2	pamphlet	0	7	0.0	0	0	0	0	0	0
oewn-06500717-n	character set	7	2	3	1	alphabet	0	7	0.0	0	0	0	0	0	0
oewn-07108269-n	versification	7	2	5	1	rhyme	0	7	0.0	0	0	0	0	0	0
oewn-07163281-n	diplomacy	7	2	9	2	recognition	0	7	0.0	0	0	0	0	0	0
oewn-07322372-n	discharge	7	2	13	3	discharge	0	7	0.0	0	0	0	0	0	0
oewn-07430330-n	conversion	7	2	12	2	transition	0	7	0.0	0	0	0	0	0	0
oewn-07587918-n	commissariat	7	2	4	2	larder	0	7	0.0	0	0	0	0	0	0
oewn-07783823-n	pear	7	2	5	1	pear	0	7	0.0	0	0	0	0	0	0
oewn-07899226-n	potion	7	2	3	2	elixir	0	7	0.0	0	0	0	0	0	0
oewn-08294726-n	academy	7	2	3	2	academy	0	7	0.0	0	0	0	0	0	0
oewn-08442260-n	traffic	7	2	7	1	traffic	0	7	0.0	0	0	0	0	0	0
oewn-09806026-n	amateur	7	2	3	1	amateur	3	7	0.43	0	3	0	0	0	0
oewn-09966711-n	composer	7	2	3	3	composer	0	7	0.0	0	0	0	0	0	0
oewn-10009953-n	dancer	7	2	4	1	dancer	0	7	0.0	0	0	0	0	0	0
oewn-10413608-n	painter	7	2	8	1	painter	0	7	0.0	0	0	0	0	0	0
oewn-10602839-n	settler	7	2	4	2	pioneer	0	7	0.0	0	0	0	0	0	0
oewn-10729178-n	thrower	7	2	4	2	pitcher	0	7	0.0	0	0	0	0	0	0
oewn-11875743-n	pokeweed	7	2	9	1	poke	0	7	0.0	0	0	0	0	0	0
oewn-11897942-n	turnip plant	7	2	5	2	turnip	0	7	0.0	0	0	0	0	0	0
oewn-12130344-n	oat	7	2	2	2	oat	0	7	0.0	0	0	0	0	0	0
oewn-12715905-n	mahogany	7	2	5	1	mahogany	0	7	0.0	0	0	0	0	0	0
oewn-12825906-n	currant	7	2	3	2	currant	0	7	0.0	0	0	0	0	0	0
oewn-13556157-n	permeation	7	2	2	1	suffusion	0	7	0.0	0	0	0	0	0	0
oewn-14068989-n	sterility	7	2	3	1	impotence	4	7	0.57	0	4	0	0	0	0
oewn-14696878-n	corundom	7	2	5	2	ruby	0	7	0.0	0	0	0	0	0	0
oewn-14903756-n	natural glass	7	2	11	1	crystal	5	7	0.71	5	0	0	0	0	0
oewn-15141495-n	civil time	7	2	2	1	EST	0	7	0.0	0	0	0	0	0	0
oewn-00045193-n	egress	6	2	5	2	egress	0	6	0.0	0	0	0	0	0	0
oewn-00265209-n	enrichment	6	2	14	2	dressing	0	6	0.0	0	0	0	0	0	0
oewn-00303687-n	acrobatics	6	2	10	2	spin	0	6	0.0	0	0	0	0	0	0
oewn-00373256-n	deposit	6	2	12	3	deposit	0	6	0.0	0	0	0	0	0	0
oewn-00448525-n	wrestling	6	2	4	2	wrestling	0	6	0.0	0	0	0	0	0	0
oewn-00575264-n	swimming kick	6	2	2	1	thrash	0	6	0.0	0	0	0	0	0	0
oewn-00772323-n	copyright infringement	6	2	3	1	piracy	0	6	0.0	0	0	0	0	0	0
oewn-00972749-n	mission	6	2	8	1	mission	0	6	0.0	0	0	0	0	0	0
oewn-01114325-n	marketing	6	2	17	2	channel	0	6	0.0	0	0	0	0	0	0
oewn-01216661-n	advocacy	6	2	6	1	urging	0	6	0.0	0	0	0	0	0	0
oewn-01321958-n	marine animal	6	2	2	1	sea creature	0	6	0.0	0	0	0	0	0	0
oewn-01387971-n	ectoparasite	6	2	2	1	flea	0	6	0.0	0	0	0	0	0	0
oewn-01672733-n	tortoise	6	2	2	1	tortoise	0	6	0.0	0	0	0	0	0	0
oewn-01905209-n	protective covering	6	2	5	2	armour	0	6	0.0	0	0	0	0	0	0
oewn-01916804-n	anthozoan	6	2	9	1	coral	1	6	0.17	1	0	0	0	0	0
oewn-01918452-n	coral	6	2	9	1	coral	1	6	0.17	1	0	0	0	0	0
oewn-02215759-n	hornet	6	2	2	1	hornet	2	6	0.33	0	2	0	0	0	0
oewn-02228835-n	orthopterous insect	6	2	5	3	grasshopper	0	6	0.0	0	0	0	0	0	0
oewn-02513400-n	gill	6	2	7	1	gill	0	6	0.0	0	0	0	0	0	0
oewn-03014816-n	check	6	2	25	1	check	0	6	0.0	0	0	0	0	0	0
oewn-03042670-n	classroom	6	2	2	1	schoolroom	0	6	0.0	0	0	0	0	0	0
oewn-03388794-n	fork	6	2	12	1	fork	0	6	0.0	0	0	0	0	0	0
oewn-03487488-n	hamper	6	2	3	1	hamper	0	6	0.0	0	0	0	0	0	0
oewn-03509867-n	headquarters	6	2	3	2	headquarters	0	6	0.0	0	0	0	0	0	0
oewn-03600807-n	jersey	6	2	4	2	turtle	3	6	0.5	3	0	0	0	0	0
oewn-04059869-n	random-access memory	6	2	6	1	RAM	0	6	0.0	0	0	0	0	0	0
oewn-04120859-n	round arch	6	2	2	1	round arch	0	6	0.0	0	0	0	0	0	0
oewn-04523967-n	utensil	6	2	2	1	utensil	0	6	0.0	0	0	0	0	0	0
oewn-04720394-n	harmony	6	2	11	1	harmony	3	6	0.5	3	0	0	0	0	0
oewn-04791892-n	logicality	6	2	5	3	consistency	4	6	0.67	4	0	0	0	0	0
oewn-04804544-n	unusualness	6	2	5	1	strangeness	3	6	0.5	1	2	1	0	0	0
oewn-04808562-n	orthodoxy	6	2	7	3	convention	0	6	0.0	0	0	0	0	0	0
oewn-04815223-n	baseness	6	2	2	2	baseness	5	6	0.83	5	0	0	0	0	0
oewn-04872733-n	assiduity	6	2	8	2	concentration	3	6	0.5	3	0	0	0	0	0
oewn-04896357-n	snobbery	6	2	2	1	exclusiveness	3	6	0.5	0	3	0	0	0	0
oewn-04957714-n	texture	6	2	17	2	grain	0	6	0.0	0	0	0	0	0	0
oewn-05078196-n	narrowing	6	2	8	2	taper	0	6	0.0	0	0	0	0	0	0
oewn-05378261-n	jugular vein	6	2	3	3	jugular vein	0	6	0.0	0	0	0	0	0	0
oewn-05445361-n	allele	6	2	3	1	dominant	0	6	0.0	0	0	0	0	0	0
oewn-05596201-n	cervical vertebra	6	2	7	2	axis	0	6	0.0	0	0	0	0	0	0
oewn-05671913-n	logic	6	2	7	2	logic	0	6	0.0	0	0	0	0	0	0
oewn-05746570-n	assay	6	2	25	1	check	0	6	0.0	0	0	0	0	0	0
oewn-05821727-n	reminder	6	2	4	2	reminder	0	6	0.0	0	0	0	0	0	0
oewn-06427062-n	notebook	6	2	2	2	notebook	0	6	0.0	0	0	0	0	0	0
oewn-06857249-n	quotation mark	6	2	4	1	quote	1	6	0.17	0	1	0	0	0	0
oewn-06858649-n	trade name	6	2	7	2	label	0	6	0.0	0	0	0	0	0	0
oewn-06883001-n	chord	6	2	4	1	chord	0	6	0.0	0	0	0	0	0	0
oewn-07231072-n	concession	6	2	6	2	concession	0	6	0.0	0	0	0	0	0	0
oewn-07669591-n	chop	6	2	12	1	chop	0	6	0.0	0	0	0	0	0	0
oewn-07702618-n	toast	6	2	5	1	toast	1	6	0.17	0	1	0	0	0	0
oewn-07751779-n	turnip	6	2	5	2	turnip	0	6	0.0	0	0	0	0	0	0
oewn-07815254-n	roe	6	2	9	1	coral	2	6	0.33	0	2	0	0	0	0
oewn-07819521-n	wheat	6	2	6	1	wheat	0	6	0.0	0	0	0	0	0	0
oewn-07836790-n	savory	6	2	5	2	savoury	0	6	0.0	0	0	0	0	0	0
oewn-07955878-n	classification	6	2	6	1	classification	0	6	0.0	0	0	0	0	0	0
oewn-08265078-n	orchestra	6	2	4	2	orchestra	0	6	0.0	0	0	0	0	0	0
oewn-09452291-n	segment	6	2	12	2	section	0	6	0.0	0	0	0	0	0	0
oewn-09922407-n	celebrant	6	2	2	1	reveller	0	6	0.0	0	0	0	0	0	0
oewn-09955820-n	collector	6	2	9	1	conductor	0	6	0.0	0	0	0	0	0	0
oewn-10097911-n	fancier	6	2	4	2	maniac	0	6	0.0	0	0	0	0	0	0
oewn-10232171-n	interpreter	6	2	6	2	interpreter	0	6	0.0	0	0	0	0	0	0
oewn-10493649-n	princess	6	2	2	1	princess	0	6	0.0	0	0	0	0	0	0
oewn-10531965-n	recruit	6	2	2	2	recruit	0	6	0.0	0	0	0	0	0	0
oewn-10669601-n	solon	6	2	2	2	solon	0	6	0.0	0	0	0	0	0	0
oewn-10705556-n	sympathizer	6	2	4	3	bleeding heart	5	6	0.83	3	2	1	0	0	0
oewn-10741119-n	dealer	6	2	6	2	dealer	0	6	0.0	0	0	0	0	0	0
oewn-10766249-n	vassal	6	2	2	1	vassal	0	6	0.0	0	0	0	0	0	0
oewn-11550963-n	crop	6	2	11	1	crop	0	6	0.0	0	0	0	0	0	0
oewn-11681823-n	yew	6	2	4	1	yew	0	6	0.0	0	0	0	0	0	0
oewn-11699219-n	ovule	6	2	8	1	seed	1	6	0.17	1	0	0	0	0	0
oewn-12355037-n	gumwood	6	2	10	1	gum	0	6	0.0	0	0	0	0	0	0
oewn-12576812-n	bean	6	2	10	1	bean	0	6	0.0	0	0	0	0	0	0
oewn-13154818-n	bulb	6	2	6	2	onion	0	6	0.0	0	0	0	0	0	0
oewn-13394387-n	standard	6	2	9	1	standard	0	6	0.0	0	0	0	0	0	0
oewn-13472035-n	computer operation	6	2	7	2	flop	0	6	0.0	0	0	0	0	0	0
oewn-13475652-n	curdling	6	2	2	2	curdling	0	6	0.0	0	0	0	0	0	0
oewn-13483394-n	deposition	6	2	10	2	deposit	0	6	0.0	0	0	0	0	0	0
oewn-13675520-n	extremum	6	2	14	1	peak	2	6	0.33	0	2	0	0	0	0
oewn-13903832-n	parallelogram	6	2	11	1	diamond	0	6	0.0	0	0	0	0	0	0
oewn-14457488-n	salience	6	2	7	2	profile	1	6	0.17	1	0	0	0	0	0
oewn-14550773-n	immunity	6	2	14	2	resistance	3	6	0.5	3	0	0	0	0	0
oewn-14709333-n	char	6	2	10	1	snuff	0	6	0.0	0	0	0	0	0	0
oewn-14894229-n	cotton	6	2	10	1	cotton	0	6	0.0	0	0	0	0	0	0
oewn-14967952-n	lye	6	2	2	1	lye	0	6	0.0	0	0	0	0	0	0
oewn-00148682-n	loosening	5	2	5	2	undoing	0	5	0.0	0	0	0	0	0	0
oewn-00150328-n	welding	5	2	2	1	welding	0	5	0.0	0	0	0	0	0	0
oewn-00157210-n	trigger	5	2	4	2	initiation	2	5	0.4	0	2	0	0	0	0
oewn-00164227-n	about-face	5	2	3	1	undoing	0	5	0.0	0	0	0	0	0	0
oewn-00231191-n	abortion	5	2	3	1	abortion	0	5	0.0	0	0	0	0	0	0
oewn-00400891-n	conversion	5	2	14	3	dressing	0	5	0.0	0	0	0	0	0	0
oewn-00498071-n	canasta	5	2	2	1	bolivia	0	5	0.0	0	0	0	0	0	0
oewn-00876484-n	evaluation	5	2	10	1	marking	0	5	0.0	0	0	0	0	0	0
oewn-00916760-n	breeding	5	2	12	1	breeding	0	5	0.0	0	0	0	0	0	0
oewn-01059973-n	infant feeding	5	2	5	1	nursing	0	5	0.0	0	0	0	0	0	0
oewn-01170200-n	strife	5	2	5	2	strife	3	5	0.6	0	3	0	0	0	0
oewn-01940550-n	leech	5	2	3	1	leech	0	5	0.0	0	0	0	0	0	0
oewn-02043739-n	larid	5	2	3	1	gull	0	5	0.0	0	0	0	0	0	0
oewn-02466242-n	hindquarters	5	2	3	1	haunch	0	5	0.0	0	0	0	0	0	0
oewn-02553091-n	flying fish	5	2	2	1	flying fish	4	5	0.8	0	4	0	0	0	0
oewn-02729606-n	apartment building	5	2	2	1	tenement	0	5	0.0	0	0	0	0	0	0
oewn-02954068-n	cannon	5	2	15	1	cannon	0	5	0.0	0	0	0	0	0	0
oewn-02976476-n	cartridge holder	5	2	9	2	clip	0	5	0.0	0	0	0	0	0	0
oewn-03029569-n	chordophone	5	2	5	1	harp	0	5	0.0	0	0	0	0	0	0
oewn-03246199-n	drinking vessel	5	2	4	2	mug	0	5	0.0	0	0	0	0	0	0
oewn-03292914-n	engine	5	2	10	1	engine	0	5	0.0	0	0	0	0	0	0
oewn-03358462-n	fitting	5	2	7	2	fitting	0	5	0.0	0	0	0	0	0	0
oewn-03434824-n	gauze	5	2	3	3	gauze	0	5	0.0	0	0	0	0	0	0
oewn-03495985-n	hanger	5	2	7	1	strap	0	5	0.0	0	0	0	0	0	0
oewn-03500383-n	harp	5	2	5	1	harp	0	5	0.0	0	0	0	0	0	0
oewn-03697143-n	lounge	5	2	3	1	lounge	0	5	0.0	0	0	0	0	0	0
oewn-03733622-n	mat	5	2	13	1	mat	0	5	0.0	0	0	0	0	0	0
oewn-03835103-n	noose	5	2	5	2	clinch	0	5	0.0	0	0	0	0	0	0
oewn-03914950-n	pendant	5	2	3	2	pendent	0	5	0.0	0	0	0	0	0	0
oewn-03968819-n	platform	5	2	15	1	platform	3	5	0.6	3	0	0	0	0	0
oewn-04005638-n	prescription drug	5	2	4	2	refill	0	5	0.0	0	0	0	0	0	0
oewn-04081060-n	religious residence	5	2	3	1	convent	0	5	0.0	0	0	0	0	0	0
oewn-04166415-n	seal	5	2	20	1	seal	1	5	0.2	0	1	0	0	0	0
oewn-04167647-n	seaplane	5	2	2	1	flying boat	0	5	0.0	0	0	0	0	0	0
oewn-04328376-n	stitch	5	2	3	1	stitch	0	5	0.0	0	0	0	0	0	0
oewn-04413485-n	television station	5	2	16	1	channel	0	5	0.0	0	0	0	0	0	0
oewn-04509492-n	turtleneck	5	2	3	1	turtle	3	5	0.6	3	0	0	0	0	0
oewn-04533536-n	vent	5	2	10	1	vent	0	5	0.0	0	0	0	0	0	0
oewn-04547162-n	volatile storage	5	2	6	1	RAM	0	5	0.0	0	0	0	0	0	0
oewn-04558126-n	ware	5	2	3	2	ware	0	5	0.0	0	0	0	0	0	0
oewn-04566737-n	water faucet	5	2	9	2	tap	0	5	0.0	0	0	0	0	0	0
oewn-04585845-n	whipstitch	5	2	10	2	whipping	0	5	0.0	0	0	0	0	0	0
oewn-04656408-n	jocoseness	5	2	3	2	humorousness	4	5	0.8	4	0	0	0	0	0
oewn-04790511-n	authenticity	5	2	3	3	authenticity	0	5	0.0	0	0	0	0	0	0
oewn-04790988-n	plausibility	5	2	5	2	reasonableness	2	5	0.4	2	0	0	0	0	0
oewn-04861179-n	corruptness	5	2	13	2	corruption	3	5	0.6	3	0	0	0	0	0
oewn-04909342-n	indelicacy	5	2	3	1	indelicacy	1	5	0.2	0	1	0	0	0	0
oewn-04948301-n	solidity	5	2	4	2	solidity	2	5	0.4	0	2	0	0	0	0
oewn-05049437-n	weak part	5	2	2	2	weak spot	1	5	0.2	0	1	0	0	0	0
oewn-05469891-n	nervous system	5	2	2	1	nervous system	0	5	0.0	0	0	0	0	0	0
oewn-05519790-n	bladder	5	2	3	1	bladder	0	5	0.0	0	0	0	0	0	0
oewn-05550319-n	tuberosity	5	2	4	1	eminence	0	5	0.0	0	0	0	0	0	0
oewn-05618817-n	zone	5	2	8	1	zone	0	5	0.0	0	0	0	0	0	0
oewn-06427849-n	catalog	5	2	3	2	catalogue	0	5	0.0	0	0	0	0	0	0
oewn-06522968-n	text file	5	2	9	1	document	0	5	0.0	0	0	0	0	0	0
oewn-06775091-n	reservation	5	2	6	2	reservation	0	5	0.0	0	0	0	0	0	0
oewn-06790526-n	repartee	5	2	2	1	repartee	5	5	1.0	0	5	0	0	0	0
oewn-07121485-n	metaphor	5	2	2	1	metaphor	1	5	0.2	0	1	0	0	0	0
oewn-07196206-n	discord	5	2	18	3	division	3	5	0.6	0	3	0	0	0	0
oewn-07227739-n	dismissal	5	2	9	2	dismissal	0	5	0.0	0	0	0	0	0	0
oewn-07252762-n	implication	5	2	3	3	implication	2	5	0.4	0	2	0	0	0	0
oewn-07327841-n	compression	5	2	8	3	contraction	0	5	0.0	0	0	0	0	0	0
oewn-07428499-n	concentration	5	2	9	2	concentration	0	5	0.0	0	0	0	0	0	0
oewn-07444084-n	tremor	5	2	5	1	tremor	0	5	0.0	0	0	0	0	0	0
oewn-07449073-n	fertilization	5	2	12	1	dressing	1	5	0.2	0	1	0	0	0	0
oewn-07773108-n	cherry	5	2	8	1	cherry	0	5	0.0	0	0	0	0	0	0
oewn-07876964-n	dough	5	2	3	1	dough	0	5	0.0	0	0	0	0	0	0
oewn-07906725-n	mead	5	2	2	1	mead	1	5	0.2	0	1	0	0	0	0
oewn-08002508-n	trio	5	2	4	3	trinity	0	5	0.0	0	0	0	0	0	0
oewn-08080966-n	defense	5	2	14	2	defence	0	5	0.0	0	0	0	0	0	0
oewn-08187993-n	bloc	5	2	7	2	axis	0	5	0.0	0	0	0	0	0	0
oewn-08302167-n	technical school	5	2	2	1	tech	0	5	0.0	0	0	0	0	0	0
oewn-08559404-n	zone	5	2	8	1	zone	0	5	0.0	0	0	0	0	0	0
oewn-09370676-n	marsh	5	2	2	1	marsh	0	5	0.0	0	0	0	0	0	0
oewn-09487049-n	turf	5	2	5	3	turf	0	5	0.0	0	0	0	0	0	0
oewn-09806201-n	amateur	5	2	3	1	amateur	1	5	0.2	0	1	0	0	0	0
oewn-09824747-n	archer	5	2	2	1	archer	0	5	0.0	0	0	0	0	0	0
oewn-09927731-n	chaperon	5	2	3	2	chaperon	0	5	0.0	0	0	0	0	0	0
oewn-09948756-n	climber	5	2	2	1	mountaineer	0	5	0.0	0	0	0	0	0	0
oewn-09971872-n	concubine	5	2	2	1	concubine	0	5	0.0	0	0	0	0	0	0
oewn-10139742-n	gangster	5	2	2	1	apache	0	5	0.0	0	0	0	0	0	0
oewn-10152508-n	glutton	5	2	2	1	gourmand	0	5	0.0	0	0	0	0	0	0
oewn-10350644-n	moralist	5	2	2	1	utilitarian	1	5	0.2	1	0	0	0	0	0
oewn-10394240-n	oil worker	5	2	6	1	rigger	0	5	0.0	0	0	0	0	0	0
oewn-10769383-n	veterinarian	5	2	5	1	vet	0	5	0.0	0	0	0	0	0	0
oewn-12054610-n	zinnia	5	2	7	1	old maid	0	5	0.0	0	0	0	0	0	0
oewn-12249960-n	andromeda	5	2	4	1	andromeda	0	5	0.0	0	0	0	0	0	0
oewn-12371275-n	canna	5	2	3	1	arrowroot	0	5	0.0	0	0	0	0	0	0
oewn-13349875-n	write-off	5	2	13	1	deduction	0	5	0.0	0	0	0	0	0	0
oewn-13416688-n	fiver	5	2	3	2	fiver	0	5	0.0	0	0	0	0	0	0
oewn-13478072-n	decay	5	2	10	1	decay	0	5	0.0	0	0	0	0	0	0
oewn-13973020-n	precedence	5	2	4	2	priority	5	5	1.0	0	5	0	0	0	0
oewn-14068412-n	impotence	5	2	3	1	impotence	3	5	0.6	0	3	0	0	0	0
oewn-14435778-n	approval	5	2	7	1	approval	3	5	0.6	3	0	0	0	0	0
oewn-14712395-n	opal	5	2	2	1	opal	0	5	0.0	0	0	0	0	0	0
oewn-14956441-n	batholith	5	2	3	1	granite	0	5	0.0	0	0	0	0	0	0
oewn-14959889-n	calcite	5	2	8	1	chalk	3	5	0.6	0	3	0	0	0	0
oewn-15129689-n	wrapping paper	5	2	2	1	wrapping paper	2	5	0.4	1	1	1	0	0	0
oewn-15188204-n	weekday	5	2	2	2	weekday	1	5	0.2	0	1	0	0	0	0
oewn-84481488-n	sequoia	5	2	2	1	big tree	0	5	0.0	0	0	0	0	0	0
oewn-00062110-n	dispatch	4	2	7	2	despatch	0	4	0.0	0	0	0	0	0	0
oewn-00142626-n	check	4	2	25	1	check	0	4	0.0	0	0	0	0	0	0
oewn-00152838-n	designation	4	2	6	3	identification	2	4	0.5	2	0	0	0	0	0
oewn-00160719-n	blandishment	4	2	4	3	blandishment	0	4	0.0	0	0	0	0	0	0
oewn-00183062-n	vote	4	2	12	2	vote	0	4	0.0	0	0	0	0	0	0
oewn-00264485-n	marking	4	2	10	1	marking	0	4	0.0	0	0	0	0	0	0
oewn-00289814-n	hike	4	2	14	1	tramp	1	4	0.25	0	1	0	0	0	0
oewn-00357193-n	consumption	4	2	8	2	consumption	0	4	0.0	0	0	0	0	0	0
oewn-00372821-n	accumulation	4	2	7	1	accumulation	0	4	0.0	0	0	0	0	0	0
oewn-00492724-n	casino	4	2	2	2	casino	0	4	0.0	0	0	0	0	0	0
oewn-00504248-n	chess	4	2	2	2	chess	0	4	0.0	0	0	0	0	0	0
oewn-00712776-n	stalk	4	2	5	2	stalk	0	4	0.0	0	0	0	0	0	0
oewn-00714085-n	anointing	4	2	2	1	anointing	0	4	0.0	0	0	0	0	0	0
oewn-00732282-n	mission	4	2	8	1	mission	0	4	0.0	0	0	0	0	0	0
oewn-00777759-n	bribery	4	2	2	1	bribery	0	4	0.0	0	0	0	0	0	0
oewn-00784853-n	highjacking	4	2	3	1	piracy	0	4	0.0	0	0	0	0	0	0
oewn-00900502-n	model	4	2	17	1	model	0	4	0.0	0	0	0	0	0	0
oewn-01017252-n	harvest	4	2	9	1	harvest	0	4	0.0	0	0	0	0	0	0
oewn-01021843-n	reproduction	4	2	3	1	scanning	0	4	0.0	0	0	0	0	0	0
oewn-01083552-n	association	4	2	19	1	association	0	4	0.0	0	0	0	0	0	0
oewn-01105064-n	printing	4	2	21	2	issue	0	4	0.0	0	0	0	0	0	0
oewn-01171451-n	contest	4	2	4	1	contest	1	4	0.25	0	1	0	0	0	0
oewn-01180193-n	demonstration	4	2	8	2	demonstration	0	4	0.0	0	0	0	0	0	0
oewn-01240989-n	amalgamation	4	2	2	2	amalgamation	0	4	0.0	0	0	0	0	0	0
oewn-01243896-n	vindication	4	2	4	2	vindication	0	4	0.0	0	0	0	0	0	0
oewn-02387510-n	racer	4	2	3	2	greyhound	0	4	0.0	0	0	0	0	0	0
oewn-02717794-n	antagonist	4	2	3	1	antagonist	0	4	0.0	0	0	0	0	0	0
oewn-02729941-n	aperture	4	2	7	1	aperture	0	4	0.0	0	0	0	0	0	0
oewn-02780932-n	balcony	4	2	5	1	balcony	0	4	0.0	0	0	0	0	0	0
oewn-02858670-n	blowtorch	4	2	8	1	torch	0	4	0.0	0	0	0	0	0	0
oewn-02860645-n	boarding	4	2	3	1	boarding	0	4	0.0	0	0	0	0	0	0
oewn-02930437-n	butcher knife	4	2	3	2	cleaver	0	4	0.0	0	0	0	0	0	0
oewn-03117520-n	corset	4	2	5	1	girdle	0	4	0.0	0	0	0	0	0	0
oewn-03132576-n	crate	4	2	4	1	crate	0	4	0.0	0	0	0	0	0	0
oewn-03318278-n	facade	4	2	3	1	frontispiece	0	4	0.0	0	0	0	0	0	0
oewn-03323383-n	fake	4	2	3	1	sham	3	4	0.75	0	3	0	0	0	0
oewn-03473963-n	gun emplacement	4	2	12	1	nest	0	4	0.0	0	0	0	0	0	0
oewn-03536627-n	hood	4	2	17	1	hood	0	4	0.0	0	0	0	0	0	0
oewn-03556096-n	hydrant	4	2	13	2	plug	0	4	0.0	0	0	0	0	0	0
oewn-03560842-n	hypodermic syringe	4	2	3	2	hypo	3	4	0.75	3	0	0	0	0	0
oewn-03631406-n	knob	4	2	6	1	knob	0	4	0.0	0	0	0	0	0	0
oewn-03638382-n	ladle	4	2	8	3	scoop	0	4	0.0	0	0	0	0	0	0
oewn-03721431-n	mallet	4	2	3	1	mallet	0	4	0.0	0	0	0	0	0	0
oewn-03825534-n	net	4	2	11	1	net	0	4	0.0	0	0	0	0	0	0
oewn-03956504-n	pitcher	4	2	4	2	pitcher	0	4	0.0	0	0	0	0	0	0
oewn-03963714-n	plaster	4	2	6	2	plaster	0	4	0.0	0	0	0	0	0	0
oewn-03974625-n	plug	4	2	12	1	plug	0	4	0.0	0	0	0	0	0	0
oewn-03997801-n	potential divider	4	2	19	1	pot	0	4	0.0	0	0	0	0	0	0
oewn-04060330-n	range	4	2	18	1	range	0	4	0.0	0	0	0	0	0	0
oewn-04130661-n	sacking	4	2	2	1	bagging	0	4	0.0	0	0	0	0	0	0
oewn-04130834-n	saddle	4	2	13	1	saddle	0	4	0.0	0	0	0	0	0	0
oewn-04164764-n	scum	4	2	3	3	scum	0	4	0.0	0	0	0	0	0	0
oewn-04277054-n	spatula	4	2	9	1	slice	0	4	0.0	0	0	0	0	0	0
oewn-04442066-n	tights	4	2	2	1	tights	0	4	0.0	0	0	0	0	0	0
oewn-04458744-n	tonic	4	2	5	2	restorative	0	4	0.0	0	0	0	0	0	0
oewn-04534943-n	veranda	4	2	17	1	gallery	0	4	0.0	0	0	0	0	0	0
oewn-04645532-n	toleration	4	2	10	2	acceptance	1	4	0.25	1	0	0	0	0	0
oewn-04646470-n	unpermissiveness	4	2	3	1	sternness	2	4	0.5	0	2	0	0	0	0
oewn-04669861-n	impulsiveness	4	2	2	2	impetuousness	1	4	0.25	0	1	0	0	0	0
oewn-04742125-n	inconstancy	4	2	3	1	inconstancy	4	4	1.0	2	2	1	0	0	0
oewn-04747413-n	unvariedness	4	2	3	3	monotony	4	4	1.0	0	4	0	0	0	0
oewn-04796917-n	wholesomeness	4	2	2	2	wholesomeness	4	4	1.0	4	0	0	0	0	0
oewn-04886853-n	treason	4	2	5	1	treason	4	4	1.0	3	1	1	0	0	0
oewn-04894692-n	egotism	4	2	5	2	self-importance	1	4	0.25	1	0	0	0	0	0
oewn-04901399-n	heedlessness	4	2	4	2	rashness	1	4	0.25	0	1	0	0	0	0
oewn-04928044-n	heredity	4	2	7	2	inheritance	0	4	0.0	0	0	0	0	0	0
oewn-04943580-n	thickness	4	2	9	1	thickness	0	4	0.0	0	0	0	0	0	0
oewn-05035866-n	lightness	4	2	7	2	buoyancy	0	4	0.0	0	0	0	0	0	0
oewn-05054210-n	lateness	4	2	2	1	lateness	0	4	0.0	0	0	0	0	0	0
oewn-05080728-n	circularity	4	2	6	1	eccentricity	0	4	0.0	0	0	0	0	0	0
oewn-05096989-n	relative density	4	2	2	1	specific gravity	0	4	0.0	0	0	0	0	0	0
oewn-05123543-n	luxuriance	4	2	3	2	voluptuousness	3	4	0.75	0	3	0	0	0	0
oewn-05129173-n	numerousness	4	2	4	1	multiplicity	0	4	0.0	0	0	0	0	0	0
oewn-05142145-n	deepness	4	2	7	1	profundity	3	4	0.75	0	3	0	0	0	0
oewn-05651035-n	proficiency	4	2	3	1	proficiency	0	4	0.0	0	0	0	0	0	0
oewn-05779833-n	construction	4	2	11	2	construction	0	4	0.0	0	0	0	0	0	0
oewn-05782126-n	deduction	4	2	14	2	deduction	0	4	0.0	0	0	0	0	0	0
oewn-05844599-n	conceptualization	4	2	11	1	perception	0	4	0.0	0	0	0	0	0	0
oewn-06203462-n	credence	4	2	16	2	acceptance	0	4	0.0	0	0	0	0	0	0
oewn-06225913-n	conservatism	4	2	10	1	reaction	0	4	0.0	0	0	0	0	0	0
oewn-06365164-n	coding system	4	2	8	2	code	0	4	0.0	0	0	0	0	0	0
oewn-06383718-n	fable	4	2	6	2	fable	0	4	0.0	0	0	0	0	0	0
oewn-06420728-n	dissertation	4	2	3	2	thesis	0	4	0.0	0	0	0	0	0	0
oewn-06587017-n	editor program	4	2	3	1	editor	0	4	0.0	0	0	0	0	0	0
oewn-06602727-n	edition	4	2	5	1	edition	0	4	0.0	0	0	0	0	0	0
oewn-06695539-n	dispatch	4	2	6	1	despatch	0	4	0.0	0	0	0	0	0	0
oewn-06703828-n	pass	4	2	18	3	pass	0	4	0.0	0	0	0	0	0	0
oewn-07278881-n	beacon	4	2	4	1	beacon	0	4	0.0	0	0	0	0	0	0
oewn-07396278-n	crackle	4	2	4	2	crackling	0	4	0.0	0	0	0	0	0	0
oewn-07517626-n	alienation	4	2	8	3	isolation	1	4	0.25	0	1	0	0	0	0
oewn-07567718-n	moodiness	4	2	4	3	sullenness	4	4	1.0	0	4	0	0	0	0
oewn-07584383-n	roughage	4	2	8	1	fibre	0	4	0.0	0	0	0	0	0	0
oewn-07615569-n	chewing gum	4	2	10	1	gum	0	4	0.0	0	0	0	0	0	0
oewn-07701475-n	rye bread	4	2	2	1	black bread	0	4	0.0	0	0	0	0	0	0
oewn-07713282-n	hotdog	4	2	2	1	red hot	0	4	0.0	0	0	0	0	0	0
oewn-07802140-n	huitre	4	2	7	1	oyster	0	4	0.0	0	0	0	0	0	0
oewn-07831564-n	pepper	4	2	5	2	pepper	0	4	0.0	0	0	0	0	0	0
oewn-08205379-n	chorus	4	2	9	1	chorus	0	4	0.0	0	0	0	0	0	0
oewn-08208462-n	naval unit	4	2	17	2	division	0	4	0.0	0	0	0	0	0	0
oewn-08403944-n	gentry	4	2	4	1	aristocracy	0	4	0.0	0	0	0	0	0	0
oewn-08428127-n	private school	4	2	3	2	seminary	0	4	0.0	0	0	0	0	0	0
oewn-08537911-n	equinoctial point	4	2	3	2	equinox	0	4	0.0	0	0	0	0	0	0
oewn-09495543-n	volcanic crater	4	2	5	1	crater	0	4	0.0	0	0	0	0	0	0
oewn-09507443-n	hypothetical creature	4	2	6	1	alien	1	4	0.25	0	1	0	0	0	0
oewn-09777504-n	abstainer	4	2	2	2	puritan	0	4	0.0	0	0	0	0	0	0
oewn-09789602-n	adjutant	4	2	2	2	aide	0	4	0.0	0	0	0	0	0	0
oewn-09799690-n	aide	4	2	3	2	auxiliary	0	4	0.0	0	0	0	0	0	0
oewn-09904118-n	butt	4	2	9	2	butt	0	4	0.0	0	0	0	0	0	0
oewn-10032734-n	digger	4	2	4	2	digger	0	4	0.0	0	0	0	0	0	0
oewn-10124361-n	foreperson	4	2	5	1	foreman	0	4	0.0	0	0	0	0	0	0
oewn-10140190-n	gardener	4	2	5	1	gardener	0	4	0.0	0	0	0	0	0	0
oewn-10140328-n	gardener	4	2	5	1	gardener	0	4	0.0	0	0	0	0	0	0
oewn-10205969-n	horticulturist	4	2	5	1	gardener	0	4	0.0	0	0	0	0	0	0
oewn-10219984-n	impersonator	4	2	2	1	mimic	2	4	0.5	0	2	0	0	0	0
oewn-10268967-n	lawgiver	4	2	2	2	lawgiver	0	4	0.0	0	0	0	0	0	0
oewn-10279045-n	lieutenant	4	2	9	1	lieutenant	0	4	0.0	0	0	0	0	0	0
oewn-10315612-n	marshal	4	2	4	1	marshal	0	4	0.0	0	0	0	0	0	0
oewn-10335671-n	militarist	4	2	6	1	hawk	0	4	0.0	0	0	0	0	0	0
oewn-10434782-n	percussionist	4	2	2	1	drummer	0	4	0.0	0	0	0	0	0	0
oewn-10528455-n	reader	4	2	20	1	reader	2	4	0.5	1	1	1	0	0	0
oewn-10545671-n	reveler	4	2	2	1	reveller	1	4	0.25	0	1	0	0	0	0
oewn-10546502-n	reviewer	4	2	20	1	reader	0	4	0.0	0	0	0	0	0	0
oewn-10575946-n	schemer	4	2	4	3	politician	0	4	0.0	0	0	0	0	0	0
oewn-10709060-n	tailor	4	2	2	1	fitter	0	4	0.0	0	0	0	0	0	0
oewn-10720289-n	tenant	4	2	6	1	tenant	0	4	0.0	0	0	0	0	0	0
oewn-10759169-n	unmarried woman	4	2	8	2	old maid	0	4	0.0	0	0	0	0	0	0
oewn-10812496-n	wrecker	4	2	2	1	housebreaker	0	4	0.0	0	0	0	0	0	0
oewn-11466163-n	lode	4	2	20	1	load	0	4	0.0	0	0	0	0	0	0
oewn-11469756-n	electrical power	4	2	20	1	load	0	4	0.0	0	0	0	0	0	0
oewn-11515335-n	gas pressure	4	2	15	1	pressure	0	4	0.0	0	0	0	0	0	0
oewn-11923178-n	prickly poppy	4	2	2	1	argemone	0	4	0.0	0	0	0	0	0	0
oewn-13370849-n	down payment	4	2	16	2	margin	0	4	0.0	0	0	0	0	0	0
oewn-13373153-n	mortgage	4	2	2	1	mortgage	0	4	0.0	0	0	0	0	0	0
oewn-13504691-n	formation	4	2	11	2	formation	0	4	0.0	0	0	0	0	0	0
oewn-13561994-n	printing operation	4	2	2	2	carriage return	0	4	0.0	0	0	0	0	0	0
oewn-13573168-n	ripening	4	2	3	1	ripening	0	4	0.0	0	0	0	0	0	0
oewn-13719116-n		4	2	2	1	rial	0	4	0.0	0	0	0	0	0	0
oewn-13752694-n	irrational number	4	2	2	1	irrational	0	4	0.0	0	0	0	0	0	0
oewn-13958260-n	exclusion	4	2	5	2	exclusion	0	4	0.0	0	0	0	0	0	0
oewn-13972130-n	championship	4	2	20	1	title	1	4	0.25	1	0	0	0	0	0
oewn-14018863-n	license	4	2	6	2	license	2	4	0.5	0	2	0	0	0	0
oewn-14278052-n	cataract	4	2	3	1	cataract	0	4	0.0	0	0	0	0	0	0
oewn-14487410-n	flaw	4	2	7	2	flaw	2	4	0.5	0	2	0	0	0	0
oewn-14575578-n	mutism	4	2	3	1	muteness	4	4	1.0	0	4	0	0	0	0
oewn-14858733-n	diamond	4	2	11	1	diamond	2	4	0.5	0	2	0	0	0	0
oewn-14877100-n	exudate	4	2	10	1	gum	0	4	0.0	0	0	0	0	0	0
oewn-15065617-n	siding	4	2	2	2	siding	0	4	0.0	0	0	0	0	0	0
oewn-15067423-n	slag	4	2	2	2	scoria	0	4	0.0	0	0	0	0	0	0
oewn-11566165-n	fern	125	1	3	3	fern	5	125	0.04	4	1	1	0	0	0
oewn-12061915-n	orchid	112	1	1	1	arethusa	9	112	0.08	3	6	1	0	0	0
oewn-13139466-n	subshrub	99	1	3	2	thrift	3	99	0.03	0	3	0	0	0	0
oewn-14751849-n	organic compound	78	1	2	2	ether	2	78	0.03	0	2	0	0	0	0
oewn-14757125-n	enzyme	56	1	4	2	complement	4	56	0.07	2	2	1	0	0	0
oewn-13019575-n	agaric	55	1	3	3	mushroom	2	55	0.04	2	0	0	0	0	0
oewn-06222574-n	political orientation	42	1	3	1	democracy	0	42	0.0	0	0	0	0	0	0
oewn-02554802-n	spiny-finned fish	41	1	1	1	sucking fish	2	41	0.05	0	2	0	0	0	0
oewn-13120915-n	poisonous plant	40	1	2	2	oleander	4	40	0.1	0	4	0	0	0	0
oewn-05237933-n	craniometric point	35	1	1	1	inion	1	35	0.03	0	1	0	0	0	0
oewn-14243143-n	skin disease	35	1	2	1	lichen	20	35	0.57	2	18	1	0	0	0
oewn-14571935-n	disability	35	1	2	1	amputation	17	35	0.49	0	17	0	0	0	0
oewn-05444328-n	gene	34	1	4	1	factor	3	34	0.09	0	3	0	0	0	0
oewn-01532313-n	finch	33	1	3	2	cardinal	0	33	0.0	0	0	0	0	0	0
oewn-15071880-n	solvent	30	1	1	1	acetone	0	30	0.0	0	0	0	0	0	0
oewn-04429007-n	thermometer	28	1	1	1	thermometer	1	28	0.04	0	1	0	0	0	0
oewn-12355408-n	eucalyptus	28	1	3	2	mountain ash	2	28	0.07	0	2	0	0	0	0
oewn-09889614-n	boxer	27	1	2	2	boxer	1	27	0.04	0	1	0	0	0	0
oewn-12421840-n	fig tree	25	1	5	1	sycamore	0	25	0.0	0	0	0	0	0	0
oewn-00480087-n	court game	21	1	2	2	squash	0	21	0.0	0	0	0	0	0	0
oewn-01338300-n	animal virus	21	1	1	1	parvo	6	21	0.29	0	6	0	0	0	0
oewn-04501499-n	tube	21	1	5	1	tube	0	21	0.0	0	0	0	0	0	0
oewn-08577564-n	dump	21	1	3	1	dump	8	21	0.38	0	8	0	0	0	0
oewn-12301758-n	birch	21	1	2	1	birch	0	21	0.0	0	0	0	0	0	0
oewn-15040068-n	nitrate	21	1	1	1	nitrate	4	21	0.19	0	4	0	0	0	0
oewn-02644737-n	scorpaenoid	19	1	2	1	flathead	0	19	0.0	0	0	0	0	0	0
oewn-03244429-n	drill	19	1	4	2	drill	1	19	0.05	1	0	0	0	0	0
oewn-05784209-n	divination	19	1	3	3	divination	0	19	0.0	0	0	0	0	0	0
oewn-08202676-n	utility	19	1	6	1	utility	0	19	0.0	0	0	0	0	0	0
oewn-10726882-n	therapist	19	1	1	1	healer	7	19	0.37	2	5	1	0	0	0
oewn-12885305-n	sage	19	1	2	1	sage	0	19	0.0	0	0	0	0	0	0
oewn-02385600-n	racehorse	18	1	4	1	pony	0	18	0.0	0	0	0	0	0	0
oewn-02537365-n	salmon	18	1	2	1	chum	0	18	0.0	0	0	0	0	0	0
oewn-12156415-n	millet	18	1	1	1	yard grass	0	18	0.0	0	0	0	0	0	0
oewn-00648076-n	chemical analysis	17	1	1	1	dating	5	17	0.29	5	0	0	0	0	0
oewn-00771759-n	misdemeanor	17	1	3	2	violation	6	17	0.35	0	6	0	0	0	0
oewn-00950022-n	exploitation	17	1	11	1	development	0	17	0.0	0	0	0	0	0	0
oewn-01399755-n	alga	17	1	1	1	seaweed	3	17	0.18	0	3	0	0	0	0
oewn-01797729-n	grouse	17	1	4	1	partridge	0	17	0.0	0	0	0	0	0	0
oewn-07255865-n	oratory	17	1	1	1	oration	4	17	0.24	3	1	1	0	0	0
oewn-10067267-n	egotist	17	1	1	1	egotist	2	17	0.12	0	2	0	0	0	0
oewn-13901977-n	triangle	17	1	4	2	wedge	3	17	0.18	2	1	1	0	0	0
oewn-00679253-n	incision	16	1	11	2	section	2	16	0.12	0	2	0	0	0	0
oewn-01476924-n	jawless vertebrate	16	1	2	1	hag	3	16	0.19	0	3	0	0	0	0
oewn-03857800-n	optical instrument	16	1	2	1	projector	0	16	0.0	0	0	0	0	0	0
oewn-04408223-n	telephone	16	1	2	2	telephone	0	16	0.0	0	0	0	0	0	0
oewn-06046810-n	life science	16	1	1	1	medical science	3	16	0.19	1	2	1	0	0	0
oewn-12541369-n	broom	16	1	4	1	broom	0	16	0.0	0	0	0	0	0	0
oewn-13866887-n	temporal relation	16	1	5	2	antecedent	0	16	0.0	0	0	0	0	0	0
oewn-14717894-n	quartz	16	1	1	1	amethyst	0	16	0.0	0	0	0	0	0	0
oewn-15042171-n	chloride	16	1	1	1	calomel	1	16	0.06	1	0	0	0	0	0
oewn-01814550-n	pigeon	15	1	5	1	dove	0	15	0.0	0	0	0	0	0	0
oewn-01877075-n	marsupial	15	1	1	1	kangaroo	0	15	0.0	0	0	0	0	0	0
oewn-02239548-n	hemipterous insect	15	1	6	1	bug	0	15	0.0	0	0	0	0	0	0
oewn-03601478-n	jet engine	15	1	4	1	rocket	0	15	0.0	0	0	0	0	0	0
oewn-05335315-n	gland	15	1	1	1	gland	3	15	0.2	0	3	0	0	0	0
oewn-06885172-n	singing voice	15	1	3	2	bass	0	15	0.0	0	0	0	0	0	0
oewn-10371605-n	negotiator	15	1	3	2	representative	0	15	0.0	0	0	0	0	0	0
oewn-13007816-n	lichen	15	1	2	1	lichen	0	15	0.0	0	0	0	0	0	0
oewn-01138840-n	organization	14	1	5	2	organisation	0	14	0.0	0	0	0	0	0	0
oewn-03262289-n	duplicator	14	1	1	1	copier	0	14	0.0	0	0	0	0	0	0
oewn-04106269-n	rocket	14	1	4	1	rocket	0	14	0.0	0	0	0	0	0	0
oewn-06092831-n	zoology	14	1	2	1	zoology	0	14	0.0	0	0	0	0	0	0
oewn-06898133-n	identification	14	1	3	1	identification	1	14	0.07	0	1	0	0	0	0
oewn-11511038-n	optical phenomenon	14	1	5	2	fringe	4	14	0.29	3	1	1	0	0	0
oewn-13430333-n	balance	14	1	11	1	balance	0	14	0.0	0	0	0	0	0	0
oewn-14412645-n	depressive disorder	14	1	11	1	depression	3	14	0.21	0	3	0	0	0	0
oewn-14740203-n	alloy steel	14	1	1	1	stainless	1	14	0.07	1	0	0	0	0	0
oewn-00701905-n	psychotherapy	13	1	7	1	analysis	3	13	0.23	2	1	1	0	0	0
oewn-02025995-n	plover	13	1	1	1	plover	1	13	0.08	1	0	0	0	0	0
oewn-04945405-n	softness	13	1	12	1	softness	5	13	0.38	5	0	0	0	0	0
oewn-05440524-n	cytoplasm	13	1	1	1	central body	1	13	0.08	1	0	0	0	0	0
oewn-06014015-n	geometry	13	1	1	1	geometry	0	13	0.0	0	0	0	0	0	0
oewn-06652323-n	index	13	1	6	1	index	0	13	0.0	0	0	0	0	0	0
oewn-08023976-n	suite	13	1	5	1	suite	0	13	0.0	0	0	0	0	0	0
oewn-11898752-n	mustard	13	1	2	2	mustard	0	13	0.0	0	0	0	0	0	0
oewn-14830503-n	chalcedony	13	1	1	1	heliotrope	0	13	0.0	0	0	0	0	0	0
oewn-14983373-n	natural fiber	13	1	6	1	staple	0	13	0.0	0	0	0	0	0	0
oewn-00933903-n	objectification	12	1	4	1	embodiment	3	12	0.25	3	0	0	0	0	0
oewn-01613596-n	falcon	12	1	4	1	hobby	0	12	0.0	0	0	0	0	0	0
oewn-01754806-n	viper	12	1	2	2	viper	2	12	0.17	0	2	0	0	0	0
oewn-01912063-n	coelenterate	12	1	1	1	medusa	0	12	0.0	0	0	0	0	0	0
oewn-02054128-n	pelecaniform seabird	12	1	1	1	cormorant	0	12	0.0	0	0	0	0	0	0
oewn-02590916-n	grunt	12	1	3	1	grunt	0	12	0.0	0	0	0	0	0	0
oewn-02946154-n	camera	12	1	2	1	camera	0	12	0.0	0	0	0	0	0	0
oewn-04587779-n	white goods	12	1	1	1	refrigerator	0	12	0.0	0	0	0	0	0	0
oewn-06677853-n	protocol	12	1	7	1	FLIP	0	12	0.0	0	0	0	0	0	0
oewn-10776101-n	visionary	12	1	3	1	seer	0	12	0.0	0	0	0	0	0	0
oewn-12131295-n	brome	12	1	5	2	cheat	0	12	0.0	0	0	0	0	0	0
oewn-13086889-n	smut	12	1	3	1	smut	6	12	0.5	0	6	0	0	0	0
oewn-13656569-n	power unit	12	1	1	1	watt	0	12	0.0	0	0	0	0	0	0
oewn-14574389-n	hearing impairment	12	1	1	1	deafness	8	12	0.67	6	2	1	0	0	0
oewn-00853624-n	birth control	11	1	3	2	withdrawal	1	11	0.09	0	1	0	0	0	0
oewn-00858476-n	homosexuality	11	1	2	2	queerness	5	11	0.45	5	0	0	0	0	0
oewn-01574545-n	oriole	11	1	2	2	lark	0	11	0.0	0	0	0	0	0	0
oewn-01979598-n	crab	11	1	6	1	crab	3	11	0.27	0	3	0	0	0	0
oewn-05050025-n	vulnerability	11	1	8	1	exposure	7	11	0.64	0	7	0	0	0	0
oewn-05525229-n	vesicle	11	1	3	1	blister	0	11	0.0	0	0	0	0	0	0
oewn-06109843-n	mechanics	11	1	1	1	hydraulics	1	11	0.09	0	1	0	0	0	0
oewn-06191860-n	theology	11	1	4	2	theology	0	11	0.0	0	0	0	0	0	0
oewn-09873051-n	bigot	11	1	1	1	bigot	3	11	0.27	2	1	1	0	0	0
oewn-09899893-n	bureaucrat	11	1	1	1	taxer	0	11	0.0	0	0	0	0	0	0
oewn-10402936-n	organizer	11	1	1	1	systematizer	0	11	0.0	0	0	0	0	0	0
oewn-10508450-n	psychologist	11	1	1	1	mesmerizer	0	11	0.0	0	0	0	0	0	0
oewn-13155061-n	bulbous plant	11	1	1	1	narcissus	0	11	0.0	0	0	0	0	0	0
oewn-13170079-n	true pepper	11	1	4	1	pepper	0	11	0.0	0	0	0	0	0	0
oewn-13340054-n	interest rate	11	1	2	1	discount	2	11	0.18	2	0	0	0	0	0
oewn-14485263-n	whole shebang	11	1	1	1	whole works	0	11	0.0	0	0	0	0	0	0
oewn-15016854-n	plaster	11	1	5	1	plaster	0	11	0.0	0	0	0	0	0	0
oewn-15023673-n	protease	11	1	3	1	ACE	0	11	0.0	0	0	0	0	0	0
oewn-80945361-n	juniper	11	1	2	2	juniper	2	11	0.18	2	0	0	0	0	0
oewn-00119553-n	vomit	10	1	4	3	vomit	1	10	0.1	0	1	0	0	0	0
oewn-00801198-n	campaigning	10	1	1	1	hustings	1	10	0.1	0	1	0	0	0	0
oewn-01405241-n	brown algae	10	1	1	1	gulfweed	3	10	0.3	0	3	0	0	0	0
oewn-04015928-n	projector	10	1	2	1	projector	0	10	0.0	0	0	0	0	0	0
oewn-04118284-n	rotating shaft	10	1	7	2	shaft	0	10	0.0	0	0	0	0	0	0
oewn-04354832-n	submarine	10	1	2	2	submarine	0	10	0.0	0	0	0	0	0	0
oewn-04516244-n	underwear	10	1	1	1	underclothes	0	10	0.0	0	0	0	0	0	0
oewn-04893296-n	gluttony	10	1	3	2	voracity	0	10	0.0	0	0	0	0	0	0
oewn-04910102-n	indecency	10	1	4	2	enormity	2	10	0.2	0	2	0	0	0	0
oewn-05003988-n	unappetizingness	10	1	2	2	blandness	3	10	0.3	0	3	0	0	0	0
oewn-06370600-n	web site	10	1	4	1	site	0	10	0.0	0	0	0	0	0	0
oewn-06433328-n	manual	10	1	2	1	manual	1	10	0.1	1	0	0	0	0	0
oewn-08406441-n	cavalry	10	1	3	2	squadron	0	10	0.0	0	0	0	0	0	0
oewn-09792353-n	adulteress	10	1	2	2	hussy	0	10	0.0	0	0	0	0	0	0
oewn-10198242-n	hoarder	10	1	2	2	scavenger	1	10	0.1	1	0	0	0	0	0
oewn-10320928-n	mathematician	10	1	1	1	mathematician	0	10	0.0	0	0	0	0	0	0
oewn-10674608-n	stevedore	10	1	1	1	stevedore	0	10	0.0	0	0	0	0	0	0
oewn-12412587-n	nettle	10	1	1	1	nettle	0	10	0.0	0	0	0	0	0	0
oewn-12559811-n	wild pea	10	1	1	1	wild pea	0	10	0.0	0	0	0	0	0	0
oewn-12658979-n	plum	10	1	4	1	plum	0	10	0.0	0	0	0	0	0	0
oewn-14087890-n	drug addiction	10	1	2	1	drunkenness	0	10	0.0	0	0	0	0	0	0
oewn-14257556-n	growth	10	1	10	1	growth	2	10	0.2	0	2	0	0	0	0
oewn-15030825-n	rubber	10	1	5	1	rubber	0	10	0.0	0	0	0	0	0	0
oewn-00372122-n	expansion	9	1	4	2	expansion	0	9	0.0	0	0	0	0	0	0
oewn-00748513-n	pornography	9	1	3	1	smut	0	9	0.0	0	0	0	0	0	0
oewn-01837917-n	goatsucker	9	1	1	1	whippoorwill	0	9	0.0	0	0	0	0	0	0
oewn-01906823-n	shell	9	1	10	3	shell	0	9	0.0	0	0	0	0	0	0
oewn-01939032-n	polychaete	9	1	3	1	lug	0	9	0.0	0	0	0	0	0	0
oewn-02186509-n	louse	9	1	6	1	crab	0	9	0.0	0	0	0	0	0	0
oewn-02528752-n	eel	9	1	2	1	eel	0	9	0.0	0	0	0	0	0	0
oewn-02780105-n	balance	9	1	11	1	balance	0	9	0.0	0	0	0	0	0	0
oewn-03047943-n	clip	9	1	5	1	clip	0	9	0.0	0	0	0	0	0	0
oewn-03412032-n	fuse	9	1	3	2	primer	0	9	0.0	0	0	0	0	0	0
oewn-03545055-n	hose	9	1	2	1	hose	0	9	0.0	0	0	0	0	0	0
oewn-04158646-n	screen	9	1	8	1	screen	0	9	0.0	0	0	0	0	0	0
oewn-04765119-n	indefiniteness	9	1	1	1	indefiniteness	5	9	0.56	5	0	0	0	0	0
oewn-04802000-n	ordinariness	9	1	2	1	mediocrity	3	9	0.33	3	0	0	0	0	0
oewn-04832345-n	ambiguity	9	1	2	2	equivocation	2	9	0.22	2	0	0	0	0	0
oewn-05033101-n	atomic mass	9	1	2	1	equivalent	0	9	0.0	0	0	0	0	0	0
oewn-05272638-n	smear	9	1	3	1	smear	0	9	0.0	0	0	0	0	0	0
oewn-05902523-n	fallacy	9	1	1	1	sophism	4	9	0.44	1	3	1	0	0	0
oewn-06017958-n	axis	9	1	6	1	axis	0	9	0.0	0	0	0	0	0	0
oewn-06023090-n	calculus	9	1	7	1	analysis	0	9	0.0	0	0	0	0	0	0
oewn-06076105-n	botany	9	1	2	1	botany	0	9	0.0	0	0	0	0	0	0
oewn-06440462-n	rewriting	9	1	2	2	revision	0	9	0.0	0	0	0	0	0	0
oewn-06680062-n	code	9	1	4	1	code	3	9	0.33	3	0	0	0	0	0
oewn-06896123-n	insignia	9	1	2	1	cordon	0	9	0.0	0	0	0	0	0	0
oewn-07743844-n	green bean	9	1	17	1	snap	2	9	0.22	2	0	0	0	0	0
oewn-07985266-n	special interest	9	1	2	2	special interest	0	9	0.0	0	0	0	0	0	0
oewn-08136796-n	government department	9	1	3	3	ministry	0	9	0.0	0	0	0	0	0	0
oewn-09814775-n	announcer	9	1	3	3	caller	0	9	0.0	0	0	0	0	0	0
oewn-10371012-n	needleworker	9	1	1	1	dressmaker	0	9	0.0	0	0	0	0	0	0
oewn-10521631-n	quitter	9	1	2	1	renegade	0	9	0.0	0	0	0	0	0	0
oewn-10796007-n	whiner	9	1	2	1	crybaby	0	9	0.0	0	0	0	0	0	0
oewn-11694783-n	inflorescence	9	1	8	1	spike	0	9	0.0	0	0	0	0	0	0
oewn-12452366-n	wild onion	9	1	2	1	wild garlic	0	9	0.0	0	0	0	0	0	0
oewn-12580521-n	pea	9	1	2	1	pea	0	9	0.0	0	0	0	0	0	0
oewn-13131933-n	spice tree	9	1	3	2	clove	0	9	0.0	0	0	0	0	0	0
oewn-13261412-n	ownership	9	1	6	2	community	0	9	0.0	0	0	0	0	0	0
oewn-14541014-n	air pollution	9	1	2	1	miasma	0	9	0.0	0	0	0	0	0	0
oewn-14581007-n	strabismus	9	1	2	1	squint	2	9	0.22	0	2	0	0	0	0
oewn-14612399-n	colloid	9	1	2	1	sol	0	9	0.0	0	0	0	0	0	0
oewn-14823414-n	abrasive	9	1	1	1	sandpaper	1	9	0.11	0	1	0	0	0	0
oewn-14876637-n	discharge	9	1	9	1	discharge	1	9	0.11	0	1	0	0	0	0
oewn-14923303-n	medium	9	1	11	1	medium	0	9	0.0	0	0	0	0	0	0
oewn-14950432-n	ketone	9	1	1	1	acetone	0	9	0.0	0	0	0	0	0	0
oewn-14957452-n	volcanic rock	9	1	1	1	lava	0	9	0.0	0	0	0	0	0	0
oewn-15141117-n	biological time	9	1	2	2	change of life	0	9	0.0	0	0	0	0	0	0
oewn-15316734-n	tenure	9	1	2	2	presidency	3	9	0.33	3	0	0	0	0	0
oewn-00182630-n	election	8	1	3	2	primary	0	8	0.0	0	0	0	0	0	0
oewn-00370610-n	contraction	8	1	5	1	contraction	0	8	0.0	0	0	0	0	0	0
oewn-00483309-n	tennis	8	1	1	1	tennis	0	8	0.0	0	0	0	0	0	0
oewn-00924141-n	mining	8	1	3	2	mining	0	8	0.0	0	0	0	0	0	0
oewn-01621563-n	cathartid	8	1	1	1	condor	0	8	0.0	0	0	0	0	0	0
oewn-01879775-n	kangaroo	8	1	1	1	kangaroo	0	8	0.0	0	0	0	0	0	0
oewn-02235990-n	cockroach	8	1	1	1	cockroach	0	8	0.0	0	0	0	0	0	0
oewn-02539716-n	trout	8	1	2	1	trout	0	8	0.0	0	0	0	0	0	0
oewn-02718140-n	antenna	8	1	2	1	aerial	0	8	0.0	0	0	0	0	0	0
oewn-02820934-n	beating-reed instrument	8	1	3	1	reed	0	8	0.0	0	0	0	0	0	0
oewn-03107510-n	cooling system	8	1	2	1	cooling	0	8	0.0	0	0	0	0	0	0
oewn-03267222-n	earthenware	8	1	1	1	earthenware	5	8	0.62	2	3	1	0	0	0
oewn-03307432-n	exchange	8	1	14	1	exchange	0	8	0.0	0	0	0	0	0	0
oewn-03527797-n	hitch	8	1	5	1	hitch	0	8	0.0	0	0	0	0	0	0
oewn-03779037-n	missile	8	1	2	1	missile	0	8	0.0	0	0	0	0	0	0
oewn-03911659-n	peg	8	1	6	1	peg	0	8	0.0	0	0	0	0	0	0
oewn-04024793-n	public house	8	1	2	1	saloon	1	8	0.12	0	1	0	0	0	0
oewn-04065351-n	read-only memory	8	1	1	1	ROM	0	8	0.0	0	0	0	0	0	0
oewn-04197507-n	shell	8	1	8	1	shell	0	8	0.0	0	0	0	0	0	0
oewn-04229922-n	single-reed instrument	8	1	2	1	hornpipe	0	8	0.0	0	0	0	0	0	0
oewn-04673972-n	masculinity	8	1	1	1	manliness	0	8	0.0	0	0	0	0	0	0
oewn-04768772-n	immateriality	8	1	3	1	unreality	3	8	0.38	0	3	0	0	0	0
oewn-04949119-n	impermeability	8	1	3	1	retention	2	8	0.25	0	2	0	0	0	0
oewn-04990651-n	musicality	8	1	4	1	texture	3	8	0.38	3	0	0	0	0	0
oewn-05045748-n	concentration	8	1	7	1	concentration	0	8	0.0	0	0	0	0	0	0
oewn-05153986-n	inexpensiveness	8	1	4	1	reasonableness	1	8	0.12	1	0	0	0	0	0
oewn-05154628-n	fruitfulness	8	1	4	2	richness	2	8	0.25	2	0	0	0	0	0
oewn-05672990-n	technique	8	1	2	1	emulation	0	8	0.0	0	0	0	0	0	0
oewn-06331794-n	modifier	8	1	2	1	adjective	0	8	0.0	0	0	0	0	0	0
oewn-06576378-n	legislative act	8	1	2	2	statute	0	8	0.0	0	0	0	0	0	0
oewn-07139048-n	obscenity	8	1	3	1	smut	0	8	0.0	0	0	0	0	0	0
oewn-07596911-n	appetizer	8	1	3	2	starter	0	8	0.0	0	0	0	0	0	0
oewn-07741352-n	pea	8	1	2	1	pea	0	8	0.0	0	0	0	0	0	0
oewn-07767427-n	plum	8	1	4	1	plum	0	8	0.0	0	0	0	0	0	0
oewn-07803691-n	crab	8	1	6	1	crab	1	8	0.12	0	1	0	0	0	0
oewn-07903609-n	lager	8	1	2	2	malt	0	8	0.0	0	0	0	0	0	0
oewn-08300975-n	religious school	8	1	2	1	seminary	0	8	0.0	0	0	0	0	0	0
oewn-10314614-n	sharpshooter	8	1	1	1	marksman	1	8	0.12	0	1	0	0	0	0
oewn-10430908-n	pedaler	8	1	1	1	bicyclist	0	8	0.0	0	0	0	0	0	0
oewn-10542669-n	research worker	8	1	3	2	investigator	3	8	0.38	3	0	0	0	0	0
oewn-10589188-n	secretary	8	1	5	1	secretary	0	8	0.0	0	0	0	0	0	0
oewn-11768471-n	legume	8	1	2	1	pea	0	8	0.0	0	0	0	0	0	0
oewn-12338895-n	walnut	8	1	4	1	walnut	0	8	0.0	0	0	0	0	0	0
oewn-12453313-n	onion	8	1	4	1	onion	0	8	0.0	0	0	0	0	0	0
oewn-13244163-n	ground pine	8	1	1	1	ground fir	0	8	0.0	0	0	0	0	0	0
oewn-13368252-n	life insurance	8	1	1	1	life insurance	0	8	0.0	0	0	0	0	0	0
oewn-13535517-n	metabolism	8	1	4	1	respiration	0	8	0.0	0	0	0	0	0	0
oewn-13545602-n	omission	8	1	4	1	omission	0	8	0.0	0	0	0	0	0	0
oewn-13554673-n	pathologic process	8	1	4	1	infection	1	8	0.12	1	0	0	0	0	0
oewn-13894850-n	pit	8	1	13	1	pit	0	8	0.0	0	0	0	0	0	0
oewn-13975819-n	legal status	8	1	2	1	minority	4	8	0.5	0	4	0	0	0	0
oewn-14421471-n	psychosis	8	1	1	1	delirium tremens	8	8	1.0	4	4	1	0	0	0
oewn-14524151-n	clutter	8	1	3	3	jumble	0	8	0.0	0	0	0	0	0	0
oewn-14540345-n	pollution	8	1	2	1	pollution	4	8	0.5	0	4	0	0	0	0
oewn-14547038-n	storminess	8	1	2	2	boisterousness	0	8	0.0	0	0	0	0	0	0
oewn-00060372-n	maneuver	7	1	3	1	clinch	0	7	0.0	0	0	0	0	0	0
oewn-00375032-n	intensification	7	1	3	2	aggravation	1	7	0.14	0	1	0	0	0	0
oewn-00956197-n	blockade	7	1	1	1	siege	0	7	0.0	0	0	0	0	0	0
oewn-01011132-n	systematization	7	1	1	1	systematization	0	7	0.0	0	0	0	0	0	0
oewn-01125416-n	migration	7	1	2	2	migration	2	7	0.29	0	2	0	0	0	0
oewn-01222382-n	disparagement	7	1	2	1	disparagement	0	7	0.0	0	0	0	0	0	0
oewn-01810137-n	partridge	7	1	4	1	partridge	0	7	0.0	0	0	0	0	0	0
oewn-02195661-n	gadfly	7	1	1	1	cleg	0	7	0.0	0	0	0	0	0	0
oewn-02646743-n	rockfish	7	1	1	1	rasher	0	7	0.0	0	0	0	0	0	0
oewn-02797179-n	barometer	7	1	1	1	barometer	0	7	0.0	0	0	0	0	0	0
oewn-02810445-n	bath linen	7	1	3	1	flannel	0	7	0.0	0	0	0	0	0	0
oewn-02858206-n	blouse	7	1	1	1	blouse	0	7	0.0	0	0	0	0	0	0
oewn-02892276-n	braid	7	1	1	1	braiding	1	7	0.14	0	1	0	0	0	0
oewn-03040454-n	civilian clothing	7	1	1	1	mufti	0	7	0.0	0	0	0	0	0	0
oewn-03086131-n	compound lever	7	1	2	1	scissors	0	7	0.0	0	0	0	0	0	0
oewn-03145716-n	cruiser	7	1	3	1	cruiser	0	7	0.0	0	0	0	0	0	0
oewn-03240499-n	drawstring bag	7	1	1	1	moneybag	0	7	0.0	0	0	0	0	0	0
oewn-03384674-n	footbridge	7	1	4	1	gangway	0	7	0.0	0	0	0	0	0	0
oewn-03802912-n	mug	7	1	3	1	mug	0	7	0.0	0	0	0	0	0	0
oewn-03922839-n	peripheral	7	1	3	1	printer	0	7	0.0	0	0	0	0	0	0
oewn-03943171-n	pill	7	1	5	1	pill	0	7	0.0	0	0	0	0	0	0
oewn-04282780-n	spike	7	1	8	1	spike	0	7	0.0	0	0	0	0	0	0
oewn-04374567-n	swab	7	1	1	1	mop	0	7	0.0	0	0	0	0	0	0
oewn-04474900-n	trailer truck	7	1	8	1	rig	0	7	0.0	0	0	0	0	0	0
oewn-04497112-n	trowel	7	1	5	1	slick	0	7	0.0	0	0	0	0	0	0
oewn-04504865-n	tunic	7	1	2	2	tunic	0	7	0.0	0	0	0	0	0	0
oewn-04666447-n	adaptability	7	1	2	2	flexibility	5	7	0.71	5	0	0	0	0	0
oewn-04761492-n	determinateness	7	1	1	1	finality	5	7	0.71	5	0	0	0	0	0
oewn-04779129-n	unevenness	7	1	3	2	ruggedness	5	7	0.71	2	3	1	0	0	0
oewn-04944023-n	thinness	7	1	3	1	thinness	1	7	0.14	0	1	0	0	0	0
oewn-05057819-n	modernity	7	1	1	1	modernity	5	7	0.71	5	0	0	0	0	0
oewn-05265076-n	haircut	7	1	1	1	mohawk	0	7	0.0	0	0	0	0	0	0
oewn-05283150-n	long bone	7	1	6	2	shaft	0	7	0.0	0	0	0	0	0	0
oewn-05334682-n	mucous membrane	7	1	1	1	hymen	0	7	0.0	0	0	0	0	0	0
oewn-05397105-n	flap	7	1	7	1	flap	0	7	0.0	0	0	0	0	0	0
oewn-05764200-n	transfer	7	1	7	1	transfer	0	7	0.0	0	0	0	0	0	0
oewn-05902750-n	logical fallacy	7	1	1	1	ignoratio elenchi	2	7	0.29	2	0	0	0	0	0
oewn-06215146-n	narrow-mindedness	7	1	4	3	pettiness	4	7	0.57	3	1	1	0	0	0
oewn-06222157-n	unorthodoxy	7	1	2	1	heresy	0	7	0.0	0	0	0	0	0	0
oewn-06336819-n	conjunction	7	1	4	1	conjunction	0	7	0.0	0	0	0	0	0	0
oewn-07045779-n	bass	7	1	3	2	bass	0	7	0.0	0	0	0	0	0	0
oewn-07806577-n	flounder	7	1	2	1	flounder	0	7	0.0	0	0	0	0	0	0
oewn-08232169-n	detachment	7	1	4	3	patrol	0	7	0.0	0	0	0	0	0	0
oewn-08235314-n	shift	7	1	12	2	shift	0	7	0.0	0	0	0	0	0	0
oewn-09632591-n	captor	7	1	1	1	captor	0	7	0.0	0	0	0	0	0	0
oewn-09884804-n	bond servant	7	1	2	2	bondsman	0	7	0.0	0	0	0	0	0	0
oewn-09904597-n	buyer	7	1	1	1	purchaser	0	7	0.0	0	0	0	0	0	0
oewn-09999119-n	critic	7	1	2	1	critic	0	7	0.0	0	0	0	0	0	0
oewn-10013439-n	daydreamer	7	1	2	1	dreamer	2	7	0.29	2	0	0	0	0	0
oewn-10026496-n	deserter	7	1	2	1	renegade	0	7	0.0	0	0	0	0	0	0
oewn-10090518-n	exhibitionist	7	1	2	1	poser	4	7	0.57	0	4	0	0	0	0
oewn-10108159-n	film maker	7	1	6	1	director	0	7	0.0	0	0	0	0	0	0
oewn-10289482-n	logician	7	1	1	1	logician	0	7	0.0	0	0	0	0	0	0
oewn-10304662-n	malcontent	7	1	1	1	caviller	4	7	0.57	0	4	0	0	0	0
oewn-10311977-n	manufacturer	7	1	2	2	manufacturer	0	7	0.0	0	0	0	0	0	0
oewn-10365535-n	narrator	7	1	1	1	narrator	0	7	0.0	0	0	0	0	0	0
oewn-10509726-n	psychotic	7	1	1	1	cataleptic	6	7	0.86	0	6	0	0	0	0
oewn-10541255-n	reporter	7	1	1	1	reporter	0	7	0.0	0	0	0	0	0	0
oewn-10801360-n	feral person	7	1	1	1	wild man	0	7	0.0	0	0	0	0	0	0
oewn-11524386-n	electric resistance	7	1	12	1	resistance	0	7	0.0	0	0	0	0	0	0
oewn-11664286-n	arborvitae	7	1	2	1	white cedar	0	7	0.0	0	0	0	0	0	0
oewn-12145144-n	rye grass	7	1	4	1	cheat	0	7	0.0	0	0	0	0	0	0
oewn-12157237-n	reed	7	1	3	1	reed	0	7	0.0	0	0	0	0	0	0
oewn-12283070-n	chestnut	7	1	6	1	chestnut	0	7	0.0	0	0	0	0	0	0
oewn-12654972-n	wild apple	7	1	2	1	crabapple	0	7	0.0	0	0	0	0	0	0
oewn-13564150-n	psychoanalytic process	7	1	13	1	defence	0	7	0.0	0	0	0	0	0	0
oewn-13655879-n	light unit	7	1	8	1	exposure	0	7	0.0	0	0	0	0	0	0
oewn-13755542-n	divisor	7	1	5	2	factor	0	7	0.0	0	0	0	0	0	0
oewn-13821604-n	conjunction	7	1	4	1	conjunction	0	7	0.0	0	0	0	0	0	0
oewn-14087115-n	dilatation	7	1	2	1	distension	0	7	0.0	0	0	0	0	0	0
oewn-14307134-n	smut	7	1	3	1	smut	2	7	0.29	0	2	0	0	0	0
oewn-14441101-n	disjunction	7	1	2	1	incoherence	0	7	0.0	0	0	0	0	0	0
oewn-14444358-n	junction	7	1	8	2	junction	0	7	0.0	0	0	0	0	0	0
oewn-14529423-n	anomaly	7	1	2	1	anomaly	0	7	0.0	0	0	0	0	0	0
oewn-14643403-n	atom	7	1	3	2	atom	0	7	0.0	0	0	0	0	0	0
oewn-14654382-n	baryta	7	1	1	1	baryta	0	7	0.0	0	0	0	0	0	0
oewn-14712661-n	ore	7	1	2	1	concentrate	2	7	0.29	2	0	0	0	0	0
oewn-15031356-n	rubber	7	1	5	1	rubber	1	7	0.14	0	1	0	0	0	0
oewn-00153547-n	diagnosis	6	1	1	1	diagnosis	2	6	0.33	2	0	0	0	0	0
oewn-00235759-n	reversal	6	1	2	1	retrogression	0	6	0.0	0	0	0	0	0	0
oewn-00262101-n	self-improvement	6	1	4	1	reform	1	6	0.17	1	0	0	0	0	0
oewn-00369400-n	dispersion	6	1	1	1	dispersal	2	6	0.33	0	2	0	0	0	0
oewn-00374352-n	aggrandizement	6	1	10	1	elevation	0	6	0.0	0	0	0	0	0	0
oewn-00619974-n	accountancy	6	1	5	1	accounting	0	6	0.0	0	0	0	0	0	0
oewn-00633444-n	medical practice	6	1	1	1	family medicine	0	6	0.0	0	0	0	0	0	0
oewn-00735780-n	trespass	6	1	2	1	trespass	1	6	0.17	0	1	0	0	0	0
oewn-00849912-n	extramarital sex	6	1	2	2	fornication	0	6	0.0	0	0	0	0	0	0
oewn-00979039-n	foray	6	1	2	2	foray	0	6	0.0	0	0	0	0	0	0
oewn-00994417-n	dating	6	1	1	1	dating	0	6	0.0	0	0	0	0	0	0
oewn-02134788-n	brown bear	6	1	1	1	grizzly	0	6	0.0	0	0	0	0	0	0
oewn-02229081-n	grasshopper	6	1	3	2	grasshopper	0	6	0.0	0	0	0	0	0	0
oewn-02444573-n	weasel	6	1	2	2	weasel	0	6	0.0	0	0	0	0	0	0
oewn-02507401-n	mammoth	6	1	1	1	mammoth	0	6	0.0	0	0	0	0	0	0
oewn-02521779-n	bullhead	6	1	3	1	pout	0	6	0.0	0	0	0	0	0	0
oewn-02577541-n	remora	6	1	1	1	sucking fish	0	6	0.0	0	0	0	0	0	0
oewn-02766719-n	awl	6	1	2	2	awl	0	6	0.0	0	0	0	0	0	0
oewn-02973345-n	carrier	6	1	6	1	carrier	0	6	0.0	0	0	0	0	0	0
oewn-03001214-n	ceramic ware	6	1	2	2	earthenware	0	6	0.0	0	0	0	0	0	0
oewn-03246363-n	drip	6	1	4	1	drip	0	6	0.0	0	0	0	0	0	0
oewn-03256767-n	drygoods	6	1	1	1	drygoods	0	6	0.0	0	0	0	0	0	0
oewn-03299762-n	eraser	6	1	5	1	rubber	0	6	0.0	0	0	0	0	0	0
oewn-03462844-n	greenhouse	6	1	2	1	conservatory	3	6	0.5	3	0	0	0	0	0
oewn-03480946-n	hairdressing	6	1	1	1	pomatum	0	6	0.0	0	0	0	0	0	0
oewn-03502017-n	harvester	6	1	3	2	combine	0	6	0.0	0	0	0	0	0	0
oewn-03622304-n	kiln	6	1	1	1	muffle	0	6	0.0	0	0	0	0	0	0
oewn-03696264-n	lotion	6	1	2	1	lotion	0	6	0.0	0	0	0	0	0	0
oewn-03697705-n	loungewear	6	1	4	1	lounger	2	6	0.33	0	2	0	0	0	0
oewn-04017618-n	prop	6	1	3	1	prop	0	6	0.0	0	0	0	0	0	0
oewn-04070773-n	recording	6	1	4	1	recording	0	6	0.0	0	0	0	0	0	0
oewn-04084846-n	rescue equipment	6	1	2	2	preserver	0	6	0.0	0	0	0	0	0	0
oewn-04282482-n	spider web	6	1	2	1	cobweb	1	6	0.17	0	1	0	0	0	0
oewn-04307496-n	stamp mill	6	1	5	1	battery	0	6	0.0	0	0	0	0	0	0
oewn-04390217-n	tack	6	1	4	1	tack	0	6	0.0	0	0	0	0	0	0
oewn-04410119-n	telephone wire	6	1	1	1	telegraph wire	0	6	0.0	0	0	0	0	0	0
oewn-04575355-n	weathervane	6	1	2	1	vane	0	6	0.0	0	0	0	0	0	0
oewn-04658739-n	garrulity	6	1	1	1	talkativeness	1	6	0.17	1	0	0	0	0	0
oewn-04720968-n	conformity	6	1	3	2	nicety	4	6	0.67	3	1	1	0	0	0
oewn-04739783-n	hallmark	6	1	11	1	mould	0	6	0.0	0	0	0	0	0	0
oewn-04787170-n	disagreeableness	6	1	2	2	disagreeableness	3	6	0.5	0	3	0	0	0	0
oewn-04817579-n	illegality	6	1	4	1	infection	1	6	0.17	0	1	0	0	0	0
oewn-04831097-n	unclearness	6	1	2	1	vagueness	5	6	0.83	2	3	1	0	0	0
oewn-04850224-n	sensitivity	6	1	5	2	sensitiveness	2	6	0.33	1	1	1	0	0	0
oewn-04916740-n	naughtiness	6	1	3	1	rascality	3	6	0.5	3	0	0	0	0	0
oewn-04921871-n	impoliteness	6	1	1	1	ill-breeding	4	6	0.67	1	3	1	0	0	0
oewn-04933604-n	newness	6	1	6	1	freshness	1	6	0.17	1	0	0	0	0	0
oewn-04957890-n	grain	6	1	13	1	grain	0	6	0.0	0	0	0	0	0	0
oewn-04991763-n	dissonance	6	1	2	2	dissonance	4	6	0.67	0	4	0	0	0	0
oewn-05024414-n	perceptibility	6	1	1	1	perceptibility	5	6	0.83	5	0	0	0	0	0
oewn-05029050-n	malleability	6	1	2	2	ductility	0	6	0.0	0	0	0	0	0	0
oewn-05112565-n	capaciousness	6	1	1	1	spaciousness	0	6	0.0	0	0	0	0	0	0
oewn-05158335-n	practicality	6	1	4	1	realism	4	6	0.67	4	0	0	0	0	0
oewn-05178572-n	essentiality	6	1	1	1	indispensableness	3	6	0.5	3	0	0	0	0	0
oewn-05212608-n	uninterestingness	6	1	3	1	heaviness	4	6	0.67	1	3	1	0	0	0
oewn-05252277-n	macule	6	1	1	1	freckle	2	6	0.33	0	2	0	0	0	0
oewn-05288011-n	sesamoid bone	6	1	1	1	kneepan	0	6	0.0	0	0	0	0	0	0
oewn-05343519-n	aorta	6	1	1	1	aorta	0	6	0.0	0	0	0	0	0	0
oewn-05484567-n	hemisphere	6	1	2	1	hemisphere	0	6	0.0	0	0	0	0	0	0
oewn-05522368-n	female internal reproductive organ	6	1	1	1	womb	0	6	0.0	0	0	0	0	0	0
oewn-05525488-n	blister	6	1	3	1	blister	2	6	0.33	1	1	1	0	0	0
oewn-05545649-n	anus	6	1	1	1	anus	1	6	0.17	1	0	0	0	0	0
oewn-05787368-n	theorization	6	1	4	1	abstraction	1	6	0.17	0	1	0	0	0	0
oewn-05901034-n	prerequisite	6	1	4	1	requirement	2	6	0.33	2	0	0	0	0	0
oewn-05979178-n	empiricism	6	1	2	1	sensationalism	0	6	0.0	0	0	0	0	0	0
oewn-06264137-n	broadcast	6	1	2	1	broadcast	0	6	0.0	0	0	0	0	0	0
oewn-06435262-n	directory	6	1	2	1	directory	1	6	0.17	1	0	0	0	0	0
oewn-06616672-n	ambiguity	6	1	2	1	loophole	2	6	0.33	2	0	0	0	0	0
oewn-06672969-n	trade barrier	6	1	1	1	embargo	0	6	0.0	0	0	0	0	0	0
oewn-06790633-n	banter	6	1	1	1	badinage	6	6	1.0	0	6	0	0	0	0
oewn-07074480-n	country music	6	1	1	1	C and W	0	6	0.0	0	0	0	0	0	0
oewn-07220756-n	retraction	6	1	3	2	withdrawal	3	6	0.5	0	3	0	0	0	0
oewn-07268305-n	discouragement	6	1	2	1	discouragement	4	6	0.67	0	4	0	0	0	0
oewn-07271363-n	clairvoyance	6	1	1	1	foreknowledge	0	6	0.0	0	0	0	0	0	0
oewn-07354253-n	damage	6	1	3	1	damage	0	6	0.0	0	0	0	0	0	0
oewn-07383246-n	eclipse	6	1	1	1	eclipse	0	6	0.0	0	0	0	0	0	0
oewn-07737962-n	onion	6	1	4	1	onion	0	6	0.0	0	0	0	0	0	0
oewn-08080282-n	dealer	6	1	3	1	dealer	0	6	0.0	0	0	0	0	0	0
oewn-08451269-n	network	6	1	4	2	web	0	6	0.0	0	0	0	0	0	0
oewn-08470475-n	civil law	6	1	4	2	precedent	0	6	0.0	0	0	0	0	0	0
oewn-08596880-n	grainfield	6	1	1	1	cornfield	0	6	0.0	0	0	0	0	0	0
oewn-08658106-n	resort	6	1	5	1	resort	0	6	0.0	0	0	0	0	0	0
oewn-09492415-n	vector	6	1	6	1	carrier	0	6	0.0	0	0	0	0	0	0
oewn-09777275-n	abstainer	6	1	1	1	teetotaler	0	6	0.0	0	0	0	0	0	0
oewn-09800117-n	aircrew member	6	1	4	1	navigator	0	6	0.0	0	0	0	0	0	0
oewn-09805779-n	alum	6	1	2	2	graduate	0	6	0.0	0	0	0	0	0	0
oewn-10006070-n	cynic	6	1	3	2	knocker	0	6	0.0	0	0	0	0	0	0
oewn-10126521-n	foster-parent	6	1	1	1	foster parent	0	6	0.0	0	0	0	0	0	0
oewn-10240710-n	jerk	6	1	7	1	jerk	0	6	0.0	0	0	0	0	0	0
oewn-10421831-n	partisan	6	1	2	2	partisan	2	6	0.33	0	2	0	0	0	0
oewn-10634492-n	smoker	6	1	2	1	smoker	0	6	0.0	0	0	0	0	0	0
oewn-11967720-n	centaury	6	1	2	2	dusty miller	0	6	0.0	0	0	0	0	0	0
oewn-12405946-n	reseda	6	1	2	1	weld	0	6	0.0	0	0	0	0	0	0
oewn-12655190-n	crab apple	6	1	2	1	crabapple	0	6	0.0	0	0	0	0	0	0
oewn-12678879-n	mountain ash	6	1	2	1	mountain ash	0	6	0.0	0	0	0	0	0	0
oewn-12711414-n	incense tree	6	1	1	1	balm of gilead	0	6	0.0	0	0	0	0	0	0
oewn-13282678-n	government income	6	1	2	1	revenue	4	6	0.67	4	0	0	0	0	0
oewn-13294177-n	bonus	6	1	3	2	premium	1	6	0.17	0	1	0	0	0	0
oewn-13618828-n	cardinal number	6	1	3	2	cardinal	0	6	0.0	0	0	0	0	0	0
oewn-13895614-n	conic section	6	1	1	1	oval	0	6	0.0	0	0	0	0	0	0
oewn-14197107-n	angina	6	1	1	1	quinsy	6	6	1.0	1	5	1	0	0	0
oewn-14302275-n	brown rot	6	1	1	1	ring disease	6	6	1.0	0	6	0	0	0	0
oewn-14349141-n	colic	6	1	1	1	colic	4	6	0.67	0	4	0	0	0	0
oewn-14443868-n	coherence	6	1	4	2	consistency	0	6	0.0	0	0	0	0	0	0
oewn-14574579-n	deafness	6	1	1	1	deafness	4	6	0.67	0	4	0	0	0	0
oewn-14623348-n	acetic acid	6	1	2	1	vinegar	1	6	0.17	0	1	0	0	0	0
oewn-14893478-n	fixing agent	6	1	2	1	hypo	0	6	0.0	0	0	0	0	0	0
oewn-14958169-n	leaven	6	1	2	1	yeast	1	6	0.17	0	1	0	0	0	0
oewn-15099135-n	tile	6	1	4	1	tile	0	6	0.0	0	0	0	0	0	0
oewn-00216181-n	dissolution	5	1	4	1	dissolution	0	5	0.0	0	0	0	0	0	0
oewn-00261465-n	reform	5	1	4	1	reform	0	5	0.0	0	0	0	0	0	0
oewn-00562263-n	forward pass	5	1	3	2	aerial	0	5	0.0	0	0	0	0	0	0
oewn-00696243-n	administration	5	1	2	2	administration	0	5	0.0	0	0	0	0	0	0
oewn-00735181-n	tort	5	1	2	1	trespass	1	5	0.2	0	1	0	0	0	0
oewn-00933662-n	realization	5	1	4	1	realisation	4	5	0.8	4	0	0	0	0	0
oewn-01147528-n	coup d'etat	5	1	2	1	coup	0	5	0.0	0	0	0	0	0	0
oewn-01181883-n	insubordination	5	1	2	1	disobedience	3	5	0.6	0	3	0	0	0	0
oewn-01242052-n	non-engagement	5	1	6	1	isolation	0	5	0.0	0	0	0	0	0	0
oewn-01582718-n	jay	5	1	1	1	jay	0	5	0.0	0	0	0	0	0	0
oewn-01611073-n	kite	5	1	5	1	kite	0	5	0.0	0	0	0	0	0	0
oewn-01842239-n	flicker	5	1	4	1	flicker	0	5	0.0	0	0	0	0	0	0
oewn-02075902-n	sea cow	5	1	1	1	dugong	0	5	0.0	0	0	0	0	0	0
oewn-02155855-n	game bird	5	1	4	1	partridge	0	5	0.0	0	0	0	0	0	0
oewn-02174834-n	dung beetle	5	1	1	1	tumblebug	0	5	0.0	0	0	0	0	0	0
oewn-02235603-n	dictyopterous insect	5	1	1	1	cockroach	0	5	0.0	0	0	0	0	0	0
oewn-02537190-n	salmonid	5	1	2	1	trout	0	5	0.0	0	0	0	0	0	0
oewn-02587274-n	tentacle	5	1	4	2	feeler	0	5	0.0	0	0	0	0	0	0
oewn-02619837-n	eelpout	5	1	3	1	pout	0	5	0.0	0	0	0	0	0	0
oewn-02676145-n	ace	5	1	3	1	ace	0	5	0.0	0	0	0	0	0	0
oewn-02761965-n	autoclave	5	1	1	1	digester	0	5	0.0	0	0	0	0	0	0
oewn-02815336-n	battleship	5	1	1	1	dreadnaught	0	5	0.0	0	0	0	0	0	0
oewn-02891211-n	bracelet	5	1	2	1	bracelet	0	5	0.0	0	0	0	0	0	0
oewn-02910059-n	broom	5	1	4	1	broom	0	5	0.0	0	0	0	0	0	0
oewn-02923887-n	bunker	5	1	3	1	bunker	0	5	0.0	0	0	0	0	0	0
oewn-02930783-n	butt	5	1	6	1	butt	0	5	0.0	0	0	0	0	0	0
oewn-02931797-n	butt joint	5	1	6	1	butt	0	5	0.0	0	0	0	0	0	0
oewn-03028429-n	choker	5	1	3	1	ruffle	4	5	0.8	4	0	0	0	0	0
oewn-03046969-n	clinch	5	1	3	1	clinch	0	5	0.0	0	0	0	0	0	0
oewn-03065053-n	cocked hat	5	1	1	1	cocked hat	0	5	0.0	0	0	0	0	0	0
oewn-03178190-n	delineation	5	1	2	1	delineation	0	5	0.0	0	0	0	0	0	0
oewn-03332636-n	fencing sword	5	1	3	2	sabre	0	5	0.0	0	0	0	0	0	0
oewn-03356108-n	fishing boat	5	1	1	1	fishing vessel	0	5	0.0	0	0	0	0	0	0
oewn-03417130-n	galley	5	1	3	1	galley	0	5	0.0	0	0	0	0	0	0
oewn-03501421-n	harpsichord	5	1	1	1	spinet	0	5	0.0	0	0	0	0	0	0
oewn-03652230-n	lattice	5	1	2	1	lattice	0	5	0.0	0	0	0	0	0	0
oewn-03892882-n	paper fastener	5	1	6	1	staple	0	5	0.0	0	0	0	0	0	0
oewn-03932650-n	photographic paper	5	1	4	1	film	0	5	0.0	0	0	0	0	0	0
oewn-03963861-n	plaster	5	1	5	1	plaster	0	5	0.0	0	0	0	0	0	0
oewn-03999761-n	poultice	5	1	5	1	plaster	0	5	0.0	0	0	0	0	0	0
oewn-04014040-n	prod	5	1	6	1	spur	0	5	0.0	0	0	0	0	0	0
oewn-04054067-n	rail fence	5	1	1	1	rail fence	0	5	0.0	0	0	0	0	0	0
oewn-04098209-n	rig	5	1	8	1	rig	0	5	0.0	0	0	0	0	0	0
oewn-04155119-n	scissors	5	1	2	1	scissors	0	5	0.0	0	0	0	0	0	0
oewn-04159470-n	screen	5	1	8	1	screen	0	5	0.0	0	0	0	0	0	0
oewn-04198040-n	shell	5	1	8	1	shell	0	5	0.0	0	0	0	0	0	0
oewn-04412132-n	television camera	5	1	2	1	camera	0	5	0.0	0	0	0	0	0	0
oewn-04412675-n	television equipment	5	1	2	1	camera	0	5	0.0	0	0	0	0	0	0
oewn-04566090-n	watercolor	5	1	3	1	water-colour	0	5	0.0	0	0	0	0	0	0
oewn-04749047-n	immutability	5	1	1	1	immutableness	4	5	0.8	0	4	0	0	0	0
oewn-04769888-n	particularity	5	1	1	1	particularity	1	5	0.2	1	0	0	0	0	0
oewn-04807130-n	nativeness	5	1	1	1	localness	0	5	0.0	0	0	0	0	0	0
oewn-04808781-n	conventionality	5	1	5	2	convention	2	5	0.4	0	2	0	0	0	0
oewn-04818117-n	unlawfulness	5	1	2	1	illegitimacy	5	5	1.0	1	4	1	0	0	0
oewn-05030399-n	inelasticity	5	1	3	1	stiffness	1	5	0.2	0	1	0	0	0	0
oewn-05033674-n	equivalent	5	1	2	1	equivalent	0	5	0.0	0	0	0	0	0	0
oewn-05051127-n	exposure	5	1	8	1	exposure	0	5	0.0	0	0	0	0	0	0
oewn-05057266-n	presentness	5	1	2	1	currency	2	5	0.4	2	0	0	0	0	0
oewn-05059047-n	lengthiness	5	1	3	2	continuation	1	5	0.2	0	1	0	0	0	0
oewn-05059538-n	endlessness	5	1	1	1	endlessness	4	5	0.8	0	4	0	0	0	0
oewn-05144822-n	lowness	5	1	5	2	shortness	1	5	0.2	0	1	0	0	0	0
oewn-05220469-n	unresponsiveness	5	1	12	1	resistance	3	5	0.6	0	3	0	0	0	0
oewn-05600772-n	arm bone	5	1	3	1	radius	0	5	0.0	0	0	0	0	0	0
oewn-05996720-n	edification	5	1	1	1	edification	0	5	0.0	0	0	0	0	0	0
oewn-06090110-n	physiology	5	1	2	1	physiology	0	5	0.0	0	0	0	0	0	0
oewn-06122616-n	fluid mechanics	5	1	1	1	hydraulics	1	5	0.2	0	1	0	0	0	0
oewn-06156973-n	social anthropology	5	1	2	1	mythology	0	5	0.0	0	0	0	0	0	0
oewn-06669486-n	economic policy	5	1	13	1	control	0	5	0.0	0	0	0	0	0	0
oewn-06762595-n	prognosis	5	1	1	1	forecast	0	5	0.0	0	0	0	0	0	0
oewn-07057834-n	sonata	5	1	2	1	symphony	0	5	0.0	0	0	0	0	0	0
oewn-07215473-n	refutation	5	1	13	1	defence	1	5	0.2	0	1	0	0	0	0
oewn-07220606-n	disavowal	5	1	1	1	recantation	5	5	1.0	0	5	0	0	0	0
oewn-07249995-n	indictment	5	1	2	1	indictment	0	5	0.0	0	0	0	0	0	0
oewn-07316161-n	collision	5	1	6	2	smash	0	5	0.0	0	0	0	0	0	0
oewn-07355638-n	cycle	5	1	15	2	pass	0	5	0.0	0	0	0	0	0	0
oewn-07378715-n	submergence	5	1	8	2	dip	0	5	0.0	0	0	0	0	0	0
oewn-07445080-n	background	5	1	9	1	background	0	5	0.0	0	0	0	0	0	0
oewn-07446719-n	seepage	5	1	1	1	oozing	0	5	0.0	0	0	0	0	0	0
oewn-07582955-n	concentrate	5	1	2	1	concentrate	0	5	0.0	0	0	0	0	0	0
oewn-07585108-n	wheat flour	5	1	1	1	graham	0	5	0.0	0	0	0	0	0	0
oewn-07598174-n	dip	5	1	7	1	dip	0	5	0.0	0	0	0	0	0	0
oewn-07634613-n	custard	5	1	1	1	custard	0	5	0.0	0	0	0	0	0	0
oewn-07639542-n	tart	5	1	2	1	tart	1	5	0.2	0	1	0	0	0	0
oewn-07651993-n	gingersnap	5	1	17	1	snap	0	5	0.0	0	0	0	0	0	0
oewn-07654678-n	doughnut	5	1	3	2	doughnut	0	5	0.0	0	0	0	0	0	0
oewn-07662536-n	wildfowl	5	1	5	2	partridge	1	5	0.2	1	0	0	0	0	0
oewn-07680515-n	jerky	5	1	7	1	jerk	0	5	0.0	0	0	0	0	0	0
oewn-07760222-n	currant	5	1	3	2	currant	0	5	0.0	0	0	0	0	0	0
oewn-07768640-n	raisin	5	1	2	1	currant	0	5	0.0	0	0	0	0	0	0
oewn-07844963-n	vinegar	5	1	2	1	vinegar	1	5	0.2	0	1	0	0	0	0
oewn-07889440-n	pilaf	5	1	1	1	pilau	0	5	0.0	0	0	0	0	0	0
oewn-07942206-n	fruit drink	5	1	1	1	lemonade	0	5	0.0	0	0	0	0	0	0
oewn-08084987-n	film industry	5	1	8	1	screen	0	5	0.0	0	0	0	0	0	0
oewn-08283770-n	calendar	5	1	4	1	calendar	0	5	0.0	0	0	0	0	0	0
oewn-08475923-n	progression	5	1	3	1	progression	0	5	0.0	0	0	0	0	0	0
oewn-09462117-n	soapsuds	5	1	2	1	suds	0	5	0.0	0	0	0	0	0	0
oewn-09811678-n	anatomist	5	1	1	1	anatomist	0	5	0.0	0	0	0	0	0	0
oewn-09843537-n	authoritarian	5	1	2	1	dictator	0	5	0.0	0	0	0	0	0	0
oewn-09854087-n	ballet dancer	5	1	1	1	danseuse	0	5	0.0	0	0	0	0	0	0
oewn-09870983-n	betrothed	5	1	1	1	betrothed	0	5	0.0	0	0	0	0	0	0
oewn-09926157-n	champion	5	1	2	2	champion	0	5	0.0	0	0	0	0	0	0
oewn-09966436-n	compiler	5	1	1	1	lexicographer	0	5	0.0	0	0	0	0	0	0
oewn-09987658-n	costermonger	5	1	1	1	costermonger	0	5	0.0	0	0	0	0	0	0
oewn-09998602-n	critic	5	1	2	1	critic	3	5	0.6	0	3	0	0	0	0
oewn-10048994-n	draftsperson	5	1	1	1	draughtsman	0	5	0.0	0	0	0	0	0	0
oewn-10147226-n	geologist	5	1	1	1	geologist	0	5	0.0	0	0	0	0	0	0
oewn-10174170-n	hack	5	1	3	2	drudge	3	5	0.6	0	3	0	0	0	0
oewn-10275777-n	lexicographer	5	1	1	1	lexicographer	0	5	0.0	0	0	0	0	0	0
oewn-10343657-n	mixed-blood	5	1	1	1	mulatto	0	5	0.0	0	0	0	0	0	0
oewn-10370627-n	necessitarian	5	1	1	1	fatalist	1	5	0.2	0	1	0	0	0	0
oewn-10409898-n	pacifist	5	1	5	1	dove	0	5	0.0	0	0	0	0	0	0
oewn-10482426-n	practitioner	5	1	1	1	practitioner	0	5	0.0	0	0	0	0	0	0
oewn-10529403-n	real estate broker	5	1	1	1	house agent	0	5	0.0	0	0	0	0	0	0
oewn-10728446-n	thin person	5	1	1	1	scrag	0	5	0.0	0	0	0	0	0	0
oewn-10760809-n	upstart	5	1	4	1	upstart	4	5	0.8	0	4	0	0	0	0
oewn-11445515-n	acoustic phenomenon	5	1	5	2	projection	3	5	0.6	3	0	0	0	0	0
oewn-12474664-n	tulip	5	1	1	1	tulip	0	5	0.0	0	0	0	0	0	0
oewn-12495540-n	bellwort	5	1	1	1	wild oats	0	5	0.0	0	0	0	0	0	0
oewn-12827492-n	plane tree	5	1	5	1	sycamore	0	5	0.0	0	0	0	0	0	0
oewn-13097793-n	mold	5	1	11	1	mould	1	5	0.2	0	1	0	0	0	0
oewn-13282815-n	tax income	5	1	2	1	revenue	4	5	0.8	4	0	0	0	0	0
oewn-13304337-n	support payment	5	1	5	1	maintenance	0	5	0.0	0	0	0	0	0	0
oewn-13439392-n	warrant	5	1	4	1	warrant	0	5	0.0	0	0	0	0	0	0
oewn-13539046-n	multiplication	5	1	2	2	multiplication	0	5	0.0	0	0	0	0	0	0
oewn-13614422-n	factor	5	1	4	1	factor	0	5	0.0	0	0	0	0	0	0
oewn-13823013-n	modification	5	1	2	2	modification	0	5	0.0	0	0	0	0	0	0
oewn-13931594-n	roulette	5	1	1	1	cycloid	0	5	0.0	0	0	0	0	0	0
oewn-14145979-n	influenza	5	1	1	1	influenza	3	5	0.6	3	0	0	0	0	0
oewn-14554005-n	liability	5	1	2	1	liability	1	5	0.2	1	0	0	0	0	0
oewn-14621593-n	absorbent material	5	1	3	1	sponge	0	5	0.0	0	0	0	0	0	0
oewn-14918291-n	resin	5	1	1	1	resin	0	5	0.0	0	0	0	0	0	0
oewn-14920865-n	balsam	5	1	2	1	balm	0	5	0.0	0	0	0	0	0	0
oewn-14926110-n	synthetic	5	1	5	1	rubber	0	5	0.0	0	0	0	0	0	0
oewn-14977703-n	mold	5	1	11	1	mould	0	5	0.0	0	0	0	0	0	0
oewn-15030685-n	latex	5	1	5	1	rubber	0	5	0.0	0	0	0	0	0	0
oewn-15080503-n	softener	5	1	1	1	softener	0	5	0.0	0	0	0	0	0	0
oewn-15145288-n	times	5	1	1	1	modern times	5	5	1.0	5	0	0	0	0	0
oewn-15248139-n	equinox	5	1	2	1	equinox	0	5	0.0	0	0	0	0	0	0
oewn-00052345-n	penetration	4	1	8	1	penetration	2	4	0.5	2	0	0	0	0	0
oewn-00170632-n	loop	4	1	6	1	loop	0	4	0.0	0	0	0	0	0	0
oewn-00209646-n	ouster	4	1	4	1	deposition	0	4	0.0	0	0	0	0	0	0
oewn-00211789-n	release	4	1	15	2	release	0	4	0.0	0	0	0	0	0	0
oewn-00229402-n	liquidation	4	1	7	1	settlement	2	4	0.5	0	2	0	0	0	0
oewn-00271644-n	coaching	4	1	1	1	coaching	0	4	0.0	0	0	0	0	0	0
oewn-00279247-n	watering	4	1	5	1	sprinkling	0	4	0.0	0	0	0	0	0	0
oewn-00358506-n	condensing	4	1	3	2	thickening	0	4	0.0	0	0	0	0	0	0
oewn-00406181-n	flexion	4	1	2	1	flexion	0	4	0.0	0	0	0	0	0	0
oewn-00452356-n	cycling	4	1	1	1	bicycling	0	4	0.0	0	0	0	0	0	0
oewn-00551053-n	mime	4	1	1	1	pantomime	0	4	0.0	0	0	0	0	0	0
oewn-00705558-n	psychoanalysis	4	1	7	1	analysis	0	4	0.0	0	0	0	0	0	0
oewn-00720067-n	plastering	4	1	1	1	daubing	0	4	0.0	0	0	0	0	0	0
oewn-00738486-n	abnormality	4	1	4	2	irregularity	4	4	1.0	4	0	0	0	0	0
oewn-00786917-n	housebreaking	4	1	1	1	housebreaking	0	4	0.0	0	0	0	0	0	0
oewn-00810428-n	freeze	4	1	2	1	freeze	1	4	0.25	1	0	0	0	0	0
oewn-00902424-n	depiction	4	1	2	1	delineation	0	4	0.0	0	0	0	0	0	0
oewn-00909038-n	exposure	4	1	8	1	exposure	0	4	0.0	0	0	0	0	0	0
oewn-01109264-n	affairs	4	1	6	1	politics	0	4	0.0	0	0	0	0	0	0
oewn-01234656-n	session	4	1	3	2	session	0	4	0.0	0	0	0	0	0	0
oewn-01242775-n	intervention	4	1	2	1	mediation	0	4	0.0	0	0	0	0	0	0
oewn-01481152-n	hagfish	4	1	2	1	hag	0	4	0.0	0	0	0	0	0	0
oewn-01590475-n	thrasher	4	1	3	1	thrasher	0	4	0.0	0	0	0	0	0	0
oewn-01805362-n	phasianid	4	1	5	2	partridge	0	4	0.0	0	0	0	0	0	0
oewn-01807119-n	bobwhite	4	1	4	1	partridge	0	4	0.0	0	0	0	0	0	0
oewn-01809208-n	quail	4	1	4	1	partridge	0	4	0.0	0	0	0	0	0	0
oewn-01814978-n	dove	4	1	5	1	dove	0	4	0.0	0	0	0	0	0	0
oewn-01909390-n	sponge	4	1	3	1	sponge	0	4	0.0	0	0	0	0	0	0
oewn-02008444-n	ibis	4	1	1	1	ibis	0	4	0.0	0	0	0	0	0	0
oewn-02070859-n	beaked whale	4	1	1	1	beaked whale	0	4	0.0	0	0	0	0	0	0
oewn-02088026-n	toy dog	4	1	7	1	toy	0	4	0.0	0	0	0	0	0	0
oewn-02114278-n	spitz	4	1	2	1	chow	0	4	0.0	0	0	0	0	0	0
oewn-02232196-n	cricket	4	1	2	1	cricket	0	4	0.0	0	0	0	0	0	0
oewn-02384112-n	wild horse	4	1	1	1	wild horse	0	4	0.0	0	0	0	0	0	0
oewn-02393701-n	zebra	4	1	1	1	zebra	0	4	0.0	0	0	0	0	0	0
oewn-02836781-n	bevel	4	1	4	1	cant	0	4	0.0	0	0	0	0	0	0
oewn-02859073-n	bludgeon	4	1	4	1	sap	0	4	0.0	0	0	0	0	0	0
oewn-02860757-n	boarding house	4	1	1	1	boarding house	0	4	0.0	0	0	0	0	0	0
oewn-02894671-n	branch line	4	1	6	1	spur	0	4	0.0	0	0	0	0	0	0
oewn-02932673-n	buttress	4	1	1	1	buttress	0	4	0.0	0	0	0	0	0	0
oewn-02990947-n	cavalry sword	4	1	2	1	sabre	0	4	0.0	0	0	0	0	0	0
oewn-03052868-n	closed circuit	4	1	6	1	loop	0	4	0.0	0	0	0	0	0	0
oewn-03096770-n	conservatory	4	1	2	1	conservatory	0	4	0.0	0	0	0	0	0	0
oewn-03145551-n	cruiser	4	1	3	1	cruiser	0	4	0.0	0	0	0	0	0	0
oewn-03262580-n	durables	4	1	2	1	appliance	0	4	0.0	0	0	0	0	0	0
oewn-03267635-n	easy chair	4	1	1	1	easy chair	3	4	0.75	0	3	0	0	0	0
oewn-03373354-n	flower chain	4	1	4	1	festoon	0	4	0.0	0	0	0	0	0	0
oewn-03399316-n	freight train	4	1	2	1	rattler	0	4	0.0	0	0	0	0	0	0
oewn-03543586-n	horse cart	4	1	1	1	dray	2	4	0.5	0	2	0	0	0	0
oewn-03624859-n	kit	4	1	2	1	kit	0	4	0.0	0	0	0	0	0	0
oewn-03626682-n	kite	4	1	5	1	kite	0	4	0.0	0	0	0	0	0	0
oewn-03722670-n	manger	4	1	8	2	trough	0	4	0.0	0	0	0	0	0	0
oewn-03766206-n	microscope	4	1	1	1	microscope	0	4	0.0	0	0	0	0	0	0
oewn-03837945-n	notch	4	1	4	1	notch	0	4	0.0	0	0	0	0	0	0
oewn-03909987-n	pedestal	4	1	2	1	pedestal	0	4	0.0	0	0	0	0	0	0
oewn-03976356-n	plume	4	1	2	1	plume	1	4	0.25	0	1	0	0	0	0
oewn-04008203-n	pressure suit	4	1	1	1	G suit	0	4	0.0	0	0	0	0	0	0
oewn-04011143-n	printer	4	1	3	1	printer	0	4	0.0	0	0	0	0	0	0
oewn-04044440-n	racing boat	4	1	8	1	shell	0	4	0.0	0	0	0	0	0	0
oewn-04074465-n	reef knot	4	1	4	1	granny	2	4	0.5	0	2	0	0	0	0
oewn-04083645-n	replica	4	1	7	1	toy	3	4	0.75	0	3	0	0	0	0
oewn-04159912-n	screen	4	1	8	1	screen	0	4	0.0	0	0	0	0	0	0
oewn-04161626-n	screwdriver	4	1	2	1	screwdriver	0	4	0.0	0	0	0	0	0	0
oewn-04213423-n	shotgun	4	1	1	1	shotgun	0	4	0.0	0	0	0	0	0	0
oewn-04394793-n	tamp	4	1	1	1	tamper	0	4	0.0	0	0	0	0	0	0
oewn-04523509-n	urn	4	1	1	1	urn	0	4	0.0	0	0	0	0	0	0
oewn-04540494-n	vibrator	4	1	3	1	reed	0	4	0.0	0	0	0	0	0	0
oewn-04636207-n	excitability	4	1	2	2	volatility	1	4	0.25	1	0	0	0	0	0
oewn-04655797-n	giddiness	4	1	4	2	giddiness	4	4	1.0	2	2	1	0	0	0
oewn-04665463-n	hostility	4	1	3	2	hostility	4	4	1.0	0	4	0	0	0	0
oewn-04692411-n	pulchritude	4	1	2	1	voluptuousness	4	4	1.0	4	0	0	0	0	0
oewn-04736385-n	admirability	4	1	1	1	wonderfulness	3	4	0.75	3	0	0	0	0	0
oewn-04750006-n	otherness	4	1	2	1	distinctness	0	4	0.0	0	0	0	0	0	0
oewn-04761695-n	finality	4	1	1	1	finality	3	4	0.75	3	0	0	0	0	0
oewn-04765707-n	improbability	4	1	1	1	improbability	0	4	0.0	0	0	0	0	0	0
oewn-04769747-n	unreality	4	1	3	1	unreality	0	4	0.0	0	0	0	0	0	0
oewn-04801174-n	unacceptability	4	1	1	1	inadmissibility	4	4	1.0	1	3	1	0	0	0
oewn-04882134-n	deceptiveness	4	1	2	1	obliquity	2	4	0.5	0	2	0	0	0	0
oewn-04889193-n	austerity	4	1	1	1	austerity	0	4	0.0	0	0	0	0	0	0
oewn-04903901-n	uncleanliness	4	1	1	1	uncleanliness	3	4	0.75	0	3	0	0	0	0
oewn-04904605-n	untidiness	4	1	2	2	disarray	4	4	1.0	0	4	0	0	0	0
oewn-04909647-n	indecorum	4	1	2	2	indecorum	3	4	0.75	1	2	1	0	0	0
oewn-04916591-n	disobedience	4	1	2	1	disobedience	0	4	0.0	0	0	0	0	0	0
oewn-04949349-n	retentiveness	4	1	3	1	retention	0	4	0.0	0	0	0	0	0	0
oewn-04956433-n	coarseness	4	1	3	1	coarseness	0	4	0.0	0	0	0	0	0	0
oewn-05110948-n	thinness	4	1	3	1	thinness	0	4	0.0	0	0	0	0	0	0
oewn-05127610-n	redundancy	4	1	2	2	redundancy	0	4	0.0	0	0	0	0	0	0
oewn-05160402-n	impracticability	4	1	1	1	impracticability	4	4	1.0	0	4	0	0	0	0
oewn-05179658-n	imperativeness	4	1	2	1	importunity	2	4	0.5	2	0	0	0	0	0
oewn-05230663-n	fissure	4	1	4	1	fissure	0	4	0.0	0	0	0	0	0	0
oewn-05247554-n	epidermis	4	1	4	1	mantle	0	4	0.0	0	0	0	0	0	0
oewn-05274572-n	cytologic specimen	4	1	3	1	smear	0	4	0.0	0	0	0	0	0	0
oewn-05409434-n	clot	4	1	1	1	clot	0	4	0.0	0	0	0	0	0	0
oewn-05518558-n	tract	4	1	4	1	tract	0	4	0.0	0	0	0	0	0	0
oewn-05529585-n	hymen	4	1	1	1	hymen	0	4	0.0	0	0	0	0	0	0
oewn-05648574-n	expertness	4	1	1	1	expertness	2	4	0.5	2	0	0	0	0	0
oewn-05670377-n	accounting	4	1	5	1	accounting	0	4	0.0	0	0	0	0	0	0
oewn-05741809-n	critical appraisal	4	1	4	1	criticism	4	4	1.0	4	0	0	0	0	0
oewn-05878987-n	complex	4	1	4	2	complex	0	4	0.0	0	0	0	0	0	0
oewn-05994266-n	lore	4	1	1	1	lore	2	4	0.5	2	0	0	0	0	0
oewn-05995280-n	enlightenment	4	1	1	1	edification	0	4	0.0	0	0	0	0	0	0
oewn-06193615-n	theology	4	1	2	1	theology	1	4	0.25	1	0	0	0	0	0
oewn-06272239-n	medium	4	1	11	1	medium	0	4	0.0	0	0	0	0	0	0
oewn-06273220-n	film	4	1	4	1	film	0	4	0.0	0	0	0	0	0	0
oewn-06284745-n	long distance	4	1	1	1	long distance	0	4	0.0	0	0	0	0	0	0
oewn-06317935-n	bound morpheme	4	1	1	1	affix	0	4	0.0	0	0	0	0	0	0
oewn-06371721-n	written word	4	1	1	1	written word	0	4	0.0	0	0	0	0	0	0
oewn-06403409-n	installment	4	1	2	2	installment	0	4	0.0	0	0	0	0	0	0
oewn-06420422-n	adaptation	4	1	7	1	version	0	4	0.0	0	0	0	0	0	0
oewn-06479539-n	capitulation	4	1	4	2	review	0	4	0.0	0	0	0	0	0	0
oewn-06481048-n	recapitulation	4	1	4	2	review	0	4	0.0	0	0	0	0	0	0
oewn-06615847-n	referent	4	1	4	1	antecedent	0	4	0.0	0	0	0	0	0	0
oewn-06621330-n	incoherence	4	1	2	1	incoherence	0	4	0.0	0	0	0	0	0	0
oewn-06755467-n	philosophizing	4	1	1	1	moralizing	3	4	0.75	3	0	0	0	0	0
oewn-06755627-n	moralizing	4	1	1	1	moralizing	4	4	1.0	4	0	0	0	0	0
oewn-06802899-n	dogma	4	1	1	1	tenet	0	4	0.0	0	0	0	0	0	0
oewn-06814598-n	isometric line	4	1	3	1	contour	0	4	0.0	0	0	0	0	0	0
oewn-07104913-n	repetitiveness	4	1	2	2	redundancy	2	4	0.5	0	2	0	0	0	0
oewn-07165352-n	mediation	4	1	2	1	mediation	0	4	0.0	0	0	0	0	0	0
oewn-07199205-n	affray	4	1	1	1	altercation	4	4	1.0	0	4	0	0	0	0
oewn-07269262-n	renunciation	4	1	2	2	renunciation	0	4	0.0	0	0	0	0	0	0
oewn-07337831-n	manifestation	4	1	3	1	manifestation	3	4	0.75	2	1	1	0	0	0
oewn-07429767-n	conjunction	4	1	4	1	conjunction	0	4	0.0	0	0	0	0	0	0
oewn-07441493-n	degeneration	4	1	2	1	retrogression	1	4	0.25	0	1	0	0	0	0
oewn-07457810-n	relaxation	4	1	3	2	loosening	0	4	0.0	0	0	0	0	0	0
oewn-07459268-n	shift	4	1	12	2	shift	0	4	0.0	0	0	0	0	0	0
oewn-07473683-n	automobile race	4	1	5	1	rally	0	4	0.0	0	0	0	0	0	0
oewn-07712845-n	hamburger	4	1	1	1	burger	0	4	0.0	0	0	0	0	0	0
oewn-07730316-n	head cabbage	4	1	1	1	savoy	0	4	0.0	0	0	0	0	0	0
oewn-07783320-n	olive	4	1	5	1	olive	0	4	0.0	0	0	0	0	0	0
oewn-07810428-n	trout	4	1	2	1	trout	0	4	0.0	0	0	0	0	0	0
oewn-07933858-n	sling	4	1	7	1	sling	0	4	0.0	0	0	0	0	0	0
oewn-07979701-n	stack	4	1	7	1	stack	0	4	0.0	0	0	0	0	0	0
oewn-08259144-n	core	4	1	5	2	core	1	4	0.25	1	0	0	0	0	0
oewn-08511241-n	amusement park	4	1	1	1	pleasure ground	0	4	0.0	0	0	0	0	0	0
oewn-08539815-n	center of gravity	4	1	1	1	centre of gravity	0	4	0.0	0	0	0	0	0	0
oewn-08555989-n	precinct	4	1	1	1	precinct	1	4	0.25	1	0	0	0	0	0
oewn-08669407-n	slum	4	1	1	1	slum	2	4	0.5	0	2	0	0	0	0
oewn-09720544-n		4	1	2	1	burgher	0	4	0.0	0	0	0	0	0	0
oewn-09787123-n	actress	4	1	1	1	actress	0	4	0.0	0	0	0	0	0	0
oewn-09821287-n	apprentice	4	1	1	1	prentice	0	4	0.0	0	0	0	0	0	0
oewn-09926439-n	chancellor	4	1	1	1	prime minister	0	4	0.0	0	0	0	0	0	0
oewn-09941943-n	churchgoer	4	1	1	1	parishioner	0	4	0.0	0	0	0	0	0	0
oewn-09964242-n	council member	4	1	1	1	councillor	0	4	0.0	0	0	0	0	0	0
oewn-10034960-n	director	4	1	6	1	director	0	4	0.0	0	0	0	0	0	0
oewn-10161110-n	grandchild	4	1	1	1	grandchild	0	4	0.0	0	0	0	0	0	0
oewn-10277645-n	librarian	4	1	1	1	librarian	0	4	0.0	0	0	0	0	0	0
oewn-10341540-n	misanthrope	4	1	1	1	misanthrope	0	4	0.0	0	0	0	0	0	0
oewn-10501296-n	proletarian	4	1	5	1	worker	0	4	0.0	0	0	0	0	0	0
oewn-10532301-n	recruiter	4	1	2	1	scout	0	4	0.0	0	0	0	0	0	0
oewn-10536467-n	registrar	4	1	2	2	registrar	0	4	0.0	0	0	0	0	0	0
oewn-10635720-n	sneak thief	4	1	1	1	pilferer	0	4	0.0	0	0	0	0	0	0
oewn-10700056-n	surveyor	4	1	1	1	surveyor	0	4	0.0	0	0	0	0	0	0
oewn-10701616-n	swagger	4	1	2	1	swagger	0	4	0.0	0	0	0	0	0	0
oewn-11459145-n	circulation	4	1	4	1	circulation	0	4	0.0	0	0	0	0	0	0
oewn-11504390-n	meteor	4	1	1	1	shooting star	0	4	0.0	0	0	0	0	0	0
oewn-11507824-n	halo	4	1	2	1	halo	0	4	0.0	0	0	0	0	0	0
oewn-11514872-n	potential energy	4	1	1	1	magnetic energy	0	4	0.0	0	0	0	0	0	0
oewn-11565975-n	pteridophyte	4	1	1	1	fern	0	4	0.0	0	0	0	0	0	0
oewn-11711362-n	floral leaf	4	1	1	1	petal	0	4	0.0	0	0	0	0	0	0
oewn-11896160-n	cabbage	4	1	4	1	cabbage	0	4	0.0	0	0	0	0	0	0
oewn-12066329-n	arethusa	4	1	1	1	arethusa	0	4	0.0	0	0	0	0	0	0
oewn-12321357-n	olive tree	4	1	5	1	olive	0	4	0.0	0	0	0	0	0	0
oewn-13046407-n	yeast	4	1	2	1	yeast	0	4	0.0	0	0	0	0	0	0
oewn-13292343-n	endowment	4	1	2	1	endowment	0	4	0.0	0	0	0	0	0	0
oewn-13340275-n	discount rate	4	1	2	1	discount	0	4	0.0	0	0	0	0	0	0
oewn-13400926-n	letter of credit	4	1	1	1	letter of credit	0	4	0.0	0	0	0	0	0	0
oewn-13489119-n	dissolution	4	1	4	1	dissolution	0	4	0.0	0	0	0	0	0	0
oewn-13582724-n	stiffening	4	1	2	1	stiffening	0	4	0.0	0	0	0	0	0	0
oewn-13848639-n	loading	4	1	6	1	loading	0	4	0.0	0	0	0	0	0	0
oewn-13873264-n	index	4	1	6	1	index	0	4	0.0	0	0	0	0	0	0
oewn-14014831-n	criminalism	4	1	1	1	criminality	0	4	0.0	0	0	0	0	0	0
oewn-14090143-n	nervous breakdown	4	1	1	1	nervous prostration	4	4	1.0	0	4	0	0	0	0
oewn-14141287-n	diabetes	4	1	1	1	diabetes	3	4	0.75	0	3	0	0	0	0
oewn-14205195-n	candidiasis	4	1	2	1	thrush	3	4	0.75	0	3	0	0	0	0
oewn-14206902-n	blain	4	1	1	1	chilblain	1	4	0.25	0	1	0	0	0	0
oewn-14207004-n	chilblain	4	1	1	1	chilblain	0	4	0.0	0	0	0	0	0	0
oewn-14485777-n	incompleteness	4	1	2	2	incompleteness	1	4	0.25	1	0	0	0	0	0
oewn-14614975-n	sol	4	1	2	1	sol	0	4	0.0	0	0	0	0	0	0
oewn-14873537-n	isotonic solution	4	1	1	1	saline	0	4	0.0	0	0	0	0	0	0
oewn-14923479-n	culture medium	4	1	11	1	medium	0	4	0.0	0	0	0	0	0	0
oewn-14944995-n	insulant	4	1	1	1	lagging	0	4	0.0	0	0	0	0	0	0
oewn-14955127-n	lava	4	1	1	1	lava	0	4	0.0	0	0	0	0	0	0
oewn-14961659-n	calcium sulphate	4	1	5	1	plaster	0	4	0.0	0	0	0	0	0	0
oewn-14966361-n	loam	4	1	1	1	loam	0	4	0.0	0	0	0	0	0	0
oewn-15141309-n	cosmic time	4	1	2	1	equinox	0	4	0.0	0	0	0	0	0	0
oewn-15143042-n	hours	4	1	11	1	shift	0	4	0.0	0	0	0	0	0	0
oewn-15198526-n	calendar	4	1	4	1	calendar	3	4	0.75	0	3	0	0	0	0
oewn-92444425-n	ard	4	1	1	1	ard	0	4	0.0	0	0	0	0	0	0
oewn-11583198-n	dicot family	63	0	0	0		0	63	0.0	0	0	0	0	0	0
oewn-05414462-n	hormone	60	0	0	0		2	60	0.03	2	0	0	0	0	0
oewn-02869918-n	bomb	57	0	1	1	bomb	2	57	0.04	0	2	0	0	0	0
oewn-13142303-n	aquatic plant	57	0	1	1	caltrop	2	57	0.04	0	2	0	0	0	0
oewn-05483908-n	cranial nerve	54	0	0	0		0	54	0.0	0	0	0	0	0	0
oewn-01357967-n	eubacteria	53	0	0	0		7	53	0.13	5	2	1	0	0	0
oewn-06002729-n	scientific theory	48	0	0	0		2	48	0.04	2	0	0	0	0	0
oewn-14174621-n	genetic disease	48	0	0	0		26	48	0.54	3	23	1	0	0	0
oewn-00394177-n	ablation	47	0	0	0		4	47	0.09	1	3	1	0	0	0
oewn-02719777-n	antibiotic	47	0	0	0		6	47	0.13	2	4	1	0	0	0
oewn-14212686-n	blood disease	46	0	0	0		24	46	0.52	3	21	1	0	0	0
oewn-01730287-n	colubrid snake	39	0	1	1	racer	1	39	0.03	0	1	0	0	0	0
oewn-11799769-n	arum	38	0	0	0		0	38	0.0	0	0	0	0	0	0
oewn-05337283-n	endocrine gland	37	0	0	0		0	37	0.0	0	0	0	0	0	0
oewn-14996078-n	oxide	37	0	2	1	lime	0	37	0.0	0	0	0	0	0	0
oewn-14218797-n	anemia	36	0	0	0		13	36	0.36	1	12	1	0	0	0
oewn-11952387-n	aster	35	0	0	0		0	35	0.0	0	0	0	0	0	0
oewn-12938661-n	spurge	35	0	0	0		4	35	0.11	0	4	0	0	0	0
oewn-13637335-n	metric capacity unit	35	0	0	0		0	35	0.0	0	0	0	0	0	0
oewn-14258682-n	tumor	35	0	0	0		4	35	0.11	0	4	0	0	0	0
oewn-15115309-n	B-complex vitamin	35	0	0	0		3	35	0.09	0	3	0	0	0	0
oewn-03434198-n	gauge	33	0	0	0		2	33	0.06	0	2	0	0	0	0
oewn-05244178-n	nerve plexus	33	0	0	0		2	33	0.06	0	2	0	0	0	0
oewn-11862673-n	cactus	33	0	0	0		1	33	0.03	0	1	0	0	0	0
oewn-14626007-n	amino acid	31	0	0	0		4	31	0.13	0	4	0	0	0	0
oewn-01631917-n	salamander	30	0	1	1	salamander	0	30	0.0	0	0	0	0	0	0
oewn-05279313-n	carpal bone	30	0	0	0		0	30	0.0	0	0	0	0	0	0
oewn-11575864-n	monocot family	30	0	0	0		1	30	0.03	0	1	0	0	0	0
oewn-12198361-n	hibiscus	30	0	0	0		0	30	0.0	0	0	0	0	0	0
oewn-14732881-n	alcohol	30	0	0	0		3	30	0.1	0	3	0	0	0	0
oewn-11585836-n	dilleniid dicot family	29	0	0	0		0	29	0.0	0	0	0	0	0	0
oewn-12603874-n	fan palm	29	0	0	0		1	29	0.03	0	1	0	0	0	0
oewn-13630750-n	work unit	29	0	0	0		0	29	0.0	0	0	0	0	0	0
oewn-14476082-n	infestation	29	0	0	0		10	29	0.34	1	9	1	0	0	0
oewn-14752903-n	protein	29	0	0	0		2	29	0.07	1	1	1	0	0	0
oewn-02510280-n	procyonid	28	0	0	0		0	28	0.0	0	0	0	0	0	0
oewn-05438205-n	somatic cell	28	0	0	0		4	28	0.14	2	2	1	0	0	0
oewn-03834005-n	nonsteroidal anti-inflammatory	27	0	0	0		15	27	0.56	0	15	0	0	0	0
oewn-08132179-n	academic department	27	0	0	0		2	27	0.07	2	0	0	0	0	0
oewn-14265819-n	carcinoma	27	0	0	0		8	27	0.3	0	8	0	0	0	0
oewn-08607357-n	isogram	26	0	0	0		0	26	0.0	0	0	0	0	0	0
oewn-12170545-n	sedge	26	0	0	0		0	26	0.0	0	0	0	0	0	0
oewn-12914223-n	nightshade	26	0	0	0		0	26	0.0	0	0	0	0	0	0
oewn-14141620-n	diabetes mellitus	26	0	0	0		13	26	0.5	0	13	0	0	0	0
oewn-14736853-n	alkaloid	26	0	0	0		7	26	0.27	3	4	1	0	0	0
oewn-03758568-n	meter	25	0	0	0		1	25	0.04	0	1	0	0	0	0
oewn-11587133-n	rosid dicot family	25	0	0	0		0	25	0.0	0	0	0	0	0	0
oewn-14098359-n	monogenic disorder	25	0	0	0		4	25	0.16	0	4	0	0	0	0
oewn-14121056-n	aphasia	25	0	0	0		12	25	0.48	0	12	0	0	0	0
oewn-06911128-n	programming language	24	0	0	0		1	24	0.04	1	0	0	0	0	0
oewn-14405643-n	simple phobia	24	0	1	1	hydrophobia	13	24	0.54	5	8	1	0	0	0
oewn-14616790-n	plastic	24	0	0	0		0	24	0.0	0	0	0	0	0	0
oewn-06145709-n	psychology	23	0	0	0		3	23	0.13	3	0	0	0	0	0
oewn-07127258-n	vowel	23	0	0	0		1	23	0.04	1	0	0	0	0	0
oewn-11749947-n	clematis	23	0	0	0		0	23	0.0	0	0	0	0	0	0
oewn-14763539-n	carboxylic acid	23	0	0	0		1	23	0.04	0	1	0	0	0	0
oewn-15051756-n	antibody	23	0	0	0		3	23	0.13	1	2	1	0	0	0
oewn-01679396-n	iguanid	22	0	1	1	basilisk	0	22	0.0	0	0	0	0	0	0
oewn-02719116-n	antibacterial	22	0	0	0		4	22	0.18	4	0	0	0	0	0
oewn-04477467-n	tranquilizer	22	0	0	0		22	22	1.0	9	13	1	0	0	0
oewn-07655812-n	pancake	22	0	1	1	crape	0	22	0.0	0	0	0	0	0	0
oewn-12603594-n	feather palm	22	0	0	0		2	22	0.09	2	0	0	0	0	0
oewn-14916806-n	essential oil	22	0	1	1	turpentine	0	22	0.0	0	0	0	0	0	0
oewn-01424448-n	sporozoan	21	0	0	0		1	21	0.05	1	0	0	0	0	0
oewn-03344588-n	filter	21	0	0	0		0	21	0.0	0	0	0	0	0	0
oewn-03719275-n	major tranquilizer	21	0	0	0		15	21	0.71	9	6	1	0	0	0
oewn-04067759-n	receiver	21	0	1	1	receiver	0	21	0.0	0	0	0	0	0	0
oewn-05189831-n	civil right	21	0	0	0		0	21	0.0	0	0	0	0	0	0
oewn-06153532-n	archeology	21	0	0	0		0	21	0.0	0	0	0	0	0	0
oewn-11921038-n	poppy	21	0	0	0		0	21	0.0	0	0	0	0	0	0
oewn-12057408-n	campanula	21	0	0	0		0	21	0.0	0	0	0	0	0	0
oewn-12314240-n	gentian	21	0	0	0		0	21	0.0	0	0	0	0	0	0
oewn-14108362-n	nervous disorder	21	0	0	0		12	21	0.57	0	12	0	0	0	0
oewn-14200377-n	fungal infection	21	0	0	0		16	21	0.76	0	16	0	0	0	0
oewn-14926292-n	synthetic resin	21	0	0	0		0	21	0.0	0	0	0	0	0	0
oewn-15088060-n	sulfate	21	0	0	0		0	21	0.0	0	0	0	0	0	0
oewn-02843139-n	bin	20	0	2	1	crib	0	20	0.0	0	0	0	0	0	0
oewn-11848716-n	goosefoot	20	0	0	0		0	20	0.0	0	0	0	0	0	0
oewn-12676630-n	raspberry	20	0	0	0		0	20	0.0	0	0	0	0	0	0
oewn-12847276-n	morning glory	20	0	0	0		0	20	0.0	0	0	0	0	0	0
oewn-12967609-n	dogwood	20	0	0	0		4	20	0.2	4	0	0	0	0	0
oewn-13888765-n	polygon	20	0	1	1	triangle	0	20	0.0	0	0	0	0	0	0
oewn-14109625-n	epilepsy	20	0	0	0		14	20	0.7	0	14	0	0	0	0
oewn-00761047-n	terrorism	19	0	0	0		1	19	0.05	0	1	0	0	0	0
oewn-01392148-n	protozoan	19	0	0	0		4	19	0.21	4	0	0	0	0	0
oewn-01944818-n	gastropod	19	0	0	0		2	19	0.11	2	0	0	0	0	0
oewn-02004729-n	stork	19	0	0	0		0	19	0.0	0	0	0	0	0	0
oewn-02266030-n	neuropteron	19	0	0	0		0	19	0.0	0	0	0	0	0	0
oewn-03435461-n	gear	19	0	1	1	gear	0	19	0.0	0	0	0	0	0	0
oewn-03484730-n	hallucinogen	19	0	0	0		0	19	0.0	0	0	0	0	0	0
oewn-03785580-n	moldboard plow	19	0	0	0		0	19	0.0	0	0	0	0	0	0
oewn-04107714-n	roentgenogram	19	0	0	0		0	19	0.0	0	0	0	0	0	0
oewn-05457535-n	leukocyte	19	0	0	0		2	19	0.11	2	0	0	0	0	0
oewn-06196036-n	theological doctrine	19	0	0	0		2	19	0.11	2	0	0	0	0	0
oewn-11568306-n	spore	19	0	0	0		2	19	0.11	2	0	0	0	0	0
oewn-11714450-n	custard apple	19	0	0	0		0	19	0.0	0	0	0	0	0	0
oewn-11730143-n	magnolia	19	0	0	0		0	19	0.0	0	0	0	0	0	0
oewn-14259708-n	benign tumor	19	0	0	0		0	19	0.0	0	0	0	0	0	0
oewn-14365537-n	encephalitis	19	0	0	0		12	19	0.63	0	12	0	0	0	0
oewn-14421927-n	schizophrenia	19	0	0	0		10	19	0.53	4	6	1	0	0	0
oewn-14911177-n	glyceryl ester	19	0	0	0		11	19	0.58	0	11	0	0	0	0
oewn-14959693-n	hydroxide	19	0	2	1	lime	0	19	0.0	0	0	0	0	0	0
oewn-00827104-n	martial art	18	0	0	0		3	18	0.17	0	3	0	0	0	0
oewn-01714649-n	theropod	18	0	0	0		0	18	0.0	0	0	0	0	0	0
oewn-01977414-n	crustacean	18	0	1	1	barnacle	2	18	0.11	2	0	0	0	0	0
oewn-02148076-n	vespertilian bat	18	0	0	0		0	18	0.0	0	0	0	0	0	0
oewn-05550526-n	suture	18	0	0	0		2	18	0.11	2	0	0	0	0	0
oewn-05578470-n	sphincter	18	0	0	0		0	18	0.0	0	0	0	0	0	0
oewn-11889820-n	cress	18	0	0	0		0	18	0.0	0	0	0	0	0	0
oewn-12685809-n	bedstraw	18	0	0	0		0	18	0.0	0	0	0	0	0	0
oewn-13254625-n	milkweed	18	0	0	0		0	18	0.0	0	0	0	0	0	0
oewn-14046962-n	anesthesia	18	0	0	0		4	18	0.22	0	4	0	0	0	0
oewn-14764766-n	saturated fatty acid	18	0	0	0		5	18	0.28	0	5	0	0	0	0
oewn-15018895-n	polymer	18	0	0	0		0	18	0.0	0	0	0	0	0	0
oewn-01491559-n	requiem shark	17	0	0	0		0	17	0.0	0	0	0	0	0	0
oewn-01550473-n	flycatcher	17	0	0	0		0	17	0.0	0	0	0	0	0	0
oewn-02457010-n	armadillo	17	0	0	0		0	17	0.0	0	0	0	0	0	0
oewn-02724085-n	antihypertensive	17	0	0	0		1	17	0.06	0	1	0	0	0	0
oewn-03575989-n	inhalation anesthetic	17	0	1	1	ether	0	17	0.0	0	0	0	0	0	0
oewn-11440945-n	spectrum	17	0	0	0		0	17	0.0	0	0	0	0	0	0
oewn-11740822-n	buttercup	17	0	0	0		0	17	0.0	0	0	0	0	0	0
oewn-12076686-n	lady's slipper	17	0	0	0		6	17	0.35	0	6	0	0	0	0
oewn-12085817-n	fringed orchis	17	0	0	0		0	17	0.0	0	0	0	0	0	0
oewn-12125642-n	wheatgrass	17	0	0	0		0	17	0.0	0	0	0	0	0	0
oewn-12380625-n	begonia	17	0	0	0		0	17	0.0	0	0	0	0	0	0
oewn-12472420-n	fritillary	17	0	0	0		0	17	0.0	0	0	0	0	0	0
oewn-12619587-n	plantain	17	0	0	0		0	17	0.0	0	0	0	0	0	0
oewn-12931045-n	ground cherry	17	0	0	0		0	17	0.0	0	0	0	0	0	0
oewn-13623769-n	electromagnetic unit	17	0	0	0		0	17	0.0	0	0	0	0	0	0
oewn-14083410-n	glandular disease	17	0	0	0		9	17	0.53	0	9	0	0	0	0
oewn-14854534-n	deoxyribonucleic acid	17	0	0	0		3	17	0.18	0	3	0	0	0	0
oewn-14956017-n	igneous rock	17	0	0	0		0	17	0.0	0	0	0	0	0	0
oewn-15058641-n	toxin	17	0	0	0		6	17	0.35	2	4	1	0	0	0
oewn-02721722-n	antidepressant	16	0	0	0		4	16	0.25	4	0	0	0	0	0
oewn-02728292-n	antiviral	16	0	0	0		2	16	0.12	0	2	0	0	0	0
oewn-04535925-n	vermifuge	16	0	0	0		7	16	0.44	5	2	1	0	0	0
oewn-04743169-n	exchangeability	16	0	0	0		7	16	0.44	6	1	1	0	0	0
oewn-05417658-n	gonadotropin	16	0	0	0		0	16	0.0	0	0	0	0	0	0
oewn-05500955-n	lobe	16	0	2	1	lobe	2	16	0.12	2	0	0	0	0	0
oewn-05505014-n	basal ganglion	16	0	0	0		0	16	0.0	0	0	0	0	0	0
oewn-05667701-n	somesthesia	16	0	0	0		0	16	0.0	0	0	0	0	0	0
oewn-05746988-n	diagnostic test	16	0	0	0		0	16	0.0	0	0	0	0	0	0
oewn-06822279-n	positional notation	16	0	0	0		0	16	0.0	0	0	0	0	0	0
oewn-07271043-n	psychic phenomena	16	0	0	0		5	16	0.31	0	5	0	0	0	0
oewn-09992191-n	cowpuncher	16	0	0	0		0	16	0.0	0	0	0	0	0	0
oewn-10099179-n	farmhand	16	0	1	1	reaper	0	16	0.0	0	0	0	0	0	0
oewn-10372747-n	neonate	16	0	0	0		3	16	0.19	0	3	0	0	0	0
oewn-11584709-n	magnoliid dicot family	16	0	0	0		0	16	0.0	0	0	0	0	0	0
oewn-11902211-n	bittercress	16	0	0	0		0	16	0.0	0	0	0	0	0	0
oewn-12036428-n	goldenrod	16	0	0	0		0	16	0.0	0	0	0	0	0	0
oewn-12128487-n	foxtail	16	0	0	0		0	16	0.0	0	0	0	0	0	0
oewn-12167743-n	bamboo	16	0	1	1	bamboo	0	16	0.0	0	0	0	0	0	0
oewn-12706192-n	geranium	16	0	0	0		0	16	0.0	0	0	0	0	0	0
oewn-13193821-n	polypody	16	0	0	0		1	16	0.06	0	1	0	0	0	0
oewn-14109190-n	brain disorder	16	0	0	0		11	16	0.69	0	11	0	0	0	0
oewn-14266404-n	leukemia	16	0	0	0		12	16	0.75	0	12	0	0	0	0
oewn-14340141-n	edema	16	0	0	0		12	16	0.75	0	12	0	0	0	0
oewn-14773973-n	estrogen	16	0	0	0		0	16	0.0	0	0	0	0	0	0
oewn-14947596-n	iron ore	16	0	0	0		1	16	0.06	0	1	0	0	0	0
oewn-00675106-n	eye operation	15	0	0	0		6	15	0.4	0	6	0	0	0	0
oewn-01703111-n	ornithischian	15	0	0	0		0	15	0.0	0	0	0	0	0	0
oewn-01747766-n	elapid	15	0	0	0		1	15	0.07	0	1	0	0	0	0
oewn-01943377-n	mollusk	15	0	0	0		4	15	0.27	0	4	0	0	0	0
oewn-02492220-n	platyrrhine	15	0	0	0		0	15	0.0	0	0	0	0	0	0
oewn-02610492-n	wrasse	15	0	0	0		0	15	0.0	0	0	0	0	0	0
oewn-02626075-n	scombroid	15	0	1	1	mackerel	0	15	0.0	0	0	0	0	0	0
oewn-02655298-n	plectognath	15	0	0	0		2	15	0.13	0	2	0	0	0	0
oewn-02727132-n	antiseptic	15	0	1	1	iodoform	0	15	0.0	0	0	0	0	0	0
oewn-02743538-n	armored vehicle	15	0	0	0		1	15	0.07	1	0	0	0	0	0
oewn-03776976-n	minor tranquilizer	15	0	0	0		8	15	0.53	0	8	0	0	0	0
oewn-04144527-n	satellite	15	0	1	1	satellite	0	15	0.0	0	0	0	0	0	0
oewn-04372571-n	surveying instrument	15	0	1	1	transit	0	15	0.0	0	0	0	0	0	0
oewn-04530199-n	vasodilator	15	0	0	0		3	15	0.2	0	3	0	0	0	0
oewn-04942180-n	viscosity	15	0	0	0		1	15	0.07	0	1	0	0	0	0
oewn-05304274-n	nervous tissue	15	0	0	0		0	15	0.0	0	0	0	0	0	0
oewn-05323725-n	ocular muscle	15	0	0	0		0	15	0.0	0	0	0	0	0	0
oewn-05576686-n	spinal nerve	15	0	0	0		2	15	0.13	0	2	0	0	0	0
oewn-06113680-n	conservation	15	0	0	0		5	15	0.33	0	5	0	0	0	0
oewn-06435918-n	biometric identification	15	0	0	0		0	15	0.0	0	0	0	0	0	0
oewn-07103943-n	verboseness	15	0	0	0		9	15	0.6	0	9	0	0	0	0
oewn-09253675-n	calculus	15	0	0	0		0	15	0.0	0	0	0	0	0	0
oewn-10355644-n	mover	15	0	0	0		0	15	0.0	0	0	0	0	0	0
oewn-10742407-n	railroader	15	0	0	0		0	15	0.0	0	0	0	0	0	0
oewn-11586681-n	asterid dicot family	15	0	0	0		0	15	0.0	0	0	0	0	0	0
oewn-12403919-n	passionflower	15	0	0	0		2	15	0.13	2	0	0	0	0	0
oewn-12725773-n	milkwort	15	0	0	0		0	15	0.0	0	0	0	0	0	0
oewn-13103783-n	houseplant	15	0	0	0		0	15	0.0	0	0	0	0	0	0
oewn-13104944-n	succulent	15	0	0	0		0	15	0.0	0	0	0	0	0	0
oewn-13141205-n	parasitic plant	15	0	0	0		3	15	0.2	3	0	0	0	0	0
oewn-13201432-n	spleenwort	15	0	0	0		0	15	0.0	0	0	0	0	0	0
oewn-14133893-n	sclerosis	15	0	1	1	MS	1	15	0.07	0	1	0	0	0	0
oewn-14148948-n	tinea	15	0	0	0		7	15	0.47	0	7	0	0	0	0
oewn-14222058-n	avitaminosis	15	0	0	0		13	15	0.87	0	13	0	0	0	0
oewn-14226478-n	cyst	15	0	0	0		0	15	0.0	0	0	0	0	0	0
oewn-14269841-n	sarcoma	15	0	0	0		1	15	0.07	0	1	0	0	0	0
oewn-14318891-n	hernia	15	0	0	0		0	15	0.0	0	0	0	0	0	0
oewn-14608945-n	aldehyde	15	0	0	0		0	15	0.0	0	0	0	0	0	0
oewn-14996918-n	oxyacid	15	0	0	0		0	15	0.0	0	0	0	0	0	0
oewn-92435347-n	rock-climbing equipment	15	0	0	0		0	15	0.0	0	0	0	0	0	0
oewn-00986695-n	reconnaissance	14	0	0	0		0	14	0.0	0	0	0	0	0	0
oewn-01440849-n	cypriniform fish	14	0	0	0		0	14	0.0	0	0	0	0	0	0
oewn-01823844-n	parakeet	14	0	0	0		0	14	0.0	0	0	0	0	0	0
oewn-01932753-n	nematode	14	0	0	0		0	14	0.0	0	0	0	0	0	0
oewn-02143958-n	carnivorous bat	14	0	0	0		0	14	0.0	0	0	0	0	0	0
oewn-02342028-n	vole	14	0	0	0		0	14	0.0	0	0	0	0	0	0
oewn-02358129-n	tree squirrel	14	0	0	0		0	14	0.0	0	0	0	0	0	0
oewn-02582967-n	scad	14	0	0	0		0	14	0.0	0	0	0	0	0	0
oewn-02723112-n	antifungal	14	0	0	0		2	14	0.14	2	0	0	0	0	0
oewn-02725383-n	antineoplastic	14	0	0	0		0	14	0.0	0	0	0	0	0	0
oewn-03201008-n	digital computer	14	0	0	0		0	14	0.0	0	0	0	0	0	0
oewn-03493271-n	handsaw	14	0	0	0		0	14	0.0	0	0	0	0	0	0
oewn-04489799-n	tricyclic	14	0	0	0		1	14	0.07	0	1	0	0	0	0
oewn-05368939-n	cerebral vein	14	0	0	0		0	14	0.0	0	0	0	0	0	0
oewn-05453244-n	organelle	14	0	1	1	nucleus	2	14	0.14	2	0	0	0	0	0
oewn-05456844-n	blood cell	14	0	0	0		0	14	0.0	0	0	0	0	0	0
oewn-05667466-n	proprioception	14	0	1	1	equilibrium	1	14	0.07	0	1	0	0	0	0
oewn-08306370-n	youth subculture	14	0	0	0		0	14	0.0	0	0	0	0	0	0
oewn-10029325-n	detractor	14	0	2	1	knocker	8	14	0.57	7	1	1	0	0	0
oewn-12051123-n	crownbeard	14	0	0	0		0	14	0.0	0	0	0	0	0	0
oewn-12304779-n	alder	14	0	0	0		0	14	0.0	0	0	0	0	0	0
oewn-12488748-n	trillium	14	0	0	0		0	14	0.0	0	0	0	0	0	0
oewn-12875802-n	mint	14	0	2	1	mint	0	14	0.0	0	0	0	0	0	0
oewn-13530731-n	lysis	14	0	0	0		3	14	0.21	0	3	0	0	0	0
oewn-13829848-n	semantic relation	14	0	1	1	subordination	4	14	0.29	2	2	1	0	0	0
oewn-14176492-n	color blindness	14	0	0	0		4	14	0.29	0	4	0	0	0	0
oewn-14248239-n	dermatitis	14	0	0	0		5	14	0.36	2	3	1	0	0	0
oewn-14761151-n	simple protein	14	0	0	0		0	14	0.0	0	0	0	0	0	0
oewn-14769814-n	steroid hormone	14	0	0	0		0	14	0.0	0	0	0	0	0	0
oewn-15114039-n	fat-soluble vitamin	14	0	0	0		2	14	0.14	2	0	0	0	0	0
oewn-00177976-n	diagnostic procedure	13	0	0	0		1	13	0.08	1	0	0	0	0	0
oewn-00462843-n	bowling	13	0	0	0		0	13	0.0	0	0	0	0	0	0
oewn-00529434-n	stage dancing	13	0	1	1	ballet	2	13	0.15	1	1	1	0	0	0
oewn-01419226-n	flagellate	13	0	0	0		3	13	0.23	1	2	1	0	0	0
oewn-01441762-n	cyprinid	13	0	1	1	gudgeon	0	13	0.0	0	0	0	0	0	0
oewn-01539775-n	bunting	13	0	1	1	bunting	0	13	0.0	0	0	0	0	0	0
oewn-01549562-n	tyrannid	13	0	0	0		0	13	0.0	0	0	0	0	0	0
oewn-01702472-n	dinosaur	13	0	0	0		0	13	0.0	0	0	0	0	0	0
oewn-01880453-n	wallaby	13	0	0	0		0	13	0.0	0	0	0	0	0	0
oewn-02204939-n	gnat	13	0	1	1	gnat	0	13	0.0	0	0	0	0	0	0
oewn-02248663-n	homopterous insect	13	0	0	0		0	13	0.0	0	0	0	0	0	0
oewn-02569465-n	sea bass	13	0	0	0		0	13	0.0	0	0	0	0	0	0
oewn-02721380-n	anticonvulsant	13	0	0	0		1	13	0.08	0	1	0	0	0	0
oewn-02723650-n	antihistamine	13	0	0	0		4	13	0.31	0	4	0	0	0	0
oewn-02806515-n	bass	13	0	2	1	bass	0	13	0.0	0	0	0	0	0	0
oewn-02835373-n	beta blocker	13	0	0	0		0	13	0.0	0	0	0	0	0	0
oewn-02857415-n	blocker	13	0	0	0		0	13	0.0	0	0	0	0	0	0
oewn-03168639-n	data input device	13	0	0	0		0	13	0.0	0	0	0	0	0	0
oewn-03916152-n	penicillin	13	0	0	0		1	13	0.08	0	1	0	0	0	0
oewn-04023531-n	psychoactive drug	13	0	0	0		1	13	0.08	0	1	0	0	0	0
oewn-04173902-n	sedative-hypnotic	13	0	0	0		8	13	0.62	0	8	0	0	0	0
oewn-04272024-n	spacecraft	13	0	0	0		0	13	0.0	0	0	0	0	0	0
oewn-04678103-n	irresponsibility	13	0	1	1	whimsicality	13	13	1.0	6	7	1	0	0	0
oewn-05259480-n	venous sinus	13	0	0	0		2	13	0.15	0	2	0	0	0	0
oewn-05461646-n	red blood cell	13	0	0	0		0	13	0.0	0	0	0	0	0	0
oewn-05471756-n	nerve fiber	13	0	0	0		0	13	0.0	0	0	0	0	0	0
oewn-05538062-n	vocal cord	13	0	0	0		5	13	0.38	0	5	0	0	0	0
oewn-07811727-n	salmon	13	0	0	0		0	13	0.0	0	0	0	0	0	0
oewn-10600224-n	sergeant	13	0	1	1	sergeant	0	13	0.0	0	0	0	0	0	0
oewn-10825826-n	zoologist	13	0	0	0		0	13	0.0	0	0	0	0	0	0
oewn-11776561-n	acacia	13	0	0	0		0	13	0.0	0	0	0	0	0	0
oewn-11835960-n	silene	13	0	0	0		0	13	0.0	0	0	0	0	0	0
oewn-12157637-n	sorghum	13	0	0	0		0	13	0.0	0	0	0	0	0	0
oewn-12184880-n	sweet melon	13	0	0	0		0	13	0.0	0	0	0	0	0	0
oewn-12251709-n	bearberry	13	0	0	0		0	13	0.0	0	0	0	0	0	0
oewn-12290169-n	white oak	13	0	0	0		0	13	0.0	0	0	0	0	0	0
oewn-12578500-n	shell bean	13	0	0	0		0	13	0.0	0	0	0	0	0	0
oewn-12659317-n	wild plum	13	0	0	0		0	13	0.0	0	0	0	0	0	0
oewn-12694881-n	honeysuckle	13	0	0	0		0	13	0.0	0	0	0	0	0	0
oewn-12709477-n	storksbill	13	0	0	0		0	13	0.0	0	0	0	0	0	0
oewn-12723708-n	oxalis	13	0	0	0		0	13	0.0	0	0	0	0	0	0
oewn-12813775-n	saxifrage	13	0	0	0		0	13	0.0	0	0	0	0	0	0
oewn-12873840-n	origanum	13	0	0	0		0	13	0.0	0	0	0	0	0	0
oewn-12878910-n	monarda	13	0	0	0		0	13	0.0	0	0	0	0	0	0
oewn-13117622-n	vascular tissue	13	0	0	0		0	13	0.0	0	0	0	0	0	0
oewn-13143744-n	air plant	13	0	0	0		0	13	0.0	0	0	0	0	0	0
oewn-14126770-n	heart disease	13	0	0	0		7	13	0.54	2	5	1	0	0	0
oewn-14136710-n	kidney disease	13	0	0	0		11	13	0.85	4	7	1	0	0	0
oewn-14235091-n	ulcer	13	0	1	1	ulceration	3	13	0.23	0	3	0	0	0	0
oewn-14625472-n	aliphatic compound	13	0	0	0		0	13	0.0	0	0	0	0	0	0
oewn-14883495-n	fertilizer	13	0	0	0		0	13	0.0	0	0	0	0	0	0
oewn-15014112-n	phenol	13	0	0	0		0	13	0.0	0	0	0	0	0	0
oewn-15229779-n	decade	13	0	1	1	decade	0	13	0.0	0	0	0	0	0	0
oewn-92424028-n	weight class	13	0	0	0		0	13	0.0	0	0	0	0	0	0
oewn-00465719-n	outdoor game	12	0	0	0		0	12	0.0	0	0	0	0	0	0
oewn-00542516-n	ritual dancing	12	0	0	0		0	12	0.0	0	0	0	0	0	0
oewn-00707624-n	shock therapy	12	0	0	0		8	12	0.67	0	8	0	0	0	0
oewn-00739003-n	paraphilia	12	0	0	0		0	12	0.0	0	0	0	0	0	0
oewn-00930762-n	programming	12	0	0	0		0	12	0.0	0	0	0	0	0	0
oewn-00945003-n	centesis	12	0	0	0		0	12	0.0	0	0	0	0	0	0
oewn-00951435-n	technology	12	0	1	1	engineering	2	12	0.17	2	0	0	0	0	0
oewn-01387328-n	parasite	12	0	0	0		1	12	0.08	0	1	0	0	0	0
oewn-01698322-n	archosaur	12	0	0	0		0	12	0.0	0	0	0	0	0	0
oewn-01874516-n	monotreme	12	0	0	0		0	12	0.0	0	0	0	0	0	0
oewn-01883812-n	phalanger	12	0	0	0		0	12	0.0	0	0	0	0	0	0
oewn-01937817-n	oligochaete	12	0	0	0		0	12	0.0	0	0	0	0	0	0
oewn-02024449-n	seabird	12	0	0	0		0	12	0.0	0	0	0	0	0	0
oewn-02082041-n	earless seal	12	0	0	0		0	12	0.0	0	0	0	0	0	0
oewn-02319359-n	echinoderm	12	0	0	0		0	12	0.0	0	0	0	0	0	0
oewn-02360743-n	ground squirrel	12	0	0	0		0	12	0.0	0	0	0	0	0	0
oewn-02567351-n	black bass	12	0	0	0		0	12	0.0	0	0	0	0	0	0
oewn-03185635-n	detector	12	0	0	0		0	12	0.0	0	0	0	0	0	0
oewn-03291483-n	endoscope	12	0	0	0		0	12	0.0	0	0	0	0	0	0
oewn-03707787-n	machine tool	12	0	0	0		0	12	0.0	0	0	0	0	0	0
oewn-03780732-n	mixer	12	0	0	0		2	12	0.17	0	2	0	0	0	0
oewn-03840144-n	nuclear weapon	12	0	0	0		0	12	0.0	0	0	0	0	0	0
oewn-04050813-n	radio receiver	12	0	0	0		0	12	0.0	0	0	0	0	0	0
oewn-04359148-n	sulfa drug	12	0	0	0		4	12	0.33	4	0	0	0	0	0
oewn-04762117-n	indisputability	12	0	0	0		6	12	0.5	2	4	1	0	0	0
oewn-05397282-n	cardiac muscle	12	0	0	0		3	12	0.25	0	3	0	0	0	0
oewn-05735165-n	classification system	12	0	1	1	grouping	0	12	0.0	0	0	0	0	0	0
oewn-05907694-n	program	12	0	3	1	programme	1	12	0.08	1	0	0	0	0	0
oewn-05957131-n	cult	12	0	0	0		0	12	0.0	0	0	0	0	0	0
oewn-07451586-n	fertilization	12	0	0	0		0	12	0.0	0	0	0	0	0	0
oewn-07742772-n	common bean	12	0	0	0		0	12	0.0	0	0	0	0	0	0
oewn-08135014-n	business department	12	0	0	0		0	12	0.0	0	0	0	0	0	0
oewn-09399438-n	ocean floor	12	0	0	0		0	12	0.0	0	0	0	0	0	0
oewn-10812808-n	wrestler	12	0	0	0		0	12	0.0	0	0	0	0	0	0
oewn-11457691-n	ionizing radiation	12	0	0	0		1	12	0.08	1	0	0	0	0	0
oewn-11949496-n	sagebrush	12	0	0	0		0	12	0.0	0	0	0	0	0	0
oewn-12247937-n	erica	12	0	1	1	briar	0	12	0.0	0	0	0	0	0	0
oewn-12470849-n	dogtooth violet	12	0	0	0		3	12	0.25	0	3	0	0	0	0
oewn-12512331-n	cassia	12	0	0	0		0	12	0.0	0	0	0	0	0	0
oewn-12519668-n	senna	12	0	0	0		0	12	0.0	0	0	0	0	0	0
oewn-12800363-n	pitcher plant	12	0	0	0		0	12	0.0	0	0	0	0	0	0
oewn-12977836-n	aquatic fern	12	0	0	0		1	12	0.08	1	0	0	0	0	0
oewn-13052875-n	morel	12	0	0	0		3	12	0.25	0	3	0	0	0	0
oewn-13139328-n	shrublet	12	0	0	0		0	12	0.0	0	0	0	0	0	0
oewn-13161918-n	buckthorn	12	0	0	0		0	12	0.0	0	0	0	0	0	0
oewn-13242427-n	club moss	12	0	0	0		0	12	0.0	0	0	0	0	0	0
oewn-13396496-n	open-end credit	12	0	0	0		0	12	0.0	0	0	0	0	0	0
oewn-13494300-n	elimination	12	0	0	0		0	12	0.0	0	0	0	0	0	0
oewn-14201559-n	leishmaniasis	12	0	0	0		3	12	0.25	0	3	0	0	0	0
oewn-14213319-n	blood poisoning	12	0	0	0		6	12	0.5	3	3	1	0	0	0
oewn-14420294-n	rhinopathy	12	0	0	0		1	12	0.08	0	1	0	0	0	0
oewn-14582800-n	prolapse	12	0	0	0		1	12	0.08	0	1	0	0	0	0
oewn-14629965-n	essential amino acid	12	0	0	0		2	12	0.17	1	1	1	0	0	0
oewn-14799888-n	bicarbonate	12	0	0	0		0	12	0.0	0	0	0	0	0	0
oewn-14803364-n	bleaching agent	12	0	0	0		1	12	0.08	1	0	0	0	0	0
oewn-14856363-n	ribonucleic acid	12	0	0	0		4	12	0.33	0	4	0	0	0	0
oewn-14901385-n	greenhouse gas	12	0	0	0		0	12	0.0	0	0	0	0	0	0
oewn-14919340-n	copal	12	0	0	0		0	12	0.0	0	0	0	0	0	0
oewn-14920592-n	oleoresin	12	0	1	1	turpentine	0	12	0.0	0	0	0	0	0	0
oewn-14944099-n	insecticide	12	0	0	0		1	12	0.08	0	1	0	0	0	0
oewn-14975516-n	methane series	12	0	0	0		0	12	0.0	0	0	0	0	0	0
oewn-15018571-n	polysaccharide	12	0	0	0		0	12	0.0	0	0	0	0	0	0
oewn-92431175-n	autoclaved concrete	12	0	0	0		0	12	0.0	0	0	0	0	0	0
oewn-00464307-n	athletic game	11	0	0	0		0	11	0.0	0	0	0	0	0	0
oewn-00668627-n	psychosurgery	11	0	0	0		9	11	0.82	7	2	1	0	0	0
oewn-01466160-n	germ layer	11	0	0	0		0	11	0.0	0	0	0	0	0	0
oewn-01828571-n	coraciiform bird	11	0	0	0		0	11	0.0	0	0	0	0	0	0
oewn-01864419-n	mammal	11	0	0	0		0	11	0.0	0	0	0	0	0	0
oewn-01886154-n	dasyurid marsupial	11	0	0	0		3	11	0.27	3	0	0	0	0	0
oewn-02144365-n	leafnose bat	11	0	0	0		0	11	0.0	0	0	0	0	0	0
oewn-02291441-n	pyralid	11	0	0	0		0	11	0.0	0	0	0	0	0	0
oewn-02448346-n	skunk	11	0	1	1	skunk	0	11	0.0	0	0	0	0	0	0
oewn-02724463-n	anti-inflammatory	11	0	0	0		0	11	0.0	0	0	0	0	0	0
oewn-02845541-n	bioweapon	11	0	0	0		3	11	0.27	0	3	0	0	0	0
oewn-02958683-n	capacitor	11	0	0	0		2	11	0.18	2	0	0	0	0	0
oewn-03083234-n	compact disk	11	0	0	0		0	11	0.0	0	0	0	0	0	0
oewn-03256469-n	dryer	11	0	1	1	drier	0	11	0.0	0	0	0	0	0	0
oewn-03509141-n	headlight	11	0	0	0		0	11	0.0	0	0	0	0	0	0
oewn-03568890-n	implant	11	0	0	0		0	11	0.0	0	0	0	0	0	0
oewn-03668857-n	life preserver	11	0	1	1	preserver	0	11	0.0	0	0	0	0	0	0
oewn-04049438-n	radiogram	11	0	0	0		0	11	0.0	0	0	0	0	0	0
oewn-04323086-n	stereo	11	0	0	0		0	11	0.0	0	0	0	0	0	0
oewn-04378650-n	swimsuit	11	0	0	0		0	11	0.0	0	0	0	0	0	0
oewn-04525118-n	vacuum	11	0	1	1	vacuum	0	11	0.0	0	0	0	0	0	0
oewn-05080080-n	roundness	11	0	1	1	roundness	0	11	0.0	0	0	0	0	0	0
oewn-05295590-n	cartilage	11	0	0	0		0	11	0.0	0	0	0	0	0	0
oewn-05440312-n	protoplasm	11	0	0	0		0	11	0.0	0	0	0	0	0	0
oewn-05473219-n	nerve cell	11	0	0	0		0	11	0.0	0	0	0	0	0	0
oewn-05559344-n	pectoral	11	0	0	0		0	11	0.0	0	0	0	0	0	0
oewn-05661897-n	interoception	11	0	0	0		0	11	0.0	0	0	0	0	0	0
oewn-06040778-n	correlation	11	0	0	0		0	11	0.0	0	0	0	0	0	0
oewn-06041776-n	correlation coefficient	11	0	0	0		0	11	0.0	0	0	0	0	0	0
oewn-06127169-n	geophysics	11	0	1	1	magnetism	0	11	0.0	0	0	0	0	0	0
oewn-06682609-n	equation	11	0	0	0		0	11	0.0	0	0	0	0	0	0
oewn-06875612-n	clef	11	0	0	0		0	11	0.0	0	0	0	0	0	0
oewn-07739075-n	salad green	11	0	0	0		7	11	0.64	2	5	1	0	0	0
oewn-07776835-n	custard apple	11	0	0	0		0	11	0.0	0	0	0	0	0	0
oewn-09375179-n	meson	11	0	0	0		0	11	0.0	0	0	0	0	0	0
oewn-09970753-n	computer user	11	0	0	0		0	11	0.0	0	0	0	0	0	0
oewn-10677940-n	stock raiser	11	0	0	0		0	11	0.0	0	0	0	0	0	0
oewn-11451416-n	brainwave	11	0	0	0		0	11	0.0	0	0	0	0	0	0
oewn-11574214-n	gymnosperm family	11	0	0	0		0	11	0.0	0	0	0	0	0	0
oewn-11585491-n	caryophylloid dicot family	11	0	0	0		0	11	0.0	0	0	0	0	0	0
oewn-11634701-n	yellow pine	11	0	1	1	pitch pine	0	11	0.0	0	0	0	0	0	0
oewn-11641480-n	silver fir	11	0	0	0		0	11	0.0	0	0	0	0	0	0
oewn-11779693-n	albizzia	11	0	0	0		0	11	0.0	0	0	0	0	0	0
oewn-11843512-n	amaranth	11	0	0	0		0	11	0.0	0	0	0	0	0	0
oewn-11852683-n	beet	11	0	0	0		4	11	0.36	0	4	0	0	0	0
oewn-11994595-n	matchweed	11	0	0	0		0	11	0.0	0	0	0	0	0	0
oewn-12158086-n	grain sorghum	11	0	0	0		0	11	0.0	0	0	0	0	0	0
oewn-12176100-n	cattail	11	0	0	0		1	11	0.09	1	0	0	0	0	0
oewn-12603413-n	sago palm	11	0	0	0		0	11	0.0	0	0	0	0	0	0
oewn-12746281-n	osier	11	0	0	0		0	11	0.0	0	0	0	0	0	0
oewn-12831355-n	phlox	11	0	0	0		3	11	0.27	0	3	0	0	0	0
oewn-13128890-n	bean tree	11	0	0	0		0	11	0.0	0	0	0	0	0	0
oewn-13140970-n	liana	11	0	0	0		0	11	0.0	0	0	0	0	0	0
oewn-13214540-n	wood fern	11	0	0	0		0	11	0.0	0	0	0	0	0	0
oewn-13240320-n	horsetail	11	0	0	0		0	11	0.0	0	0	0	0	0	0
oewn-13448251-n	adaptation	11	0	0	0		0	11	0.0	0	0	0	0	0	0
oewn-13656245-n	potential unit	11	0	0	0		0	11	0.0	0	0	0	0	0	0
oewn-13860585-n	fiduciary relation	11	0	0	0		0	11	0.0	0	0	0	0	0	0
oewn-13863412-n	reciprocality	11	0	1	1	reciprocal	2	11	0.18	0	2	0	0	0	0
oewn-14120206-n	ametropia	11	0	0	0		3	11	0.27	0	3	0	0	0	0
oewn-14130856-n	stenosis	11	0	1	1	stricture	6	11	0.55	0	6	0	0	0	0
oewn-14171109-n	pneumonia	11	0	0	0		11	11	1.0	1	10	1	0	0	0
oewn-14193819-n	hemophilia	11	0	0	0		2	11	0.18	0	2	0	0	0	0
oewn-14202395-n	protozoal infection	11	0	0	0		7	11	0.64	0	7	0	0	0	0
oewn-14390164-n	hypertrophy	11	0	1	1	overgrowth	6	11	0.55	0	6	0	0	0	0
oewn-14403878-n	anxiety disorder	11	0	0	0		6	11	0.55	3	3	1	0	0	0
oewn-14440704-n	dissociative disorder	11	0	0	0		8	11	0.73	2	6	1	0	0	0
oewn-14556418-n	allergy	11	0	0	0		0	11	0.0	0	0	0	0	0	0
oewn-14633376-n	acid-base indicator	11	0	0	0		0	11	0.0	0	0	0	0	0	0
oewn-14763183-n	amine	11	0	1	1	ptomaine	0	11	0.0	0	0	0	0	0	0
oewn-14771517-n	progestin	11	0	0	0		2	11	0.18	0	2	0	0	0	0
oewn-14775596-n	corticosteroid	11	0	0	0		2	11	0.18	1	1	1	0	0	0
oewn-14824447-n	coenzyme	11	0	0	0		0	11	0.0	0	0	0	0	0	0
oewn-14960148-n	calcium hydroxide	11	0	2	1	lime	0	11	0.0	0	0	0	0	0	0
oewn-15055048-n	immunoglobulin	11	0	0	0		0	11	0.0	0	0	0	0	0	0
oewn-15113007-n	vinyl polymer	11	0	0	0		0	11	0.0	0	0	0	0	0	0
oewn-15114212-n	water-soluble vitamin	11	0	0	0		0	11	0.0	0	0	0	0	0	0
oewn-00615776-n	cryptography	10	0	0	0		0	10	0.0	0	0	0	0	0	0
oewn-00794017-n	clinical trial	10	0	0	0		0	10	0.0	0	0	0	0	0	0
oewn-00853319-n	natural family planning	10	0	0	0		1	10	0.1	0	1	0	0	0	0
oewn-01046116-n	idolatry	10	0	0	0		0	10	0.0	0	0	0	0	0	0
oewn-01331343-n	virus	10	0	0	0		1	10	0.1	1	0	0	0	0	0
oewn-01341326-n	herpes	10	0	0	0		4	10	0.4	0	4	0	0	0	0
oewn-01537403-n		10	0	0	0		0	10	0.0	0	0	0	0	0	0
oewn-01594338-n	titmouse	10	0	0	0		0	10	0.0	0	0	0	0	0	0
oewn-01652808-n	tree toad	10	0	0	0		0	10	0.0	0	0	0	0	0	0
oewn-01803729-n	megapode	10	0	0	0		1	10	0.1	0	1	0	0	0	0
oewn-01805719-n	pheasant	10	0	1	1	pheasant	0	10	0.0	0	0	0	0	0	0
oewn-01948486-n	seasnail	10	0	0	0		1	10	0.1	0	1	0	0	0	0
oewn-01970956-n	cephalopod	10	0	1	1	nautilus	0	10	0.0	0	0	0	0	0	0
oewn-02066991-n	rorqual	10	0	0	0		0	10	0.0	0	0	0	0	0	0
oewn-02101202-n	sporting dog	10	0	0	0		0	10	0.0	0	0	0	0	0	0
oewn-02137623-n	viverrine	10	0	0	0		0	10	0.0	0	0	0	0	0	0
oewn-02137872-n	civet	10	0	0	0		0	10	0.0	0	0	0	0	0	0
oewn-02180624-n	weevil	10	0	0	0		1	10	0.1	0	1	0	0	0	0
oewn-02214714-n	wasp	10	0	1	1	wasp	0	10	0.0	0	0	0	0	0	0
oewn-02254427-n	plant louse	10	0	0	0		2	10	0.2	0	2	0	0	0	0
oewn-02270800-n	odonate	10	0	0	0		0	10	0.0	0	0	0	0	0	0
oewn-02286603-n	tortricid	10	0	0	0		0	10	0.0	0	0	0	0	0	0
oewn-02341553-n	wood rat	10	0	0	0		0	10	0.0	0	0	0	0	0	0
oewn-02417224-n	wild sheep	10	0	0	0		0	10	0.0	0	0	0	0	0	0
oewn-02456242-n	edentate	10	0	1	1	sloth	1	10	0.1	0	1	0	0	0	0
oewn-02459593-n	sloth	10	0	1	1	sloth	0	10	0.0	0	0	0	0	0	0
oewn-02462640-n	anteater	10	0	0	0		0	10	0.0	0	0	0	0	0	0
oewn-02635619-n	butterfish	10	0	0	0		0	10	0.0	0	0	0	0	0	0
oewn-02673012-n	accelerator	10	0	0	0		0	10	0.0	0	0	0	0	0	0
oewn-02724873-n	antimalarial	10	0	0	0		2	10	0.2	0	2	0	0	0	0
oewn-02834036-n	benzodiazepine	10	0	0	0		1	10	0.1	0	1	0	0	0	0
oewn-02939042-n	cafe	10	0	0	0		0	10	0.0	0	0	0	0	0	0
oewn-02943283-n	caliper	10	0	0	0		0	10	0.0	0	0	0	0	0	0
oewn-03076205-n	color television	10	0	0	0		0	10	0.0	0	0	0	0	0	0
oewn-03076444-n	color tube	10	0	0	0		0	10	0.0	0	0	0	0	0	0
oewn-03126548-n	coverall	10	0	0	0		0	10	0.0	0	0	0	0	0	0
oewn-03356614-n	fishing line	10	0	0	0		0	10	0.0	0	0	0	0	0	0
oewn-03475510-n	gunsight	10	0	0	0		0	10	0.0	0	0	0	0	0	0
oewn-03671250-n	light bulb	10	0	2	1	bulb	0	10	0.0	0	0	0	0	0	0
oewn-03681501-n	lipid-lowering medicine	10	0	0	0		0	10	0.0	0	0	0	0	0	0
oewn-03892129-n	paperback book	10	0	0	0		0	10	0.0	0	0	0	0	0	0
oewn-03973308-n	pliers	10	0	0	0		0	10	0.0	0	0	0	0	0	0
oewn-04018460-n	propeller plane	10	0	0	0		0	10	0.0	0	0	0	0	0	0
oewn-04070485-n	recorder	10	0	1	1	recorder	0	10	0.0	0	0	0	0	0	0
oewn-04140872-n	sandal	10	0	0	0		0	10	0.0	0	0	0	0	0	0
oewn-04264103-n	soft drug	10	0	1	1	hash	0	10	0.0	0	0	0	0	0	0
oewn-04478188-n	transducer	10	0	1	1	mosaic	0	10	0.0	0	0	0	0	0	0
oewn-04588881-n	whorehouse	10	0	0	0		0	10	0.0	0	0	0	0	0	0
oewn-05014464-n	sex characteristic	10	0	0	0		0	10	0.0	0	0	0	0	0	0
oewn-05072886-n	asymmetry	10	0	2	1	irregularity	6	10	0.6	0	6	0	0	0	0
oewn-05243652-n	plexus	10	0	0	0		0	10	0.0	0	0	0	0	0	0
oewn-05249170-n	epithelial cell	10	0	0	0		0	10	0.0	0	0	0	0	0	0
oewn-05482390-n	motor nerve	10	0	0	0		0	10	0.0	0	0	0	0	0	0
oewn-05855965-n	algorithm	10	0	0	0		0	10	0.0	0	0	0	0	0	0
oewn-05912729-n	voting system	10	0	0	0		0	10	0.0	0	0	0	0	0	0
oewn-05922588-n		10	0	0	0		4	10	0.4	1	3	1	0	0	0
oewn-06689161-n	course of study	10	0	3	1	programme	0	10	0.0	0	0	0	0	0	0
oewn-07439611-n	mutation	10	0	2	2	mutation	1	10	0.1	0	1	0	0	0	0
oewn-07504199-n	amorousness	10	0	0	0		10	10	1.0	10	0	0	0	0	0
oewn-07786547-n	edible seed	10	0	0	0		0	10	0.0	0	0	0	0	0	0
oewn-08449355-n	queue	10	0	0	0		0	10	0.0	0	0	0	0	0	0
oewn-08658314-n	resort area	10	0	0	0		3	10	0.3	3	0	0	0	0	0
oewn-09424709-n	quark	10	0	0	0		0	10	0.0	0	0	0	0	0	0
oewn-09863364-n	batter	10	0	0	0		1	10	0.1	0	1	0	0	0	0
oewn-09873287-n	big shot	10	0	2	1	knocker	8	10	0.8	8	0	0	0	0	0
oewn-09876413-n	bisexual	10	0	0	0		1	10	0.1	0	1	0	0	0	0
oewn-09906486-n	calculator	10	0	1	1	adder	0	10	0.0	0	0	0	0	0	0
oewn-09956078-n	collector	10	0	0	0		0	10	0.0	0	0	0	0	0	0
oewn-10055677-n	drug addict	10	0	0	0		0	10	0.0	0	0	0	0	0	0
oewn-10111420-n	firefighter	10	0	1	1	fireman	0	10	0.0	0	0	0	0	0	0
oewn-10139987-n	garbage collector	10	0	0	0		0	10	0.0	0	0	0	0	0	0
oewn-10453501-n	pimp	10	0	0	0		0	10	0.0	0	0	0	0	0	0
oewn-10544006-n	respondent	10	0	0	0		0	10	0.0	0	0	0	0	0	0
oewn-11633374-n	white pine	10	0	0	0		0	10	0.0	0	0	0	0	0	0
oewn-11644982-n	spruce	10	0	1	1	spruce	0	10	0.0	0	0	0	0	0	0
oewn-11667757-n	kauri pine	10	0	0	0		0	10	0.0	0	0	0	0	0	0
oewn-11744239-n	baneberry	10	0	0	0		0	10	0.0	0	0	0	0	0	0
oewn-11831942-n	lychnis	10	0	1	1	dusty miller	0	10	0.0	0	0	0	0	0	0
oewn-11986096-n	fleabane	10	0	0	0		0	10	0.0	0	0	0	0	0	0
oewn-12147547-n	panic grass	10	0	0	0		0	10	0.0	0	0	0	0	0	0
oewn-12258003-n	kalmia	10	0	0	0		0	10	0.0	0	0	0	0	0	0
oewn-12296006-n	chestnut oak	10	0	0	0		0	10	0.0	0	0	0	0	0	0
oewn-12497015-n	agave	10	0	0	0		0	10	0.0	0	0	0	0	0	0
oewn-12548243-n	coral tree	10	0	0	0		0	10	0.0	0	0	0	0	0	0
oewn-12706592-n	cranesbill	10	0	0	0		0	10	0.0	0	0	0	0	0	0
oewn-12793513-n	buckthorn	10	0	1	1	black haw	0	10	0.0	0	0	0	0	0	0
oewn-12799365-n	carnivorous plant	10	0	0	0		0	10	0.0	0	0	0	0	0	0
oewn-12903539-n	foxglove	10	0	0	0		0	10	0.0	0	0	0	0	0	0
oewn-12911025-n	veronica	10	0	0	0		0	10	0.0	0	0	0	0	0	0
oewn-12973966-n	flowering fern	10	0	0	0		0	10	0.0	0	0	0	0	0	0
oewn-13140762-n	flowering shrub	10	0	0	0		0	10	0.0	0	0	0	0	0	0
oewn-13175636-n	bract	10	0	0	0		1	10	0.1	1	0	0	0	0	0
oewn-13245571-n	spikemoss	10	0	0	0		0	10	0.0	0	0	0	0	0	0
oewn-13395599-n	consumer credit	10	0	0	0		0	10	0.0	0	0	0	0	0	0
oewn-13397185-n	charge card	10	0	0	0		0	10	0.0	0	0	0	0	0	0
oewn-13754218-n	fraction	10	0	0	0		0	10	0.0	0	0	0	0	0	0
oewn-13939032-n	regular polyhedron	10	0	0	0		0	10	0.0	0	0	0	0	0	0
oewn-14082045-n	degenerative disorder	10	0	1	1	MS	3	10	0.3	0	3	0	0	0	0
oewn-14095905-n	anthrax	10	0	0	0		1	10	0.1	0	1	0	0	0	0
oewn-14164263-n	rickettsial disease	10	0	0	0		6	10	0.6	3	3	1	0	0	0
oewn-14177098-n	dichromacy	10	0	0	0		0	10	0.0	0	0	0	0	0	0
oewn-14209822-n	viral infection	10	0	0	0		2	10	0.2	0	2	0	0	0	0
oewn-14748824-n	antioxidant	10	0	0	0		2	10	0.2	2	0	0	0	0	0
oewn-14822620-n	carbonate	10	0	0	0		0	10	0.0	0	0	0	0	0	0
oewn-14978423-n	monosaccharide	10	0	0	0		3	10	0.3	0	3	0	0	0	0
oewn-14988506-n	nucleoside	10	0	0	0		0	10	0.0	0	0	0	0	0	0
oewn-92463583-n	dicarboxylic acid	10	0	0	0		0	10	0.0	0	0	0	0	0	0
oewn-00154108-n	prenatal diagnosis	9	0	0	0		0	9	0.0	0	0	0	0	0	0
oewn-00178632-n	emergency procedure	9	0	0	0		1	9	0.11	0	1	0	0	0	0
oewn-00232434-n	nullification	9	0	0	0		0	9	0.0	0	0	0	0	0	0
oewn-00233253-n	cancellation	9	0	0	0		0	9	0.0	0	0	0	0	0	0
oewn-00528909-n	tap dancing	9	0	1	1	clog	0	9	0.0	0	0	0	0	0	0
oewn-00643288-n	endoscopy	9	0	0	0		0	9	0.0	0	0	0	0	0	0
oewn-00776293-n	statutory offense	9	0	0	0		5	9	0.56	0	5	0	0	0	0
oewn-00857303-n	masturbation	9	0	0	0		0	9	0.0	0	0	0	0	0	0
oewn-00863289-n	tropism	9	0	0	0		1	9	0.11	1	0	0	0	0	0
oewn-00865904-n	conditional reflex	9	0	0	0		0	9	0.0	0	0	0	0	0	0
oewn-00866213-n	learned reaction	9	0	0	0		0	9	0.0	0	0	0	0	0	0
oewn-00956862-n	electronic warfare	9	0	0	0		0	9	0.0	0	0	0	0	0	0
oewn-01344910-n	moneran	9	0	0	0		0	9	0.0	0	0	0	0	0	0
oewn-01370413-n	enteric bacteria	9	0	0	0		0	9	0.0	0	0	0	0	0	0
oewn-01397895-n	ciliate	9	0	0	0		0	9	0.0	0	0	0	0	0	0
oewn-01470879-n	tunicate	9	0	0	0		1	9	0.11	1	0	0	0	0	0
oewn-01565769-n	warbler	9	0	0	0		0	9	0.0	0	0	0	0	0	0
oewn-01567035-n	true warbler	9	0	0	0		0	9	0.0	0	0	0	0	0	0
oewn-01708575-n	hadrosaur	9	0	0	0		0	9	0.0	0	0	0	0	0	0
oewn-01711639-n	sauropod	9	0	0	0		0	9	0.0	0	0	0	0	0	0
oewn-01798186-n	black grouse	9	0	0	0		0	9	0.0	0	0	0	0	0	0
oewn-01857056-n	merganser	9	0	0	0		0	9	0.0	0	0	0	0	0	0
oewn-01960679-n	quahog	9	0	1	1	quahog	2	9	0.22	2	0	0	0	0	0
oewn-02037315-n	stilt	9	0	2	1	stilt	0	9	0.0	0	0	0	0	0	0
oewn-02103760-n	spaniel	9	0	0	0		0	9	0.0	0	0	0	0	0	0
oewn-02107175-n	shepherd dog	9	0	0	0		0	9	0.0	0	0	0	0	0	0
oewn-02117987-n	wild dog	9	0	0	0		0	9	0.0	0	0	0	0	0	0
oewn-02254878-n	aphid	9	0	0	0		0	9	0.0	0	0	0	0	0	0
oewn-02326101-n	lagomorph	9	0	0	0		0	9	0.0	0	0	0	0	0	0
oewn-02328018-n	wood rabbit	9	0	0	0		0	9	0.0	0	0	0	0	0	0
oewn-02333961-n	pocket rat	9	0	0	0		0	9	0.0	0	0	0	0	0	0
oewn-02373458-n	ungulate	9	0	0	0		0	9	0.0	0	0	0	0	0	0
oewn-02489978-n	macaque	9	0	0	0		0	9	0.0	0	0	0	0	0	0
oewn-02564946-n	sunfish	9	0	0	0		0	9	0.0	0	0	0	0	0	0
oewn-02593617-n	porgy	9	0	0	0		0	9	0.0	0	0	0	0	0	0
oewn-02599011-n	croaker	9	0	0	0		0	9	0.0	0	0	0	0	0	0
oewn-02629392-n	tuna	9	0	0	0		0	9	0.0	0	0	0	0	0	0
oewn-02693232-n	airliner	9	0	0	0		0	9	0.0	0	0	0	0	0	0
oewn-02708803-n	amplifier	9	0	0	0		0	9	0.0	0	0	0	0	0	0
oewn-02718852-n	antiarrhythmic	9	0	0	0		0	9	0.0	0	0	0	0	0	0
oewn-02858369-n	blower	9	0	0	0		0	9	0.0	0	0	0	0	0	0
oewn-03000447-n	cephalosporin	9	0	0	0		2	9	0.22	0	2	0	0	0	0
oewn-03016816-n	chemical weapon	9	0	0	0		0	9	0.0	0	0	0	0	0	0
oewn-03105548-n	conveyer belt	9	0	0	0		0	9	0.0	0	0	0	0	0	0
oewn-03219373-n	diuretic drug	9	0	0	0		1	9	0.11	0	1	0	0	0	0
oewn-03277972-n	electric motor	9	0	2	1	starter	0	9	0.0	0	0	0	0	0	0
oewn-03438787-n	generator	9	0	1	1	windmill	0	9	0.0	0	0	0	0	0	0
oewn-03568138-n	immunosuppressant	9	0	0	0		3	9	0.33	0	3	0	0	0	0
oewn-03622803-n	kinescope	9	0	0	0		0	9	0.0	0	0	0	0	0	0
oewn-03662565-n	lens implant	9	0	0	0		0	9	0.0	0	0	0	0	0	0
oewn-03673155-n	light microscope	9	0	0	0		0	9	0.0	0	0	0	0	0	0
oewn-03805523-n	muscle relaxant	9	0	0	0		2	9	0.22	0	2	0	0	0	0
oewn-03860518-n	organ stop	9	0	0	0		2	9	0.22	2	0	0	0	0	0
oewn-04479478-n	transmission	9	0	0	0		0	9	0.0	0	0	0	0	0	0
oewn-04480667-n	transportation system	9	0	1	1	transit	0	9	0.0	0	0	0	0	0	0
oewn-04505818-n	turbine	9	0	0	0		0	9	0.0	0	0	0	0	0	0
oewn-04555277-n	wallboard	9	0	0	0		0	9	0.0	0	0	0	0	0	0
oewn-04573249-n	weapon of mass destruction	9	0	0	0		0	9	0.0	0	0	0	0	0	0
oewn-04713638-n	obviousness	9	0	1	1	predominance	0	9	0.0	0	0	0	0	0	0
oewn-04937809-n	life style	9	0	0	0		2	9	0.22	2	0	0	0	0	0
oewn-05003520-n	unpalatability	9	0	0	0		0	9	0.0	0	0	0	0	0	0
oewn-05230843-n	sulcus	9	0	0	0		2	9	0.22	2	0	0	0	0	0
oewn-05260434-n	sinus	9	0	0	0		0	9	0.0	0	0	0	0	0	0
oewn-05322645-n	conjunctiva	9	0	0	0		0	9	0.0	0	0	0	0	0	0
oewn-05332926-n	fenestra	9	0	0	0		0	9	0.0	0	0	0	0	0	0
oewn-05350047-n	circumflex artery	9	0	0	0		0	9	0.0	0	0	0	0	0	0
oewn-05353129-n	gastric artery	9	0	0	0		0	9	0.0	0	0	0	0	0	0
oewn-05455333-n	embryonic cell	9	0	0	0		0	9	0.0	0	0	0	0	0	0
oewn-05482786-n	sensory nerve	9	0	0	0		0	9	0.0	0	0	0	0	0	0
oewn-05540577-n	salivary gland	9	0	0	0		0	9	0.0	0	0	0	0	0	0
oewn-05557963-n	serratus	9	0	0	0		0	9	0.0	0	0	0	0	0	0
oewn-05613699-n	serous membrane	9	0	0	0		2	9	0.22	2	0	0	0	0	0
oewn-05735969-n	coordinate system	9	0	0	0		0	9	0.0	0	0	0	0	0	0
oewn-05919849-n	pension plan	9	0	0	0		0	9	0.0	0	0	0	0	0	0
oewn-06001159-n	localization of function	9	0	0	0		0	9	0.0	0	0	0	0	0	0
oewn-06030086-n	statistical method	9	0	0	0		0	9	0.0	0	0	0	0	0	0
oewn-06032076-n	nonparametric statistic	9	0	0	0		2	9	0.22	0	2	0	0	0	0
oewn-06116109-n	relativity	9	0	0	0		0	9	0.0	0	0	0	0	0	0
oewn-06152997-n	anthropology	9	0	0	0		0	9	0.0	0	0	0	0	0	0
oewn-06169189-n	ethics	9	0	0	0		5	9	0.56	5	0	0	0	0	0
oewn-06174381-n	symbolic logic	9	0	0	0		0	9	0.0	0	0	0	0	0	0
oewn-06282431-n	telecommunication	9	0	1	1	telephone	0	9	0.0	0	0	0	0	0	0
oewn-06666108-n	rule of evidence	9	0	0	0		3	9	0.33	0	3	0	0	0	0
oewn-07046494-n	religious music	9	0	0	0		0	9	0.0	0	0	0	0	0	0
oewn-07270459-n	psychic communication	9	0	0	0		3	9	0.33	0	3	0	0	0	0
oewn-07293750-n	language system	9	0	0	0		0	9	0.0	0	0	0	0	0	0
oewn-07720500-n	cold cereal	9	0	0	0		3	9	0.33	0	3	0	0	0	0
oewn-07731466-n	summer squash	9	0	2	1	marrow	0	9	0.0	0	0	0	0	0	0
oewn-07744780-n	shell bean	9	0	0	0		0	9	0.0	0	0	0	0	0	0
oewn-07940273-n	fruit juice	9	0	0	0		1	9	0.11	1	0	0	0	0	0
oewn-09360919-n	lepton	9	0	0	0		2	9	0.22	2	0	0	0	0	0
oewn-09962449-n	commissioned officer	9	0	0	0		1	9	0.11	0	1	0	0	0	0
oewn-10060141-n	dwarf	9	0	1	1	dwarf	0	9	0.0	0	0	0	0	0	0
oewn-10063451-n	economist	9	0	0	0		0	9	0.0	0	0	0	0	0	0
oewn-10399075-n	opportunist	9	0	2	1	operator	0	9	0.0	0	0	0	0	0	0
oewn-10496662-n	prizefighter	9	0	0	0		0	9	0.0	0	0	0	0	0	0
oewn-10500853-n	programmer	9	0	0	0		0	9	0.0	0	0	0	0	0	0
oewn-10510284-n	publicist	9	0	0	0		0	9	0.0	0	0	0	0	0	0
oewn-10544727-n	restrainer	9	0	0	0		0	9	0.0	0	0	0	0	0	0
oewn-10788571-n	washer	9	0	0	0		0	9	0.0	0	0	0	0	0	0
oewn-11514227-n	electric potential	9	0	0	0		0	9	0.0	0	0	0	0	0	0
oewn-11536546-n	interaction	9	0	0	0		0	9	0.0	0	0	0	0	0	0
oewn-11576638-n	liliid monocot family	9	0	0	0		2	9	0.22	0	2	0	0	0	0
oewn-11587862-n	dicot genus	9	0	0	0		0	9	0.0	0	0	0	0	0	0
oewn-11620823-n	cycad	9	0	0	0		0	9	0.0	0	0	0	0	0	0
oewn-11687305-n	dicot	9	0	0	0		0	9	0.0	0	0	0	0	0	0
oewn-11701464-n	placentation	9	0	0	0		0	9	0.0	0	0	0	0	0	0
oewn-11745484-n	anemone	9	0	0	0		0	9	0.0	0	0	0	0	0	0
oewn-11754373-n	hellebore	9	0	0	0		3	9	0.33	0	3	0	0	0	0
oewn-11765052-n	plant family	9	0	0	0		0	9	0.0	0	0	0	0	0	0
oewn-11814988-n	duckweed	9	0	0	0		0	9	0.0	0	0	0	0	0	0
oewn-11826425-n	sandwort	9	0	0	0		0	9	0.0	0	0	0	0	0	0
oewn-11827577-n	mouse-ear chickweed	9	0	0	0		0	9	0.0	0	0	0	0	0	0
oewn-11857191-n	sand verbena	9	0	0	0		0	9	0.0	0	0	0	0	0	0
oewn-11960475-n	bur marigold	9	0	0	0		0	9	0.0	0	0	0	0	0	0
oewn-12006775-n	lettuce	9	0	0	0		1	9	0.11	0	1	0	0	0	0
oewn-12111407-n	primrose	9	0	0	0		0	9	0.0	0	0	0	0	0	0
oewn-12115537-n	loosestrife	9	0	0	0		1	9	0.11	0	1	0	0	0	0
oewn-12179315-n	squash	9	0	1	1	squash	0	9	0.0	0	0	0	0	0	0
oewn-12179572-n	summer squash	9	0	2	1	marrow	0	9	0.0	0	0	0	0	0	0
oewn-12181007-n	winter squash	9	0	0	0		0	9	0.0	0	0	0	0	0	0
oewn-12186941-n	luffa	9	0	0	0		0	9	0.0	0	0	0	0	0	0
oewn-12216646-n	bottle-tree	9	0	0	0		0	9	0.0	0	0	0	0	0	0
oewn-12266212-n	cranberry	9	0	0	0		0	9	0.0	0	0	0	0	0	0
oewn-12515651-n	locust tree	9	0	0	0		0	9	0.0	0	0	0	0	0	0
oewn-12673979-n	bramble bush	9	0	1	1	blackberry	0	9	0.0	0	0	0	0	0	0
oewn-12674523-n	blackberry	9	0	1	1	blackberry	0	9	0.0	0	0	0	0	0	0
oewn-12730661-n	mandarin	9	0	0	0		0	9	0.0	0	0	0	0	0	0
oewn-12733823-n	kumquat	9	0	0	0		0	9	0.0	0	0	0	0	0	0
oewn-12808961-n	hydrangea	9	0	0	0		0	9	0.0	0	0	0	0	0	0
oewn-12947240-n	cassava	9	0	0	0		0	9	0.0	0	0	0	0	0	0
oewn-13112533-n	sporangium	9	0	0	0		0	9	0.0	0	0	0	0	0	0
oewn-13133186-n	groundcover	9	0	1	1	ground cover	2	9	0.22	0	2	0	0	0	0
oewn-13348918-n	financial loss	9	0	2	1	default	3	9	0.33	0	3	0	0	0	0
oewn-13349379-n	depreciation	9	0	0	0		0	9	0.0	0	0	0	0	0	0
oewn-13465876-n	cell division	9	0	0	0		0	9	0.0	0	0	0	0	0	0
oewn-13495493-n	emission	9	0	0	0		0	9	0.0	0	0	0	0	0	0
oewn-13536083-n	metamorphosis	9	0	0	0		4	9	0.44	4	0	0	0	0	0
oewn-13670672-n	astronomy unit	9	0	0	0		0	9	0.0	0	0	0	0	0	0
oewn-14064738-n	hypoxia	9	0	1	1	suffocation	5	9	0.56	0	5	0	0	0	0
oewn-14071222-n	ectopic pregnancy	9	0	0	0		0	9	0.0	0	0	0	0	0	0
oewn-14079105-n	eating disorder	9	0	0	0		7	9	0.78	0	7	0	0	0	0
oewn-14080853-n	cardiovascular disease	9	0	0	0		7	9	0.78	4	3	1	0	0	0
oewn-14147905-n	smallpox	9	0	0	0		3	9	0.33	3	0	0	0	0	0
oewn-14157467-n	syphilis	9	0	0	0		3	9	0.33	0	3	0	0	0	0
oewn-14173445-n	pneumoconiosis	9	0	0	0		8	9	0.89	0	8	0	0	0	0
oewn-14183847-n	muscular dystrophy	9	0	0	0		6	9	0.67	1	5	1	0	0	0
oewn-14379983-n	tendinitis	9	0	0	0		9	9	1.0	0	9	0	0	0	0
oewn-14556805-n	hypersensitivity reaction	9	0	0	0		5	9	0.56	0	5	0	0	0	0
oewn-14641367-n	alkyl	9	0	0	0		0	9	0.0	0	0	0	0	0	0
oewn-14645073-n	haloform	9	0	1	1	iodoform	0	9	0.0	0	0	0	0	0	0
oewn-14648547-n	noble gas	9	0	0	0		0	9	0.0	0	0	0	0	0	0
oewn-14881429-n	pollutant	9	0	0	0		0	9	0.0	0	0	0	0	0	0
oewn-14931001-n	herbicide	9	0	0	0		0	9	0.0	0	0	0	0	0	0
oewn-14963368-n	lipoprotein	9	0	0	0		3	9	0.33	3	0	0	0	0	0
oewn-15046738-n	globulin	9	0	0	0		0	9	0.0	0	0	0	0	0	0
oewn-15051283-n	scleroprotein	9	0	0	0		1	9	0.11	0	1	0	0	0	0
oewn-15061205-n	plant toxin	9	0	1	1	hemlock	1	9	0.11	0	1	0	0	0	0
oewn-15061906-n	antigen	9	0	0	0		2	9	0.22	0	2	0	0	0	0
oewn-15092444-n	tear gas	9	0	0	0		0	9	0.0	0	0	0	0	0	0
oewn-15121584-n	detergent	9	0	0	0		3	9	0.33	0	3	0	0	0	0
oewn-92448965-n	fryer	9	0	0	0		0	9	0.0	0	0	0	0	0	0
oewn-00005787-n	benthos	8	0	0	0		0	8	0.0	0	0	0	0	0	0
oewn-00176454-n	shark repellent	8	0	0	0		0	8	0.0	0	0	0	0	0	0
oewn-00231342-n	spontaneous abortion	8	0	0	0		3	8	0.38	1	2	1	0	0	0
oewn-00253297-n	purge	8	0	1	1	purge	3	8	0.38	3	0	0	0	0	0
oewn-00305979-n	aircraft landing	8	0	0	0		2	8	0.25	0	2	0	0	0	0
oewn-00395418-n	deletion	8	0	0	0		0	8	0.0	0	0	0	0	0	0
oewn-00469555-n	football	8	0	0	0		0	8	0.0	0	0	0	0	0	0
oewn-00650725-n	spectroscopy	8	0	0	0		5	8	0.62	5	0	0	0	0	0
oewn-00660291-n	massage	8	0	0	0		0	8	0.0	0	0	0	0	0	0
oewn-00663924-n	electrotherapy	8	0	1	1	galvanism	0	8	0.0	0	0	0	0	0	0
oewn-00685381-n	lobotomy	8	0	0	0		7	8	0.88	7	0	0	0	0	0
oewn-00694932-n	transplant	8	0	1	1	transplantation	0	8	0.0	0	0	0	0	0	0
oewn-00706833-n	radiotherapy	8	0	1	1	irradiation	0	8	0.0	0	0	0	0	0	0
oewn-00793188-n	assay	8	0	0	0		1	8	0.12	1	0	0	0	0	0
oewn-00830651-n	immunization	8	0	0	0		0	8	0.0	0	0	0	0	0	0
oewn-00862112-n	immune response	8	0	0	0		1	8	0.12	0	1	0	0	0	0
oewn-00906321-n	roentgenography	8	0	0	0		0	8	0.0	0	0	0	0	0	0
oewn-00984938-n	signals intelligence	8	0	0	0		0	8	0.0	0	0	0	0	0	0
oewn-00988361-n	counterintelligence	8	0	0	0		0	8	0.0	0	0	0	0	0	0
oewn-01089102-n	social insurance	8	0	0	0		1	8	0.12	0	1	0	0	0	0
oewn-01103863-n	publication	8	0	1	1	contribution	0	8	0.0	0	0	0	0	0	0
oewn-01161177-n	standardization	8	0	0	0		4	8	0.5	4	0	0	0	0	0
oewn-01219005-n	logistic support	8	0	0	0		0	8	0.0	0	0	0	0	0	0
oewn-01221565-n	idealization	8	0	0	0		0	8	0.0	0	0	0	0	0	0
oewn-01350224-n	archaebacteria	8	0	0	0		4	8	0.5	2	2	1	0	0	0
oewn-01410439-n	green algae	8	0	0	0		1	8	0.12	1	0	0	0	0	0
oewn-01416583-n	red algae	8	0	0	0		0	8	0.0	0	0	0	0	0	0
oewn-01451592-n	topminnow	8	0	0	0		0	8	0.0	0	0	0	0	0	0
oewn-01576686-n	blackbird	8	0	1	1	blackbird	0	8	0.0	0	0	0	0	0	0
oewn-01599977-n	tanager	8	0	0	0		0	8	0.0	0	0	0	0	0	0
oewn-01634688-n	ambystomid	8	0	0	0		0	8	0.0	0	0	0	0	0	0
oewn-01688449-n	whiptail	8	0	0	0		0	8	0.0	0	0	0	0	0	0
oewn-01706210-n	ceratopsian	8	0	0	0		0	8	0.0	0	0	0	0	0	0
oewn-01722044-n	synapsid	8	0	0	0		0	8	0.0	0	0	0	0	0	0
oewn-01734885-n	rat snake	8	0	0	0		0	8	0.0	0	0	0	0	0	0
oewn-01779346-n	hard tick	8	0	0	0		2	8	0.25	2	0	0	0	0	0
oewn-01854016-n	scaup	8	0	0	0		0	8	0.0	0	0	0	0	0	0
oewn-01985291-n	lobster	8	0	1	1	lobster	0	8	0.0	0	0	0	0	0	0
oewn-01997146-n	branchiopod crustacean	8	0	0	0		1	8	0.12	1	0	0	0	0	0
oewn-02048023-n	auk	8	0	0	0		0	8	0.0	0	0	0	0	0	0
oewn-02052658-n	grebe	8	0	0	0		0	8	0.0	0	0	0	0	0	0
oewn-02061815-n	petrel	8	0	0	0		0	8	0.0	0	0	0	0	0	0
oewn-02129704-n	lynx	8	0	0	0		0	8	0.0	0	0	0	0	0	0
oewn-02174521-n	scarabaeid beetle	8	0	0	0		0	8	0.0	0	0	0	0	0	0
oewn-02178913-n	elaterid beetle	8	0	1	1	firefly	0	8	0.0	0	0	0	0	0	0
oewn-02244451-n	water bug	8	0	0	0		0	8	0.0	0	0	0	0	0	0
oewn-02246825-n	assassin bug	8	0	0	0		0	8	0.0	0	0	0	0	0	0
oewn-02267015-n	lacewing	8	0	0	0		3	8	0.38	0	3	0	0	0	0
oewn-02309085-n	lasiocampid	8	0	0	0		0	8	0.0	0	0	0	0	0	0
oewn-02347180-n	lemming	8	0	0	0		0	8	0.0	0	0	0	0	0	0
oewn-02363989-n	marmot	8	0	1	1	whistler	0	8	0.0	0	0	0	0	0	0
oewn-02375988-n	odd-toed ungulate	8	0	0	0		0	8	0.0	0	0	0	0	0	0
oewn-02482784-n	great ape	8	0	0	0		0	8	0.0	0	0	0	0	0	0
oewn-02517456-n	bony fish	8	0	0	0		0	8	0.0	0	0	0	0	0	0
oewn-02560380-n	walleye	8	0	0	0		0	8	0.0	0	0	0	0	0	0
oewn-02586198-n	characin	8	0	0	0		0	8	0.0	0	0	0	0	0	0
oewn-02645274-n	scorpaenid	8	0	0	0		0	8	0.0	0	0	0	0	0	0
oewn-02660709-n	righteye flounder	8	0	0	0		1	8	0.12	1	0	0	0	0	0
oewn-02683608-n	adjustable wrench	8	0	0	0		0	8	0.0	0	0	0	0	0	0
oewn-02689427-n	aircraft	8	0	0	0		1	8	0.12	0	1	0	0	0	0
oewn-02695372-n	air pump	8	0	0	0		0	8	0.0	0	0	0	0	0	0
oewn-02755316-n	athletic facility	8	0	1	1	field house	0	8	0.0	0	0	0	0	0	0
oewn-02756049-n	atom bomb	8	0	0	0		0	8	0.0	0	0	0	0	0	0
oewn-02772753-n	backpack	8	0	0	0		0	8	0.0	0	0	0	0	0	0
oewn-02878678-n	bore bit	8	0	0	0		0	8	0.0	0	0	0	0	0	0
oewn-02914831-n	buffer	8	0	0	0		0	8	0.0	0	0	0	0	0	0
oewn-02946696-n	camera lens	8	0	0	0		0	8	0.0	0	0	0	0	0	0
oewn-03036237-n	cinema	8	0	0	0		0	8	0.0	0	0	0	0	0	0
oewn-03058083-n	club drug	8	0	0	0		0	8	0.0	0	0	0	0	0	0
oewn-03209827-n	directional microphone	8	0	0	0		0	8	0.0	0	0	0	0	0	0
oewn-03310080-n	explosive compound	8	0	0	0		0	8	0.0	0	0	0	0	0	0
oewn-03438344-n	general anesthetic	8	0	0	0		0	8	0.0	0	0	0	0	0	0
oewn-03447212-n	glyptic art	8	0	0	0		1	8	0.12	0	1	0	0	0	0
oewn-03454508-n	government building	8	0	1	1	courthouse	0	8	0.0	0	0	0	0	0	0
oewn-03517291-n	helicopter	8	0	1	1	chopper	0	8	0.0	0	0	0	0	0	0
oewn-03678353-n	liner	8	0	0	0		0	8	0.0	0	0	0	0	0	0
oewn-03853343-n	open-air market	8	0	0	0		0	8	0.0	0	0	0	0	0	0
oewn-03857307-n	optical disk	8	0	0	0		0	8	0.0	0	0	0	0	0	0
oewn-03991590-n	portable computer	8	0	1	1	notebook	0	8	0.0	0	0	0	0	0	0
oewn-04023823-n	psychotropic agent	8	0	0	0		7	8	0.88	0	7	0	0	0	0
oewn-04080072-n	relay	8	0	1	1	relay	0	8	0.0	0	0	0	0	0	0
oewn-04173614-n	sedative	8	0	0	0		0	8	0.0	0	0	0	0	0	0
oewn-04186974-n	sewing machine	8	0	0	0		0	8	0.0	0	0	0	0	0	0
oewn-04335467-n	storage battery	8	0	0	0		2	8	0.25	0	2	0	0	0	0
oewn-04355437-n	submersible	8	0	0	0		0	8	0.0	0	0	0	0	0	0
oewn-04363682-n	sunhat	8	0	0	0		0	8	0.0	0	0	0	0	0	0
oewn-04757437-n	dissimilarity	8	0	0	0		7	8	0.88	3	4	1	0	0	0
oewn-04802794-n	commonness	8	0	0	0		6	8	0.75	5	1	1	0	0	0
oewn-04880745-n	dishonorableness	8	0	0	0		6	8	0.75	4	2	1	0	0	0
oewn-04926386-n	indirectness	8	0	0	0		3	8	0.38	2	1	1	0	0	0
oewn-05006131-n	body type	8	0	0	0		0	8	0.0	0	0	0	0	0	0
oewn-05008078-n	plumpness	8	0	1	1	roundness	1	8	0.12	1	0	0	0	0	0
oewn-05062429-n	transience	8	0	0	0		0	8	0.0	0	0	0	0	0	0
oewn-05070162-n	dimensionality	8	0	0	0		0	8	0.0	0	0	0	0	0	0
oewn-05074176-n	handedness	8	0	1	1	left-handedness	0	8	0.0	0	0	0	0	0	0
oewn-05168179-n	favorableness	8	0	0	0		8	8	1.0	8	0	0	0	0	0
oewn-05181322-n	meaninglessness	8	0	1	1	vacuity	3	8	0.38	3	0	0	0	0	0
oewn-05184373-n	human right	8	0	0	0		3	8	0.38	2	1	1	0	0	0
oewn-05254139-n	tubule	8	0	0	0		1	8	0.12	1	0	0	0	0	0
oewn-05334448-n	meninx	8	0	0	0		1	8	0.12	1	0	0	0	0	0
oewn-05400573-n	atrium cordis	8	0	0	0		0	8	0.0	0	0	0	0	0	0
oewn-05420584-n	thyroid hormone	8	0	0	0		2	8	0.25	0	2	0	0	0	0
oewn-05422738-n	mucus	8	0	0	0		1	8	0.12	0	1	0	0	0	0
oewn-05449707-n	chromosome	8	0	0	0		1	8	0.12	0	1	0	0	0	0
oewn-05458841-n	free phagocyte	8	0	0	0		0	8	0.0	0	0	0	0	0	0
oewn-05494162-n	cerebral cortex	8	0	0	0		0	8	0.0	0	0	0	0	0	0
oewn-05552845-n	fontanelle	8	0	0	0		0	8	0.0	0	0	0	0	0	0
oewn-05582633-n	rhomboid	8	0	0	0		0	8	0.0	0	0	0	0	0	0
oewn-05590509-n	graft	8	0	0	0		0	8	0.0	0	0	0	0	0	0
oewn-05598495-n	teres	8	0	0	0		0	8	0.0	0	0	0	0	0	0
oewn-05768874-n	long-term memory	8	0	0	0		0	8	0.0	0	0	0	0	0	0
oewn-05786951-n	pseudoscience	8	0	0	0		0	8	0.0	0	0	0	0	0	0
oewn-06027814-n	statistics	8	0	0	0		1	8	0.12	0	1	0	0	0	0
oewn-06031640-n	deviation	8	0	2	1	deviation	0	8	0.0	0	0	0	0	0	0
oewn-06151569-n	information science	8	0	0	0		0	8	0.0	0	0	0	0	0	0
oewn-06335348-n	adverbial	8	0	0	0		0	8	0.0	0	0	0	0	0	0
oewn-06361681-n	longhand	8	0	0	0		5	8	0.62	1	4	1	0	0	0
oewn-06580310-n	operating system	8	0	0	0		0	8	0.0	0	0	0	0	0	0
oewn-06649331-n	format	8	0	0	0		0	8	0.0	0	0	0	0	0	0
oewn-06653830-n	price index	8	0	0	0		0	8	0.0	0	0	0	0	0	0
oewn-06821932-n	numeration system	8	0	0	0		0	8	0.0	0	0	0	0	0	0
oewn-06913058-n	multidimensional language	8	0	0	0		0	8	0.0	0	0	0	0	0	0
oewn-07104300-n	prolixity	8	0	0	0		5	8	0.62	0	5	0	0	0	0
oewn-07419398-n	undertide	8	0	0	0		0	8	0.0	0	0	0	0	0	0
oewn-07476368-n	horse race	8	0	0	0		0	8	0.0	0	0	0	0	0	0
oewn-07592142-n	cookout	8	0	1	1	barbecue	1	8	0.12	0	1	0	0	0	0
oewn-07609120-n	convenience food	8	0	0	0		0	8	0.0	0	0	0	0	0	0
oewn-07621083-n	fudge	8	0	2	1	divinity	0	8	0.0	0	0	0	0	0	0
oewn-07771683-n	muskmelon	8	0	0	0		0	8	0.0	0	0	0	0	0	0
oewn-07802832-n	quahaug	8	0	1	1	quahog	0	8	0.0	0	0	0	0	0	0
oewn-07939988-n	juice	8	0	2	1	juice	3	8	0.38	3	0	0	0	0	0
oewn-08397071-n	segregation	8	0	0	0		0	8	0.0	0	0	0	0	0	0
oewn-08540245-n	center of mass	8	0	0	0		0	8	0.0	0	0	0	0	0	0
oewn-09222219-n	antilepton	8	0	0	0		2	8	0.25	2	0	0	0	0	0
oewn-09283813-n	cultivated land	8	0	0	0		1	8	0.12	0	1	0	0	0	0
oewn-09814565-n	announcer	8	0	0	0		0	8	0.0	0	0	0	0	0	0
oewn-09879912-n	blond person	8	0	1	1	blonde	0	8	0.0	0	0	0	0	0	0
oewn-10016942-n	debater	8	0	0	0		5	8	0.62	0	5	0	0	0	0
oewn-10020209-n	delayer	8	0	0	0		0	8	0.0	0	0	0	0	0	0
oewn-10038586-n	distributor	8	0	0	0		0	8	0.0	0	0	0	0	0	0
oewn-10122275-n	forecaster	8	0	0	0		0	8	0.0	0	0	0	0	0	0
oewn-10178349-n	handicapped person	8	0	0	0		5	8	0.62	0	5	0	0	0	0
oewn-10250498-n	kidnapper	8	0	0	0		0	8	0.0	0	0	0	0	0	0
oewn-10532713-n	redact	8	0	0	0		0	8	0.0	0	0	0	0	0	0
oewn-10553540-n	roarer	8	0	0	0		0	8	0.0	0	0	0	0	0	0
oewn-10657534-n	spoilsport	8	0	0	0		0	8	0.0	0	0	0	0	0	0
oewn-10715747-n	technician	8	0	0	0		2	8	0.25	2	0	0	0	0	0
oewn-10725264-n	theologian	8	0	0	0		0	8	0.0	0	0	0	0	0	0
oewn-11491497-n	latent heat	8	0	0	0		0	8	0.0	0	0	0	0	0	0
oewn-11499458-n	magnetism	8	0	1	1	magnetism	3	8	0.38	0	3	0	0	0	0
oewn-11519910-n	corpuscular radiation	8	0	0	0		0	8	0.0	0	0	0	0	0	0
oewn-11572837-n	spermatophyte	8	0	0	0		1	8	0.12	0	1	0	0	0	0
oewn-11647619-n	hemlock	8	0	1	1	hemlock	0	8	0.0	0	0	0	0	0	0
oewn-11666365-n	araucaria	8	0	0	0		0	8	0.0	0	0	0	0	0	0
oewn-11709952-n	oilseed	8	0	0	0		0	8	0.0	0	0	0	0	0	0
oewn-11775362-n	mimosa	8	0	0	0		0	8	0.0	0	0	0	0	0	0
oewn-11785746-n	mesquite	8	0	0	0		0	8	0.0	0	0	0	0	0	0
oewn-11883304-n	flame flower	8	0	0	0		0	8	0.0	0	0	0	0	0	0
oewn-11974353-n	plume thistle	8	0	0	0		0	8	0.0	0	0	0	0	0	0
oewn-12063913-n	orchis	8	0	0	0		0	8	0.0	0	0	0	0	0	0
oewn-12143761-n	barley	8	0	0	0		0	8	0.0	0	0	0	0	0	0
oewn-12289758-n	live oak	8	0	0	0		0	8	0.0	0	0	0	0	0	0
oewn-12363997-n	fuchsia	8	0	0	0		0	8	0.0	0	0	0	0	0	0
oewn-12450703-n	colicroot	8	0	0	0		5	8	0.62	5	0	0	0	0	0
oewn-12466705-n	mariposa	8	0	0	0		0	8	0.0	0	0	0	0	0	0
oewn-12469801-n	camas	8	0	0	0		0	8	0.0	0	0	0	0	0	0
oewn-12502536-n	yucca	8	0	0	0		0	8	0.0	0	0	0	0	0	0
oewn-12544693-n	blackwood	8	0	0	0		1	8	0.12	1	0	0	0	0	0
oewn-12559579-n	vetchling	8	0	0	0		0	8	0.0	0	0	0	0	0	0
oewn-12563415-n	bush clover	8	0	0	0		1	8	0.12	0	1	0	0	0	0
oewn-12566688-n	lupine	8	0	0	0		0	8	0.0	0	0	0	0	0	0
oewn-12665663-n	almond tree	8	0	0	0		0	8	0.0	0	0	0	0	0	0
oewn-12861509-n	bugle	8	0	0	0		0	8	0.0	0	0	0	0	0	0
oewn-13018414-n	basidiomycete	8	0	1	1	mushroom	0	8	0.0	0	0	0	0	0	0
oewn-13070713-n	polypore	8	0	0	0		0	8	0.0	0	0	0	0	0	0
oewn-13178035-n	pinnate leaf	8	0	0	0		8	8	1.0	8	0	0	0	0	0
oewn-13207552-n	tree fern	8	0	0	0		0	8	0.0	0	0	0	0	0	0
oewn-13216659-n	bladder fern	8	0	0	0		0	8	0.0	0	0	0	0	0	0
oewn-13331252-n	income tax	8	0	1	1	withholding	1	8	0.12	0	1	0	0	0	0
oewn-13422186-n	lien	8	0	0	0		2	8	0.25	1	1	1	0	0	0
oewn-13469507-n	childbirth	8	0	0	0		0	8	0.0	0	0	0	0	0	0
oewn-13481771-n	dehydration	8	0	0	0		0	8	0.0	0	0	0	0	0	0
oewn-13557502-n	phase of cell division	8	0	0	0		0	8	0.0	0	0	0	0	0	0
oewn-13596636-n	zymosis	8	0	0	0		0	8	0.0	0	0	0	0	0	0
oewn-13630457-n	mass unit	8	0	0	0		0	8	0.0	0	0	0	0	0	0
oewn-13784976-n	shtik	8	0	0	0		0	8	0.0	0	0	0	0	0	0
oewn-13839738-n	percentage	8	0	0	0		2	8	0.25	0	2	0	0	0	0
oewn-13907168-n	prism	8	0	0	0		0	8	0.0	0	0	0	0	0	0
oewn-13997764-n	immunodeficiency	8	0	0	0		3	8	0.38	0	3	0	0	0	0
oewn-14104104-n	periodontal disease	8	0	0	0		7	8	0.88	2	5	1	0	0	0
oewn-14107984-n	metabolic disorder	8	0	0	0		6	8	0.75	2	4	1	0	0	0
oewn-14126992-n	high blood pressure	8	0	0	0		3	8	0.38	3	0	0	0	0	0
oewn-14131806-n	arteriosclerosis	8	0	0	0		0	8	0.0	0	0	0	0	0	0
oewn-14147714-n	pox	8	0	0	0		6	8	0.75	3	3	1	0	0	0
oewn-14190908-n	pernicious anemia	8	0	0	0		2	8	0.25	0	2	0	0	0	0
oewn-14226828-n	motion sickness	8	0	0	0		0	8	0.0	0	0	0	0	0	0
oewn-14227577-n	heatstroke	8	0	0	0		4	8	0.5	0	4	0	0	0	0
oewn-14249538-n	eczema	8	0	0	0		6	8	0.75	2	4	1	0	0	0
oewn-14249785-n	erythema	8	0	0	0		4	8	0.5	0	4	0	0	0	0
oewn-14256749-n	xanthoma	8	0	0	0		6	8	0.75	0	6	0	0	0	0
oewn-14268887-n	rhabdomyosarcoma	8	0	0	0		0	8	0.0	0	0	0	0	0	0
oewn-14343821-n	congestion	8	0	0	0		0	8	0.0	0	0	0	0	0	0
oewn-14364496-n	colitis	8	0	0	0		8	8	1.0	0	8	0	0	0	0
oewn-14367002-n	panencephalitis	8	0	0	0		1	8	0.12	0	1	0	0	0	0
oewn-14408201-n	zoophobia	8	0	0	0		3	8	0.38	1	2	1	0	0	0
oewn-14418807-n	dementia	8	0	0	0		5	8	0.62	2	3	1	0	0	0
oewn-14528491-n	spinal curvature	8	0	1	1	humpback	3	8	0.38	0	3	0	0	0	0
oewn-14572662-n	abasia	8	0	0	0		5	8	0.62	0	5	0	0	0	0
oewn-14618888-n	acyl	8	0	0	0		0	8	0.0	0	0	0	0	0	0
oewn-14638100-n	hydroxy acid	8	0	0	0		0	8	0.0	0	0	0	0	0	0
oewn-14651998-n	aluminum	8	0	0	0		0	8	0.0	0	0	0	0	0	0
oewn-14706294-n	molecule	8	0	1	1	molecule	2	8	0.25	0	2	0	0	0	0
oewn-14722859-n	metamorphic rock	8	0	0	0		0	8	0.0	0	0	0	0	0	0
oewn-14737281-n	alkene	8	0	0	0		0	8	0.0	0	0	0	0	0	0
oewn-14745123-n	carotenoid	8	0	0	0		0	8	0.0	0	0	0	0	0	0
oewn-14748425-n	amide	8	0	0	0		2	8	0.25	0	2	0	0	0	0
oewn-14765094-n	unsaturated fatty acid	8	0	0	0		0	8	0.0	0	0	0	0	0	0
oewn-14802178-n	antacid	8	0	0	0		1	8	0.12	0	1	0	0	0	0
oewn-14818993-n	cellulose ester	8	0	0	0		5	8	0.62	0	5	0	0	0	0
oewn-14845760-n	insulator	8	0	0	0		0	8	0.0	0	0	0	0	0	0
oewn-14883989-n	organic	8	0	0	0		0	8	0.0	0	0	0	0	0	0
oewn-14896119-n	fluorocarbon	8	0	0	0		0	8	0.0	0	0	0	0	0	0
oewn-14908271-n	glucose	8	0	0	0		2	8	0.25	2	0	0	0	0	0
oewn-14928812-n	halogen	8	0	0	0		0	8	0.0	0	0	0	0	0	0
oewn-14934899-n	hydride	8	0	0	0		0	8	0.0	0	0	0	0	0	0
oewn-15017945-n	poison gas	8	0	0	0		7	8	0.88	0	7	0	0	0	0
oewn-15034410-n	salicylate	8	0	0	0		0	8	0.0	0	0	0	0	0	0
oewn-15036554-n	double salt	8	0	0	0		0	8	0.0	0	0	0	0	0	0
oewn-15088266-n	sulfide	8	0	0	0		1	8	0.12	0	1	0	0	0	0
oewn-85935644-n	coronavirus disease	8	0	0	0		0	8	0.0	0	0	0	0	0	0
oewn-00111784-n	foul shot	7	0	0	0		0	7	0.0	0	0	0	0	0	0
oewn-00436503-n	cardiopulmonary exercise	7	0	0	0		0	7	0.0	0	0	0	0	0	0
oewn-00451686-n	equestrian sport	7	0	0	0		0	7	0.0	0	0	0	0	0	0
oewn-00608890-n	carpentry	7	0	1	1	woodwork	2	7	0.29	2	0	0	0	0	0
oewn-00627233-n	bodybuilding	7	0	0	0		0	7	0.0	0	0	0	0	0	0
oewn-00639323-n	biological research	7	0	0	0		0	7	0.0	0	0	0	0	0	0
oewn-00648513-n	quantitative analysis	7	0	0	0		1	7	0.14	1	0	0	0	0	0
oewn-00696701-n	irrigation	7	0	1	1	irrigation	0	7	0.0	0	0	0	0	0	0
oewn-00703008-n	desensitization technique	7	0	0	0		0	7	0.0	0	0	0	0	0	0
oewn-00778229-n	embezzlement	7	0	0	0		5	7	0.71	0	5	0	0	0	0
oewn-00969884-n	biological warfare	7	0	0	0		2	7	0.29	0	2	0	0	0	0
oewn-00996535-n	artillery fire	7	0	0	0		2	7	0.29	0	2	0	0	0	0
oewn-01001187-n	calibration	7	0	1	1	registration	0	7	0.0	0	0	0	0	0	0
oewn-01013108-n	listing	7	0	0	0		0	7	0.0	0	0	0	0	0	0
oewn-01153433-n	appeasement	7	0	0	0		5	7	0.71	3	2	1	0	0	0
oewn-01170859-n	direct action	7	0	0	0		0	7	0.0	0	0	0	0	0	0
oewn-01253857-n	electronic deception	7	0	0	0		2	7	0.29	0	2	0	0	0	0
oewn-01338101-n	plant virus	7	0	0	0		0	7	0.0	0	0	0	0	0	0
oewn-01345170-n	animal order	7	0	0	0		0	7	0.0	0	0	0	0	0	0
oewn-01394032-n	rhizopod	7	0	0	0		3	7	0.43	2	1	1	0	0	0
oewn-01400853-n	chlorophyll	7	0	0	0		0	7	0.0	0	0	0	0	0	0
oewn-01407269-n	rockweed	7	0	0	0		1	7	0.14	0	1	0	0	0	0
oewn-01447563-n	sucker	7	0	0	0		0	7	0.0	0	0	0	0	0	0
oewn-01449230-n	cyprinodont	7	0	0	0		0	7	0.0	0	0	0	0	0	0
oewn-01449401-n	killifish	7	0	0	0		0	7	0.0	0	0	0	0	0	0
oewn-01461483-n	embryo	7	0	1	1	embryo	0	7	0.0	0	0	0	0	0	0
oewn-01468898-n	chordate	7	0	0	0		0	7	0.0	0	0	0	0	0	0
oewn-01497116-n	hammerhead	7	0	0	0		2	7	0.29	0	2	0	0	0	0
oewn-01586866-n	wren	7	0	0	0		0	7	0.0	0	0	0	0	0	0
oewn-01617762-n	sea eagle	7	0	0	0		0	7	0.0	0	0	0	0	0	0
oewn-01648417-n	true toad	7	0	0	0		0	7	0.0	0	0	0	0	0	0
oewn-01692052-n	anguid lizard	7	0	0	0		0	7	0.0	0	0	0	0	0	0
oewn-01710747-n	saurischian	7	0	0	0		0	7	0.0	0	0	0	0	0	0
oewn-01719657-n	maniraptor	7	0	0	0		1	7	0.14	1	0	0	0	0	0
oewn-01737059-n	king snake	7	0	0	0		0	7	0.0	0	0	0	0	0	0
oewn-01739662-n	water snake	7	0	0	0		0	7	0.0	0	0	0	0	0	0
oewn-01799160-n	red grouse	7	0	0	0		5	7	0.71	5	0	0	0	0	0
oewn-01808442-n	peafowl	7	0	0	0		0	7	0.0	0	0	0	0	0	0
oewn-01837559-n	caprimulgiform bird	7	0	0	0		0	7	0.0	0	0	0	0	0	0
oewn-01894274-n	shrew	7	0	0	0		0	7	0.0	0	0	0	0	0	0
oewn-01919566-n	stony coral	7	0	0	0		0	7	0.0	0	0	0	0	0	0
oewn-01995427-n	amphipod	7	0	0	0		2	7	0.29	2	0	0	0	0	0
oewn-02000837-n	barnacle	7	0	1	1	barnacle	0	7	0.0	0	0	0	0	0	0
oewn-02011450-n	egret	7	0	0	0		0	7	0.0	0	0	0	0	0	0
oewn-02034588-n	snipe	7	0	0	0		0	7	0.0	0	0	0	0	0	0
oewn-02106493-n	watchdog	7	0	0	0		0	7	0.0	0	0	0	0	0	0
oewn-02142323-n	fruit bat	7	0	0	0		0	7	0.0	0	0	0	0	0	0
oewn-02198996-n	fruit fly	7	0	0	0		0	7	0.0	0	0	0	0	0	0
oewn-02201184-n	louse fly	7	0	0	0		0	7	0.0	0	0	0	0	0	0
oewn-02233704-n	phasmid	7	0	0	0		0	7	0.0	0	0	0	0	0	0
oewn-02271848-n	trichopterous insect	7	0	0	0		0	7	0.0	0	0	0	0	0	0
oewn-02288200-n	lymantriid	7	0	0	0		0	7	0.0	0	0	0	0	0	0
oewn-02297716-n	noctuid moth	7	0	0	0		1	7	0.14	0	1	0	0	0	0
oewn-02312652-n	bollworm	7	0	0	0		5	7	0.71	5	0	0	0	0	0
oewn-02331081-n	pika	7	0	0	0		0	7	0.0	0	0	0	0	0	0
oewn-02339293-n	wood mouse	7	0	0	0		0	7	0.0	0	0	0	0	0	0
oewn-02356513-n	gopher	7	0	0	0		0	7	0.0	0	0	0	0	0	0
oewn-02375236-n	hyrax	7	0	0	0		0	7	0.0	0	0	0	0	0	0
oewn-02408826-n	dairy cattle	7	0	0	0		0	7	0.0	0	0	0	0	0	0
oewn-02415777-n	domestic sheep	7	0	0	0		2	7	0.29	2	0	0	0	0	0
oewn-02484454-n	chimpanzee	7	0	0	0		0	7	0.0	0	0	0	0	0	0
oewn-02487606-n	guenon	7	0	0	0		0	7	0.0	0	0	0	0	0	0
oewn-02492850-n	marmoset	7	0	0	0		0	7	0.0	0	0	0	0	0	0
oewn-02510652-n	raccoon	7	0	0	0		0	7	0.0	0	0	0	0	0	0
oewn-02568740-n	serranid fish	7	0	0	0		0	7	0.0	0	0	0	0	0	0
oewn-02580864-n	moonfish	7	0	0	0		0	7	0.0	0	0	0	0	0	0
oewn-02593125-n	sparid	7	0	0	0		0	7	0.0	0	0	0	0	0	0
oewn-02628242-n		7	0	0	0		0	7	0.0	0	0	0	0	0	0
oewn-02676491-n	ACE inhibitor	7	0	0	0		0	7	0.0	0	0	0	0	0	0
oewn-02682642-n	additive	7	0	0	0		0	7	0.0	0	0	0	0	0	0
oewn-02697938-n	album	7	0	0	0		0	7	0.0	0	0	0	0	0	0
oewn-02718623-n	antiaircraft	7	0	0	0		0	7	0.0	0	0	0	0	0	0
oewn-02721170-n	anticoagulant	7	0	0	0		0	7	0.0	0	0	0	0	0	0
oewn-02773835-n	backseat	7	0	0	0		0	7	0.0	0	0	0	0	0	0
oewn-02809168-n	bastion	7	0	1	1	bastion	0	7	0.0	0	0	0	0	0	0
oewn-02908937-n	bronchodilator	7	0	0	0		0	7	0.0	0	0	0	0	0	0
oewn-02985366-n	catapult	7	0	0	0		0	7	0.0	0	0	0	0	0	0
oewn-03081078-n	commodity exchange	7	0	0	0		0	7	0.0	0	0	0	0	0	0
oewn-03104596-n	converter	7	0	0	0		0	7	0.0	0	0	0	0	0	0
oewn-03137828-n	crochet stitch	7	0	0	0		3	7	0.43	3	0	0	0	0	0
oewn-03168464-n	data converter	7	0	0	0		0	7	0.0	0	0	0	0	0	0
oewn-03230480-n	dot matrix printer	7	0	0	0		0	7	0.0	0	0	0	0	0	0
oewn-03245030-n	drilling bit	7	0	0	0		2	7	0.29	0	2	0	0	0	0
oewn-03266479-n	earphone	7	0	1	1	receiver	0	7	0.0	0	0	0	0	0	0
oewn-03304876-n	ether	7	0	1	1	ether	0	7	0.0	0	0	0	0	0	0
oewn-03405304-n	fuel-air explosive	7	0	0	0		0	7	0.0	0	0	0	0	0	0
oewn-03619216-n	keyboard	7	0	0	0		0	7	0.0	0	0	0	0	0	0
oewn-03713575-n	magnetic tape	7	0	1	1	tape	0	7	0.0	0	0	0	0	0	0
oewn-03725934-n	map projection	7	0	0	0		0	7	0.0	0	0	0	0	0	0
oewn-03748507-n	megalith	7	0	0	0		0	7	0.0	0	0	0	0	0	0
oewn-03787320-n	monitor	7	0	0	0		0	7	0.0	0	0	0	0	0	0
oewn-03796045-n	motorcycle	7	0	0	0		0	7	0.0	0	0	0	0	0	0
oewn-03893954-n	parachute	7	0	1	1	chute	0	7	0.0	0	0	0	0	0	0
oewn-03896748-n	parka	7	0	0	0		2	7	0.29	0	2	0	0	0	0
oewn-04046324-n	radar	7	0	0	0		0	7	0.0	0	0	0	0	0	0
oewn-04072384-n	recreational vehicle	7	0	0	0		0	7	0.0	0	0	0	0	0	0
oewn-04084542-n	reproducer	7	0	0	0		0	7	0.0	0	0	0	0	0	0
oewn-04203123-n	shipboard system	7	0	0	0		0	7	0.0	0	0	0	0	0	0
oewn-04239262-n	skullcap	7	0	0	0		0	7	0.0	0	0	0	0	0	0
oewn-04368728-n	suppressor	7	0	0	0		0	7	0.0	0	0	0	0	0	0
oewn-04463707-n	torpedo	7	0	0	0		0	7	0.0	0	0	0	0	0	0
oewn-04524830-n	vaccine	7	0	0	0		2	7	0.29	0	2	0	0	0	0
oewn-04544897-n	virility drug	7	0	0	0		0	7	0.0	0	0	0	0	0	0
oewn-04559634-n	warplane	7	0	0	0		0	7	0.0	0	0	0	0	0	0
oewn-04651019-n	aggressiveness	7	0	0	0		7	7	1.0	0	7	0	0	0	0
oewn-04678751-n	undependability	7	0	1	1	instability	4	7	0.57	0	4	0	0	0	0
oewn-04705460-n	ornateness	7	0	0	0		1	7	0.14	1	0	0	0	0	0
oewn-04742473-n	variability	7	0	2	1	variance	4	7	0.57	0	4	0	0	0	0
oewn-04800586-n	unsatisfactoriness	7	0	0	0		5	7	0.71	3	2	1	0	0	0
oewn-04803739-n	extraordinariness	7	0	0	0		4	7	0.57	4	0	0	0	0	0
oewn-04838262-n	mercilessness	7	0	0	0		5	7	0.71	0	5	0	0	0	0
oewn-04880021-n	parental quality	7	0	0	0		6	7	0.86	6	0	0	0	0	0
oewn-04910545-n	obscenity	7	0	0	0		0	7	0.0	0	0	0	0	0	0
oewn-04925387-n	directness	7	0	0	0		4	7	0.57	4	0	0	0	0	0
oewn-04981224-n	yellowish brown	7	0	0	0		0	7	0.0	0	0	0	0	0	0
oewn-04983255-n	coloration	7	0	0	0		1	7	0.14	0	1	0	0	0	0
oewn-04987905-n	malodorousness	7	0	2	1	foulness	7	7	1.0	0	7	0	0	0	0
oewn-05004637-n	edibility	7	0	0	0		2	7	0.29	0	2	0	0	0	0
oewn-05255896-n	meatus	7	0	0	0		0	7	0.0	0	0	0	0	0	0
oewn-05271580-n	solid body substance	7	0	1	1	enamel	0	7	0.0	0	0	0	0	0	0
oewn-05299227-n	adductor	7	0	0	0		0	7	0.0	0	0	0	0	0	0
oewn-05313113-n	speech organ	7	0	0	0		0	7	0.0	0	0	0	0	0	0
oewn-05346905-n	carotid artery	7	0	0	0		0	7	0.0	0	0	0	0	0	0
oewn-05362292-n	temporal artery	7	0	0	0		0	7	0.0	0	0	0	0	0	0
oewn-05373386-n	epigastric vein	7	0	0	0		2	7	0.29	2	0	0	0	0	0
oewn-05374684-n	facial vein	7	0	0	0		0	7	0.0	0	0	0	0	0	0
oewn-05375078-n	gastric vein	7	0	0	0		2	7	0.29	0	2	0	0	0	0
oewn-05402629-n	valve	7	0	1	1	valve	0	7	0.0	0	0	0	0	0	0
oewn-05416027-n	gastrointestinal hormone	7	0	0	0		4	7	0.57	2	2	1	0	0	0
oewn-05419992-n	somatotropin	7	0	0	0		0	7	0.0	0	0	0	0	0	0
oewn-05474706-n	neuroglia	7	0	0	0		0	7	0.0	0	0	0	0	0	0
oewn-05495075-n	geniculate body	7	0	0	0		0	7	0.0	0	0	0	0	0	0
oewn-05500078-n	gyrus	7	0	1	1	convolution	0	7	0.0	0	0	0	0	0	0
oewn-05518937-n	vascular system	7	0	0	0		0	7	0.0	0	0	0	0	0	0
oewn-05539858-n	alimentary canal	7	0	0	0		1	7	0.14	0	1	0	0	0	0
oewn-05543502-n	colon	7	0	0	0		0	7	0.0	0	0	0	0	0	0
oewn-05577760-n	gluteus	7	0	0	0		0	7	0.0	0	0	0	0	0	0
oewn-05599011-n	tibialis	7	0	0	0		0	7	0.0	0	0	0	0	0	0
oewn-05616623-n	receptor	7	0	0	0		0	7	0.0	0	0	0	0	0	0
oewn-05699457-n	ideological barrier	7	0	0	0		0	7	0.0	0	0	0	0	0	0
oewn-05753043-n	skin test	7	0	0	0		2	7	0.29	0	2	0	0	0	0
oewn-05809006-n	poll	7	0	0	0		0	7	0.0	0	0	0	0	0	0
oewn-05834793-n	disproof	7	0	1	1	falsification	2	7	0.29	0	2	0	0	0	0
oewn-05836876-n	reinforcing stimulus	7	0	1	1	reinforcement	0	7	0.0	0	0	0	0	0	0
oewn-05873161-n	vector	7	0	0	0		0	7	0.0	0	0	0	0	0	0
oewn-05891400-n	law of thermodynamics	7	0	0	0		0	7	0.0	0	0	0	0	0	0
oewn-05911823-n	legal system	7	0	1	1	bail	0	7	0.0	0	0	0	0	0	0
oewn-06030596-n	multivariate analysis	7	0	0	0		0	7	0.0	0	0	0	0	0	0
oewn-06036794-n	regression	7	0	0	0		0	7	0.0	0	0	0	0	0	0
oewn-06064423-n	pharmacology	7	0	0	0		1	7	0.14	1	0	0	0	0	0
oewn-06065477-n	psychiatry	7	0	0	0		1	7	0.14	0	1	0	0	0	0
oewn-06083438-n	paleontology	7	0	0	0		0	7	0.0	0	0	0	0	0	0
oewn-06085077-n	genetics	7	0	0	0		0	7	0.0	0	0	0	0	0	0
oewn-06118834-n	theory of evolution	7	0	0	0		0	7	0.0	0	0	0	0	0	0
oewn-06127462-n	morphology	7	0	0	0		0	7	0.0	0	0	0	0	0	0
oewn-06148736-n	experimental psychology	7	0	0	0		5	7	0.71	4	1	1	0	0	0
oewn-06161163-n	sociology	7	0	0	0		0	7	0.0	0	0	0	0	0	0
oewn-06189508-n	semantics	7	0	0	0		0	7	0.0	0	0	0	0	0	0
oewn-06233395-n	theism	7	0	0	0		1	7	0.14	1	0	0	0	0	0
oewn-06286006-n	wireless	7	0	0	0		0	7	0.0	0	0	0	0	0	0
oewn-06325134-n	clause	7	0	0	0		2	7	0.29	0	2	0	0	0	0
oewn-06349648-n	pseudonym	7	0	0	0		0	7	0.0	0	0	0	0	0	0
oewn-06600792-n	electronic database	7	0	0	0		0	7	0.0	0	0	0	0	0	0
oewn-06603890-n	anthology	7	0	1	1	divan	0	7	0.0	0	0	0	0	0	0
oewn-06821351-n	notation	7	0	0	0		0	7	0.0	0	0	0	0	0	0
oewn-07067772-n	serenade	7	0	0	0		6	7	0.86	6	0	0	0	0	0
oewn-07586889-n	cuisine	7	0	0	0		0	7	0.0	0	0	0	0	0	0
oewn-07599988-n	borsch	7	0	0	0		0	7	0.0	0	0	0	0	0	0
oewn-07618025-n	chocolate candy	7	0	0	0		0	7	0.0	0	0	0	0	0	0
oewn-07630109-n	ice cream	7	0	0	0		0	7	0.0	0	0	0	0	0	0
oewn-07640075-n	turnover	7	0	0	0		0	7	0.0	0	0	0	0	0	0
oewn-07697671-n	cracker	7	0	0	0		0	7	0.0	0	0	0	0	0	0
oewn-07698369-n	flatbread	7	0	0	0		0	7	0.0	0	0	0	0	0	0
oewn-07718922-n	hot cereal	7	0	2	1	mush	0	7	0.0	0	0	0	0	0	0
oewn-07732815-n	winter squash	7	0	0	0		0	7	0.0	0	0	0	0	0	0
oewn-07769719-n	passion fruit	7	0	0	0		0	7	0.0	0	0	0	0	0	0
oewn-07796603-n	tuna	7	0	0	0		0	7	0.0	0	0	0	0	0	0
oewn-07922351-n	vodka	7	0	0	0		0	7	0.0	0	0	0	0	0	0
oewn-07950131-n	herb tea	7	0	0	0		0	7	0.0	0	0	0	0	0	0
oewn-08002640-n	trio	7	0	1	1	trio	0	7	0.0	0	0	0	0	0	0
oewn-08137359-n	local department	7	0	0	0		0	7	0.0	0	0	0	0	0	0
oewn-08223584-n	mujahidin	7	0	0	0		0	7	0.0	0	0	0	0	0	0
oewn-08372002-n	news agency	7	0	0	0		0	7	0.0	0	0	0	0	0	0
oewn-08437796-n	finance company	7	0	0	0		0	7	0.0	0	0	0	0	0	0
oewn-08442845-n	vehicular traffic	7	0	0	0		0	7	0.0	0	0	0	0	0	0
oewn-08489346-n	political movement	7	0	0	0		0	7	0.0	0	0	0	0	0	0
oewn-08512627-n	apoapsis	7	0	0	0		0	7	0.0	0	0	0	0	0	0
oewn-08635954-n	periapsis	7	0	0	0		0	7	0.0	0	0	0	0	0	0
oewn-09244478-n	bird's nest	7	0	0	0		0	7	0.0	0	0	0	0	0	0
oewn-09323580-n	hadron	7	0	0	0		0	7	0.0	0	0	0	0	0	0
oewn-09333522-n	inclined fault	7	0	0	0		0	7	0.0	0	0	0	0	0	0
oewn-09375746-n	meteorite	7	0	0	0		3	7	0.43	0	3	0	0	0	0
oewn-09632901-n	changer	7	0	0	0		0	7	0.0	0	0	0	0	0	0
oewn-09703987-n		7	0	0	0		1	7	0.14	0	1	0	0	0	0
oewn-09783804-n	acrobat	7	0	0	0		2	7	0.29	1	1	1	0	0	0
oewn-09788253-n	addict	7	0	0	0		0	7	0.0	0	0	0	0	0	0
oewn-09799231-n	agriculturist	7	0	0	0		0	7	0.0	0	0	0	0	0	0
oewn-09815764-n	anthropologist	7	0	0	0		0	7	0.0	0	0	0	0	0	0
oewn-09855548-n	bullfighter	7	0	0	0		1	7	0.14	1	0	0	0	0	0
oewn-09895252-n	broadcaster	7	0	0	0		0	7	0.0	0	0	0	0	0	0
oewn-09991687-n	couturier	7	0	0	0		0	7	0.0	0	0	0	0	0	0
oewn-10060753-n	eager beaver	7	0	0	0		0	7	0.0	0	0	0	0	0	0
oewn-10125849-n	foster-child	7	0	0	0		2	7	0.29	0	2	0	0	0	0
oewn-10164358-n	gravida	7	0	0	0		0	7	0.0	0	0	0	0	0	0
oewn-10225076-n	infielder	7	0	0	0		0	7	0.0	0	0	0	0	0	0
oewn-10368974-n	obstructionist	7	0	0	0		2	7	0.29	0	2	0	0	0	0
oewn-10446513-n	photographer	7	0	0	0		0	7	0.0	0	0	0	0	0	0
oewn-10489196-n	press agent	7	0	0	0		0	7	0.0	0	0	0	0	0	0
oewn-10542352-n	rescuer	7	0	0	0		7	7	1.0	0	7	0	0	0	0
oewn-10562445-n	runner	7	0	1	1	runner	0	7	0.0	0	0	0	0	0	0
oewn-10627901-n	slacker	7	0	0	0		4	7	0.57	0	4	0	0	0	0
oewn-10639158-n	social scientist	7	0	0	0		0	7	0.0	0	0	0	0	0	0
oewn-10712548-n	tax collector	7	0	0	0		0	7	0.0	0	0	0	0	0	0
oewn-10746438-n	traveling salesman	7	0	0	0		0	7	0.0	0	0	0	0	0	0
oewn-11461657-n	cosmic radiation	7	0	0	0		0	7	0.0	0	0	0	0	0	0
oewn-11519684-n	radiation	7	0	0	0		1	7	0.14	1	0	0	0	0	0
oewn-11568013-n	fern ally	7	0	0	0		0	7	0.0	0	0	0	0	0	0
oewn-11577308-n	monocot genus	7	0	0	0		0	7	0.0	0	0	0	0	0	0
oewn-11639312-n	larch	7	0	0	0		0	7	0.0	0	0	0	0	0	0
oewn-11648907-n	douglas fir	7	0	0	0		0	7	0.0	0	0	0	0	0	0
oewn-11671370-n	angiospermous yellowwood	7	0	0	0		0	7	0.0	0	0	0	0	0	0
oewn-11743451-n	aconite	7	0	0	0		0	7	0.0	0	0	0	0	0	0
oewn-11747560-n	columbine	7	0	0	0		0	7	0.0	0	0	0	0	0	0
oewn-11748999-n	bugbane	7	0	0	0		0	7	0.0	0	0	0	0	0	0
oewn-11761819-n	wax myrtle	7	0	0	0		0	7	0.0	0	0	0	0	0	0
oewn-11766286-n	zebrawood	7	0	0	0		0	7	0.0	0	0	0	0	0	0
oewn-11777138-n	wattle	7	0	0	0		2	7	0.29	0	2	0	0	0	0
oewn-11860037-n	four o'clock	7	0	0	0		0	7	0.0	0	0	0	0	0	0
oewn-11881490-n		7	0	0	0		0	7	0.0	0	0	0	0	0	0
oewn-11885540-n	caper	7	0	2	1	caper	0	7	0.0	0	0	0	0	0	0
oewn-11939916-n	ragweed	7	0	0	0		1	7	0.14	1	0	0	0	0	0
oewn-11942843-n	cat's foot	7	0	0	0		0	7	0.0	0	0	0	0	0	0
oewn-11944914-n	burdock	7	0	0	0		0	7	0.0	0	0	0	0	0	0
oewn-11968733-n	knapweed	7	0	0	0		0	7	0.0	0	0	0	0	0	0
oewn-11977319-n	coreopsis	7	0	0	0		0	7	0.0	0	0	0	0	0	0
oewn-12011732-n	blazing star	7	0	0	0		0	7	0.0	0	0	0	0	0	0
oewn-12108478-n	yam	7	0	0	0		0	7	0.0	0	0	0	0	0	0
oewn-12137534-n	crabgrass	7	0	0	0		0	7	0.0	0	0	0	0	0	0
oewn-12146877-n	ricegrass	7	0	0	0		0	7	0.0	0	0	0	0	0	0
oewn-12152067-n	meadowgrass	7	0	0	0		0	7	0.0	0	0	0	0	0	0
oewn-12164916-n	field corn	7	0	0	0		0	7	0.0	0	0	0	0	0	0
oewn-12174097-n	spike rush	7	0	0	0		0	7	0.0	0	0	0	0	0	0
oewn-12264670-n	rhododendron	7	0	0	0		0	7	0.0	0	0	0	0	0	0
oewn-12276629-n	wintergreen	7	0	0	0		0	7	0.0	0	0	0	0	0	0
oewn-12286734-n	southern beech	7	0	0	0		0	7	0.0	0	0	0	0	0	0
oewn-12295147-n	scrub oak	7	0	0	0		0	7	0.0	0	0	0	0	0	0
oewn-12311265-n	centaury	7	0	0	0		1	7	0.14	1	0	0	0	0	0
oewn-12346304-n	oleaster	7	0	0	0		0	7	0.0	0	0	0	0	0	0
oewn-12362816-n	willowherb	7	0	0	0		0	7	0.0	0	0	0	0	0	0
oewn-12372804-n	banana	7	0	0	0		0	7	0.0	0	0	0	0	0	0
oewn-12467024-n	globe lily	7	0	0	0		0	7	0.0	0	0	0	0	0	0
oewn-12524599-n	amorpha	7	0	0	0		0	7	0.0	0	0	0	0	0	0
oewn-12529981-n	wild indigo	7	0	0	0		0	7	0.0	0	0	0	0	0	0
oewn-12577298-n	common bean	7	0	0	0		0	7	0.0	0	0	0	0	0	0
oewn-12595827-n	vetch	7	0	0	0		0	7	0.0	0	0	0	0	0	0
oewn-12636471-n	pondweed	7	0	0	0		0	7	0.0	0	0	0	0	0	0
oewn-12662692-n	wild cherry	7	0	0	0		0	7	0.0	0	0	0	0	0	0
oewn-12662961-n	sweet cherry	7	0	0	0		0	7	0.0	0	0	0	0	0	0
oewn-12664234-n	sour cherry	7	0	0	0		0	7	0.0	0	0	0	0	0	0
oewn-12736674-n	bitterwood tree	7	0	0	0		0	7	0.0	0	0	0	0	0	0
oewn-12754407-n	aspen	7	0	0	0		0	7	0.0	0	0	0	0	0	0
oewn-12789129-n	horse chestnut	7	0	0	0		0	7	0.0	0	0	0	0	0	0
oewn-12892032-n	blue curls	7	0	0	0		0	7	0.0	0	0	0	0	0	0
oewn-12917067-n	black nightshade	7	0	0	0		0	7	0.0	0	0	0	0	0	0
oewn-12981623-n	grape fern	7	0	0	0		0	7	0.0	0	0	0	0	0	0
oewn-12995747-n	slime mold	7	0	0	0		0	7	0.0	0	0	0	0	0	0
oewn-13049371-n	discomycete	7	0	0	0		0	7	0.0	0	0	0	0	0	0
oewn-13129421-n	gymnospermous tree	7	0	0	0		0	7	0.0	0	0	0	0	0	0
oewn-13141863-n	desert plant	7	0	0	0		0	7	0.0	0	0	0	0	0	0
oewn-13144440-n	rock plant	7	0	0	0		0	7	0.0	0	0	0	0	0	0
oewn-13166221-n	vinifera	7	0	0	0		0	7	0.0	0	0	0	0	0	0
oewn-13222867-n	woodsia	7	0	0	0		0	7	0.0	0	0	0	0	0	0
oewn-13227715-n	maidenhair	7	0	0	0		2	7	0.29	2	0	0	0	0	0
oewn-13268717-n	spiritualty	7	0	0	0		0	7	0.0	0	0	0	0	0	0
oewn-13315526-n	annuity	7	0	0	0		0	7	0.0	0	0	0	0	0	0
oewn-13356187-n	common stock	7	0	0	0		0	7	0.0	0	0	0	0	0	0
oewn-13380863-n	bank account	7	0	0	0		0	7	0.0	0	0	0	0	0	0
oewn-13405337-n	pension	7	0	0	0		0	7	0.0	0	0	0	0	0	0
oewn-13493721-n	electrophoresis	7	0	0	0		0	7	0.0	0	0	0	0	0	0
oewn-13515201-n	human process	7	0	0	0		0	7	0.0	0	0	0	0	0	0
oewn-13520031-n	inflation	7	0	0	0		0	7	0.0	0	0	0	0	0	0
oewn-13654422-n	charge unit	7	0	0	0		0	7	0.0	0	0	0	0	0	0
oewn-13825994-n	inflection	7	0	0	0		0	7	0.0	0	0	0	0	0	0
oewn-14043071-n	acidosis	7	0	0	0		0	7	0.0	0	0	0	0	0	0
oewn-14061101-n	sexual arousal	7	0	0	0		6	7	0.86	6	0	0	0	0	0
oewn-14092167-n	food poisoning	7	0	1	1	ptomaine	2	7	0.29	0	2	0	0	0	0
oewn-14139803-n	liver disease	7	0	0	0		4	7	0.57	0	4	0	0	0	0
oewn-14155584-n	herpes simplex	7	0	0	0		6	7	0.86	0	6	0	0	0	0
oewn-14177464-n	red-green dichromacy	7	0	0	0		4	7	0.57	0	4	0	0	0	0
oewn-14214519-n	toxemia of pregnancy	7	0	0	0		3	7	0.43	0	3	0	0	0	0
oewn-14230411-n	hemochromatosis	7	0	0	0		5	7	0.71	0	5	0	0	0	0
oewn-14231291-n	fibrosis	7	0	0	0		0	7	0.0	0	0	0	0	0	0
oewn-14245594-n	acne	7	0	0	0		6	7	0.86	0	6	0	0	0	0
oewn-14259410-n	angioma	7	0	0	0		0	7	0.0	0	0	0	0	0	0
oewn-14278716-n	glaucoma	7	0	0	0		3	7	0.43	3	0	0	0	0	0
oewn-14359409-n	reflux	7	0	0	0		0	7	0.0	0	0	0	0	0	0
oewn-14373697-n	myositis	7	0	0	0		3	7	0.43	0	3	0	0	0	0
oewn-14381427-n	vaccinia	7	0	0	0		5	7	0.71	0	5	0	0	0	0
oewn-14389355-n	dysplasia	7	0	0	0		1	7	0.14	0	1	0	0	0	0
oewn-14408808-n	social phobia	7	0	0	0		3	7	0.43	0	3	0	0	0	0
oewn-14411212-n	personality disorder	7	0	0	0		7	7	1.0	4	3	1	0	0	0
oewn-14416044-n	bipolar disorder	7	0	0	0		7	7	1.0	0	7	0	0	0	0
oewn-14477916-n	pediculosis	7	0	0	0		4	7	0.57	0	4	0	0	0	0
oewn-14518477-n	sanitariness	7	0	1	1	hygiene	3	7	0.43	3	0	0	0	0	0
oewn-14527705-n	chromosomal aberration	7	0	0	0		1	7	0.14	0	1	0	0	0	0
oewn-14555374-n	sensitivity	7	0	0	0		1	7	0.14	1	0	0	0	0	0
oewn-14577603-n	hyperopia	7	0	0	0		2	7	0.29	0	2	0	0	0	0
oewn-14579795-n	scotoma	7	0	0	0		0	7	0.0	0	0	0	0	0	0
oewn-14733426-n	ethyl alcohol	7	0	0	0		1	7	0.14	0	1	0	0	0	0
oewn-14769020-n	phytohormone	7	0	0	0		0	7	0.0	0	0	0	0	0	0
oewn-14780218-n	animal pigment	7	0	0	0		0	7	0.0	0	0	0	0	0	0
oewn-14819163-n	cellulose nitrate	7	0	0	0		6	7	0.86	2	4	1	0	0	0
oewn-14829846-n	chad	7	0	1	1	dimple	0	7	0.0	0	0	0	0	0	0
oewn-14831728-n	neurotransmitter	7	0	0	0		0	7	0.0	0	0	0	0	0	0
oewn-14860297-n	dioxide	7	0	0	0		1	7	0.14	1	0	0	0	0	0
oewn-14860812-n	disaccharide	7	0	0	0		1	7	0.14	1	0	0	0	0	0
oewn-14868156-n	ocher	7	0	0	0		0	7	0.0	0	0	0	0	0	0
oewn-14914810-n	lubricant	7	0	0	0		4	7	0.57	4	0	0	0	0	0
oewn-14994695-n	organophosphate nerve agent	7	0	0	0		0	7	0.0	0	0	0	0	0	0
oewn-15008050-n	pig iron	7	0	0	0		1	7	0.14	1	0	0	0	0	0
oewn-15049964-n	heterocyclic compound	7	0	0	0		0	7	0.0	0	0	0	0	0	0
oewn-15059506-n	bacterial toxin	7	0	0	0		5	7	0.71	0	5	0	0	0	0
oewn-15060888-n	neurotoxin	7	0	0	0		3	7	0.43	2	1	1	0	0	0
oewn-15082311-n	steroid	7	0	0	0		0	7	0.0	0	0	0	0	0	0
oewn-15102138-n	transferase	7	0	0	0		3	7	0.43	0	3	0	0	0	0
oewn-15104492-n	trioxide	7	0	0	0		0	7	0.0	0	0	0	0	0	0
oewn-15136806-n	vesicant	7	0	0	0		5	7	0.71	0	5	0	0	0	0
oewn-15155386-n	coordinated universal time	7	0	0	0		0	7	0.0	0	0	0	0	0	0
oewn-92459470-n	thermocompressor	7	0	0	0		0	7	0.0	0	0	0	0	0	0
oewn-00087117-n	impoundment	6	0	0	0		0	6	0.0	0	0	0	0	0	0
oewn-00105796-n	bowling	6	0	0	0		0	6	0.0	0	0	0	0	0	0
oewn-00232028-n	induced abortion	6	0	0	0		0	6	0.0	0	0	0	0	0	0
oewn-00260894-n	optimization	6	0	0	0		0	6	0.0	0	0	0	0	0	0
oewn-00262447-n	beautification	6	0	0	0		1	6	0.17	1	0	0	0	0	0
oewn-00265962-n	renovation	6	0	0	0		0	6	0.0	0	0	0	0	0	0
oewn-00401453-n	rehabilitation	6	0	0	0		3	6	0.5	0	3	0	0	0	0
oewn-00620470-n	bookkeeping	6	0	0	0		0	6	0.0	0	0	0	0	0	0
oewn-00640013-n	somatic cell nuclear transplantation	6	0	0	0		0	6	0.0	0	0	0	0	0	0
oewn-00650333-n	fundamental analysis	6	0	0	0		0	6	0.0	0	0	0	0	0	0
oewn-00657886-n	eyedrop	6	0	0	0		2	6	0.33	2	0	0	0	0	0
oewn-00798247-n	assignment	6	0	1	1	assignment	0	6	0.0	0	0	0	0	0	0
oewn-00903487-n	sonography	6	0	0	0		0	6	0.0	0	0	0	0	0	0
oewn-00919573-n	culture	6	0	3	1	culture	0	6	0.0	0	0	0	0	0	0
oewn-00980499-n	bombing	6	0	0	0		0	6	0.0	0	0	0	0	0	0
oewn-01009405-n	personality test	6	0	0	0		0	6	0.0	0	0	0	0	0	0
oewn-01013367-n	inventory	6	0	0	0		0	6	0.0	0	0	0	0	0	0
oewn-01048365-n	zoolatry	6	0	0	0		0	6	0.0	0	0	0	0	0	0
oewn-01050134-n	resuscitation	6	0	0	0		0	6	0.0	0	0	0	0	0	0
oewn-01105693-n	packaging	6	0	0	0		0	6	0.0	0	0	0	0	0	0
oewn-01196821-n	eviction	6	0	0	0		2	6	0.33	1	1	1	0	0	0
oewn-01336677-n	variola virus	6	0	0	0		0	6	0.0	0	0	0	0	0	0
oewn-01458419-n	pipefish	6	0	0	0		0	6	0.0	0	0	0	0	0	0
oewn-01483157-n	cartilaginous fish	6	0	0	0		2	6	0.33	0	2	0	0	0	0
oewn-01486738-n	mako	6	0	0	0		0	6	0.0	0	0	0	0	0	0
oewn-01503801-n	skate	6	0	0	0		0	6	0.0	0	0	0	0	0	0
oewn-01550942-n	kingbird	6	0	0	0		0	6	0.0	0	0	0	0	0	0
oewn-01552071-n	pewee	6	0	0	0		0	6	0.0	0	0	0	0	0	0
oewn-01553402-n	cotinga	6	0	0	0		0	6	0.0	0	0	0	0	0	0
oewn-01566387-n	kinglet	6	0	0	0		0	6	0.0	0	0	0	0	0	0
oewn-01619405-n		6	0	0	0		0	6	0.0	0	0	0	0	0	0
oewn-01688080-n	teiid lizard	6	0	0	0		0	6	0.0	0	0	0	0	0	0
oewn-01734186-n	whip-snake	6	0	0	0		0	6	0.0	0	0	0	0	0	0
oewn-01746246-n	python	6	0	0	0		0	6	0.0	0	0	0	0	0	0
oewn-01750526-n	cobra	6	0	0	0		0	6	0.0	0	0	0	0	0	0
oewn-01798981-n	ptarmigan	6	0	0	0		5	6	0.83	5	0	0	0	0	0
oewn-01801125-n	prairie chicken	6	0	0	0		0	6	0.0	0	0	0	0	0	0
oewn-01813341-n	columbiform bird	6	0	0	0		0	6	0.0	0	0	0	0	0	0
oewn-01818242-n	sandgrouse	6	0	0	0		0	6	0.0	0	0	0	0	0	0
oewn-01825243-n	cuculiform bird	6	0	0	0		0	6	0.0	0	0	0	0	0	0
oewn-01825654-n	cuckoo	6	0	0	0		0	6	0.0	0	0	0	0	0	0
oewn-01850764-n	teal	6	0	0	0		0	6	0.0	0	0	0	0	0	0
oewn-01882793-n	rat kangaroo	6	0	0	0		0	6	0.0	0	0	0	0	0	0
oewn-01914480-n	hydrozoan	6	0	0	0		1	6	0.17	1	0	0	0	0	0
oewn-01968530-n	scallop	6	0	0	0		0	6	0.0	0	0	0	0	0	0
oewn-01993441-n	isopod	6	0	0	0		0	6	0.0	0	0	0	0	0	0
oewn-02019012-n	gallinule	6	0	0	0		0	6	0.0	0	0	0	0	0	0
oewn-02058457-n	penguin	6	0	0	0		0	6	0.0	0	0	0	0	0	0
oewn-02152072-n	freetail	6	0	0	0		0	6	0.0	0	0	0	0	0	0
oewn-02240076-n	leaf bug	6	0	0	0		0	6	0.0	0	0	0	0	0	0
oewn-02240233-n	mirid bug	6	0	0	0		0	6	0.0	0	0	0	0	0	0
oewn-02244221-n	heteropterous insect	6	0	0	0		1	6	0.17	0	1	0	0	0	0
oewn-02251162-n	scale insect	6	0	0	0		0	6	0.0	0	0	0	0	0	0
oewn-02259308-n	cicada	6	0	0	0		2	6	0.33	0	2	0	0	0	0
oewn-02272663-n	thysanuran insect	6	0	0	0		2	6	0.33	0	2	0	0	0	0
oewn-02274222-n	thysanopter	6	0	0	0		0	6	0.0	0	0	0	0	0	0
oewn-02274549-n	thrips	6	0	0	0		1	6	0.17	0	1	0	0	0	0
oewn-02293872-n	tineoid	6	0	0	0		0	6	0.0	0	0	0	0	0	0
oewn-02296004-n	gelechiid	6	0	0	0		0	6	0.0	0	0	0	0	0	0
oewn-02301193-n	hawkmoth	6	0	0	0		0	6	0.0	0	0	0	0	0	0
oewn-02418081-n	mountain sheep	6	0	0	0		0	6	0.0	0	0	0	0	0	0
oewn-02420180-n	wild goat	6	0	0	0		0	6	0.0	0	0	0	0	0	0
oewn-02438484-n	chevrotain	6	0	0	0		0	6	0.0	0	0	0	0	0	0
oewn-02493738-n	tamarin	6	0	0	0		0	6	0.0	0	0	0	0	0	0
oewn-02522317-n	channel catfish	6	0	0	0		0	6	0.0	0	0	0	0	0	0
oewn-02533052-n	shad	6	0	1	1	shad	0	6	0.0	0	0	0	0	0	0
oewn-02560222-n	pike-perch	6	0	0	0		0	6	0.0	0	0	0	0	0	0
oewn-02599997-n	whiting	6	0	0	0		0	6	0.0	0	0	0	0	0	0
oewn-02603974-n	mullet	6	0	0	0		0	6	0.0	0	0	0	0	0	0
oewn-02650290-n	poacher	6	0	0	0		0	6	0.0	0	0	0	0	0	0
oewn-02685776-n	aerosol	6	0	0	0		0	6	0.0	0	0	0	0	0	0
oewn-02695736-n	airship	6	0	1	1	sausage	0	6	0.0	0	0	0	0	0	0
oewn-02701628-n	alpha blocker	6	0	0	0		0	6	0.0	0	0	0	0	0	0
oewn-02722016-n	antidiabetic	6	0	0	0		1	6	0.17	0	1	0	0	0	0
oewn-02725091-n	antimetabolite	6	0	0	0		4	6	0.67	0	4	0	0	0	0
oewn-02735077-n	aquarium	6	0	0	0		0	6	0.0	0	0	0	0	0	0
oewn-02751623-n	aspirin	6	0	0	0		1	6	0.17	1	0	0	0	0	0
oewn-02762968-n	autoloader	6	0	0	0		0	6	0.0	0	0	0	0	0	0
oewn-02763434-n	automatic firearm	6	0	0	0		0	6	0.0	0	0	0	0	0	0
oewn-02764397-n	automaton	6	0	1	1	automaton	0	6	0.0	0	0	0	0	0	0
oewn-02807418-n	bass horn	6	0	0	0		0	6	0.0	0	0	0	0	0	0
oewn-02974626-n	car tire	6	0	0	0		0	6	0.0	0	0	0	0	0	0
oewn-02999605-n	centrifuge	6	0	0	0		0	6	0.0	0	0	0	0	0	0
oewn-03056449-n	clothing store	6	0	0	0		0	6	0.0	0	0	0	0	0	0
oewn-03073217-n	collectible	6	0	0	0		0	6	0.0	0	0	0	0	0	0
oewn-03081962-n	communication system	6	0	1	1	network	0	6	0.0	0	0	0	0	0	0
oewn-03103457-n	control system	6	0	0	0		0	6	0.0	0	0	0	0	0	0
oewn-03186565-n	detergent	6	0	0	0		3	6	0.5	0	3	0	0	0	0
oewn-03212950-n	disinfectant	6	0	0	0		0	6	0.0	0	0	0	0	0	0
oewn-03245796-n	drill rig	6	0	0	0		0	6	0.0	0	0	0	0	0	0
oewn-03274114-n	electrical converter	6	0	0	0		0	6	0.0	0	0	0	0	0	0
oewn-03278824-n	electric refrigerator	6	0	0	0		0	6	0.0	0	0	0	0	0	0
oewn-03319323-n	face mask	6	0	0	0		0	6	0.0	0	0	0	0	0	0
oewn-03339975-n	fighter	6	0	0	0		1	6	0.17	1	0	0	0	0	0
oewn-03373198-n	flowerbed	6	0	0	0		1	6	0.17	0	1	0	0	0	0
oewn-03401490-n	friction clutch	6	0	0	0		2	6	0.33	2	0	0	0	0	0
oewn-03414501-n	gable roof	6	0	0	0		0	6	0.0	0	0	0	0	0	0
oewn-03418338-n	gambling house	6	0	1	1	casino	0	6	0.0	0	0	0	0	0	0
oewn-03556264-n	hydraulic brake	6	0	0	0		0	6	0.0	0	0	0	0	0	0
oewn-03563584-n	ice skate	6	0	0	0		0	6	0.0	0	0	0	0	0	0
oewn-03568380-n	impact printer	6	0	0	0		0	6	0.0	0	0	0	0	0	0
oewn-03578433-n	insert	6	0	2	1	insert	0	6	0.0	0	0	0	0	0	0
oewn-03587474-n	intravenous anesthetic	6	0	0	0		0	6	0.0	0	0	0	0	0	0
oewn-03644989-n	land mine	6	0	0	0		3	6	0.5	3	0	0	0	0	0
oewn-03708258-n	macintosh	6	0	0	0		0	6	0.0	0	0	0	0	0	0
oewn-03755697-n	mercury-vapor lamp	6	0	0	0		0	6	0.0	0	0	0	0	0	0
oewn-03788550-n	monoamine oxidase inhibitor	6	0	0	0		0	6	0.0	0	0	0	0	0	0
oewn-03818464-n	naval weaponry	6	0	0	0		0	6	0.0	0	0	0	0	0	0
oewn-03820818-n	neckline	6	0	0	0		0	6	0.0	0	0	0	0	0	0
oewn-03826268-n	network	6	0	1	1	network	0	6	0.0	0	0	0	0	0	0
oewn-03834625-n	nontricyclic	6	0	0	0		4	6	0.67	4	0	0	0	0	0
oewn-03840376-n	nucleoside reverse transcriptase inhibitor	6	0	0	0		1	6	0.17	0	1	0	0	0	0
oewn-03852292-n	omnidirectional antenna	6	0	0	0		0	6	0.0	0	0	0	0	0	0
oewn-03868196-n	oven	6	0	0	0		0	6	0.0	0	0	0	0	0	0
oewn-03927111-n	pharmaceutical	6	0	0	0		0	6	0.0	0	0	0	0	0	0
oewn-03931100-n	photoelectric cell	6	0	0	0		0	6	0.0	0	0	0	0	0	0
oewn-03984488-n	poliovirus vaccine	6	0	0	0		0	6	0.0	0	0	0	0	0	0
oewn-04003013-n	power station	6	0	0	0		0	6	0.0	0	0	0	0	0	0
oewn-04020369-n	protease inhibitor	6	0	0	0		2	6	0.33	0	2	0	0	0	0
oewn-04036210-n	pyrometer	6	0	0	0		0	6	0.0	0	0	0	0	0	0
oewn-04048624-n	radio	6	0	0	0		0	6	0.0	0	0	0	0	0	0
oewn-04056697-n	rain gauge	6	0	0	0		0	6	0.0	0	0	0	0	0	0
oewn-04108591-n	roller	6	0	0	0		0	6	0.0	0	0	0	0	0	0
oewn-04176213-n	selective-serotonin reuptake inhibitor	6	0	0	0		2	6	0.33	0	2	0	0	0	0
oewn-04182920-n	service station	6	0	0	0		5	6	0.83	5	0	0	0	0	0
oewn-04183129-n	serving cart	6	0	0	0		0	6	0.0	0	0	0	0	0	0
oewn-04193891-n	shears	6	0	0	0		0	6	0.0	0	0	0	0	0	0
oewn-04311513-n	starter	6	0	2	1	starter	0	6	0.0	0	0	0	0	0	0
oewn-04315721-n	steam bath	6	0	0	0		0	6	0.0	0	0	0	0	0	0
oewn-04330164-n	stock exchange	6	0	0	0		0	6	0.0	0	0	0	0	0	0
oewn-04342573-n	streetcar	6	0	0	0		0	6	0.0	0	0	0	0	0	0
oewn-04363134-n	sunglasses	6	0	0	0		0	6	0.0	0	0	0	0	0	0
oewn-04405632-n	teashop	6	0	1	1	buttery	0	6	0.0	0	0	0	0	0	0
oewn-04407424-n	telecommunication system	6	0	0	0		0	6	0.0	0	0	0	0	0	0
oewn-04420554-n	terminal	6	0	0	0		0	6	0.0	0	0	0	0	0	0
oewn-04478867-n	transistor	6	0	0	0		3	6	0.5	3	0	0	0	0	0
oewn-04479961-n	transmitter	6	0	1	1	sender	0	6	0.0	0	0	0	0	0	0
oewn-04500151-n	truth serum	6	0	0	0		1	6	0.17	0	1	0	0	0	0
oewn-04543448-n	viol	6	0	0	0		0	6	0.0	0	0	0	0	0	0
oewn-04548047-n	voltaic cell	6	0	0	0		0	6	0.0	0	0	0	0	0	0
oewn-04628367-n	inwardness	6	0	0	0		6	6	1.0	6	0	0	0	0	0
oewn-04690810-n	hairiness	6	0	0	0		4	6	0.67	2	2	1	0	0	0
oewn-04709475-n	transparency	6	0	0	0		6	6	1.0	3	3	1	0	0	0
oewn-04716861-n	effortfulness	6	0	0	0		1	6	0.17	0	1	0	0	0	0
oewn-04792897-n	illogicality	6	0	0	0		6	6	1.0	0	6	0	0	0	0
oewn-04809126-n	traditionalism	6	0	0	0		0	6	0.0	0	0	0	0	0	0
oewn-04817036-n	lawfulness	6	0	0	0		1	6	0.17	1	0	0	0	0	0
oewn-04834230-n	devoutness	6	0	0	0		4	6	0.67	0	4	0	0	0	0
oewn-04946501-n	breakableness	6	0	0	0		2	6	0.33	0	2	0	0	0	0
oewn-04949693-n	impenetrability	6	0	0	0		0	6	0.0	0	0	0	0	0	0
oewn-04964353-n	primary color	6	0	0	0		0	6	0.0	0	0	0	0	0	0
oewn-04965811-n	colorlessness	6	0	0	0		1	6	0.17	0	1	0	0	0	0
oewn-05107531-n	field strength	6	0	0	0		0	6	0.0	0	0	0	0	0	0
oewn-05173599-n	harmfulness	6	0	0	0		2	6	0.33	0	2	0	0	0	0
oewn-05174764-n	assertiveness	6	0	0	0		4	6	0.67	0	4	0	0	0	0
oewn-05216592-n	infiniteness	6	0	0	0		5	6	0.83	0	5	0	0	0	0
oewn-05235826-n	chiasma	6	0	0	0		0	6	0.0	0	0	0	0	0	0
oewn-05247151-n	epithelium	6	0	0	0		0	6	0.0	0	0	0	0	0	0
oewn-05251582-n	plaque	6	0	0	0		0	6	0.0	0	0	0	0	0	0
oewn-05272916-n	alimentary tract smear	6	0	0	0		0	6	0.0	0	0	0	0	0	0
oewn-05293122-n	marrow	6	0	2	1	marrow	0	6	0.0	0	0	0	0	0	0
oewn-05298509-n	abductor	6	0	0	0		0	6	0.0	0	0	0	0	0	0
oewn-05302105-n	extensor muscle	6	0	0	0		0	6	0.0	0	0	0	0	0	0
oewn-05335663-n	oil gland	6	0	0	0		0	6	0.0	0	0	0	0	0	0
oewn-05342858-n	alveolar artery	6	0	0	0		0	6	0.0	0	0	0	0	0	0
oewn-05348754-n	cerebral artery	6	0	0	0		0	6	0.0	0	0	0	0	0	0
oewn-05354694-n	iliac artery	6	0	0	0		0	6	0.0	0	0	0	0	0	0
oewn-05356432-n	labial artery	6	0	0	0		0	6	0.0	0	0	0	0	0	0
oewn-05358227-n	maxillary artery	6	0	0	0		0	6	0.0	0	0	0	0	0	0
oewn-05371224-n	circumflex vein	6	0	0	0		0	6	0.0	0	0	0	0	0	0
oewn-05377468-n	iliac vein	6	0	0	0		0	6	0.0	0	0	0	0	0	0
oewn-05379006-n	labial vein	6	0	0	0		0	6	0.0	0	0	0	0	0	0
oewn-05379468-n	labial vein	6	0	0	0		0	6	0.0	0	0	0	0	0	0
oewn-05385577-n	pulmonary vein	6	0	0	0		4	6	0.67	2	2	1	0	0	0
oewn-05401620-n	atrioventricular valve	6	0	0	0		0	6	0.0	0	0	0	0	0	0
oewn-05405366-n	extracellular fluid	6	0	0	0		3	6	0.5	0	3	0	0	0	0
oewn-05433664-n	venule	6	0	0	0		0	6	0.0	0	0	0	0	0	0
oewn-05466808-n	muscle cell	6	0	0	0		0	6	0.0	0	0	0	0	0	0
oewn-05475084-n	neurogliacyte	6	0	0	0		0	6	0.0	0	0	0	0	0	0
oewn-05479281-n	condyle	6	0	0	0		0	6	0.0	0	0	0	0	0	0
oewn-05509362-n	neural network	6	0	0	0		0	6	0.0	0	0	0	0	0	0
oewn-05586870-n	biceps	6	0	0	0		0	6	0.0	0	0	0	0	0	0
oewn-05609887-n	facial muscle	6	0	0	0		0	6	0.0	0	0	0	0	0	0
oewn-05720839-n	difference threshold	6	0	0	0		0	6	0.0	0	0	0	0	0	0
oewn-05755527-n	reappraisal	6	0	3	1	review	0	6	0.0	0	0	0	0	0	0
oewn-05845245-n	preoccupation	6	0	0	0		2	6	0.33	0	2	0	0	0	0
oewn-05875237-n	intersection	6	0	0	0		0	6	0.0	0	0	0	0	0	0
oewn-06003820-n	economic theory	6	0	0	0		0	6	0.0	0	0	0	0	0	0
oewn-06027371-n	applied mathematics	6	0	0	0		0	6	0.0	0	0	0	0	0	0
oewn-06088274-n	paleobiology	6	0	0	0		0	6	0.0	0	0	0	0	0	0
oewn-06121830-n	quantum field theory	6	0	0	0		0	6	0.0	0	0	0	0	0	0
oewn-06136212-n	biotechnology	6	0	0	0		0	6	0.0	0	0	0	0	0	0
oewn-06149215-n	behaviorism	6	0	0	0		4	6	0.67	4	0	0	0	0	0
oewn-06223643-n	anarchism	6	0	0	0		0	6	0.0	0	0	0	0	0	0
oewn-06272397-n	multimedia	6	0	0	0		0	6	0.0	0	0	0	0	0	0
oewn-06277070-n	journalism	6	0	0	0		0	6	0.0	0	0	0	0	0	0
oewn-06289979-n	electronic mail	6	0	0	0		0	6	0.0	0	0	0	0	0	0
oewn-06294565-n	source language	6	0	0	0		0	6	0.0	0	0	0	0	0	0
oewn-06322842-n	genitive	6	0	0	0		6	6	1.0	0	6	0	0	0	0
oewn-06435397-n	phonebook	6	0	0	0		0	6	0.0	0	0	0	0	0	0
oewn-06438756-n	atlas	6	0	1	1	atlas	2	6	0.33	2	0	0	0	0	0
oewn-06492177-n	derivative instrument	6	0	0	0		1	6	0.17	0	1	0	0	0	0
oewn-06505383-n	menu	6	0	0	0		0	6	0.0	0	0	0	0	0	0
oewn-06530059-n	coupon	6	0	1	1	voucher	0	6	0.0	0	0	0	0	0	0
oewn-06587403-n	interface	6	0	0	0		0	6	0.0	0	0	0	0	0	0
oewn-06640445-n	postcard	6	0	0	0		0	6	0.0	0	0	0	0	0	0
oewn-06692202-n	planographic printing	6	0	0	0		0	6	0.0	0	0	0	0	0	0
oewn-06800692-n	markup language	6	0	0	0		0	6	0.0	0	0	0	0	0	0
oewn-06907583-n	artificial language	6	0	0	0		0	6	0.0	0	0	0	0	0	0
oewn-07040133-n	comic opera	6	0	0	0		0	6	0.0	0	0	0	0	0	0
oewn-07085057-n	jargon	6	0	1	1	jargon	2	6	0.33	2	0	0	0	0	0
oewn-07314710-n	software error	6	0	0	0		3	6	0.5	0	3	0	0	0	0
oewn-07588522-n	canned food	6	0	0	0		0	6	0.0	0	0	0	0	0	0
oewn-07614305-n	hard candy	6	0	0	0		0	6	0.0	0	0	0	0	0	0
oewn-07623316-n	lozenge	6	0	0	0		0	6	0.0	0	0	0	0	0	0
oewn-07683960-n	lamb roast	6	0	0	0		4	6	0.67	4	0	0	0	0	0
oewn-07693338-n	pork sausage	6	0	1	1	brat	1	6	0.17	1	0	0	0	0	0
oewn-07736360-n	sweet pepper	6	0	0	0		0	6	0.0	0	0	0	0	0	0
oewn-07741507-n	green pea	6	0	0	0		0	6	0.0	0	0	0	0	0	0
oewn-07773288-n	sweet cherry	6	0	0	0		0	6	0.0	0	0	0	0	0	0
oewn-07854209-n	spaghetti sauce	6	0	0	0		1	6	0.17	0	1	0	0	0	0
oewn-07858729-n	omelet	6	0	0	0		0	6	0.0	0	0	0	0	0	0
oewn-07876781-n	batter	6	0	0	0		0	6	0.0	0	0	0	0	0	0
oewn-07879350-n	pasta	6	0	0	0		0	6	0.0	0	0	0	0	0	0
oewn-07887916-n	meat pie	6	0	1	1	pasty	2	6	0.33	0	2	0	0	0	0
oewn-07889783-n	pizza	6	0	0	0		0	6	0.0	0	0	0	0	0	0
oewn-08086714-n	brokerage	6	0	0	0		1	6	0.17	0	1	0	0	0	0
oewn-08097824-n	police squad	6	0	0	0		0	6	0.0	0	0	0	0	0	0
oewn-08205165-n	ensemble	6	0	0	0		0	6	0.0	0	0	0	0	0	0
oewn-08224130-n	paramilitary	6	0	0	0		0	6	0.0	0	0	0	0	0	0
oewn-08264172-n	quartet	6	0	0	0		0	6	0.0	0	0	0	0	0	0
oewn-08284561-n	matrix	6	0	0	0		0	6	0.0	0	0	0	0	0	0
oewn-08285006-n	square matrix	6	0	0	0		0	6	0.0	0	0	0	0	0	0
oewn-08381886-n	market economy	6	0	0	0		0	6	0.0	0	0	0	0	0	0
oewn-08384027-n	managed economy	6	0	0	0		0	6	0.0	0	0	0	0	0	0
oewn-08429706-n	grade school	6	0	1	1	grammar school	0	6	0.0	0	0	0	0	0	0
oewn-08443773-n	military formation	6	0	0	0		0	6	0.0	0	0	0	0	0	0
oewn-08472840-n	shariah	6	0	0	0		0	6	0.0	0	0	0	0	0	0
oewn-08508255-n	mailing address	6	0	0	0		0	6	0.0	0	0	0	0	0	0
oewn-08568541-n	diocese	6	0	0	0		0	6	0.0	0	0	0	0	0	0
oewn-09216160-n	alluvial sediment	6	0	1	1	delta	0	6	0.0	0	0	0	0	0	0
oewn-09294810-n	electron	6	0	0	0		1	6	0.17	0	1	0	0	0	0
oewn-09333712-n	inclusion body	6	0	0	0		2	6	0.33	0	2	0	0	0	0
oewn-09781176-n	account executive	6	0	0	0		0	6	0.0	0	0	0	0	0	0
oewn-09783624-n	acquirer	6	0	1	1	receiver	0	6	0.0	0	0	0	0	0	0
oewn-09789895-n	administrator	6	0	0	0		0	6	0.0	0	0	0	0	0	0
oewn-09810971-n	analyst	6	0	0	0		2	6	0.33	2	0	0	0	0	0
oewn-09834065-n	asserter	6	0	0	0		5	6	0.83	5	0	0	0	0	0
oewn-09882251-n	bodybuilder	6	0	0	0		0	6	0.0	0	0	0	0	0	0
oewn-09887676-n	botanist	6	0	0	0		0	6	0.0	0	0	0	0	0	0
oewn-09922184-n	cave dweller	6	0	0	0		0	6	0.0	0	0	0	0	0	0
oewn-09969936-n	compulsive	6	0	0	0		1	6	0.17	0	1	0	0	0	0
oewn-09971642-n	conciliator	6	0	0	0		0	6	0.0	0	0	0	0	0	0
oewn-09980167-n	contractor	6	0	0	0		1	6	0.17	1	0	0	0	0	0
oewn-09981478-n	conversationalist	6	0	0	0		0	6	0.0	0	0	0	0	0	0
oewn-09989248-n	counterperson	6	0	0	0		0	5	0.0	0	0	0	0	0	0
oewn-09996708-n	crew member	6	0	1	1	privateer	0	6	0.0	0	0	0	0	0	0
oewn-10054339-n	drinker	6	0	1	1	drinker	0	6	0.0	0	0	0	0	0	0
oewn-10069171-n	electrician	6	0	0	0		0	6	0.0	0	0	0	0	0	0
oewn-10079712-n	entomologist	6	0	0	0		0	6	0.0	0	0	0	0	0	0
oewn-10121196-n	football official	6	0	0	0		0	6	0.0	0	0	0	0	0	0
oewn-10125231-n	fortuneteller	6	0	0	0		0	6	0.0	0	0	0	0	0	0
oewn-10182100-n	hauler	6	0	0	0		0	6	0.0	0	0	0	0	0	0
oewn-10207609-n	hotelier	6	0	0	0		0	6	0.0	0	0	0	0	0	0
oewn-10210811-n	humanist	6	0	0	0		0	6	0.0	0	0	0	0	0	0
oewn-10242167-n	jobber	6	0	0	0		0	6	0.0	0	0	0	0	0	0
oewn-10274662-n	lesbian	6	0	0	0		3	6	0.5	0	3	0	0	0	0
oewn-10319367-n	masturbator	6	0	0	0		0	6	0.0	0	0	0	0	0	0
oewn-10337158-n	MP	6	0	0	0		0	6	0.0	0	0	0	0	0	0
oewn-10349902-n	moocher	6	0	0	0		4	6	0.67	4	0	0	0	0	0
oewn-10499603-n	producer	6	0	0	0		0	6	0.0	0	0	0	0	0	0
oewn-10526137-n	ranch hand	6	0	0	0		0	6	0.0	0	0	0	0	0	0
oewn-10536120-n	registered nurse	6	0	0	0		0	6	0.0	0	0	0	0	0	0
oewn-10550146-n	rifler	6	0	0	0		0	6	0.0	0	0	0	0	0	0
oewn-10573671-n	saxophonist	6	0	0	0		0	6	0.0	0	0	0	0	0	0
oewn-10653473-n	speculator	6	0	2	1	operator	0	6	0.0	0	0	0	0	0	0
oewn-10682391-n	street urchin	6	0	0	0		0	6	0.0	0	0	0	0	0	0
oewn-10713320-n	taxonomist	6	0	0	0		0	6	0.0	0	0	0	0	0	0
oewn-10738916-n	towner	6	0	0	0		2	6	0.33	0	2	0	0	0	0
oewn-10777293-n	visually impaired person	6	0	0	0		3	6	0.5	0	3	0	0	0	0
oewn-11530485-n	solar radiation	6	0	1	1	flare	0	6	0.0	0	0	0	0	0	0
oewn-11553267-n	ascocarp	6	0	0	0		0	6	0.0	0	0	0	0	0	0
oewn-11563091-n	liverwort	6	0	0	0		0	6	0.0	0	0	0	0	0	0
oewn-11616559-n	gymnosperm	6	0	0	0		1	6	0.17	0	1	0	0	0	0
oewn-11703311-n	cone	6	0	2	1	cone	0	6	0.0	0	0	0	0	0	0
oewn-11712734-n	perianth	6	0	0	0		0	6	0.0	0	0	0	0	0	0
oewn-11758003-n	pasqueflower	6	0	0	0		0	6	0.0	0	0	0	0	0	0
oewn-11771458-n	melilotus	6	0	0	0		0	6	0.0	0	0	0	0	0	0
oewn-11890158-n	watercress	6	0	0	0		0	6	0.0	0	0	0	0	0	0
oewn-11919108-n	pennycress	6	0	0	0		0	6	0.0	0	0	0	0	0	0
oewn-11949327-n	mugwort	6	0	0	0		0	6	0.0	0	0	0	0	0	0
oewn-12086278-n	rein orchid	6	0	0	0		0	6	0.0	0	0	0	0	0	0
oewn-12132525-n	grama	6	0	0	0		0	6	0.0	0	0	0	0	0	0
oewn-12160092-n	cordgrass	6	0	0	0		0	6	0.0	0	0	0	0	0	0
oewn-12160875-n	dropseed	6	0	0	0		0	6	0.0	0	0	0	0	0	0
oewn-12180072-n	marrow	6	0	2	1	marrow	0	6	0.0	0	0	0	0	0	0
oewn-12189082-n	lobelia	6	0	0	0		0	6	0.0	0	0	0	0	0	0
oewn-12309340-n	hazelnut	6	0	2	1	hazel	0	6	0.0	0	0	0	0	0	0
oewn-12327234-n	jasmine	6	0	0	0		0	6	0.0	0	0	0	0	0	0
oewn-12356181-n	mallee	6	0	0	0		1	6	0.17	0	1	0	0	0	0
oewn-12360900-n	tupelo	6	0	0	0		0	6	0.0	0	0	0	0	0	0
oewn-12368811-n	water chestnut	6	0	1	1	caltrop	0	6	0.0	0	0	0	0	0	0
oewn-12388128-n		6	0	0	0		0	6	0.0	0	0	0	0	0	0
oewn-12402028-n	candlewood	6	0	0	0		0	6	0.0	0	0	0	0	0	0
oewn-12458018-n	kniphofia	6	0	0	0		0	6	0.0	0	0	0	0	0	0
oewn-12480134-n		6	0	0	0		0	6	0.0	0	0	0	0	0	0
oewn-12487232-n	death camas	6	0	0	0		0	6	0.0	0	0	0	0	0	0
oewn-12528814-n	milk vetch	6	0	0	0		0	6	0.0	0	0	0	0	0	0
oewn-12574078-n	necklace tree	6	0	0	0		0	6	0.0	0	0	0	0	0	0
oewn-12581280-n	edible-pod pea	6	0	0	0		0	6	0.0	0	0	0	0	0	0
oewn-12616725-n	lady palm	6	0	0	0		3	6	0.5	3	0	0	0	0	0
oewn-12661368-n	apricot	6	0	1	1	apricot	0	6	0.0	0	0	0	0	0	0
oewn-12669826-n	flowering cherry	6	0	0	0		0	6	0.0	0	0	0	0	0	0
oewn-12703172-n	teasel	6	0	0	0		0	6	0.0	0	0	0	0	0	0
oewn-12704168-n	scabious	6	0	0	0		0	6	0.0	0	0	0	0	0	0
oewn-12740444-n	nasturtium	6	0	0	0		0	6	0.0	0	0	0	0	0	0
oewn-12819044-n	alumroot	6	0	0	0		0	6	0.0	0	0	0	0	0	0
oewn-12890238-n	germander	6	0	0	0		0	6	0.0	0	0	0	0	0	0
oewn-12905020-n	toadflax	6	0	0	0		0	6	0.0	0	0	0	0	0	0
oewn-12978368-n	clover fern	6	0	0	0		0	6	0.0	0	0	0	0	0	0
oewn-12989891-n	earthball	6	0	0	0		0	6	0.0	0	0	0	0	0	0
oewn-13145413-n	autophyte	6	0	0	0		0	6	0.0	0	0	0	0	0	0
oewn-13149124-n	tuber	6	0	0	0		0	6	0.0	0	0	0	0	0	0
oewn-13177490-n	compound leaf	6	0	0	0		5	6	0.83	5	0	0	0	0	0
oewn-13229603-n	lip fern	6	0	0	0		0	6	0.0	0	0	0	0	0	0
oewn-13232688-n	cliff brake	6	0	0	0		0	6	0.0	0	0	0	0	0	0
oewn-13251560-n	beech fern	6	0	0	0		0	6	0.0	0	0	0	0	0	0
oewn-13337354-n	excise	6	0	0	0		2	6	0.33	0	2	0	0	0	0
oewn-13347642-n	rate of exchange	6	0	0	0		0	6	0.0	0	0	0	0	0	0
oewn-13442268-n	unlisted security	6	0	0	0		0	6	0.0	0	0	0	0	0	0
oewn-13457236-n	automatic data processing	6	0	0	0		2	6	0.33	0	2	0	0	0	0
oewn-13496061-n	enuresis	6	0	0	0		3	6	0.5	0	3	0	0	0	0
oewn-13625518-n	metric unit	6	0	0	0		0	6	0.0	0	0	0	0	0	0
oewn-13654205-n	capacitance unit	6	0	0	0		0	6	0.0	0	0	0	0	0	0
oewn-13661126-n	illumination unit	6	0	1	1	lx	0	6	0.0	0	0	0	0	0	0
oewn-13755307-n	divisor	6	0	0	0		2	6	0.33	0	2	0	0	0	0
oewn-13757132-n	common divisor	6	0	1	1	common measure	3	6	0.5	0	3	0	0	0	0
oewn-13836813-n	unilateral descent	6	0	0	0		0	6	0.0	0	0	0	0	0	0
oewn-13901783-n	quadrilateral	6	0	0	0		0	6	0.0	0	0	0	0	0	0
oewn-13907397-n	parallelepiped	6	0	0	0		0	6	0.0	0	0	0	0	0	0
oewn-13983750-n	falsity	6	0	0	0		1	6	0.17	0	1	0	0	0	0
oewn-14016223-n	self-government	6	0	0	0		0	6	0.0	0	0	0	0	0	0
oewn-14061964-n	anestrus	6	0	0	0		0	6	0.0	0	0	0	0	0	0
oewn-14106682-n	epileptic seizure	6	0	0	0		6	6	1.0	3	3	1	0	0	0
oewn-14114736-n	ataxia	6	0	0	0		6	6	1.0	0	6	0	0	0	0
oewn-14124251-n	occlusion	6	0	0	0		0	6	0.0	0	0	0	0	0	0
oewn-14124565-n	embolism	6	0	0	0		0	6	0.0	0	0	0	0	0	0
oewn-14129507-n	aneurysm	6	0	0	0		2	6	0.33	0	2	0	0	0	0
oewn-14138037-n	renal failure	6	0	0	0		4	6	0.67	0	4	0	0	0	0
oewn-14152294-n	severe combined immunodeficiency	6	0	0	0		1	6	0.17	0	1	0	0	0	0
oewn-14154000-n	viral hepatitis	6	0	0	0		3	6	0.5	0	3	0	0	0	0
oewn-14162497-n	bubonic plague	6	0	0	0		3	6	0.5	0	3	0	0	0	0
oewn-14164544-n	typhus	6	0	0	0		2	6	0.33	2	0	0	0	0	0
oewn-14171446-n	atypical pneumonia	6	0	0	0		0	6	0.0	0	0	0	0	0	0
oewn-14178151-n	yellow-blue dichromacy	6	0	0	0		2	6	0.33	0	2	0	0	0	0
oewn-14185757-n	autosomal recessive disease	6	0	0	0		5	6	0.83	1	4	1	0	0	0
oewn-14189600-n	ischemia	6	0	0	0		0	6	0.0	0	0	0	0	0	0
oewn-14191658-n	refractory anemia	6	0	0	0		2	6	0.33	0	2	0	0	0	0
oewn-14195487-n	gastroenteritis	6	0	0	0		6	6	1.0	1	5	1	0	0	0
oewn-14198647-n	amebiasis	6	0	0	0		6	6	1.0	0	6	0	0	0	0
oewn-14200905-n	hemorrhagic fever	6	0	0	0		1	6	0.17	0	1	0	0	0	0
oewn-14204330-n	sepsis	6	0	0	0		3	6	0.5	3	0	0	0	0	0
oewn-14220950-n	purpura	6	0	0	0		3	6	0.5	0	3	0	0	0	0
oewn-14241379-n	leaf blight	6	0	0	0		4	6	0.67	0	4	0	0	0	0
oewn-14268645-n	myelocytic leukemia	6	0	0	0		2	6	0.33	2	0	0	0	0	0
oewn-14275802-n	skin cancer	6	0	0	0		0	6	0.0	0	0	0	0	0	0
oewn-14318750-n	rupture	6	0	0	0		0	6	0.0	0	0	0	0	0	0
oewn-14319193-n	colpocele	6	0	0	0		0	6	0.0	0	0	0	0	0	0
oewn-14321198-n	sleep disorder	6	0	0	0		5	6	0.83	0	5	0	0	0	0
oewn-14343111-n	jaundice	6	0	1	1	jaundice	6	6	1.0	0	6	0	0	0	0
oewn-14362347-n	carditis	6	0	0	0		6	6	1.0	1	5	1	0	0	0
oewn-14390746-n	elephantiasis	6	0	0	0		2	6	0.33	0	2	0	0	0	0
oewn-14393672-n	sleep apnea	6	0	0	0		5	6	0.83	5	0	0	0	0	0
oewn-14395318-n	diarrhea	6	0	1	1	looseness	0	6	0.0	0	0	0	0	0	0
oewn-14404821-n	phobia	6	0	0	0		4	6	0.67	4	0	0	0	0	0
oewn-14409535-n	posttraumatic stress disorder	6	0	0	0		6	6	1.0	0	6	0	0	0	0
oewn-14416566-n	neurosis	6	0	0	0		6	6	1.0	1	5	1	0	0	0
oewn-14490016-n	meromelia	6	0	0	0		4	6	0.67	0	4	0	0	0	0
oewn-14518300-n	sanitary condition	6	0	0	0		6	6	1.0	3	3	1	0	0	0
oewn-14519173-n	unsanitariness	6	0	2	1	foulness	6	6	1.0	0	6	0	0	0	0
oewn-14524492-n	normality	6	0	0	0		0	6	0.0	0	0	0	0	0	0
oewn-14531553-n	obstruction	6	0	2	1	obstruction	0	6	0.0	0	0	0	0	0	0
oewn-14621338-n	sorbent	6	0	0	0		0	6	0.0	0	0	0	0	0	0
oewn-14648921-n	rare earth	6	0	0	0		0	6	0.0	0	0	0	0	0	0
oewn-14689946-n	amphibole	6	0	0	0		0	6	0.0	0	0	0	0	0	0
oewn-14711794-n	kerosene	6	0	0	0		0	6	0.0	0	0	0	0	0	0
oewn-14715983-n	propellant	6	0	0	0		1	6	0.17	1	0	0	0	0	0
oewn-14729694-n	sealing material	6	0	0	0		0	6	0.0	0	0	0	0	0	0
oewn-14747240-n	activator	6	0	0	0		0	6	0.0	0	0	0	0	0	0
oewn-14755314-n	conjugated protein	6	0	0	0		0	6	0.0	0	0	0	0	0	0
oewn-14755688-n	albumin	6	0	0	0		0	6	0.0	0	0	0	0	0	0
oewn-14771766-n	androgen	6	0	0	0		0	6	0.0	0	0	0	0	0	0
oewn-14790543-n	antifreeze	6	0	0	0		0	6	0.0	0	0	0	0	0	0
oewn-14798860-n	benzene	6	0	0	0		0	6	0.0	0	0	0	0	0	0
oewn-14804199-n	oxidant	6	0	0	0		0	6	0.0	0	0	0	0	0	0
oewn-14818091-n	cellulose	6	0	1	1	pulp	0	6	0.0	0	0	0	0	0	0
oewn-14820243-n	carbolic acid	6	0	0	0		0	6	0.0	0	0	0	0	0	0
oewn-14827244-n	carbon steel	6	0	0	0		0	6	0.0	0	0	0	0	0	0
oewn-14851516-n	nitrile	6	0	0	0		0	6	0.0	0	0	0	0	0	0
oewn-14887672-n	manure	6	0	0	0		0	6	0.0	0	0	0	0	0	0
oewn-14889112-n	feldspar	6	0	0	0		0	6	0.0	0	0	0	0	0	0
oewn-14895752-n	fluoride	6	0	0	0		1	6	0.17	0	1	0	0	0	0
oewn-14904258-n	optical glass	6	0	0	0		3	6	0.5	0	3	0	0	0	0
oewn-14911456-n	glycoside	6	0	0	0		0	6	0.0	0	0	0	0	0	0
oewn-14913035-n	hemoprotein	6	0	0	0		0	6	0.0	0	0	0	0	0	0
oewn-14917140-n	attar	6	0	0	0		0	6	0.0	0	0	0	0	0	0
oewn-14928510-n	halide	6	0	0	0		1	6	0.17	0	1	0	0	0	0
oewn-14933128-n	humate	6	0	0	0		0	6	0.0	0	0	0	0	0	0
oewn-14943662-n	inorganic compound	6	0	0	0		0	6	0.0	0	0	0	0	0	0
oewn-14979169-n	mordant	6	0	0	0		0	6	0.0	0	0	0	0	0	0
oewn-15006824-n	phosphate	6	0	0	0		0	6	0.0	0	0	0	0	0	0
oewn-15012254-n	fluorescein	6	0	0	0		0	6	0.0	0	0	0	0	0	0
oewn-15041419-n	chloride	6	0	0	0		0	6	0.0	0	0	0	0	0	0
oewn-15046956-n	gamma globulin	6	0	0	0		0	6	0.0	0	0	0	0	0	0
oewn-15057228-n	chemical irritant	6	0	0	0		1	6	0.17	0	1	0	0	0	0
oewn-15075696-n	spinel ruby	6	0	0	0		0	6	0.0	0	0	0	0	0	0
oewn-15076272-n	solid solution	6	0	0	0		0	6	0.0	0	0	0	0	0	0
oewn-15082730-n	ketosteroid	6	0	0	0		0	6	0.0	0	0	0	0	0	0
oewn-15082877-n	sterol	6	0	0	0		0	6	0.0	0	0	0	0	0	0
oewn-15117318-n	vitamin K	6	0	0	0		0	6	0.0	0	0	0	0	0	0
oewn-15118049-n	vitriol	6	0	0	0		0	6	0.0	0	0	0	0	0	0
oewn-15121350-n	wetting agent	6	0	1	1	wetter	0	6	0.0	0	0	0	0	0	0
oewn-15131434-n	zeolite	6	0	0	0		0	6	0.0	0	0	0	0	0	0
oewn-15133694-n	zircon	6	0	1	1	jargon	0	6	0.0	0	0	0	0	0	0
oewn-92419120-n	zoophagy	6	0	1	1	rapacity	0	6	0.0	0	0	0	0	0	0
oewn-92444179-n	polearm	6	0	0	0		0	6	0.0	0	0	0	0	0	0
oewn-92446910-n	plate armor	6	0	0	0		0	6	0.0	0	0	0	0	0	0
oewn-92450753-n	sex toy	6	0	0	0		0	6	0.0	0	0	0	0	0	0
oewn-92464376-n	numeral	6	0	0	0		0	6	0.0	0	0	0	0	0	0
oewn-00103277-n	automation	5	0	0	0		0	5	0.0	0	0	0	0	0	0
oewn-00124603-n	gunfire	5	0	0	0		0	5	0.0	0	0	0	0	0	0
oewn-00133802-n	triple	5	0	0	0		0	5	0.0	0	0	0	0	0	0
oewn-00134919-n	knockout	5	0	0	0		2	5	0.4	0	2	0	0	0	0
oewn-00162708-n	sampling	5	0	0	0		1	5	0.2	1	0	0	0	0	0
oewn-00186287-n	breech delivery	5	0	0	0		0	5	0.0	0	0	0	0	0	0
oewn-00262640-n	beauty treatment	5	0	0	0		1	5	0.2	1	0	0	0	0	0
oewn-00373415-n	repositing	5	0	2	1	storage	0	5	0.0	0	0	0	0	0	0
oewn-00445636-n	skin diving	5	0	0	0		0	5	0.0	0	0	0	0	0	0
oewn-00449451-n	skating	5	0	0	0		0	5	0.0	0	0	0	0	0	0
oewn-00459914-n	computer game	5	0	0	0		0	5	0.0	0	0	0	0	0	0
oewn-00481519-n	badminton	5	0	0	0		0	5	0.0	0	0	0	0	0	0
oewn-00529704-n	ballet	5	0	1	1	ballet	1	5	0.2	0	1	0	0	0	0
oewn-00531055-n	modern dance	5	0	0	0		1	5	0.2	0	1	0	0	0	0
oewn-00565214-n	baseball play	5	0	0	0		0	5	0.0	0	0	0	0	0	0
oewn-00565747-n	squeeze play	5	0	0	0		0	5	0.0	0	0	0	0	0	0
oewn-00578786-n	consulting service	5	0	0	0		0	5	0.0	0	0	0	0	0	0
oewn-00620978-n	inventory accounting	5	0	0	0		0	5	0.0	0	0	0	0	0	0
oewn-00630416-n	arm exercise	5	0	0	0		0	5	0.0	0	0	0	0	0	0
oewn-00641431-n	marketing research	5	0	0	0		2	5	0.4	2	0	0	0	0	0
oewn-00642132-n	microscopy	5	0	0	0		0	5	0.0	0	0	0	0	0	0
oewn-00651003-n	dialysis	5	0	0	0		0	5	0.0	0	0	0	0	0	0
oewn-00654046-n	blood count	5	0	0	0		0	5	0.0	0	0	0	0	0	0
oewn-00669355-n	cautery	5	0	0	0		0	5	0.0	0	0	0	0	0	0
oewn-00676783-n	open-heart surgery	5	0	0	0		0	5	0.0	0	0	0	0	0	0
oewn-00697197-n	enema	5	0	0	0		0	5	0.0	0	0	0	0	0	0
oewn-00800620-n	advertising campaign	5	0	0	0		0	5	0.0	0	0	0	0	0	0
oewn-00808934-n	coordination	5	0	0	0		3	5	0.6	0	3	0	0	0	0
oewn-00820935-n	conservation	5	0	0	0		0	5	0.0	0	0	0	0	0	0
oewn-00822744-n	censoring	5	0	0	0		0	5	0.0	0	0	0	0	0	0
oewn-00822956-n	military censorship	5	0	0	0		0	5	0.0	0	0	0	0	0	0
oewn-00825715-n	inoculating	5	0	0	0		0	5	0.0	0	0	0	0	0	0
oewn-00849728-n	unlawful carnal knowledge	5	0	0	0		2	5	0.4	2	0	0	0	0	0
oewn-00874400-n	matrix operation	5	0	0	0		0	5	0.0	0	0	0	0	0	0
oewn-00890474-n	indoctrination	5	0	0	0		0	5	0.0	0	0	0	0	0	0
oewn-00898724-n	rehearsal	5	0	0	0		1	5	0.2	1	0	0	0	0	0
oewn-00900990-n	dramatization	5	0	0	0		1	5	0.2	1	0	0	0	0	0
oewn-00952969-n	high technology	5	0	0	0		2	5	0.4	2	0	0	0	0	0
oewn-01009551-n	projective test	5	0	1	1	TAT	0	5	0.0	0	0	0	0	0	0
oewn-01018143-n	pickup	5	0	0	0		0	5	0.0	0	0	0	0	0	0
oewn-01026753-n	operating procedure	5	0	0	0		4	5	0.8	4	0	0	0	0	0
oewn-01026910-n	standing operating procedure	5	0	0	0		5	5	1.0	5	0	0	0	0	0
oewn-01041957-n	sanctification	5	0	0	0		0	5	0.0	0	0	0	0	0	0
oewn-01057089-n	camping	5	0	1	1	encampment	0	5	0.0	0	0	0	0	0	0
oewn-01146868-n	scheduling	5	0	0	0		0	5	0.0	0	0	0	0	0	0
oewn-01158380-n	sexism	5	0	0	0		1	5	0.2	0	1	0	0	0	0
oewn-01159386-n	arming	5	0	1	1	armament	0	5	0.0	0	0	0	0	0	0
oewn-01214378-n	simplification	5	0	0	0		3	5	0.6	1	2	1	0	0	0
oewn-01232772-n	mobilization	5	0	1	1	rallying	0	5	0.0	0	0	0	0	0	0
oewn-01340556-n	enterovirus	5	0	0	0		3	5	0.6	0	3	0	0	0	0
oewn-01350716-n	halophile	5	0	0	0		2	5	0.4	0	2	0	0	0	0
oewn-01352136-n	probiotic	5	0	0	0		0	5	0.0	0	0	0	0	0	0
oewn-01353496-n	coccus	5	0	0	0		0	5	0.0	0	0	0	0	0	0
oewn-01377098-n	nitrobacterium	5	0	0	0		2	5	0.4	0	2	0	0	0	0
oewn-01384674-n	spirochete	5	0	0	0		4	5	0.8	3	1	1	0	0	0
oewn-01389706-n	protoctist	5	0	0	0		2	5	0.4	0	2	0	0	0	0
oewn-01444066-n	shiner	5	0	0	0		0	5	0.0	0	0	0	0	0	0
oewn-01453302-n	squirrelfish	5	0	0	0		0	5	0.0	0	0	0	0	0	0
oewn-01466718-n	mesoderm	5	0	0	0		0	5	0.0	0	0	0	0	0	0
oewn-01494998-n	smooth dogfish	5	0	0	0		0	5	0.0	0	0	0	0	0	0
oewn-01501630-n	eagle ray	5	0	0	0		0	5	0.0	0	0	0	0	0	0
oewn-01542874-n	grosbeak	5	0	0	0		0	5	0.0	0	0	0	0	0	0
oewn-01555783-n	antbird	5	0	0	0		2	5	0.4	2	0	0	0	0	0
oewn-01558450-n	true flycatcher	5	0	1	1	whistler	0	5	0.0	0	0	0	0	0	0
oewn-01585497-n		5	0	0	0		2	5	0.4	2	0	0	0	0	0
oewn-01591927-n	creeper	5	0	0	0		0	5	0.0	0	0	0	0	0	0
oewn-01601229-n	shrike	5	0	0	0		0	5	0.0	0	0	0	0	0	0
oewn-01603298-n	bowerbird	5	0	1	1	catbird	0	5	0.0	0	0	0	0	0	0
oewn-01612392-n	harrier	5	0	0	0		0	5	0.0	0	0	0	0	0	0
oewn-01632925-n	newt	5	0	0	0		0	5	0.0	0	0	0	0	0	0
oewn-01651811-n	spadefoot	5	0	0	0		0	5	0.0	0	0	0	0	0	0
oewn-01668573-n	snapping turtle	5	0	0	0		0	5	0.0	0	0	0	0	0	0
oewn-01686774-n	skink	5	0	0	0		0	5	0.0	0	0	0	0	0	0
oewn-01697350-n	monitor	5	0	0	0		0	5	0.0	0	0	0	0	0	0
oewn-01704192-n	armored dinosaur	5	0	0	0		0	5	0.0	0	0	0	0	0	0
oewn-01771449-n	mouthpart	5	0	0	0		0	5	0.0	0	0	0	0	0	0
oewn-01783337-n	trombiculid	5	0	0	0		4	5	0.8	0	4	0	0	0	0
oewn-01793748-n	jungle fowl	5	0	0	0		0	5	0.0	0	0	0	0	0	0
oewn-01847773-n	waterfowl	5	0	0	0		0	5	0.0	0	0	0	0	0	0
oewn-01859966-n	brant	5	0	0	0		0	5	0.0	0	0	0	0	0	0
oewn-01917250-n	sea anemone	5	0	0	0		0	5	0.0	0	0	0	0	0	0
oewn-01918828-n	gorgonian	5	0	0	0		0	5	0.0	0	0	0	0	0	0
oewn-01921385-n	ctenophore	5	0	0	0		2	5	0.4	0	2	0	0	0	0
oewn-01948918-n	neritid	5	0	0	0		0	5	0.0	0	0	0	0	0	0
oewn-01966212-n	mussel	5	0	0	0		0	5	0.0	0	0	0	0	0	0
oewn-01967082-n	freshwater mussel	5	0	0	0		0	5	0.0	0	0	0	0	0	0
oewn-01972367-n	octopod	5	0	1	1	nautilus	2	5	0.4	2	0	0	0	0	0
oewn-01978328-n	malacostracan crustacean	5	0	0	0		1	5	0.2	1	0	0	0	0	0
oewn-01987769-n	crayfish	5	0	0	0		0	5	0.0	0	0	0	0	0	0
oewn-01993669-n	woodlouse	5	0	0	0		0	5	0.0	0	0	0	0	0	0
oewn-02022583-n	button quail	5	0	0	0		0	5	0.0	0	0	0	0	0	0
oewn-02046832-n	jaeger	5	0	0	0		0	5	0.0	0	0	0	0	0	0
oewn-02055737-n	gannet	5	0	1	1	booby	0	5	0.0	0	0	0	0	0	0
oewn-02091884-n	dachshund	5	0	0	0		0	5	0.0	0	0	0	0	0	0
oewn-02109618-n	pinscher	5	0	0	0		0	5	0.0	0	0	0	0	0	0
oewn-02158100-n	calyculus	5	0	0	0		0	5	0.0	0	0	0	0	0	0
oewn-02172149-n	leaf beetle	5	0	0	0		0	5	0.0	0	0	0	0	0	0
oewn-02174105-n	lamellicorn beetle	5	0	0	0		0	5	0.0	0	0	0	0	0	0
oewn-02183887-n	darkling beetle	5	0	0	0		0	5	0.0	0	0	0	0	0	0
oewn-02188133-n	bird louse	5	0	0	0		2	5	0.4	2	0	0	0	0	0
oewn-02194425-n	blowfly	5	0	0	0		0	5	0.0	0	0	0	0	0	0
oewn-02195815-n	botfly	5	0	0	0		2	5	0.4	2	0	0	0	0	0
oewn-02217813-n	sphecoid wasp	5	0	0	0		0	5	0.0	0	0	0	0	0	0
oewn-02220215-n	chalcid fly	5	0	0	0		5	5	1.0	0	5	0	0	0	0
oewn-02242180-n	coreid bug	5	0	0	0		0	5	0.0	0	0	0	0	0	0
oewn-02253474-n	mealybug	5	0	0	0		2	5	0.4	0	2	0	0	0	0
oewn-02257349-n	adelgid	5	0	0	0		0	5	0.0	0	0	0	0	0	0
oewn-02260367-n	spittle insect	5	0	0	0		0	5	0.0	0	0	0	0	0	0
oewn-02262029-n	plant hopper	5	0	0	0		0	5	0.0	0	0	0	0	0	0
oewn-02263073-n	psocopterous insect	5	0	0	0		4	5	0.8	0	4	0	0	0	0
oewn-02264830-n	ephemerid	5	0	0	0		0	5	0.0	0	0	0	0	0	0
oewn-02267537-n	green lacewing	5	0	0	0		3	5	0.6	0	3	0	0	0	0
oewn-02294224-n	tineid	5	0	0	0		0	5	0.0	0	0	0	0	0	0
oewn-02302825-n	bombycid	5	0	0	0		0	5	0.0	0	0	0	0	0	0
oewn-02308059-n	arctiid	5	0	0	0		2	5	0.4	2	0	0	0	0	0
oewn-02342574-n	packrat	5	0	0	0		0	5	0.0	0	0	0	0	0	0
oewn-02346424-n	gerbil	5	0	0	0		0	5	0.0	0	0	0	0	0	0
oewn-02394646-n	rhinoceros	5	0	0	0		1	5	0.2	0	1	0	0	0	0
oewn-02398346-n	piglet	5	0	0	0		0	5	0.0	0	0	0	0	0	0
oewn-02400181-n	peccary	5	0	0	0		0	5	0.0	0	0	0	0	0	0
oewn-02426951-n	kudu	5	0	0	0		0	5	0.0	0	0	0	0	0	0
oewn-02435157-n	mule deer	5	0	0	0		0	5	0.0	0	0	0	0	0	0
oewn-02445745-n	polecat	5	0	1	1	ferret	4	5	0.8	0	4	0	0	0	0
oewn-02449997-n	badger	5	0	0	0		0	5	0.0	0	0	0	0	0	0
oewn-02461148-n	megatherian	5	0	0	0		0	5	0.0	0	0	0	0	0	0
oewn-02483486-n	gorilla	5	0	0	0		2	5	0.4	2	0	0	0	0	0
oewn-02541616-n	whitefish	5	0	0	0		0	5	0.0	0	0	0	0	0	0
oewn-02564292-n	pickerel	5	0	0	0		0	5	0.0	0	0	0	0	0	0
oewn-02565813-n	freshwater bream	5	0	0	0		0	5	0.0	0	0	0	0	0	0
oewn-02573469-n	surfperch	5	0	0	0		0	5	0.0	0	0	0	0	0	0
oewn-02593332-n	sea bream	5	0	0	0		0	5	0.0	0	0	0	0	0	0
oewn-02601682-n	sea trout	5	0	0	0		0	5	0.0	0	0	0	0	0	0
oewn-02602928-n	goatfish	5	0	0	0		0	5	0.0	0	0	0	0	0	0
oewn-02609014-n	damselfish	5	0	0	0		0	5	0.0	0	0	0	0	0	0
oewn-02633671-n	marlin	5	0	0	0		0	5	0.0	0	0	0	0	0	0
oewn-02647934-n	sculpin	5	0	0	0		0	5	0.0	0	0	0	0	0	0
oewn-02651255-n	greenling	5	0	0	0		0	5	0.0	0	0	0	0	0	0
oewn-02652680-n	gurnard	5	0	0	0		2	5	0.4	2	0	0	0	0	0
oewn-02653171-n	sea robin	5	0	0	0		0	5	0.0	0	0	0	0	0	0
oewn-02658153-n	spiny puffer	5	0	0	0		0	5	0.0	0	0	0	0	0	0
oewn-02659300-n	ocean sunfish	5	0	0	0		0	5	0.0	0	0	0	0	0	0
oewn-02670536-n	abortifacient	5	0	0	0		0	5	0.0	0	0	0	0	0	0
oewn-02692133-n	air gun	5	0	0	0		0	5	0.0	0	0	0	0	0	0
oewn-02695091-n	airport	5	0	0	0		0	5	0.0	0	0	0	0	0	0
oewn-02711083-n	analog computer	5	0	0	0		0	5	0.0	0	0	0	0	0	0
oewn-02722661-n	antiemetic	5	0	0	0		1	5	0.2	0	1	0	0	0	0
oewn-02726217-n	antiprotozoal	5	0	0	0		1	5	0.2	0	1	0	0	0	0
oewn-02733263-n	applicator	5	0	0	0		0	5	0.0	0	0	0	0	0	0
oewn-02807776-n	bassoon	5	0	0	0		0	5	0.0	0	0	0	0	0	0
oewn-02820785-n	beater	5	0	0	0		2	5	0.4	0	2	0	0	0	0
oewn-02836998-n	bevel gear	5	0	0	0		0	5	0.0	0	0	0	0	0	0
oewn-02875324-n	boomerang	5	0	0	0		0	5	0.0	0	0	0	0	0	0
oewn-02886446-n	bow tie	5	0	1	1	white tie	0	5	0.0	0	0	0	0	0	0
oewn-02906730-n	broadcasting station	5	0	0	0		0	5	0.0	0	0	0	0	0	0
oewn-02928903-n	business suit	5	0	0	0		0	5	0.0	0	0	0	0	0	0
oewn-02941898-n	calcium blocker	5	0	0	0		0	5	0.0	0	0	0	0	0	0
oewn-02971078-n	carpet pad	5	0	0	0		0	5	0.0	0	0	0	0	0	0
oewn-02988592-n	cathode-ray tube	5	0	0	0		0	5	0.0	0	0	0	0	0	0
oewn-02997543-n	centerboard	5	0	0	0		0	5	0.0	0	0	0	0	0	0
oewn-03015175-n	checkerboard	5	0	0	0		0	5	0.0	0	0	0	0	0	0
oewn-03038648-n	circular saw	5	0	0	0		0	5	0.0	0	0	0	0	0	0
oewn-03041694-n	clarinet	5	0	0	0		0	5	0.0	0	0	0	0	0	0
oewn-03080415-n	commissary	5	0	0	0		0	5	0.0	0	0	0	0	0	0
oewn-03104997-n	convertible	5	0	1	1	convertible	0	5	0.0	0	0	0	0	0	0
oewn-03122997-n	counter tube	5	0	0	0		0	5	0.0	0	0	0	0	0	0
oewn-03140568-n	crossbar	5	0	0	0		0	5	0.0	0	0	0	0	0	0
oewn-03161656-n	cyma	5	0	0	0		0	5	0.0	0	0	0	0	0	0
oewn-03197791-n	diesel	5	0	0	0		0	5	0.0	0	0	0	0	0	0
oewn-03198281-n	diesel locomotive	5	0	0	0		0	5	0.0	0	0	0	0	0	0
oewn-03204585-n	dinghy	5	0	0	0		0	5	0.0	0	0	0	0	0	0
oewn-03256236-n	dry dock	5	0	0	0		0	5	0.0	0	0	0	0	0	0
oewn-03258101-n	duct	5	0	0	0		0	5	0.0	0	0	0	0	0	0
oewn-03277150-n	electric heater	5	0	0	0		0	5	0.0	0	0	0	0	0	0
oewn-03331893-n	felt-tip pen	5	0	0	0		0	5	0.0	0	0	0	0	0	0
oewn-03347893-n	fin keel	5	0	0	0		0	5	0.0	0	0	0	0	0	0
oewn-03353996-n	firing range	5	0	0	0		0	5	0.0	0	0	0	0	0	0
oewn-03359459-n	fixture	5	0	1	1	fixture	0	5	0.0	0	0	0	0	0	0
oewn-03381441-n	folding chair	5	0	0	0		0	5	0.0	0	0	0	0	0	0
oewn-03427499-n	gas-discharge tube	5	0	0	0		0	5	0.0	0	0	0	0	0	0
oewn-03490014-n	hand glass	5	0	0	0		0	5	0.0	0	0	0	0	0	0
oewn-03558666-n	hydrometer	5	0	0	0		0	5	0.0	0	0	0	0	0	0
oewn-03567919-n	immunogen	5	0	0	0		0	5	0.0	0	0	0	0	0	0
oewn-03577600-n	inlay	5	0	0	0		0	5	0.0	0	0	0	0	0	0
oewn-03578999-n	insole	5	0	0	0		0	5	0.0	0	0	0	0	0	0
oewn-03583224-n	intercommunication system	5	0	0	0		0	5	0.0	0	0	0	0	0	0
oewn-03651610-n	lathe	5	0	0	0		0	5	0.0	0	0	0	0	0	0
oewn-03668045-n	life buoy	5	0	0	0		0	5	0.0	0	0	0	0	0	0
oewn-03706725-n	machine gun	5	0	0	0		0	5	0.0	0	0	0	0	0	0
oewn-03793056-n	mortise joint	5	0	0	0		0	5	0.0	0	0	0	0	0	0
oewn-03816984-n	navigational system	5	0	0	0		0	5	0.0	0	0	0	0	0	0
oewn-03850710-n	oil tanker	5	0	0	0		0	5	0.0	0	0	0	0	0	0
oewn-03853868-n	opener	5	0	1	1	opener	0	5	0.0	0	0	0	0	0	0
oewn-03862950-n	oscillator	5	0	0	0		0	5	0.0	0	0	0	0	0	0
oewn-03899748-n	particle detector	5	0	0	0		0	5	0.0	0	0	0	0	0	0
oewn-03909211-n	peavey	5	0	0	0		1	5	0.2	0	1	0	0	0	0
oewn-03924602-n	personal computer	5	0	0	0		0	5	0.0	0	0	0	0	0	0
oewn-03967544-n	plate iron	5	0	0	0		0	5	0.0	0	0	0	0	0	0
oewn-03981393-n	pointed arch	5	0	0	0		1	5	0.2	1	0	0	0	0	0
oewn-04004103-n	practice range	5	0	0	0		0	5	0.0	0	0	0	0	0	0
oewn-04012288-n	prison camp	5	0	0	0		0	5	0.0	0	0	0	0	0	0
oewn-04043919-n	racer	5	0	1	1	racer	0	5	0.0	0	0	0	0	0	0
oewn-04064044-n	rayon	5	0	0	0		0	5	0.0	0	0	0	0	0	0
oewn-04075713-n	reflecting telescope	5	0	0	0		0	5	0.0	0	0	0	0	0	0
oewn-04092477-n	reverse transcriptase inhibitor	5	0	0	0		0	5	0.0	0	0	0	0	0	0
oewn-04132954-n	safety belt	5	0	0	0		0	5	0.0	0	0	0	0	0	0
oewn-04135600-n	sailboat	5	0	0	0		0	5	0.0	0	0	0	0	0	0
oewn-04146060-n	saucepan	5	0	0	0		0	5	0.0	0	0	0	0	0	0
oewn-04150205-n	scanner	5	0	0	0		0	5	0.0	0	0	0	0	0	0
oewn-04212364-n	short pants	5	0	0	0		0	5	0.0	0	0	0	0	0	0
oewn-04251069-n	slot machine	5	0	0	0		0	5	0.0	0	0	0	0	0	0
oewn-04254864-n	snack bar	5	0	0	0		0	5	0.0	0	0	0	0	0	0
oewn-04280183-n	spectroscope	5	0	0	0		0	5	0.0	0	0	0	0	0	0
oewn-04286310-n	spinning machine	5	0	0	0		0	5	0.0	0	0	0	0	0	0
oewn-04292941-n	sportswear	5	0	0	0		3	5	0.6	0	3	0	0	0	0
oewn-04318733-n	steel mill	5	0	0	0		0	5	0.0	0	0	0	0	0	0
oewn-04351324-n	studio	5	0	0	0		0	5	0.0	0	0	0	0	0	0
oewn-04355262-n	submersible	5	0	1	1	submarine	0	5	0.0	0	0	0	0	0	0
oewn-04357182-n	suction pump	5	0	0	0		0	5	0.0	0	0	0	0	0	0
oewn-04387433-n	table knife	5	0	0	0		0	5	0.0	0	0	0	0	0	0
oewn-04396120-n	tank	5	0	0	0		0	5	0.0	0	0	0	0	0	0
oewn-04398925-n	tape	5	0	1	1	tape	0	5	0.0	0	0	0	0	0	0
oewn-04412444-n	television-camera tube	5	0	0	0		0	5	0.0	0	0	0	0	0	0
oewn-04430423-n	thiazide	5	0	0	0		1	5	0.2	0	1	0	0	0	0
oewn-04445438-n	timer	5	0	0	0		0	5	0.0	0	0	0	0	0	0
oewn-04446256-n	tincture	5	0	0	0		0	5	0.0	0	0	0	0	0	0
oewn-04453086-n	toggle switch	5	0	0	0		0	5	0.0	0	0	0	0	0	0
oewn-04454410-n	toilet powder	5	0	0	0		0	5	0.0	0	0	0	0	0	0
oewn-04457514-n	tomograph	5	0	0	0		0	5	0.0	0	0	0	0	0	0
oewn-04464561-n	torpedo boat	5	0	0	0		0	5	0.0	0	0	0	0	0	0
oewn-04474334-n	trailer	5	0	0	0		0	5	0.0	0	0	0	0	0	0
oewn-04489649-n	tricycle	5	0	0	0		0	5	0.0	0	0	0	0	0	0
oewn-04511131-n	two-handed saw	5	0	0	0		0	5	0.0	0	0	0	0	0	0
oewn-04525427-n	vacuum flask	5	0	0	0		0	5	0.0	0	0	0	0	0	0
oewn-04541422-n	video recording	5	0	0	0		0	5	0.0	0	0	0	0	0	0
oewn-04546498-n	vivarium	5	0	0	0		0	5	0.0	0	0	0	0	0	0
oewn-04547833-n	voltaic battery	5	0	0	0		0	5	0.0	0	0	0	0	0	0
oewn-04566309-n	water-cooled reactor	5	0	0	0		0	5	0.0	0	0	0	0	0	0
oewn-04568834-n	water pistol	5	0	0	0		0	5	0.0	0	0	0	0	0	0
oewn-04570490-n	waterwheel	5	0	0	0		0	5	0.0	0	0	0	0	0	0
oewn-04608239-n	work-clothing	5	0	0	0		0	5	0.0	0	0	0	0	0	0
oewn-04633239-n	compulsiveness	5	0	0	0		4	5	0.8	4	0	0	0	0	0
oewn-04664353-n	aloofness	5	0	1	1	remoteness	5	5	1.0	4	1	1	0	0	0
oewn-04664764-n	closeness	5	0	3	1	closeness	5	5	1.0	5	0	0	0	0	0
oewn-04694284-n	sex appeal	5	0	1	1	desirableness	5	5	1.0	4	1	1	0	0	0
oewn-04719681-n	combustibility	5	0	0	0		3	5	0.6	3	0	0	0	0	0
oewn-04728926-n	inappropriateness	5	0	1	1	unworthiness	5	5	1.0	2	3	1	0	0	0
oewn-04740444-n	gaseousness	5	0	0	0		0	5	0.0	0	0	0	0	0	0
oewn-04783538-n	immobility	5	0	0	0		2	5	0.4	0	2	0	0	0	0
oewn-04799358-n	satisfactoriness	5	0	0	0		3	5	0.6	2	1	1	0	0	0
oewn-04799910-n	acceptability	5	0	0	0		2	5	0.4	2	0	0	0	0	0
oewn-04823992-n	shabbiness	5	0	0	0		5	5	1.0	0	5	0	0	0	0
oewn-04906378-n	correctness	5	0	1	1	correctness	1	5	0.2	1	0	0	0	0	0
oewn-04947323-n	porosity	5	0	0	0		0	5	0.0	0	0	0	0	0	0
oewn-04971464-n	purplish red	5	0	0	0		0	5	0.0	0	0	0	0	0	0
oewn-04986041-n	protective coloration	5	0	0	0		0	5	0.0	0	0	0	0	0	0
oewn-04995915-n	harshness	5	0	2	2	harshness	5	5	1.0	0	5	0	0	0	0
oewn-05002389-n	palatability	5	0	0	0		3	5	0.6	1	2	1	0	0	0
oewn-05003105-n	flavorsomeness	5	0	0	0		3	5	0.6	0	3	0	0	0	0
oewn-05029875-n	bendability	5	0	1	1	pliancy	0	5	0.0	0	0	0	0	0	0
oewn-05079038-n	rectangularity	5	0	1	1	perpendicularity	1	5	0.2	1	0	0	0	0	0
oewn-05102373-n	superficiality	5	0	0	0		3	5	0.6	3	0	0	0	0	0
oewn-05140552-n	longness	5	0	1	1	extension	1	5	0.2	1	0	0	0	0	0
oewn-05155433-n	fruitlessness	5	0	0	0		4	5	0.8	3	1	1	0	0	0
oewn-05174332-n	positivity	5	0	0	0		3	5	0.6	3	0	0	0	0	0
oewn-05215231-n	ineffectiveness	5	0	0	0		0	5	0.0	0	0	0	0	0	0
oewn-05217090-n	quantifiability	5	0	0	0		2	5	0.4	2	0	0	0	0	0
oewn-05226835-n	adult body	5	0	0	0		0	5	0.0	0	0	0	0	0	0
oewn-05326381-n	eardrum	5	0	0	0		1	5	0.2	0	1	0	0	0	0
oewn-05351266-n	coronary artery	5	0	0	0		0	5	0.0	0	0	0	0	0	0
oewn-05358606-n	meningeal artery	5	0	0	0		0	5	0.0	0	0	0	0	0	0
oewn-05371732-n	clitoral vein	5	0	0	0		0	5	0.0	0	0	0	0	0	0
oewn-05387077-n	saphenous vein	5	0	0	0		0	5	0.0	0	0	0	0	0	0
oewn-05389478-n	temporal vein	5	0	0	0		0	5	0.0	0	0	0	0	0	0
oewn-05390941-n	thyroid vein	5	0	0	0		0	5	0.0	0	0	0	0	0	0
oewn-05405952-n	juice	5	0	2	1	juice	0	5	0.0	0	0	0	0	0	0
oewn-05410492-n	serum	5	0	0	0		0	5	0.0	0	0	0	0	0	0
oewn-05430012-n	vena cava	5	0	0	0		0	5	0.0	0	0	0	0	0	0
oewn-05433487-n	capillary	5	0	0	0		0	5	0.0	0	0	0	0	0	0
oewn-05437102-n	omentum	5	0	0	0		0	5	0.0	0	0	0	0	0	0
oewn-05437672-n	lymph node	5	0	0	0		1	5	0.2	0	1	0	0	0	0
oewn-05442503-n	nucleus	5	0	1	1	nucleus	0	5	0.0	0	0	0	0	0	0
oewn-05449044-n	suppressor	5	0	0	0		0	5	0.0	0	0	0	0	0	0
oewn-05458464-n	phagocyte	5	0	0	0		3	5	0.6	2	1	1	0	0	0
oewn-05473044-n	end organ	5	0	0	0		0	5	0.0	0	0	0	0	0	0
oewn-05518353-n	sensory system	5	0	0	0		0	5	0.0	0	0	0	0	0	0
oewn-05558321-n	posterior serratus muscle	5	0	0	0		0	5	0.0	0	0	0	0	0	0
oewn-05576400-n	ulnar nerve	5	0	0	0		0	5	0.0	0	0	0	0	0	0
oewn-05663412-n	acuity	5	0	0	0		1	5	0.2	1	0	0	0	0	0
oewn-05675939-n	code of conduct	5	0	0	0		2	5	0.4	2	0	0	0	0	0
oewn-05679520-n	personal business	5	0	0	0		3	5	0.6	3	0	0	0	0	0
oewn-05748245-n	bioassay	5	0	0	0		0	5	0.0	0	0	0	0	0	0
oewn-05748874-n	biopsy	5	0	0	0		0	5	0.0	0	0	0	0	0	0
oewn-05761951-n	internalization	5	0	0	0		0	5	0.0	0	0	0	0	0	0
oewn-05763153-n	memorization	5	0	0	0		0	5	0.0	0	0	0	0	0	0
oewn-05764411-n	generalization	5	0	1	1	irradiation	1	5	0.2	0	1	0	0	0	0
oewn-05772194-n	colligation	5	0	0	0		0	5	0.0	0	0	0	0	0	0
oewn-05772362-n	overlap	5	0	1	1	overlap	0	5	0.0	0	0	0	0	0	0
oewn-05849678-n	art form	5	0	0	0		0	5	0.0	0	0	0	0	0	0
oewn-05894229-n	law of motion	5	0	0	0		0	5	0.0	0	0	0	0	0	0
oewn-05974996-n	predestination	5	0	1	1	election	1	5	0.2	1	0	0	0	0	0
oewn-06022075-n	algebra	5	0	0	0		0	5	0.0	0	0	0	0	0	0
oewn-06032371-n	parametric statistic	5	0	0	0		0	5	0.0	0	0	0	0	0	0
oewn-06071181-n	pediatrics	5	0	0	0		0	5	0.0	0	0	0	0	0	0
oewn-06080479-n	ecology	5	0	0	0		0	5	0.0	0	0	0	0	0	0
oewn-06084410-n	paleozoology	5	0	0	0		0	5	0.0	0	0	0	0	0	0
oewn-06089170-n	biochemistry	5	0	0	0		0	5	0.0	0	0	0	0	0	0
oewn-06142654-n	artificial intelligence	5	0	1	1	MT	0	5	0.0	0	0	0	0	0	0
oewn-06162291-n	systematics	5	0	0	0		0	5	0.0	0	0	0	0	0	0
oewn-06175539-n	modal logic	5	0	0	0		2	5	0.4	2	0	0	0	0	0
oewn-06180756-n	linguistics	5	0	0	0		0	5	0.0	0	0	0	0	0	0
oewn-06187445-n	morphology	5	0	0	0		0	5	0.0	0	0	0	0	0	0
oewn-06187758-n	morphology	5	0	0	0		0	5	0.0	0	0	0	0	0	0
oewn-06202524-n	vertebrate paleontology	5	0	0	0		0	5	0.0	0	0	0	0	0	0
oewn-06230561-n	socialism	5	0	0	0		0	5	0.0	0	0	0	0	0	0
oewn-06255946-n	voodoo	5	0	0	0		0	5	0.0	0	0	0	0	0	0
oewn-06274415-n	storage medium	5	0	0	0		0	5	0.0	0	0	0	0	0	0
oewn-06313073-n	polysyllable	5	0	0	0		0	5	0.0	0	0	0	0	0	0
oewn-06325801-n	subordinate clause	5	0	0	0		4	5	0.8	0	4	0	0	0	0
oewn-06329506-n	auxiliary verb	5	0	0	0		0	5	0.0	0	0	0	0	0	0
oewn-06341521-n	participle	5	0	0	0		0	5	0.0	0	0	0	0	0	0
oewn-06342274-n	transitive verb	5	0	0	0		0	5	0.0	0	0	0	0	0	0
oewn-06359366-n	line of poetry	5	0	0	0		3	5	0.6	0	3	0	0	0	0
oewn-06388898-n	pastoral	5	0	0	0		0	5	0.0	0	0	0	0	0	0
oewn-06439057-n	encyclopedia	5	0	0	0		0	5	0.0	0	0	0	0	0	0
oewn-06440815-n	rewording	5	0	0	0		0	5	0.0	0	0	0	0	0	0
oewn-06486274-n	self-report personality inventory	5	0	0	0		0	5	0.0	0	0	0	0	0	0
oewn-06526871-n	case history	5	0	0	0		0	5	0.0	0	0	0	0	0	0
oewn-06547213-n	legislation	5	0	1	1	legislation	0	5	0.0	0	0	0	0	0	0
oewn-06589761-n	tagger	5	0	0	0		0	5	0.0	0	0	0	0	0	0
oewn-06596878-n	utility routine	5	0	0	0		0	5	0.0	0	0	0	0	0	0
oewn-06628667-n	short subject	5	0	0	0		1	5	0.2	1	0	0	0	0	0
oewn-06651393-n	lexical database	5	0	0	0		0	5	0.0	0	0	0	0	0	0
oewn-06671739-n	social policy	5	0	0	0		0	5	0.0	0	0	0	0	0	0
oewn-06680537-n	legal code	5	0	0	0		0	5	0.0	0	0	0	0	0	0
oewn-06687692-n	course catalog	5	0	0	0		0	5	0.0	0	0	0	0	0	0
oewn-06691529-n	intaglio printing	5	0	0	0		0	5	0.0	0	0	0	0	0	0
oewn-06692471-n	collotype	5	0	0	0		0	5	0.0	0	0	0	0	0	0
oewn-06693315-n	offset	5	0	0	0		0	5	0.0	0	0	0	0	0	0
oewn-06767867-n	specious argument	5	0	0	0		1	5	0.2	1	0	0	0	0	0
oewn-06781692-n	restatement	5	0	0	0		0	5	0.0	0	0	0	0	0	0
oewn-06788613-n	sentimentalism	5	0	2	1	mush	0	5	0.0	0	0	0	0	0	0
oewn-06794438-n	pun	5	0	0	0		4	5	0.8	0	4	0	0	0	0
oewn-06853698-n	ideogram	5	0	0	0		0	5	0.0	0	0	0	0	0	0
oewn-06873876-n	major scale	5	0	0	0		0	5	0.0	0	0	0	0	0	0
oewn-06886067-n	mezzo-soprano	5	0	0	0		0	5	0.0	0	0	0	0	0	0
oewn-07038213-n	polyphony	5	0	0	0		0	5	0.0	0	0	0	0	0	0
oewn-07056608-n	canon	5	0	1	1	canon	0	5	0.0	0	0	0	0	0	0
oewn-07064992-n	folk song	5	0	0	0		1	5	0.2	0	1	0	0	0	0
oewn-07072508-n	military march	5	0	0	0		0	5	0.0	0	0	0	0	0	0
oewn-07072911-n	processional march	5	0	0	0		0	5	0.0	0	0	0	0	0	0
oewn-07127900-n	phonemic system	5	0	0	0		0	5	0.0	0	0	0	0	0	0
oewn-07133075-n	continuant consonant	5	0	0	0		0	5	0.0	0	0	0	0	0	0
oewn-07133262-n	fricative consonant	5	0	0	0		2	5	0.4	2	0	0	0	0	0
oewn-07161008-n	clinic	5	0	0	0		0	5	0.0	0	0	0	0	0	0
oewn-07222070-n	repudiation	5	0	1	1	renunciation	2	5	0.4	0	2	0	0	0	0
oewn-07264094-n	newspaper ad	5	0	0	0		0	5	0.0	0	0	0	0	0	0
oewn-07279593-n	output signal	5	0	0	0		0	5	0.0	0	0	0	0	0	0
oewn-07281147-n	acoustic buoy	5	0	0	0		0	5	0.0	0	0	0	0	0	0
oewn-07287250-n	gummed label	5	0	0	0		0	5	0.0	0	0	0	0	0	0
oewn-07335847-n	reincarnation	5	0	0	0		0	5	0.0	0	0	0	0	0	0
oewn-07361651-n	traveling wave	5	0	0	0		3	5	0.6	0	3	0	0	0	0
oewn-07451972-n	pollination	5	0	0	0		0	5	0.0	0	0	0	0	0	0
oewn-07508667-n	sexual pleasure	5	0	0	0		4	5	0.8	0	4	0	0	0	0
oewn-07580536-n	vegetarianism	5	0	0	0		0	5	0.0	0	0	0	0	0	0
oewn-07595618-n	side dish	5	0	0	0		0	5	0.0	0	0	0	0	0	0
oewn-07605891-n	goulash	5	0	0	0		0	5	0.0	0	0	0	0	0	0
oewn-07616077-n	candied fruit	5	0	0	0		0	5	0.0	0	0	0	0	0	0
oewn-07659590-n	gelatin	5	0	1	1	jelly	0	5	0.0	0	0	0	0	0	0
oewn-07663479-n	drumstick	5	0	1	1	drumstick	0	5	0.0	0	0	0	0	0	0
oewn-07683071-n	cut of lamb	5	0	0	0		0	5	0.0	0	0	0	0	0	0
oewn-07698061-n	dark bread	5	0	0	0		0	5	0.0	0	0	0	0	0	0
oewn-07719078-n	mush	5	0	2	1	mush	0	5	0.0	0	0	0	0	0	0
oewn-07743554-n	fresh bean	5	0	0	0		0	5	0.0	0	0	0	0	0	0
oewn-07745461-n	soy	5	0	0	0		4	5	0.8	4	0	0	0	0	0
oewn-07751028-n	salsify	5	0	0	0		0	5	0.0	0	0	0	0	0	0
oewn-07763927-n	mandarin	5	0	0	0		0	5	0.0	0	0	0	0	0	0
oewn-07772072-n	winter melon	5	0	0	0		0	5	0.0	0	0	0	0	0	0
oewn-07773578-n	heart cherry	5	0	0	0		0	5	0.0	0	0	0	0	0	0
oewn-07797948-n	blowfish	5	0	0	0		5	5	1.0	5	0	0	0	0	0
oewn-07805517-n	haddock	5	0	0	0		0	5	0.0	0	0	0	0	0	0
oewn-07813617-n	scallop	5	0	0	0		0	5	0.0	0	0	0	0	0	0
oewn-07820299-n	rice	5	0	1	1	rice	0	5	0.0	0	0	0	0	0	0
oewn-07821707-n	petfood	5	0	0	0		0	5	0.0	0	0	0	0	0	0
oewn-07835456-n	mustard	5	0	1	1	mustard	0	5	0.0	0	0	0	0	0	0
oewn-07862119-n	powdered milk	5	0	0	0		0	5	0.0	0	0	0	0	0	0
oewn-07865312-n	yogurt	5	0	0	0		0	5	0.0	0	0	0	0	0	0
oewn-07885751-n	kabob	5	0	0	0		0	5	0.0	0	0	0	0	0	0
oewn-07937695-n	cider	5	0	0	0		1	5	0.2	0	1	0	0	0	0
oewn-08022536-n	bracket	5	0	1	1	bracket	1	5	0.2	1	0	0	0	0	0
oewn-08088352-n	mutual fund	5	0	0	0		0	5	0.0	0	0	0	0	0	0
oewn-08127339-n	species	5	0	0	0		0	5	0.0	0	0	0	0	0	0
oewn-08163600-n	intensive care unit	5	0	0	0		0	5	0.0	0	0	0	0	0	0
oewn-08168497-n	cult	5	0	0	0		0	5	0.0	0	0	0	0	0	0
oewn-08198576-n	middle class	5	0	0	0		0	5	0.0	0	0	0	0	0	0
oewn-08293460-n	preschool	5	0	0	0		0	5	0.0	0	0	0	0	0	0
oewn-08374711-n	government officials	5	0	0	0		0	5	0.0	0	0	0	0	0	0
oewn-08375890-n	terrorist cell	5	0	0	0		0	5	0.0	0	0	0	0	0	0
oewn-08400421-n	closed corporation	5	0	0	0		0	5	0.0	0	0	0	0	0	0
oewn-08440014-n	savings bank	5	0	0	0		0	5	0.0	0	0	0	0	0	0
oewn-08456118-n	rain forest	5	0	0	0		0	5	0.0	0	0	0	0	0	0
oewn-08471014-n	international law	5	0	0	0		0	5	0.0	0	0	0	0	0	0
oewn-08559644-n	climatic zone	5	0	0	0		0	5	0.0	0	0	0	0	0	0
oewn-08706328-n	combat zone	5	0	1	1	foothold	0	5	0.0	0	0	0	0	0	0
oewn-09220693-n	anion	5	0	0	0		2	5	0.4	0	2	0	0	0	0
oewn-09284866-n	cumulus	5	0	0	0		0	5	0.0	0	0	0	0	0	0
oewn-09310321-n	gauge boson	5	0	0	0		1	5	0.2	0	1	0	0	0	0
oewn-09392309-n	neutrino	5	0	0	0		0	5	0.0	0	0	0	0	0	0
oewn-09393939-n	nidus	5	0	0	0		0	5	0.0	0	0	0	0	0	0
oewn-09397798-n	nucleon	5	0	0	0		0	5	0.0	0	0	0	0	0	0
oewn-09404154-n	outcrop	5	0	0	0		0	5	0.0	0	0	0	0	0	0
oewn-09510152-n	legendary creature	5	0	0	0		1	5	0.2	1	0	0	0	0	0
oewn-09697405-n		5	0	0	0		1	5	0.2	0	1	0	0	0	0
oewn-09775831-n	able-bodied sailor	5	0	0	0		0	5	0.0	0	0	0	0	0	0
oewn-09799988-n	aircraft officer	5	0	0	0		0	5	0.0	0	0	0	0	0	0
oewn-09822064-n	appropriator	5	0	0	0		1	5	0.2	0	1	0	0	0	0
oewn-09824229-n	archeologist	5	0	0	0		0	5	0.0	0	0	0	0	0	0
oewn-09831257-n	cannoneer	5	0	0	0		0	5	0.0	0	0	0	0	0	0
oewn-09837427-n	astronaut	5	0	0	0		0	5	0.0	0	0	0	0	0	0
oewn-09853766-n	ball carrier	5	0	2	2	runner	0	5	0.0	0	0	0	0	0	0
oewn-09868183-n	bellhop	5	0	0	0		0	5	0.0	0	0	0	0	0	0
oewn-09874839-n	biographer	5	0	0	0		0	5	0.0	0	0	0	0	0	0
oewn-09952869-n	codefendant	5	0	0	0		1	5	0.2	0	1	0	0	0	0
oewn-09956350-n	college student	5	0	0	0		0	5	0.0	0	0	0	0	0	0
oewn-09963290-n	commissioner	5	0	0	0		0	5	0.0	0	0	0	0	0	0
oewn-09974358-n	con artist	5	0	0	0		1	5	0.2	1	0	0	0	0	0
oewn-09975866-n	connoisseur	5	0	0	0		2	5	0.4	2	0	0	0	0	0
oewn-10004809-n	cutter	5	0	1	1	cutter	0	5	0.0	0	0	0	0	0	0
oewn-10014936-n	decoder	5	0	0	0		0	5	0.0	0	0	0	0	0	0
oewn-10032987-n	diner	5	0	2	2	cutter	0	5	0.0	0	0	0	0	0	0
oewn-10061695-n	earner	5	0	0	0		0	5	0.0	0	0	0	0	0	0
oewn-10068644-n	elected official	5	0	0	0		1	5	0.2	0	1	0	0	0	0
oewn-10070240-n	elevator operator	5	0	0	0		0	5	0.0	0	0	0	0	0	0
oewn-10104404-n	feminist	5	0	0	0		0	5	0.0	0	0	0	0	0	0
oewn-10105505-n	feudal lord	5	0	0	0		0	5	0.0	0	0	0	0	0	0
oewn-10117861-n	flunky	5	0	0	0		1	5	0.2	1	0	0	0	0	0
oewn-10153370-n	FBI agent	5	0	0	0		0	5	0.0	0	0	0	0	0	0
oewn-10184198-n	head of household	5	0	0	0		0	5	0.0	0	0	0	0	0	0
oewn-10197847-n	hitter	5	0	0	0		1	5	0.2	0	1	0	0	0	0
oewn-10218221-n	idolater	5	0	0	0		0	5	0.0	0	0	0	0	0	0
oewn-10226506-n	initiate	5	0	1	1	initiate	0	5	0.0	0	0	0	0	0	0
oewn-10246473-n	jumper	5	0	1	1	hopper	0	5	0.0	0	0	0	0	0	0
oewn-10250250-n	kicker	5	0	0	0		0	5	0.0	0	0	0	0	0	0
oewn-10268408-n	laudator	5	0	0	0		3	5	0.6	3	0	0	0	0	0
oewn-10270224-n	layperson	5	0	0	0		2	5	0.4	0	2	0	0	0	0
oewn-10281085-n	bargee	5	0	0	0		0	5	0.0	0	0	0	0	0	0
oewn-10312993-n	marcher	5	0	1	1	pivot	0	5	0.0	0	0	0	0	0	0
oewn-10325671-n	medical scientist	5	0	0	0		2	5	0.4	2	0	0	0	0	0
oewn-10376291-n	newspaper columnist	5	0	0	0		0	5	0.0	0	0	0	0	0	0
oewn-10377436-n	niggard	5	0	0	0		0	5	0.0	0	0	0	0	0	0
oewn-10406683-n	outfielder	5	0	0	0		0	5	0.0	0	0	0	0	0	0
oewn-10418323-n	paraprofessional	5	0	0	0		1	5	0.2	0	1	0	0	0	0
oewn-10438586-n	persuader	5	0	0	0		0	5	0.0	0	0	0	0	0	0
oewn-10451389-n	picker	5	0	0	0		0	5	0.0	0	0	0	0	0	0
oewn-10455483-n	pisser	5	0	1	1	wetter	3	5	0.6	0	3	0	0	0	0
oewn-10460291-n	playgoer	5	0	0	0		1	5	0.2	0	1	0	0	0	0
oewn-10462389-n	plower	5	0	0	0		0	5	0.0	0	0	0	0	0	0
oewn-10469095-n	police sergeant	5	0	1	1	sergeant	0	5	0.0	0	0	0	0	0	0
oewn-10481995-n	powerhouse	5	0	0	0		4	5	0.8	4	0	0	0	0	0
oewn-10502980-n	property master	5	0	0	0		0	5	0.0	0	0	0	0	0	0
oewn-10585500-n	sculptor	5	0	1	1	carver	0	5	0.0	0	0	0	0	0	0
oewn-10595149-n	seed seller	5	0	0	0		0	5	0.0	0	0	0	0	0	0
oewn-10603770-n	sewer	5	0	0	0		0	5	0.0	0	0	0	0	0	0
oewn-10638364-n	socialist	5	0	0	0		0	5	0.0	0	0	0	0	0	0
oewn-10639543-n	social worker	5	0	0	0		0	5	0.0	0	0	0	0	0	0
oewn-10640274-n	sociologist	5	0	0	0		0	5	0.0	0	0	0	0	0	0
oewn-10644908-n	soprano	5	0	0	0		0	5	0.0	0	0	0	0	0	0
oewn-10664831-n	stagehand	5	0	0	0		0	5	0.0	0	0	0	0	0	0
oewn-10711978-n	taster	5	0	0	0		1	5	0.2	0	1	0	0	0	0
oewn-10718758-n	tellurian	5	0	0	0		0	5	0.0	0	0	0	0	0	0
oewn-10746908-n	treasurer	5	0	0	0		0	5	0.0	0	0	0	0	0	0
oewn-10772387-n	victimizer	5	0	0	0		0	5	0.0	0	0	0	0	0	0
oewn-10778819-n	volunteer	5	0	1	1	volunteer	0	5	0.0	0	0	0	0	0	0
oewn-10803789-n	smart aleck	5	0	0	0		4	5	0.8	0	4	0	0	0	0
oewn-11428673-n	natural phenomenon	5	0	0	0		0	5	0.0	0	0	0	0	0	0
oewn-11440253-n	aberration	5	0	1	1	distortion	3	5	0.6	3	0	0	0	0	0
oewn-11444308-n	alternation of generations	5	0	0	0		2	5	0.4	2	0	0	0	0	0
oewn-11444514-n	alternative energy	5	0	0	0		1	5	0.2	0	1	0	0	0	0
oewn-11450082-n	blood pressure	5	0	0	0		0	5	0.0	0	0	0	0	0	0
oewn-11497784-n	magnetic field	5	0	0	0		0	5	0.0	0	0	0	0	0	0
oewn-11506578-n	necrobiosis	5	0	0	0		0	5	0.0	0	0	0	0	0	0
oewn-11538432-n	surface tension	5	0	0	0		0	5	0.0	0	0	0	0	0	0
oewn-11548676-n	parallax	5	0	0	0		1	5	0.2	0	1	0	0	0	0
oewn-11585185-n	hamamelid dicot family	5	0	0	0		0	5	0.0	0	0	0	0	0	0
oewn-11629926-n	pinon	5	0	0	0		0	5	0.0	0	0	0	0	0	0
oewn-11630135-n	nut pine	5	0	0	0		0	5	0.0	0	0	0	0	0	0
oewn-11641124-n	fir	5	0	1	1	fir	0	5	0.0	0	0	0	0	0	0
oewn-11657466-n	pencil cedar	5	0	0	0		2	5	0.4	2	0	0	0	0	0
oewn-11696951-n	pistil	5	0	0	0		0	5	0.0	0	0	0	0	0	0
oewn-11705648-n	capsule	5	0	0	0		0	5	0.0	0	0	0	0	0	0
oewn-11721333-n	allspice	5	0	0	0		0	5	0.0	0	0	0	0	0	0
oewn-11757163-n	nigella	5	0	0	0		0	5	0.0	0	0	0	0	0	0
oewn-11787823-n	dogbane	5	0	0	0		1	5	0.2	0	1	0	0	0	0
oewn-11792008-n	carissa	5	0	0	0		0	5	0.0	0	0	0	0	0	0
oewn-11794982-n	frangipani	5	0	0	0		0	5	0.0	0	0	0	0	0	0
oewn-11804389-n	anthurium	5	0	0	0		0	5	0.0	0	0	0	0	0	0
oewn-11814248-n	calla lily	5	0	0	0		0	5	0.0	0	0	0	0	0	0
oewn-11822681-n	wild ginger	5	0	0	0		1	5	0.2	0	1	0	0	0	0
oewn-11838383-n	chickweed	5	0	0	0		0	5	0.0	0	0	0	0	0	0
oewn-11851375-n	saltbush	5	0	0	0		0	5	0.0	0	0	0	0	0	0
oewn-11877789-n	purslane	5	0	0	0		0	5	0.0	0	0	0	0	0	0
oewn-11886717-n	spiderflower	5	0	0	0		0	5	0.0	0	0	0	0	0	0
oewn-11892615-n	rock cress	5	0	0	0		0	5	0.0	0	0	0	0	0	0
oewn-11914796-n	radish plant	5	0	0	0		0	5	0.0	0	0	0	0	0	0
oewn-11936127-n	compass plant	5	0	0	0		0	5	0.0	0	0	0	0	0	0
oewn-11936936-n	achillea	5	0	0	0		0	5	0.0	0	0	0	0	0	0
oewn-11993810-n	gumweed	5	0	0	0		0	5	0.0	0	0	0	0	0	0
oewn-11997772-n	sneezeweed	5	0	0	0		1	5	0.2	0	1	0	0	0	0
oewn-12044645-n	dandelion	5	0	0	0		0	5	0.0	0	0	0	0	0	0
oewn-12073874-n	coral root	5	0	0	0		0	5	0.0	0	0	0	0	0	0
oewn-12104092-n	ladies' tresses	5	0	0	0		0	5	0.0	0	0	0	0	0	0
oewn-12112779-n	pimpernel	5	0	0	0		0	5	0.0	0	0	0	0	0	0
oewn-12128949-n	broom grass	5	0	0	0		0	5	0.0	0	0	0	0	0	0
oewn-12140631-n	love grass	5	0	0	0		2	5	0.4	2	0	0	0	0	0
oewn-12194828-n	althea	5	0	0	0		0	5	0.0	0	0	0	0	0	0
oewn-12208806-n	tulipwood tree	5	0	0	0		0	5	0.0	0	0	0	0	0	0
oewn-12222097-n	cacao	5	0	0	0		0	5	0.0	0	0	0	0	0	0
oewn-12235306-n	protea	5	0	0	0		0	5	0.0	0	0	0	0	0	0
oewn-12238103-n	silk oak	5	0	0	0		0	5	0.0	0	0	0	0	0	0
oewn-12250864-n	arbutus	5	0	0	0		0	5	0.0	0	0	0	0	0	0
oewn-12292160-n	red oak	5	0	0	0		0	5	0.0	0	0	0	0	0	0
oewn-12328273-n	privet	5	0	0	0		0	5	0.0	0	0	0	0	0	0
oewn-12335325-n	witch hazel	5	0	0	0		0	5	0.0	0	0	0	0	0	0
oewn-12336961-n	liquidambar	5	0	0	0		0	5	0.0	0	0	0	0	0	0
oewn-12348915-n	loosestrife	5	0	0	0		0	5	0.0	0	0	0	0	0	0
oewn-12367095-n	daphne	5	0	0	0		0	5	0.0	0	0	0	0	0	0
oewn-12419637-n	mulberry	5	0	1	1	mulberry	0	5	0.0	0	0	0	0	0	0
oewn-12492529-n	clintonia	5	0	0	0		0	5	0.0	0	0	0	0	0	0
oewn-12526686-n	angelim	5	0	0	0		3	5	0.6	0	3	0	0	0	0
oewn-12537089-n	glory pea	5	0	0	0		0	5	0.0	0	0	0	0	0	0
oewn-12560337-n	everlasting pea	5	0	0	0		0	5	0.0	0	0	0	0	0	0
oewn-12575031-n	locoweed	5	0	0	0		0	5	0.0	0	0	0	0	0	0
oewn-12593051-n	hoary pea	5	0	0	0		0	5	0.0	0	0	0	0	0	0
oewn-12615750-n	raffia palm	5	0	0	0		0	5	0.0	0	0	0	0	0	0
oewn-12623741-n	rhubarb	5	0	1	1	rhubarb	0	5	0.0	0	0	0	0	0	0
oewn-12644285-n	serviceberry	5	0	0	0		0	5	0.0	0	0	0	0	0	0
oewn-12657646-n	cinquefoil	5	0	0	0		0	5	0.0	0	0	0	0	0	0
oewn-12668137-n	bird cherry	5	0	0	0		0	5	0.0	0	0	0	0	0	0
oewn-12675148-n	dewberry	5	0	0	0		0	5	0.0	0	0	0	0	0	0
oewn-12675420-n	western blackberry	5	0	0	0		0	5	0.0	0	0	0	0	0	0
oewn-12719195-n	silver ash	5	0	0	0		0	5	0.0	0	0	0	0	0	0
oewn-12761982-n	soapberry	5	0	0	0		0	5	0.0	0	0	0	0	0	0
oewn-12769809-n	spindle tree	5	0	0	0		0	5	0.0	0	0	0	0	0	0
oewn-12791952-n	persimmon	5	0	0	0		0	5	0.0	0	0	0	0	0	0
oewn-12798979-n	silver bell	5	0	0	0		0	5	0.0	0	0	0	0	0	0
oewn-12815745-n	astilbe	5	0	0	0		0	5	0.0	0	0	0	0	0	0
oewn-12821346-n	miterwort	5	0	0	0		0	5	0.0	0	0	0	0	0	0
oewn-12838224-n	anchusa	5	0	0	0		0	5	0.0	0	0	0	0	0	0
oewn-12844619-n	bindweed	5	0	0	0		0	5	0.0	0	0	0	0	0	0
oewn-12857622-n	scorpionweed	5	0	0	0		0	5	0.0	0	0	0	0	0	0
oewn-12863647-n	calamint	5	0	0	0		0	5	0.0	0	0	0	0	0	0
oewn-12900723-n	painted cup	5	0	0	0		0	5	0.0	0	0	0	0	0	0
oewn-12948831-n	slipper spurge	5	0	0	0		0	5	0.0	0	0	0	0	0	0
oewn-12976930-n	climbing fern	5	0	0	0		0	5	0.0	0	0	0	0	0	0
oewn-13001600-n	downy mildew	5	0	0	0		3	5	0.6	0	3	0	0	0	0
oewn-13004721-n		5	0	0	0		0	5	0.0	0	0	0	0	0	0
oewn-13044772-n	ascomycete	5	0	0	0		0	5	0.0	0	0	0	0	0	0
oewn-13058166-n	gyromitra	5	0	0	0		0	5	0.0	0	0	0	0	0	0
oewn-13061063-n	stinkhorn	5	0	0	0		3	5	0.6	0	3	0	0	0	0
oewn-13110006-n	fruiting body	5	0	0	0		0	5	0.0	0	0	0	0	0	0
oewn-13123168-n	climber	5	0	0	0		0	5	0.0	0	0	0	0	0	0
oewn-13213523-n	shield fern	5	0	0	0		0	5	0.0	0	0	0	0	0	0
oewn-13263617-n	tenure	5	0	0	0		0	5	0.0	0	0	0	0	0	0
oewn-13312854-n	punitive damages	5	0	0	0		3	5	0.6	0	3	0	0	0	0
oewn-13317616-n	installment plan	5	0	0	0		0	5	0.0	0	0	0	0	0	0
oewn-13325031-n	asking price	5	0	0	0		0	5	0.0	0	0	0	0	0	0
oewn-13326816-n	opportunity cost	5	0	0	0		0	5	0.0	0	0	0	0	0	0
oewn-13336638-n	transfer tax	5	0	0	0		0	5	0.0	0	0	0	0	0	0
oewn-13337744-n	ad valorem tax	5	0	1	1	VAT	0	5	0.0	0	0	0	0	0	0
oewn-13353024-n	natural resource	5	0	0	0		2	5	0.4	2	0	0	0	0	0
oewn-13356989-n	preferred stock	5	0	0	0		0	5	0.0	0	0	0	0	0	0
oewn-13367788-n	health insurance	5	0	0	0		0	5	0.0	0	0	0	0	0	0
oewn-13385385-n	savings account	5	0	0	0		1	5	0.2	1	0	0	0	0	0
oewn-13401321-n	traveler's letter of credit	5	0	0	0		0	5	0.0	0	0	0	0	0	0
oewn-13420955-n	personal loan	5	0	0	0		0	5	0.0	0	0	0	0	0	0
oewn-13429196-n	dividend	5	0	1	1	dividend	0	5	0.0	0	0	0	0	0	0
oewn-13454900-n	apomixis	5	0	0	0		1	5	0.2	0	1	0	0	0	0
oewn-13455861-n	assimilation	5	0	2	2	assimilation	0	5	0.0	0	0	0	0	0	0
oewn-13479471-n	decomposition	5	0	1	1	decomposition	0	5	0.0	0	0	0	0	0	0
oewn-13506728-n	fusion	5	0	0	0		0	5	0.0	0	0	0	0	0	0
oewn-13519131-n	industrial process	5	0	0	0		0	5	0.0	0	0	0	0	0	0
oewn-13520985-n	inflow	5	0	0	0		0	5	0.0	0	0	0	0	0	0
oewn-13553704-n	parthenogenesis	5	0	0	0		0	5	0.0	0	0	0	0	0	0
oewn-13562178-n	priority processing	5	0	0	0		2	5	0.4	0	2	0	0	0	0
oewn-13571521-n	reproduction	5	0	0	0		2	5	0.4	0	2	0	0	0	0
oewn-13575119-n	secretion	5	0	0	0		1	5	0.2	0	1	0	0	0	0
oewn-13579693-n	sorption	5	0	1	1	absorption	0	5	0.0	0	0	0	0	0	0
oewn-13586582-n	synthesis	5	0	1	1	synthesis	0	5	0.0	0	0	0	0	0	0
oewn-13609166-n	coefficient of elasticity	5	0	0	0		0	5	0.0	0	0	0	0	0	0
oewn-13629562-n	sound unit	5	0	0	0		0	5	0.0	0	0	0	0	0	0
oewn-13636317-n	dry unit	5	0	0	0		0	5	0.0	0	0	0	0	0	0
oewn-13709120-n		5	0	0	0		0	5	0.0	0	0	0	0	0	0
oewn-13721054-n		5	0	0	0		0	5	0.0	0	0	0	0	0	0
oewn-13758337-n	decimal fraction	5	0	0	0		2	5	0.4	2	0	0	0	0	0
oewn-13827391-n	durative	5	0	0	0		2	5	0.4	0	2	0	0	0	0
oewn-13895231-n	cone	5	0	2	1	cone	0	5	0.0	0	0	0	0	0	0
oewn-14011204-n	blessedness	5	0	0	0		5	5	1.0	0	5	0	0	0	0
oewn-14066725-n	anoxia	5	0	0	0		5	5	1.0	0	5	0	0	0	0
oewn-14084170-n	learning disorder	5	0	0	0		1	5	0.2	1	0	0	0	0	0
oewn-14087526-n	ectasia	5	0	0	0		0	5	0.0	0	0	0	0	0	0
oewn-14094717-n	disease of the neuromuscular junction	5	0	0	0		5	5	1.0	0	5	0	0	0	0
oewn-14115729-n	cryptorchidy	5	0	0	0		0	5	0.0	0	0	0	0	0	0
oewn-14123415-n	agnosia	5	0	0	0		3	5	0.6	0	3	0	0	0	0
oewn-14135948-n	valvular heart disease	5	0	0	0		4	5	0.8	0	4	0	0	0	0
oewn-14139396-n	lithiasis	5	0	0	0		2	5	0.4	2	0	0	0	0	0
oewn-14153481-n	dysentery	5	0	0	0		3	5	0.6	0	3	0	0	0	0
oewn-14155432-n	herpes	5	0	0	0		4	5	0.8	0	4	0	0	0	0
oewn-14179316-n	inborn error of metabolism	5	0	0	0		3	5	0.6	0	3	0	0	0	0
oewn-14185507-n	autosomal dominant disease	5	0	0	0		4	5	0.8	0	4	0	0	0	0
oewn-14210220-n	rheumatoid arthritis	5	0	0	0		3	5	0.6	0	3	0	0	0	0
oewn-14223182-n	malnutrition	5	0	0	0		5	5	1.0	0	5	0	0	0	0
oewn-14225471-n	hemorrhagic cyst	5	0	0	0		0	5	0.0	0	0	0	0	0	0
oewn-14226245-n	sebaceous cyst	5	0	0	0		0	5	0.0	0	0	0	0	0	0
oewn-14231043-n	infarct	5	0	0	0		0	5	0.0	0	0	0	0	0	0
oewn-14238066-n	clubfoot	5	0	0	0		0	5	0.0	0	0	0	0	0	0
oewn-14257918-n	polyp	5	0	0	0		0	5	0.0	0	0	0	0	0	0
oewn-14260225-n	brain tumor	5	0	0	0		0	5	0.0	0	0	0	0	0	0
oewn-14261043-n	malignancy	5	0	0	0		2	5	0.4	0	2	0	0	0	0
oewn-14266750-n	acute leukemia	5	0	0	0		2	5	0.4	0	2	0	0	0	0
oewn-14270192-n	adenocarcinoma	5	0	0	0		0	5	0.0	0	0	0	0	0	0
oewn-14277584-n	actinomycosis	5	0	0	0		3	5	0.6	0	3	0	0	0	0
oewn-14281281-n	alveolitis	5	0	0	0		3	5	0.6	0	3	0	0	0	0
oewn-14282111-n	arteritis	5	0	0	0		4	5	0.8	0	4	0	0	0	0
oewn-14294982-n	ketonuria	5	0	0	0		3	5	0.6	0	3	0	0	0	0
oewn-14304899-n	rhizoctinia disease	5	0	0	0		1	5	0.2	0	1	0	0	0	0
oewn-14325781-n	amenorrhea	5	0	0	0		3	5	0.6	0	3	0	0	0	0
oewn-14352667-n	neuralgia	5	0	0	0		5	5	1.0	0	5	0	0	0	0
oewn-14357711-n	pimple	5	0	0	0		3	5	0.6	0	3	0	0	0	0
oewn-14375034-n	otitis	5	0	0	0		1	5	0.2	0	1	0	0	0	0
oewn-14394566-n	constipation	5	0	2	1	irregularity	4	5	0.8	0	4	0	0	0	0
oewn-14440249-n	dissociation	5	0	0	0		2	5	0.4	0	2	0	0	0	0
oewn-14454897-n	military rank	5	0	0	0		1	5	0.2	1	0	0	0	0	0
oewn-14480489-n	baldness	5	0	0	0		2	5	0.4	0	2	0	0	0	0
oewn-14506028-n	achievability	5	0	0	0		0	5	0.0	0	0	0	0	0	0
oewn-14591002-n	urethritis	5	0	0	0		5	5	1.0	0	5	0	0	0	0
oewn-14596741-n	uropathy	5	0	0	0		5	5	1.0	5	0	0	0	0	0
oewn-14617851-n	acrylic	5	0	0	0		0	5	0.0	0	0	0	0	0	0
oewn-14619723-n	styrene	5	0	0	0		0	5	0.0	0	0	0	0	0	0
oewn-14622563-n	absorption indicator	5	0	0	0		0	5	0.0	0	0	0	0	0	0
oewn-14623986-n	acetate	5	0	0	0		0	5	0.0	0	0	0	0	0	0
oewn-14646319-n	fullerene	5	0	0	0		0	5	0.0	0	0	0	0	0	0
oewn-14664934-n	hydrogen atom	5	0	0	0		0	5	0.0	0	0	0	0	0	0
oewn-14698139-n	earth color	5	0	0	0		0	5	0.0	0	0	0	0	0	0
oewn-14744399-n	alpha-beta brass	5	0	0	0		0	5	0.0	0	0	0	0	0	0
oewn-14747789-n	catalyst	5	0	0	0		0	5	0.0	0	0	0	0	0	0
oewn-14748597-n	inhibitor	5	0	0	0		0	5	0.0	0	0	0	0	0	0
oewn-14760538-n	plasma protein	5	0	0	0		0	5	0.0	0	0	0	0	0	0
oewn-14795249-n	thiazine	5	0	0	0		0	5	0.0	0	0	0	0	0	0
oewn-14803955-n	desiccant	5	0	1	1	drier	0	5	0.0	0	0	0	0	0	0
oewn-14810269-n	buffer solution	5	0	0	0		0	5	0.0	0	0	0	0	0	0
oewn-14811263-n	butylene	5	0	0	0		0	5	0.0	0	0	0	0	0	0
oewn-14831907-n	monoamine neurotransmitter	5	0	0	0		0	5	0.0	0	0	0	0	0	0
oewn-14852363-n	cytokine	5	0	0	0		0	5	0.0	0	0	0	0	0	0
oewn-14860638-n	disaccharidase	5	0	0	0		0	5	0.0	0	0	0	0	0	0
oewn-14875344-n	ethylene	5	0	0	0		0	5	0.0	0	0	0	0	0	0
oewn-14889467-n	plagioclase	5	0	0	0		0	5	0.0	0	0	0	0	0	0
oewn-14912461-n	glycoprotein	5	0	0	0		0	5	0.0	0	0	0	0	0	0
oewn-14930412-n	hemolysin	5	0	0	0		0	5	0.0	0	0	0	0	0	0
oewn-14941359-n	indicator	5	0	0	0		0	5	0.0	0	0	0	0	0	0
oewn-14944539-n	repellent	5	0	1	1	repellent	0	5	0.0	0	0	0	0	0	0
oewn-14946509-n	iodide	5	0	0	0		0	5	0.0	0	0	0	0	0	0
oewn-14951725-n	ketohexose	5	0	0	0		0	5	0.0	0	0	0	0	0	0
oewn-14951877-n	ketose	5	0	0	0		0	5	0.0	0	0	0	0	0	0
oewn-14976261-n	methyl	5	0	0	0		0	5	0.0	0	0	0	0	0	0
oewn-14983197-n	man-made fiber	5	0	0	0		0	5	0.0	0	0	0	0	0	0
oewn-15008937-n	polymerase	5	0	0	0		0	5	0.0	0	0	0	0	0	0
oewn-15010836-n	alizarin	5	0	0	0		0	5	0.0	0	0	0	0	0	0
oewn-15047861-n	releasing factor	5	0	0	0		3	5	0.6	3	0	0	0	0	0
oewn-15058229-n	fetoprotein	5	0	0	0		0	5	0.0	0	0	0	0	0	0
oewn-15075465-n	spinel	5	0	0	0		0	5	0.0	0	0	0	0	0	0
oewn-15082590-n	nonsteroid	5	0	0	0		2	5	0.4	0	2	0	0	0	0
oewn-15084506-n	cardiac glycoside	5	0	0	0		0	5	0.0	0	0	0	0	0	0
oewn-15084698-n	digitalis	5	0	0	0		0	5	0.0	0	0	0	0	0	0
oewn-15086851-n	sublimate	5	0	0	0		0	5	0.0	0	0	0	0	0	0
oewn-15091592-n	tannin	5	0	0	0		0	5	0.0	0	0	0	0	0	0
oewn-15093321-n	tetrachloride	5	0	0	0		0	5	0.0	0	0	0	0	0	0
oewn-15101905-n	transaminase	5	0	0	0		0	5	0.0	0	0	0	0	0	0
oewn-15113671-n	photopigment	5	0	0	0		0	5	0.0	0	0	0	0	0	0
oewn-15114370-n	vitamin A	5	0	0	0		0	5	0.0	0	0	0	0	0	0
oewn-15118505-n	wallpaper	5	0	0	0		0	5	0.0	0	0	0	0	0	0
oewn-15155157-n	GMT	5	0	0	0		0	5	0.0	0	0	0	0	0	0
oewn-15156075-n	elapsed time	5	0	0	0		0	5	0.0	0	0	0	0	0	0
oewn-15275502-n	wedding anniversary	5	0	0	0		0	5	0.0	0	0	0	0	0	0
oewn-15300837-n	acceleration	5	0	0	0		0	5	0.0	0	0	0	0	0	0
oewn-86491841-n	cypress pine	5	0	0	0		0	5	0.0	0	0	0	0	0	0
oewn-92437014-n	quality cost	5	0	0	0		0	5	0.0	0	0	0	0	0	0
oewn-92448497-n	tanker truck	5	0	0	0		0	5	0.0	0	0	0	0	0	0
oewn-92450091-n	seax	5	0	0	0		0	5	0.0	0	0	0	0	0	0
oewn-92450203-n	hair clip	5	0	0	0		0	5	0.0	0	0	0	0	0	0
oewn-92459618-n	pithouse	5	0	0	0		0	5	0.0	0	0	0	0	0	0
oewn-92460211-n	piling hammer	5	0	0	0		0	5	0.0	0	0	0	0	0	0
oewn-92463236-n	classifier	5	0	0	0		0	5	0.0	0	0	0	0	0	0
oewn-92467094-n	point size	5	0	0	0		0	5	0.0	0	0	0	0	0	0
oewn-00055641-n	evacuation	4	0	0	0		0	4	0.0	0	0	0	0	0	0
oewn-00058822-n	debarkation	4	0	0	0		0	4	0.0	0	0	0	0	0	0
oewn-00093826-n	capitalization	4	0	0	0		0	4	0.0	0	0	0	0	0	0
oewn-00095608-n	conversion	4	0	1	1	conversion	0	4	0.0	0	0	0	0	0	0
oewn-00111374-n	dunk	4	0	0	0		1	4	0.25	0	1	0	0	0	0
oewn-00122724-n	referral	4	0	0	0		0	4	0.0	0	0	0	0	0	0
oewn-00133175-n	homer	4	0	1	1	homer	0	4	0.0	0	0	0	0	0	0
oewn-00138099-n	place kick	4	0	0	0		0	4	0.0	0	0	0	0	0	0
oewn-00150519-n	butt welding	4	0	0	0		0	4	0.0	0	0	0	0	0	0
oewn-00157632-n	compulsion	4	0	1	1	coercion	2	4	0.5	0	2	0	0	0	0
oewn-00165166-n	assignment	4	0	1	1	assignment	0	4	0.0	0	0	0	0	0	0
oewn-00178873-n	experimental procedure	4	0	0	0		0	4	0.0	0	0	0	0	0	0
oewn-00181811-n	election	4	0	1	1	election	0	4	0.0	0	0	0	0	0	0
oewn-00189955-n	conversion	4	0	1	1	conversion	1	4	0.25	1	0	0	0	0	0
oewn-00193149-n	reduction	4	0	1	1	reduction	0	4	0.0	0	0	0	0	0	0
oewn-00203869-n	backlash	4	0	0	0		0	4	0.0	0	0	0	0	0	0
oewn-00213901-n	cession	4	0	0	0		0	4	0.0	0	0	0	0	0	0
oewn-00253529-n	purge	4	0	1	1	purge	1	4	0.25	1	0	0	0	0	0
oewn-00254786-n	sterilization	4	0	0	0		2	4	0.5	0	2	0	0	0	0
oewn-00282596-n	landing approach	4	0	0	0		0	4	0.0	0	0	0	0	0	0
oewn-00288844-n	dressage	4	0	0	0		0	4	0.0	0	0	0	0	0	0
oewn-00322557-n	instillation	4	0	0	0		0	4	0.0	0	0	0	0	0	0
oewn-00338431-n	nystagmus	4	0	0	0		1	4	0.25	0	1	0	0	0	0
oewn-00366821-n	dilation	4	0	0	0		0	4	0.0	0	0	0	0	0	0
oewn-00376433-n	focalization	4	0	0	0		0	4	0.0	0	0	0	0	0	0
oewn-00385741-n	secession	4	0	2	1	withdrawal	0	4	0.0	0	0	0	0	0	0
oewn-00390418-n	pairing	4	0	0	0		0	4	0.0	0	0	0	0	0	0
oewn-00397818-n	expurgation	4	0	0	0		0	4	0.0	0	0	0	0	0	0
oewn-00455261-n	angling	4	0	0	0		0	4	0.0	0	0	0	0	0	0
oewn-00469063-n	field hockey	4	0	0	0		0	4	0.0	0	0	0	0	0	0
oewn-00482004-n	basketball	4	0	0	0		0	4	0.0	0	0	0	0	0	0
oewn-00502733-n	parlor game	4	0	0	0		0	4	0.0	0	0	0	0	0	0
oewn-00509963-n	craps	4	0	0	0		1	4	0.25	1	0	0	0	0	0
oewn-00528732-n	step dancing	4	0	0	0		0	4	0.0	0	0	0	0	0	0
oewn-00543748-n	rain dance	4	0	0	0		0	4	0.0	0	0	0	0	0	0
oewn-00545478-n	bell ringing	4	0	1	1	bell ringing	0	4	0.0	0	0	0	0	0	0
oewn-00550321-n	impersonation	4	0	0	0		0	4	0.0	0	0	0	0	0	0
oewn-00567727-n	backhand	4	0	0	0		0	4	0.0	0	0	0	0	0	0
oewn-00583232-n	welfare work	4	0	0	0		1	4	0.25	0	1	0	0	0	0
oewn-00617127-n	encoding	4	0	2	1	compression	0	4	0.0	0	0	0	0	0	0
oewn-00618299-n	decoding	4	0	0	0		0	4	0.0	0	0	0	0	0	0
oewn-00639486-n	cloning	4	0	0	0		0	4	0.0	0	0	0	0	0	0
oewn-00648956-n	volumetric analysis	4	0	0	0		1	4	0.25	1	0	0	0	0	0
oewn-00651235-n	apheresis	4	0	0	0		0	4	0.0	0	0	0	0	0	0
oewn-00652155-n	microwave spectroscopy	4	0	0	0		0	4	0.0	0	0	0	0	0	0
oewn-00665353-n	medication	4	0	1	1	administration	1	4	0.25	0	1	0	0	0	0
oewn-00670724-n	curettage	4	0	0	0		0	4	0.0	0	0	0	0	0	0
oewn-00678417-n	hysterectomy	4	0	0	0		0	4	0.0	0	0	0	0	0	0
oewn-00682866-n	keratoplasty	4	0	0	0		0	4	0.0	0	0	0	0	0	0
oewn-00683333-n	lipectomy	4	0	0	0		0	4	0.0	0	0	0	0	0	0
oewn-00686761-n	mastectomy	4	0	0	0		0	4	0.0	0	0	0	0	0	0
oewn-00699257-n	bloodletting	4	0	0	0		2	4	0.5	0	2	0	0	0	0
oewn-00701253-n	physical therapy	4	0	0	0		4	4	1.0	0	4	0	0	0	0
oewn-00783895-n	vice crime	4	0	0	0		0	4	0.0	0	0	0	0	0	0
oewn-00791195-n	buyout	4	0	0	0		0	4	0.0	0	0	0	0	0	0
oewn-00807736-n	internal control	4	0	0	0		1	4	0.25	1	0	0	0	0	0
oewn-00826853-n	self-defense	4	0	0	0		0	4	0.0	0	0	0	0	0	0
oewn-00853811-n	contraception	4	0	0	0		0	4	0.0	0	0	0	0	0	0
oewn-00856798-n	fellatio	4	0	0	0		0	4	0.0	0	0	0	0	0	0
oewn-00857156-n	autoeroticism	4	0	0	0		0	4	0.0	0	0	0	0	0	0
oewn-00857971-n	promiscuity	4	0	0	0		3	4	0.75	3	0	0	0	0	0
oewn-00878220-n	auscultation	4	0	0	0		0	4	0.0	0	0	0	0	0	0
oewn-00904277-n	magnetic resonance imaging	4	0	0	0		0	4	0.0	0	0	0	0	0	0
oewn-00904455-n	functional magnetic resonance imaging	4	0	0	0		0	4	0.0	0	0	0	0	0	0
oewn-00906126-n	radiography	4	0	0	0		0	4	0.0	0	0	0	0	0	0
oewn-00920790-n	hydroponics	4	0	0	0		0	4	0.0	0	0	0	0	0	0
oewn-00936820-n	arts and crafts	4	0	1	1	handicraft	1	4	0.25	1	0	0	0	0	0
oewn-00953148-n	rail technology	4	0	0	0		0	4	0.0	0	0	0	0	0	0
oewn-00954325-n	capitalization	4	0	0	0		0	4	0.0	0	0	0	0	0	0
oewn-00980850-n	bombing run	4	0	0	0		2	4	0.5	0	2	0	0	0	0
oewn-00991859-n	counterfire	4	0	0	0		0	4	0.0	0	0	0	0	0	0
oewn-00996042-n	supporting fire	4	0	0	0		1	4	0.25	0	1	0	0	0	0
oewn-01013825-n	roll call	4	0	0	0		0	4	0.0	0	0	0	0	0	0
oewn-01018362-n	philately	4	0	0	0		0	4	0.0	0	0	0	0	0	0
oewn-01022304-n	sound reproduction	4	0	0	0		0	4	0.0	0	0	0	0	0	0
oewn-01022430-n	high fidelity	4	0	0	0		0	4	0.0	0	0	0	0	0	0
oewn-01052111-n	cover-up	4	0	0	0		0	4	0.0	0	0	0	0	0	0
oewn-01053725-n	juxtaposition	4	0	0	0		1	4	0.25	1	0	0	0	0	0
oewn-01060215-n	forced feeding	4	0	0	0		2	4	0.5	0	2	0	0	0	0
oewn-01068805-n	postponement	4	0	1	1	postponement	0	4	0.0	0	0	0	0	0	0
oewn-01076618-n	blockage	4	0	1	1	closure	0	4	0.0	0	0	0	0	0	0
oewn-01086104-n	reallotment	4	0	0	0		0	4	0.0	0	0	0	0	0	0
oewn-01118347-n	telemarketing	4	0	0	0		0	4	0.0	0	0	0	0	0	0
oewn-01157531-n	racism	4	0	0	0		0	4	0.0	0	0	0	0	0	0
oewn-01160677-n	demobilization	4	0	0	0		0	4	0.0	0	0	0	0	0	0
oewn-01162263-n	stylization	4	0	0	0		0	4	0.0	0	0	0	0	0	0
oewn-01176316-n	fistfight	4	0	0	0		3	4	0.75	0	3	0	0	0	0
oewn-01189300-n	litigation	4	0	0	0		0	4	0.0	0	0	0	0	0	0
oewn-01212453-n	childcare	4	0	0	0		0	4	0.0	0	0	0	0	0	0
oewn-01245263-n	passive resistance	4	0	0	0		0	4	0.0	0	0	0	0	0	0
oewn-01319440-n	work animal	4	0	0	0		0	4	0.0	0	0	0	0	0	0
oewn-01319580-n	beast of burden	4	0	0	0		0	4	0.0	0	0	0	0	0	0
oewn-01336372-n	poxvirus	4	0	0	0		0	4	0.0	0	0	0	0	0	0
oewn-01337503-n	bacteriophage	4	0	0	0		0	4	0.0	0	0	0	0	0	0
oewn-01341549-n	herpes simplex	4	0	0	0		0	4	0.0	0	0	0	0	0	0
oewn-01341977-n	herpes zoster	4	0	0	0		4	4	1.0	0	4	0	0	0	0
oewn-01342796-n	papovavirus	4	0	0	0		1	4	0.25	0	1	0	0	0	0
oewn-01352589-n	bacillus	4	0	0	0		0	4	0.0	0	0	0	0	0	0
oewn-01361213-n	cyanobacteria	4	0	0	0		0	4	0.0	0	0	0	0	0	0
oewn-01365762-n	thiobacillus	4	0	0	0		0	4	0.0	0	0	0	0	0	0
oewn-01379733-n	mycobacteria	4	0	0	0		1	4	0.25	0	1	0	0	0	0
oewn-01395671-n	foram	4	0	0	0		0	4	0.0	0	0	0	0	0	0
oewn-01457497-n	stickleback	4	0	0	0		0	4	0.0	0	0	0	0	0	0
oewn-01464287-n	blastula	4	0	0	0		0	4	0.0	0	0	0	0	0	0
oewn-01466380-n	ectoderm	4	0	0	0		0	4	0.0	0	0	0	0	0	0
oewn-01480166-n	lamprey	4	0	0	0		0	4	0.0	0	0	0	0	0	0
oewn-01502732-n	manta	4	0	0	0		0	4	0.0	0	0	0	0	0	0
oewn-01531295-n	pipit	4	0	1	1	lark	0	4	0.0	0	0	0	0	0	0
oewn-01537074-n	junco	4	0	0	0		0	4	0.0	0	0	0	0	0	0
oewn-01544563-n	towhee	4	0	0	0		0	4	0.0	0	0	0	0	0	0
oewn-01575715-n	meadowlark	4	0	1	1	lark	0	4	0.0	0	0	0	0	0	0
oewn-01583807-n	grey jay	4	0	0	0		0	4	0.0	0	0	0	0	0	0
oewn-01587762-n	marsh wren	4	0	0	0		0	4	0.0	0	0	0	0	0	0
oewn-01593224-n	nuthatch	4	0	0	0		0	4	0.0	0	0	0	0	0	0
oewn-01605271-n	vireo	4	0	0	0		0	4	0.0	0	0	0	0	0	0
oewn-01614113-n	peregrine	4	0	0	0		0	4	0.0	0	0	0	0	0	0
oewn-01664233-n	anapsid	4	0	0	0		2	4	0.5	0	2	0	0	0	0
oewn-01667010-n	ridley	4	0	0	0		0	4	0.0	0	0	0	0	0	0
oewn-01674673-n	soft-shelled turtle	4	0	0	0		2	4	0.5	0	2	0	0	0	0
oewn-01677631-n	gecko	4	0	0	0		0	4	0.0	0	0	0	0	0	0
oewn-01695505-n	lacertid lizard	4	0	0	0		0	4	0.0	0	0	0	0	0	0
oewn-01722555-n	therapsid	4	0	0	0		1	4	0.25	1	0	0	0	0	0
oewn-01732618-n	green snake	4	0	0	0		0	4	0.0	0	0	0	0	0	0
oewn-01733453-n	racer	4	0	1	1	racer	0	4	0.0	0	0	0	0	0	0
oewn-01736398-n	bull snake	4	0	0	0		0	4	0.0	0	0	0	0	0	0
oewn-01737830-n	garter snake	4	0	0	0		0	4	0.0	0	0	0	0	0	0
oewn-01740516-n	grass snake	4	0	0	0		0	4	0.0	0	0	0	0	0	0
oewn-01748125-n	coral snake	4	0	0	0		0	4	0.0	0	0	0	0	0	0
oewn-01758381-n	timber rattlesnake	4	0	0	0		0	4	0.0	0	0	0	0	0	0
oewn-01784850-n	spider mite	4	0	0	0		0	4	0.0	0	0	0	0	0	0
oewn-01804120-n	mallee fowl	4	0	0	0		0	4	0.0	0	0	0	0	0	0
oewn-01827216-n	coucal	4	0	0	0		0	4	0.0	0	0	0	0	0	0
oewn-01830044-n	kingfisher	4	0	0	0		0	4	0.0	0	0	0	0	0	0
oewn-01847192-n	quetzal	4	0	0	0		0	4	0.0	0	0	0	0	0	0
oewn-01854783-n	wood duck	4	0	0	0		0	4	0.0	0	0	0	0	0	0
oewn-01877569-n	opossum	4	0	0	0		0	4	0.0	0	0	0	0	0	0
oewn-01878967-n	bandicoot	4	0	0	0		0	4	0.0	0	0	0	0	0	0
oewn-01884766-n	flying phalanger	4	0	0	0		0	4	0.0	0	0	0	0	0	0
oewn-01930097-n	tapeworm	4	0	0	0		2	4	0.5	2	0	0	0	0	0
oewn-01945510-n	abalone	4	0	0	0		0	4	0.0	0	0	0	0	0	0
oewn-01947031-n	snail	4	0	0	0		1	4	0.25	0	1	0	0	0	0
oewn-01956002-n	cowrie	4	0	0	0		2	4	0.5	2	0	0	0	0	0
oewn-01969735-n	shipworm	4	0	0	0		0	4	0.0	0	0	0	0	0	0
oewn-01981571-n	swimming crab	4	0	0	0		0	4	0.0	0	0	0	0	0	0
oewn-01992510-n	stomatopod	4	0	0	0		2	4	0.5	2	0	0	0	0	0
oewn-01992648-n	mantis shrimp	4	0	0	0		2	4	0.5	2	0	0	0	0	0
oewn-02013107-n	night heron	4	0	0	0		0	4	0.0	0	0	0	0	0	0
oewn-02018208-n	crake	4	0	0	0		0	4	0.0	0	0	0	0	0	0
oewn-02020681-n	coot	4	0	0	0		0	4	0.0	0	0	0	0	0	0
oewn-02035695-n	dowitcher	4	0	0	0		0	4	0.0	0	0	0	0	0	0
oewn-02043159-n	coastal diving bird	4	0	0	0		0	4	0.0	0	0	0	0	0	0
oewn-02049413-n	guillemot	4	0	0	0		0	4	0.0	0	0	0	0	0	0
oewn-02057156-n	snakebird	4	0	0	0		0	4	0.0	0	0	0	0	0	0
oewn-02079431-n	eared seal	4	0	0	0		0	4	0.0	0	0	0	0	0	0
oewn-02099408-n	schnauzer	4	0	0	0		0	4	0.0	0	0	0	0	0	0
oewn-02101681-n	retriever	4	0	0	0		0	4	0.0	0	0	0	0	0	0
oewn-02112463-n	sled dog	4	0	0	0		0	4	0.0	0	0	0	0	0	0
oewn-02112993-n	dalmatian	4	0	0	0		1	4	0.25	0	1	0	0	0	0
oewn-02117507-n	coyote	4	0	0	0		0	4	0.0	0	0	0	0	0	0
oewn-02141093-n	meerkat	4	0	0	0		0	4	0.0	0	0	0	0	0	0
oewn-02169803-n	ground beetle	4	0	0	0		2	4	0.5	0	2	0	0	0	0
oewn-02173052-n	carpet beetle	4	0	0	0		0	4	0.0	0	0	0	0	0	0
oewn-02177007-n	melolonthid beetle	4	0	0	0		0	4	0.0	0	0	0	0	0	0
oewn-02184697-n	seed beetle	4	0	0	0		0	4	0.0	0	0	0	0	0	0
oewn-02207374-n	fungus gnat	4	0	0	0		3	4	0.75	0	3	0	0	0	0
oewn-02230618-n	long-horned grasshopper	4	0	0	0		0	4	0.0	0	0	0	0	0	0
oewn-02234139-n	walking stick	4	0	0	0		0	4	0.0	0	0	0	0	0	0
oewn-02238696-n	mantis	4	0	0	0		0	4	0.0	0	0	0	0	0	0
oewn-02246214-n	water strider	4	0	0	0		0	4	0.0	0	0	0	0	0	0
oewn-02249280-n	whitefly	4	0	0	0		0	4	0.0	0	0	0	0	0	0
oewn-02250163-n	sweet-potato whitefly	4	0	0	0		0	4	0.0	0	0	0	0	0	0
oewn-02251020-n	coccid insect	4	0	0	0		0	4	0.0	0	0	0	0	0	0
oewn-02256367-n	woolly aphid	4	0	0	0		0	4	0.0	0	0	0	0	0	0
oewn-02264071-n	booklouse	4	0	0	0		4	4	1.0	0	4	0	0	0	0
oewn-02283301-n	cabbage butterfly	4	0	0	0		0	4	0.0	0	0	0	0	0	0
oewn-02294400-n	clothes moth	4	0	0	0		0	4	0.0	0	0	0	0	0	0
oewn-02305111-n	giant silkworm moth	4	0	0	0		0	4	0.0	0	0	0	0	0	0
oewn-02305272-n	silkworm	4	0	0	0		0	4	0.0	0	0	0	0	0	0
oewn-02322779-n	crinoid	4	0	0	0		0	4	0.0	0	0	0	0	0	0
oewn-02329680-n	jackrabbit	4	0	0	0		0	4	0.0	0	0	0	0	0	0
oewn-02351440-n	pocket mouse	4	0	0	0		0	4	0.0	0	0	0	0	0	0
oewn-02355243-n	dormouse	4	0	0	0		0	4	0.0	0	0	0	0	0	0
oewn-02361976-n	prairie dog	4	0	0	0		0	4	0.0	0	0	0	0	0	0
oewn-02367172-n	cavy	4	0	0	0		0	4	0.0	0	0	0	0	0	0
oewn-02383235-n	mustang	4	0	0	0		3	4	0.75	0	3	0	0	0	0
oewn-02383397-n	bronco	4	0	0	0		4	4	1.0	0	4	0	0	0	0
oewn-02427341-n	harnessed antelope	4	0	0	0		1	4	0.25	1	0	0	0	0	0
oewn-02430995-n	oryx	4	0	0	0		0	4	0.0	0	0	0	0	0	0
oewn-02436556-n	caribou	4	0	0	0		0	4	0.0	0	0	0	0	0	0
oewn-02440247-n	llama	4	0	1	1	alpaca	1	4	0.25	0	1	0	0	0	0
oewn-02446439-n	muishond	4	0	0	0		1	4	0.25	1	0	0	0	0	0
oewn-02469588-n	tail fin	4	0	0	0		0	4	0.0	0	0	0	0	0	0
oewn-02473530-n	anthropoid ape	4	0	0	0		0	4	0.0	0	0	0	0	0	0
oewn-02497873-n	tree shrew	4	0	0	0		0	4	0.0	0	0	0	0	0	0
oewn-02517845-n	crossopterygian	4	0	0	0		0	4	0.0	0	0	0	0	0	0
oewn-02520569-n	silurid	4	0	0	0		0	4	0.0	0	0	0	0	0	0
oewn-02527155-n	hake	4	0	0	0		0	4	0.0	0	0	0	0	0	0
oewn-02535233-n	sardine	4	0	1	1	sprat	0	4	0.0	0	0	0	0	0	0
oewn-02551320-n	toadfish	4	0	0	0		0	4	0.0	0	0	0	0	0	0
oewn-02552620-n	needlefish	4	0	1	1	gar	0	4	0.0	0	0	0	0	0	0
oewn-02574827-n	cardinalfish	4	0	0	0		0	4	0.0	0	0	0	0	0	0
oewn-02602588-n	mullet	4	0	0	0		0	4	0.0	0	0	0	0	0	0
oewn-02607946-n	butterfly fish	4	0	0	0		0	4	0.0	0	0	0	0	0	0
oewn-02617608-n	gunnel	4	0	1	1	gunnel	0	4	0.0	0	0	0	0	0	0
oewn-02621795-n	goby	4	0	1	1	gudgeon	0	4	0.0	0	0	0	0	0	0
oewn-02624538-n	gempylid	4	0	0	0		0	4	0.0	0	0	0	0	0	0
oewn-02645742-n	scorpionfish	4	0	0	0		1	4	0.25	1	0	0	0	0	0
oewn-02655775-n	triggerfish	4	0	0	0		0	4	0.0	0	0	0	0	0	0
oewn-02671023-n	abrader	4	0	0	0		0	4	0.0	0	0	0	0	0	0
oewn-02671709-n	abstractionism	4	0	0	0		1	4	0.25	0	1	0	0	0	0
oewn-02675461-n	accordion	4	0	0	0		0	4	0.0	0	0	0	0	0	0
oewn-02681238-n	actuator	4	0	0	0		0	4	0.0	0	0	0	0	0	0
oewn-02684892-n	adrenergic	4	0	0	0		2	4	0.5	2	0	0	0	0	0
oewn-02690398-n	air cushion	4	0	0	0		0	4	0.0	0	0	0	0	0	0
oewn-02707651-n	amphibian	4	0	0	0		0	4	0.0	0	0	0	0	0	0
oewn-02714749-n	angiotensin	4	0	0	0		0	4	0.0	0	0	0	0	0	0
oewn-02727458-n	antispasmodic	4	0	0	0		0	4	0.0	0	0	0	0	0	0
oewn-02727891-n	anti-TNF compound	4	0	0	0		0	4	0.0	0	0	0	0	0	0
oewn-02738366-n	arc lamp	4	0	0	0		0	4	0.0	0	0	0	0	0	0
oewn-02753840-n	astringent	4	0	0	0		0	4	0.0	0	0	0	0	0	0
oewn-02754300-n	astronomical telescope	4	0	0	0		0	4	0.0	0	0	0	0	0	0
oewn-02760467-n	audio system	4	0	0	0		0	4	0.0	0	0	0	0	0	0
oewn-02779636-n	bakery	4	0	0	0		0	4	0.0	0	0	0	0	0	0
oewn-02785116-n	balloon	4	0	1	1	balloon	0	4	0.0	0	0	0	0	0	0
oewn-02810060-n	bathhouse	4	0	0	0		0	4	0.0	0	0	0	0	0	0
oewn-02814603-n	battle-ax	4	0	0	0		0	4	0.0	0	0	0	0	0	0
oewn-02816534-n	bay window	4	0	0	0		0	4	0.0	0	0	0	0	0	0
oewn-02846922-n	birdhouse	4	0	0	0		0	4	0.0	0	0	0	0	0	0
oewn-02860924-n	boardroom	4	0	1	1	divan	0	4	0.0	0	0	0	0	0	0
oewn-02894429-n	brake system	4	0	0	0		0	4	0.0	0	0	0	0	0	0
oewn-02896008-n	brassiere	4	0	0	0		0	4	0.0	0	0	0	0	0	0
oewn-02897062-n	breadboard	4	0	0	0		0	4	0.0	0	0	0	0	0	0
oewn-02898416-n	breastplate	4	0	0	0		0	4	0.0	0	0	0	0	0	0
oewn-02899556-n	breechcloth	4	0	0	0		0	4	0.0	0	0	0	0	0	0
oewn-02906331-n	broadax	4	0	0	0		0	4	0.0	0	0	0	0	0	0
oewn-02990502-n	cautery	4	0	0	0		0	4	0.0	0	0	0	0	0	0
oewn-03073571-n	collector's item	4	0	0	0		0	4	0.0	0	0	0	0	0	0
oewn-03074197-n	collider	4	0	0	0		1	4	0.25	0	1	0	0	0	0
oewn-03089644-n	computer screen	4	0	0	0		0	4	0.0	0	0	0	0	0	0
oewn-03094080-n	confectionery	4	0	0	0		0	4	0.0	0	0	0	0	0	0
oewn-03098803-n	contact microphone	4	0	0	0		0	4	0.0	0	0	0	0	0	0
oewn-03131675-n	crank	4	0	2	1	starter	0	4	0.0	0	0	0	0	0	0
oewn-03134717-n	crematory	4	0	0	0		0	4	0.0	0	0	0	0	0	0
oewn-03135214-n	crepe	4	0	1	1	crape	0	4	0.0	0	0	0	0	0	0
oewn-03150050-n	cudgel	4	0	0	0		0	4	0.0	0	0	0	0	0	0
oewn-03160737-n	cyclotron	4	0	0	0		0	4	0.0	0	0	0	0	0	0
oewn-03162014-n	cymbal	4	0	0	0		0	4	0.0	0	0	0	0	0	0
oewn-03162653-n	cytotoxic drug	4	0	0	0		0	4	0.0	0	0	0	0	0	0
oewn-03169010-n	data system	4	0	0	0		0	4	0.0	0	0	0	0	0	0
oewn-03177631-n	delay line	4	0	0	0		0	4	0.0	0	0	0	0	0	0
oewn-03178053-n	delicatessen	4	0	0	0		0	4	0.0	0	0	0	0	0	0
oewn-03180750-n	dentifrice	4	0	0	0		0	4	0.0	0	0	0	0	0	0
oewn-03181831-n	depilatory	4	0	0	0		0	4	0.0	0	0	0	0	0	0
oewn-03185959-n	detector	4	0	0	0		0	4	0.0	0	0	0	0	0	0
oewn-03187578-n	developer	4	0	0	0		0	4	0.0	0	0	0	0	0	0
oewn-03192435-n	dialyzer	4	0	0	0		0	4	0.0	0	0	0	0	0	0
oewn-03201282-n	digital display	4	0	0	0		0	4	0.0	0	0	0	0	0	0
oewn-03207624-n	diode	4	0	0	0		0	4	0.0	0	0	0	0	0	0
oewn-03289654-n	enamel	4	0	1	1	enamel	0	4	0.0	0	0	0	0	0	0
oewn-03298382-n	equal-area projection	4	0	0	0		0	4	0.0	0	0	0	0	0	0
oewn-03307735-n	exercise device	4	0	0	0		0	4	0.0	0	0	0	0	0	0
oewn-03319725-n	face powder	4	0	0	0		0	4	0.0	0	0	0	0	0	0
oewn-03331018-n	feedback circuit	4	0	0	0		0	4	0.0	0	0	0	0	0	0
oewn-03350333-n	fire engine	4	0	0	0		0	4	0.0	0	0	0	0	0	0
oewn-03356825-n	fishing rod	4	0	0	0		0	4	0.0	0	0	0	0	0	0
oewn-03360314-n	flageolet	4	0	0	0		0	4	0.0	0	0	0	0	0	0
oewn-03395173-n	fragmentation bomb	4	0	0	0		0	4	0.0	0	0	0	0	0	0
oewn-03433259-n	gatepost	4	0	0	0		0	4	0.0	0	0	0	0	0	0
oewn-03451472-n	golf course	4	0	0	0		0	4	0.0	0	0	0	0	0	0
oewn-03466051-n	grocery	4	0	1	1	grocery	0	4	0.0	0	0	0	0	0	0
oewn-03474425-n	gunlock	4	0	0	0		0	4	0.0	0	0	0	0	0	0
oewn-03477658-n	gym shoe	4	0	0	0		0	4	0.0	0	0	0	0	0	0
oewn-03490281-n	hand glass	4	0	0	0		0	4	0.0	0	0	0	0	0	0
oewn-03497643-n	hard disc	4	0	0	0		0	4	0.0	0	0	0	0	0	0
oewn-03507186-n	headband	4	0	0	0		0	4	0.0	0	0	0	0	0	0
oewn-03510648-n	headscarf	4	0	0	0		0	4	0.0	0	0	0	0	0	0
oewn-03511514-n	health spa	4	0	0	0		0	4	0.0	0	0	0	0	0	0
oewn-03527402-n	histamine blocker	4	0	0	0		2	4	0.5	0	2	0	0	0	0
oewn-03559640-n	hygrometer	4	0	0	0		0	4	0.0	0	0	0	0	0	0
oewn-03570745-n	improvised explosive device	4	0	0	0		0	4	0.0	0	0	0	0	0	0
oewn-03577093-n	ink-jet printer	4	0	0	0		0	4	0.0	0	0	0	0	0	0
oewn-03584306-n	interferon	4	0	0	0		0	4	0.0	0	0	0	0	0	0
oewn-03584707-n	interior door	4	0	0	0		0	4	0.0	0	0	0	0	0	0
oewn-03625652-n	kitchen garden	4	0	0	0		0	4	0.0	0	0	0	0	0	0
oewn-03640959-n	laminate	4	0	0	0		0	4	0.0	0	0	0	0	0	0
oewn-03656714-n	lead-acid battery	4	0	0	0		0	4	0.0	0	0	0	0	0	0
oewn-03668213-n	life jacket	4	0	0	0		0	4	0.0	0	0	0	0	0	0
oewn-03672243-n	lighter-than-air craft	4	0	1	1	balloon	0	4	0.0	0	0	0	0	0	0
oewn-03672990-n	light meter	4	0	0	0		0	4	0.0	0	0	0	0	0	0
oewn-03677964-n	line of defense	4	0	0	0		0	4	0.0	0	0	0	0	0	0
oewn-03682085-n	liquid crystal display	4	0	0	0		0	4	0.0	0	0	0	0	0	0
oewn-03687350-n	local road	4	0	0	0		0	4	0.0	0	0	0	0	0	0
oewn-03691146-n	lodging house	4	0	0	0		0	4	0.0	0	0	0	0	0	0
oewn-03713136-n	magnetic recorder	4	0	0	0		0	4	0.0	0	0	0	0	0	0
oewn-03715960-n	maildrop	4	0	0	0		0	4	0.0	0	0	0	0	0	0
oewn-03727288-n	marker	4	0	0	0		0	4	0.0	0	0	0	0	0	0
oewn-03755298-n	mercury thermometer	4	0	0	0		0	4	0.0	0	0	0	0	0	0
oewn-03794704-n	motion-picture camera	4	0	0	0		0	4	0.0	0	0	0	0	0	0
oewn-03794933-n	motion-picture film	4	0	0	0		0	4	0.0	0	0	0	0	0	0
oewn-03801498-n	movie projector	4	0	0	0		0	4	0.0	0	0	0	0	0	0
oewn-03814517-n	narcotic antagonist	4	0	0	0		0	4	0.0	0	0	0	0	0	0
oewn-03817922-n	naval radar	4	0	0	0		0	4	0.0	0	0	0	0	0	0
oewn-03822199-n	needlepoint	4	0	0	0		0	4	0.0	0	0	0	0	0	0
oewn-03833695-n	non-nucleoside reverse transcriptase inhibitor	4	0	0	0		0	4	0.0	0	0	0	0	0	0
oewn-03834880-n	non-volatile storage	4	0	0	0		0	4	0.0	0	0	0	0	0	0
oewn-03849565-n	oil lamp	4	0	0	0		0	4	0.0	0	0	0	0	0	0
oewn-03858208-n	optical telescope	4	0	0	0		0	4	0.0	0	0	0	0	0	0
oewn-03866402-n	output	4	0	0	0		0	4	0.0	0	0	0	0	0	0
oewn-03879816-n	paddle steamer	4	0	0	0		0	4	0.0	0	0	0	0	0	0
oewn-03889641-n	panopticon	4	0	0	0		0	4	0.0	0	0	0	0	0	0
oewn-03894302-n	parallel bars	4	0	0	0		0	4	0.0	0	0	0	0	0	0
oewn-03910179-n	pedestal table	4	0	0	0		0	4	0.0	0	0	0	0	0	0
oewn-03910302-n	pedestrian crossing	4	0	0	0		2	4	0.5	2	0	0	0	0	0
oewn-03911327-n	peephole	4	0	0	0		0	4	0.0	0	0	0	0	0	0
oewn-03934030-n	physical pendulum	4	0	0	0		1	4	0.25	0	1	0	0	0	0
oewn-03953387-n	pipet	4	0	0	0		0	4	0.0	0	0	0	0	0	0
oewn-03965046-n	plastic wrap	4	0	0	0		0	4	0.0	0	0	0	0	0	0
oewn-03969322-n	plating	4	0	1	1	silver plate	0	4	0.0	0	0	0	0	0	0
oewn-03995432-n	postbox	4	0	0	0		0	4	0.0	0	0	0	0	0	0
oewn-03999061-n	pottery	4	0	1	1	pottery	0	4	0.0	0	0	0	0	0	0
oewn-04007857-n	pressure gauge	4	0	0	0		0	4	0.0	0	0	0	0	0	0
oewn-04022970-n	pruning saw	4	0	0	0		0	4	0.0	0	0	0	0	0	0
oewn-04031524-n	puppet	4	0	1	1	puppet	0	4	0.0	0	0	0	0	0	0
oewn-04064547-n	reaction-propulsion engine	4	0	0	0		0	4	0.0	0	0	0	0	0	0
oewn-04072744-n	rectifier	4	0	0	0		0	4	0.0	0	0	0	0	0	0
oewn-04075553-n	refinery	4	0	0	0		0	4	0.0	0	0	0	0	0	0
oewn-04076889-n	reformatory	4	0	0	0		0	4	0.0	0	0	0	0	0	0
oewn-04083028-n	repair shop	4	0	0	0		0	4	0.0	0	0	0	0	0	0
oewn-04096778-n	riding boot	4	0	0	0		0	4	0.0	0	0	0	0	0	0
oewn-04107063-n	rocking chair	4	0	0	0		0	4	0.0	0	0	0	0	0	0
oewn-04109500-n	roller coaster	4	0	0	0		0	4	0.0	0	0	0	0	0	0
oewn-04118762-n	rotor	4	0	0	0		0	4	0.0	0	0	0	0	0	0
oewn-04122350-n	row house	4	0	0	0		0	4	0.0	0	0	0	0	0	0
oewn-04131303-n	saddle blanket	4	0	0	0		0	4	0.0	0	0	0	0	0	0
oewn-04176498-n	selector	4	0	2	1	dial	0	4	0.0	0	0	0	0	0	0
oewn-04224030-n	sights	4	0	0	0		0	4	0.0	0	0	0	0	0	0
oewn-04232791-n	skate	4	0	0	0		0	4	0.0	0	0	0	0	0	0
oewn-04235116-n	ski	4	0	0	0		0	4	0.0	0	0	0	0	0	0
oewn-04236069-n	skidder	4	0	0	0		1	4	0.25	0	1	0	0	0	0
oewn-04284342-n	spinal anesthetic	4	0	0	0		2	4	0.5	0	2	0	0	0	0
oewn-04300257-n	squeezer	4	0	0	0		0	4	0.0	0	0	0	0	0	0
oewn-04323413-n	stereo	4	0	0	0		0	4	0.0	0	0	0	0	0	0
oewn-04354597-n	submachine gun	4	0	0	0		0	4	0.0	0	0	0	0	0	0
oewn-04398656-n	tape	4	0	1	1	tape	0	4	0.0	0	0	0	0	0	0
oewn-04400182-n	tape recorder	4	0	0	0		0	4	0.0	0	0	0	0	0	0
oewn-04422798-n	test rocket	4	0	0	0		0	4	0.0	0	0	0	0	0	0
oewn-04425953-n	theater stage	4	0	0	0		0	4	0.0	0	0	0	0	0	0
oewn-04426208-n	theodolite	4	0	1	1	transit	0	4	0.0	0	0	0	0	0	0
oewn-04430010-n	thermostat	4	0	0	0		2	4	0.5	1	1	1	0	0	0
oewn-04436303-n	thrombolytic	4	0	0	0		0	4	0.0	0	0	0	0	0	0
oewn-04472736-n	tractor	4	0	0	0		1	4	0.25	0	1	0	0	0	0
oewn-04473621-n	traffic lane	4	0	0	0		0	4	0.0	0	0	0	0	0	0
oewn-04474542-n	trailer	4	0	0	0		0	4	0.0	0	0	0	0	0	0
oewn-04509659-n	turtleneck collar	4	0	0	0		2	4	0.5	2	0	0	0	0	0
oewn-04529282-n	varnish	4	0	0	0		0	4	0.0	0	0	0	0	0	0
oewn-04551736-n	waist pack	4	0	0	0		0	4	0.0	0	0	0	0	0	0
oewn-04562157-n	washer	4	0	0	0		0	4	0.0	0	0	0	0	0	0
oewn-04567016-n	water gauge	4	0	0	0		0	4	0.0	0	0	0	0	0	0
oewn-04567399-n	water heater	4	0	0	0		0	4	0.0	0	0	0	0	0	0
oewn-04571076-n	waterworks	4	0	0	0		0	4	0.0	0	0	0	0	0	0
oewn-04574148-n	weather deck	4	0	0	0		2	4	0.5	0	2	0	0	0	0
oewn-04575843-n	web	4	0	3	1	web	0	4	0.0	0	0	0	0	0	0
oewn-04577702-n	weeder	4	0	0	0		0	4	0.0	0	0	0	0	0	0
oewn-04599402-n	wineglass	4	0	0	0		0	4	0.0	0	0	0	0	0	0
oewn-04605463-n	woodscrew	4	0	0	0		0	4	0.0	0	0	0	0	0	0
oewn-04606119-n	woodwork	4	0	1	1	woodwork	1	4	0.25	1	0	0	0	0	0
oewn-04617008-n	X-ray machine	4	0	0	0		0	4	0.0	0	0	0	0	0	0
oewn-04622583-n	zither	4	0	0	0		0	4	0.0	0	0	0	0	0	0
oewn-04667437-n	unadaptability	4	0	1	1	inflexibility	4	4	1.0	0	4	0	0	0	0
oewn-04667618-n	inflexibility	4	0	1	1	inflexibility	3	4	0.75	0	3	0	0	0	0
oewn-04677888-n	untrustworthiness	4	0	0	0		4	4	1.0	0	4	0	0	0	0
oewn-04747172-n	invariability	4	0	1	1	invariability	4	4	1.0	0	4	0	0	0	0
oewn-04763280-n	predictability	4	0	0	0		2	4	0.5	2	0	0	0	0	0
oewn-04775044-n	cyclicity	4	0	0	0		0	4	0.0	0	0	0	0	0	0
oewn-04775267-n	rhythm	4	0	0	0		0	4	0.0	0	0	0	0	0	0
oewn-04775425-n	cardiac rhythm	4	0	0	0		0	4	0.0	0	0	0	0	0	0
oewn-04787671-n	unpalatability	4	0	0	0		0	4	0.0	0	0	0	0	0	0
oewn-04791406-n	incredibility	4	0	0	0		2	4	0.5	2	0	0	0	0	0
oewn-04797984-n	harmfulness	4	0	0	0		3	4	0.75	0	3	0	0	0	0
oewn-04800786-n	inadequacy	4	0	0	0		0	4	0.0	0	0	0	0	0	0
oewn-04807978-n	unorthodoxy	4	0	0	0		3	4	0.75	2	1	1	0	0	0
oewn-04811700-n	inaccuracy	4	0	1	1	looseness	3	4	0.75	0	3	0	0	0	0
oewn-04811860-n	inexactness	4	0	0	0		2	4	0.5	0	2	0	0	0	0
oewn-04815533-n	shamefulness	4	0	0	0		1	4	0.25	1	0	0	0	0	0
oewn-04844846-n	combativeness	4	0	0	0		4	4	1.0	1	3	1	0	0	0
oewn-04846385-n	fairness	4	0	1	1	equity	2	4	0.5	2	0	0	0	0	0
oewn-04854831-n	cardinal virtue	4	0	0	0		1	4	0.25	1	0	0	0	0	0
oewn-04866408-n	adventurousness	4	0	0	0		0	4	0.0	0	0	0	0	0	0
oewn-04892012-n	dissoluteness	4	0	0	0		4	4	1.0	4	0	0	0	0	0
oewn-04946724-n	brittleness	4	0	0	0		0	4	0.0	0	0	0	0	0	0
oewn-04953255-n	acquisitiveness	4	0	0	0		1	4	0.25	1	0	0	0	0	0
oewn-04964766-n	primary color for light	4	0	0	0		0	4	0.0	0	0	0	0	0	0
oewn-04973894-n	orange yellow	4	0	1	1	saffron	0	4	0.0	0	0	0	0	0	0
oewn-04975603-n	bluish green	4	0	0	0		0	4	0.0	0	0	0	0	0	0
oewn-04988723-n	noisiness	4	0	1	1	boisterousness	0	4	0.0	0	0	0	0	0	0
oewn-05000591-n	saltiness	4	0	0	0		0	4	0.0	0	0	0	0	0	0
oewn-05009338-n	slenderness	4	0	0	0		0	4	0.0	0	0	0	0	0	0
oewn-05013469-n	inanimateness	4	0	1	1	lifelessness	2	4	0.5	0	2	0	0	0	0
oewn-05016942-n	chemical property	4	0	1	1	volatility	0	4	0.0	0	0	0	0	0	0
oewn-05022063-n	body temperature	4	0	0	0		0	4	0.0	0	0	0	0	0	0
oewn-05024624-n	visibility	4	0	1	1	conspicuousness	3	4	0.75	3	0	0	0	0	0
oewn-05030907-n	rigidity	4	0	1	1	inflexibility	2	4	0.5	0	2	0	0	0	0
oewn-05040073-n	stamina	4	0	1	1	toughness	1	4	0.25	1	0	0	0	0	0
oewn-05041628-n	valence	4	0	0	0		0	4	0.0	0	0	0	0	0	0
oewn-05056807-n	pastness	4	0	0	0		1	4	0.25	0	1	0	0	0	0
oewn-05061688-n	imperishability	4	0	0	0		0	4	0.0	0	0	0	0	0	0
oewn-05067952-n	acceleration	4	0	2	1	precipitation	2	4	0.5	2	0	0	0	0	0
oewn-05077459-n	convexity	4	0	0	0		0	4	0.0	0	0	0	0	0	0
oewn-05077622-n	roundedness	4	0	0	0		2	4	0.5	2	0	0	0	0	0
oewn-05078018-n	angularity	4	0	0	0		0	4	0.0	0	0	0	0	0	0
oewn-05092372-n	farness	4	0	1	1	remoteness	0	4	0.0	0	0	0	0	0	0
oewn-05105573-n	amplitude	4	0	0	0		1	4	0.25	1	0	0	0	0	0
oewn-05121671-n	deficit	4	0	0	0		0	4	0.0	0	0	0	0	0	0
oewn-05134415-n	head register	4	0	0	0		0	4	0.0	0	0	0	0	0	0
oewn-05137293-n	gauge	4	0	0	0		0	4	0.0	0	0	0	0	0	0
oewn-05140800-n	extension	4	0	1	1	extension	1	4	0.25	1	0	0	0	0	0
oewn-05155187-n	productiveness	4	0	0	0		0	4	0.0	0	0	0	0	0	0
oewn-05159397-n	practicability	4	0	0	0		0	4	0.0	0	0	0	0	0	0
oewn-05159943-n	idealism	4	0	1	1	idealism	1	4	0.25	0	1	0	0	0	0
oewn-05169440-n	unfavorableness	4	0	0	0		4	4	1.0	0	4	0	0	0	0
oewn-05185921-n	preemption	4	0	0	0		0	4	0.0	0	0	0	0	0	0
oewn-05205695-n	legal power	4	0	1	1	jurisdiction	0	4	0.0	0	0	0	0	0	0
oewn-05216927-n	finiteness	4	0	0	0		0	4	0.0	0	0	0	0	0	0
oewn-05254400-n	salpinx	4	0	0	0		0	4	0.0	0	0	0	0	0	0
oewn-05259001-n	ductule	4	0	0	0		1	4	0.25	0	1	0	0	0	0
oewn-05265782-n	crimp	4	0	0	0		0	4	0.0	0	0	0	0	0	0
oewn-05285227-n	ossicle	4	0	0	0		0	4	0.0	0	0	0	0	0	0
oewn-05291315-n	turbinate bone	4	0	0	0		0	4	0.0	0	0	0	0	0	0
oewn-05302880-n	ligament	4	0	1	1	ligament	0	4	0.0	0	0	0	0	0	0
oewn-05306071-n	external organ	4	0	0	0		0	4	0.0	0	0	0	0	0	0
oewn-05310731-n	cervix	4	0	0	0		1	4	0.25	0	1	0	0	0	0
oewn-05315272-n	molar	4	0	0	0		0	4	0.0	0	0	0	0	0	0
oewn-05319831-n	simple eye	4	0	0	0		0	4	0.0	0	0	0	0	0	0
oewn-05335780-n	sebaceous gland	4	0	0	0		0	4	0.0	0	0	0	0	0	0
oewn-05338207-n	sweat gland	4	0	0	0		0	4	0.0	0	0	0	0	0	0
oewn-05340807-n	excretory organ	4	0	0	0		0	4	0.0	0	0	0	0	0	0
oewn-05348343-n	cerebellar artery	4	0	0	0		2	4	0.5	1	1	1	0	0	0
oewn-05359294-n	mesenteric artery	4	0	0	0		0	4	0.0	0	0	0	0	0	0
oewn-05361367-n	pulmonary artery	4	0	0	0		0	4	0.0	0	0	0	0	0	0
oewn-05367376-n	cardinal vein	4	0	0	0		0	4	0.0	0	0	0	0	0	0
oewn-05370141-n	middle cerebral vein	4	0	0	0		0	4	0.0	0	0	0	0	0	0
oewn-05382323-n	ophthalmic vein	4	0	0	0		1	4	0.25	1	0	0	0	0	0
oewn-05390198-n	thalamostriate vein	4	0	0	0		0	4	0.0	0	0	0	0	0	0
oewn-05399106-n	ventricle	4	0	1	1	ventricle	0	4	0.0	0	0	0	0	0	0
oewn-05402441-n	heart valve	4	0	0	0		0	4	0.0	0	0	0	0	0	0
oewn-05404150-n	lymph vessel	4	0	0	0		0	4	0.0	0	0	0	0	0	0
oewn-05429341-n	vein of penis	4	0	0	0		0	4	0.0	0	0	0	0	0	0
oewn-05439502-n	zygote	4	0	0	0		0	4	0.0	0	0	0	0	0	0
oewn-05454999-n	semipermeable membrane	4	0	0	0		0	4	0.0	0	0	0	0	0	0
oewn-05455175-n	bone cell	4	0	0	0		0	4	0.0	0	0	0	0	0	0
oewn-05464308-n	reproductive cell	4	0	0	0		0	4	0.0	0	0	0	0	0	0
oewn-05468049-n	smooth muscle	4	0	0	0		2	4	0.5	0	2	0	0	0	0
oewn-05476684-n	nerve ending	4	0	0	0		1	4	0.25	0	1	0	0	0	0
oewn-05478833-n	caruncle	4	0	0	0		0	4	0.0	0	0	0	0	0	0
oewn-05510207-n	ventricle	4	0	1	1	ventricle	1	4	0.25	0	1	0	0	0	0
oewn-05516797-n	reproductive system	4	0	0	0		0	4	0.0	0	0	0	0	0	0
oewn-05517824-n	respiratory tract	4	0	0	0		0	4	0.0	0	0	0	0	0	0
oewn-05519269-n	circulatory system	4	0	0	0		0	4	0.0	0	0	0	0	0	0
oewn-05542345-n	small intestine	4	0	0	0		0	4	0.0	0	0	0	0	0	0
oewn-05553072-n	foramen	4	0	0	0		0	4	0.0	0	0	0	0	0	0
oewn-05614283-n	albuginea	4	0	0	0		0	4	0.0	0	0	0	0	0	0
oewn-05614388-n	tunic	4	0	1	1	tunic	0	4	0.0	0	0	0	0	0	0
oewn-05640889-n	fantasy world	4	0	0	0		3	4	0.75	0	3	0	0	0	0
oewn-05653884-n	dullness	4	0	0	0		0	4	0.0	0	0	0	0	0	0
oewn-05655488-n	inaptitude	4	0	0	0		3	4	0.75	0	3	0	0	0	0
oewn-05657473-n	unoriginality	4	0	1	1	conventionality	3	4	0.75	0	3	0	0	0	0
oewn-05661420-n	responsiveness	4	0	1	1	irritability	0	4	0.0	0	0	0	0	0	0
oewn-05668782-n	teaching method	4	0	0	0		3	4	0.75	3	0	0	0	0	0
oewn-05688034-n	coma	4	0	1	1	coma	2	4	0.5	0	2	0	0	0	0
oewn-05719450-n	auditory perception	4	0	0	0		0	4	0.0	0	0	0	0	0	0
oewn-05728549-n	synesthesia	4	0	0	0		0	4	0.0	0	0	0	0	0	0
oewn-05728773-n	chromesthesia	4	0	0	0		0	4	0.0	0	0	0	0	0	0
oewn-05750496-n	blood test	4	0	0	0		1	4	0.25	0	1	0	0	0	0
oewn-05752366-n	radioactive iodine test	4	0	0	0		0	4	0.0	0	0	0	0	0	0
oewn-05759791-n	culture	4	0	3	1	culture	0	4	0.0	0	0	0	0	0	0
oewn-05810920-n	conversion	4	0	1	1	conversion	0	4	0.0	0	0	0	0	0	0
oewn-05849878-n	architectural style	4	0	0	0		0	4	0.0	0	0	0	0	0	0
oewn-05853859-n	genre	4	0	0	0		0	4	0.0	0	0	0	0	0	0
oewn-05856483-n	heuristic	4	0	0	0		0	4	0.0	0	0	0	0	0	0
oewn-05868214-n	product	4	0	2	1	product	0	4	0.0	0	0	0	0	0	0
oewn-05874783-n	attractor	4	0	0	0		0	4	0.0	0	0	0	0	0	0
oewn-05909037-n	educational program	4	0	0	0		0	4	0.0	0	0	0	0	0	0
oewn-05944589-n	memory image	4	0	0	0		1	4	0.25	0	1	0	0	0	0
oewn-05964886-n	ethic	4	0	0	0		0	4	0.0	0	0	0	0	0	0
oewn-06018245-n	coordinate axis	4	0	0	0		0	4	0.0	0	0	0	0	0	0
oewn-06021862-n	trigonometry	4	0	0	0		1	4	0.25	1	0	0	0	0	0
oewn-06056429-n	biomedicine	4	0	0	0		0	4	0.0	0	0	0	0	0	0
oewn-06061073-n	immunology	4	0	0	0		0	4	0.0	0	0	0	0	0	0
oewn-06066454-n	psychotherapy	4	0	0	0		0	4	0.0	0	0	0	0	0	0
oewn-06081825-n	entomology	4	0	0	0		0	4	0.0	0	0	0	0	0	0
oewn-06083922-n	paleobotany	4	0	0	0		0	4	0.0	0	0	0	0	0	0
oewn-06091421-n	neuroscience	4	0	0	0		0	4	0.0	0	0	0	0	0	0
oewn-06107382-n	astrophysics	4	0	0	0		0	4	0.0	0	0	0	0	0	0
oewn-06108876-n	electronics	4	0	0	0		0	4	0.0	0	0	0	0	0	0
oewn-06128170-n	meteorology	4	0	0	0		0	4	0.0	0	0	0	0	0	0
oewn-06155711-n	protohistory	4	0	0	0		0	4	0.0	0	0	0	0	0	0
oewn-06188528-n	lexicology	4	0	0	0		0	4	0.0	0	0	0	0	0	0
oewn-06194005-n		4	0	0	0		0	4	0.0	0	0	0	0	0	0
oewn-06221698-n	conformity	4	0	1	1	conventionality	1	4	0.25	1	0	0	0	0	0
oewn-06231735-n	hawkishness	4	0	0	0		0	4	0.0	0	0	0	0	0	0
oewn-06234419-n	paganism	4	0	0	0		0	4	0.0	0	0	0	0	0	0
oewn-06238680-n		4	0	0	0		1	4	0.25	1	0	0	0	0	0
oewn-06269194-n	foldout	4	0	0	0		0	4	0.0	0	0	0	0	0	0
oewn-06289483-n	digital communication	4	0	0	0		2	4	0.5	2	0	0	0	0	0
oewn-06313532-n	quantifier	4	0	0	0		2	4	0.5	2	0	0	0	0	0
oewn-06317596-n	allomorph	4	0	0	0		0	4	0.0	0	0	0	0	0	0
oewn-06324447-n	syntagma	4	0	1	1	constituent	0	4	0.0	0	0	0	0	0	0
oewn-06328457-n	part of speech	4	0	0	0		0	4	0.0	0	0	0	0	0	0
oewn-06331146-n	common noun	4	0	0	0		0	4	0.0	0	0	0	0	0	0
oewn-06358958-n	subtitle	4	0	0	0		0	4	0.0	0	0	0	0	0	0
oewn-06360967-n	transcription	4	0	0	0		0	4	0.0	0	0	0	0	0	0
oewn-06370307-n	web page	4	0	0	0		0	4	0.0	0	0	0	0	0	0
oewn-06381891-n	adventure story	4	0	0	0		0	4	0.0	0	0	0	0	0	0
oewn-06392502-n	rondeau	4	0	0	0		0	4	0.0	0	0	0	0	0	0
oewn-06413845-n	web log	4	0	0	0		0	4	0.0	0	0	0	0	0	0
oewn-06416841-n	endorsement	4	0	1	1	endorsement	2	4	0.5	0	2	0	0	0	0
oewn-06423993-n	trade book	4	0	0	0		0	4	0.0	0	0	0	0	0	0
oewn-06429789-n	songbook	4	0	0	0		0	4	0.0	0	0	0	0	0	0
oewn-06432659-n	thesaurus	4	0	0	0		0	4	0.0	0	0	0	0	0	0
oewn-06485960-n	personality inventory	4	0	0	0		0	4	0.0	0	0	0	0	0	0
oewn-06492827-n	negotiable instrument	4	0	4	1	draft	0	4	0.0	0	0	0	0	0	0
oewn-06496950-n	agenda	4	0	0	0		0	4	0.0	0	0	0	0	0	0
oewn-06500162-n	library catalog	4	0	0	0		0	4	0.0	0	0	0	0	0	0
oewn-06507319-n	schedule	4	0	0	0		0	4	0.0	0	0	0	0	0	0
oewn-06532733-n	bill of lading	4	0	0	0		0	4	0.0	0	0	0	0	0	0
oewn-06538952-n	labor contract	4	0	0	0		1	4	0.25	0	1	0	0	0	0
oewn-06553158-n	imperial decree	4	0	0	0		0	4	0.0	0	0	0	0	0	0
oewn-06585776-n	compiler	4	0	0	0		0	4	0.0	0	0	0	0	0	0
oewn-06601066-n	database management system	4	0	0	0		0	4	0.0	0	0	0	0	0	0
oewn-06678115-n	file transfer protocol	4	0	0	0		0	4	0.0	0	0	0	0	0	0
oewn-06692747-n	lithography	4	0	0	0		0	4	0.0	0	0	0	0	0	0
oewn-06717842-n	honorary degree	4	0	0	0		0	4	0.0	0	0	0	0	0	0
oewn-06740365-n	pronouncement	4	0	0	0		0	4	0.0	0	0	0	0	0	0
oewn-06761180-n	program	4	0	3	1	programme	0	4	0.0	0	0	0	0	0	0
oewn-06807231-n	signpost	4	0	0	0		0	4	0.0	0	0	0	0	0	0
oewn-06823648-n	decimal numeration system	4	0	0	0		0	4	0.0	0	0	0	0	0	0
oewn-06827094-n	parenthesis-free notation	4	0	0	0		0	4	0.0	0	0	0	0	0	0
oewn-06829793-n	formula	4	0	0	0		0	4	0.0	0	0	0	0	0	0
oewn-06880725-n	solmization	4	0	0	0		0	4	0.0	0	0	0	0	0	0
oewn-06885404-n	bass	4	0	2	1	bass	0	4	0.0	0	0	0	0	0	0
oewn-06911886-n	application-oriented language	4	0	0	0		0	4	0.0	0	0	0	0	0	0
oewn-06917719-n	tone language	4	0	0	0		0	4	0.0	0	0	0	0	0	0
oewn-07013853-n	characteristic curve	4	0	0	0		0	4	0.0	0	0	0	0	0	0
oewn-07020287-n	theatrical production	4	0	0	0		1	4	0.25	1	0	0	0	0	0
oewn-07040945-n	harmonization	4	0	0	0		0	4	0.0	0	0	0	0	0	0
oewn-07048121-n	chant	4	0	0	0		0	4	0.0	0	0	0	0	0	0
oewn-07071236-n	serialism	4	0	0	0		0	4	0.0	0	0	0	0	0	0
oewn-07100280-n	word stress	4	0	0	0		0	4	0.0	0	0	0	0	0	0
oewn-07128045-n	phonological system	4	0	0	0		0	4	0.0	0	0	0	0	0	0
oewn-07131715-n	labial consonant	4	0	0	0		0	4	0.0	0	0	0	0	0	0
oewn-07185857-n	clarification	4	0	2	1	illumination	1	4	0.25	1	0	0	0	0	0
oewn-07201957-n	demagoguery	4	0	0	0		4	4	1.0	4	0	0	0	0	0
oewn-07257572-n	harangue	4	0	1	1	rant	3	4	0.75	3	0	0	0	0	0
oewn-07259273-n	evangelism	4	0	0	0		0	4	0.0	0	0	0	0	0	0
oewn-07264253-n	classified ad	4	0	0	0		0	4	0.0	0	0	0	0	0	0
oewn-07273987-n	landmark	4	0	0	0		0	4	0.0	0	0	0	0	0	0
oewn-07277888-n	electronic signal	4	0	0	0		0	4	0.0	0	0	0	0	0	0
oewn-07318457-n	forest fire	4	0	0	0		1	4	0.25	0	1	0	0	0	0
oewn-07420011-n	landslide	4	0	1	1	landslide	1	4	0.25	0	1	0	0	0	0
oewn-07423565-n	blowback	4	0	0	0		0	4	0.0	0	0	0	0	0	0
oewn-07436636-n	power outage	4	0	0	0		0	4	0.0	0	0	0	0	0	0
oewn-07446283-n	static	4	0	0	0		0	4	0.0	0	0	0	0	0	0
oewn-07474040-n	bicycle race	4	0	0	0		0	4	0.0	0	0	0	0	0	0
oewn-07478690-n	ski race	4	0	1	1	downhill	0	4	0.0	0	0	0	0	0	0
oewn-07481100-n	boxing match	4	0	0	0		0	4	0.0	0	0	0	0	0	0
oewn-07580194-n	reducing diet	4	0	0	0		2	4	0.5	1	1	1	0	0	0
oewn-07596035-n	chicken casserole	4	0	0	0		0	4	0.0	0	0	0	0	0	0
oewn-07597340-n	cocktail	4	0	1	1	cocktail	0	4	0.0	0	0	0	0	0	0
oewn-07597842-n	hors d'oeuvre	4	0	0	0		0	4	0.0	0	0	0	0	0	0
oewn-07609345-n	ready-mix	4	0	0	0		0	4	0.0	0	0	0	0	0	0
oewn-07611485-n	powdered sugar	4	0	0	0		0	4	0.0	0	0	0	0	0	0
oewn-07616978-n	candied citrus peel	4	0	0	0		0	4	0.0	0	0	0	0	0	0
oewn-07621887-n	mint	4	0	2	1	mint	0	4	0.0	0	0	0	0	0	0
oewn-07638745-n	pastry	4	0	0	0		0	4	0.0	0	0	0	0	0	0
oewn-07646121-n	coffeecake	4	0	0	0		0	4	0.0	0	0	0	0	0	0
oewn-07647646-n	sponge cake	4	0	0	0		0	4	0.0	0	0	0	0	0	0
oewn-07654797-n	raised doughnut	4	0	0	0		2	4	0.5	0	2	0	0	0	0
oewn-07657537-n	fish cake	4	0	0	0		0	4	0.0	0	0	0	0	0	0
oewn-07675538-n	tenderloin	4	0	0	0		0	4	0.0	0	0	0	0	0	0
oewn-07675810-n	fillet	4	0	0	0		0	4	0.0	0	0	0	0	0	0
oewn-07681589-n	veal roast	4	0	0	0		2	4	0.5	2	0	0	0	0	0
oewn-07704748-n	johnnycake	4	0	0	0		0	4	0.0	0	0	0	0	0	0
oewn-07718541-n	cereal	4	0	0	0		2	4	0.5	0	2	0	0	0	0
oewn-07731779-n	yellow squash	4	0	0	0		0	4	0.0	0	0	0	0	0	0
oewn-07735584-n	beet	4	0	0	0		0	4	0.0	0	0	0	0	0	0
oewn-07747563-n	chicory escarole	4	0	0	0		3	4	0.75	0	3	0	0	0	0
oewn-07748723-n	cress	4	0	0	0		0	4	0.0	0	0	0	0	0	0
oewn-07768353-n	dried fruit	4	0	0	0		1	4	0.25	0	1	0	0	0	0
oewn-07793488-n	freshwater bass	4	0	2	1	bass	0	4	0.0	0	0	0	0	0	0
oewn-07793921-n	sea bass	4	0	2	1	bass	0	4	0.0	0	0	0	0	0	0
oewn-07808195-n	rockfish	4	0	0	0		0	4	0.0	0	0	0	0	0	0
oewn-07808701-n	lobster	4	0	1	1	lobster	0	4	0.0	0	0	0	0	0	0
oewn-07821570-n	bird feed	4	0	0	0		0	4	0.0	0	0	0	0	0	0
oewn-07850483-n	mayonnaise	4	0	0	0		0	4	0.0	0	0	0	0	0	0
oewn-07852814-n	chocolate sauce	4	0	0	0		0	4	0.0	0	0	0	0	0	0
oewn-07857471-n	boiled egg	4	0	0	0		0	4	0.0	0	0	0	0	0	0
oewn-07868895-n	cheddar	4	0	0	0		0	4	0.0	0	0	0	0	0	0
oewn-07883397-n	fondue	4	0	0	0		0	4	0.0	0	0	0	0	0	0
oewn-07883859-n	fondue	4	0	0	0		0	4	0.0	0	0	0	0	0	0
oewn-07926051-n	orange liqueur	4	0	0	0		0	4	0.0	0	0	0	0	0	0
oewn-07930653-n	daiquiri	4	0	0	0		1	4	0.25	0	1	0	0	0	0
oewn-07979822-n	haystack	4	0	0	0		0	4	0.0	0	0	0	0	0	0
oewn-08003822-n	quartet	4	0	0	0		0	4	0.0	0	0	0	0	0	0
oewn-08083327-n	banking industry	4	0	0	0		1	4	0.25	0	1	0	0	0	0
oewn-08095853-n	minor-league team	4	0	0	0		0	4	0.0	0	0	0	0	0	0
oewn-08135389-n	editorial department	4	0	0	0		0	4	0.0	0	0	0	0	0	0
oewn-08139116-n	federal department	4	0	0	0		0	4	0.0	0	0	0	0	0	0
oewn-08140679-n	executive agency	4	0	0	0		0	4	0.0	0	0	0	0	0	0
oewn-08183217-n	judiciary	4	0	0	0		0	4	0.0	0	0	0	0	0	0
oewn-08204378-n	theater company	4	0	0	0		0	4	0.0	0	0	0	0	0	0
oewn-08229448-n	corps	4	0	1	1	corps	0	4	0.0	0	0	0	0	0	0
oewn-08230000-n	corps	4	0	1	1	corps	0	4	0.0	0	0	0	0	0	0
oewn-08287338-n	diagonal	4	0	1	1	diagonal	0	4	0.0	0	0	0	0	0	0
oewn-08287963-n	galaxy	4	0	0	0		0	4	0.0	0	0	0	0	0	0
oewn-08290327-n	aircrew	4	0	0	0		0	4	0.0	0	0	0	0	0	0
oewn-08299285-n	junior college	4	0	0	0		0	4	0.0	0	0	0	0	0	0
oewn-08305674-n	subculture	4	0	0	0		0	4	0.0	0	0	0	0	0	0
oewn-08320434-n	federation	4	0	0	0		0	4	0.0	0	0	0	0	0	0
oewn-08347033-n	appellate court	4	0	0	0		0	4	0.0	0	0	0	0	0	0
oewn-08383129-n	socialism	4	0	0	0		0	4	0.0	0	0	0	0	0	0
oewn-08385235-n	collectivism	4	0	0	0		0	4	0.0	0	0	0	0	0	0
oewn-08394537-n	hierarchy	4	0	0	0		0	4	0.0	0	0	0	0	0	0
oewn-08398167-n	leadership	4	0	1	1	leadership	0	4	0.0	0	0	0	0	0	0
oewn-08404085-n	intelligentsia	4	0	0	0		2	4	0.5	2	0	0	0	0	0
oewn-08426926-n	preparatory school	4	0	0	0		0	4	0.0	0	0	0	0	0	0
oewn-08438057-n	consumer finance company	4	0	0	0		0	4	0.0	0	0	0	0	0	0
oewn-08439481-n	thrift institution	4	0	0	0		0	4	0.0	0	0	0	0	0	0
oewn-08557280-n	conurbation	4	0	1	1	sprawl	0	4	0.0	0	0	0	0	0	0
oewn-08557579-n	borough	4	0	0	0		0	4	0.0	0	0	0	0	0	0
oewn-08595892-n	biogeographical region	4	0	0	0		0	4	0.0	0	0	0	0	0	0
oewn-08696521-n	waterline	4	0	0	0		0	4	0.0	0	0	0	0	0	0
oewn-08696749-n	water line	4	0	0	0		0	4	0.0	0	0	0	0	0	0
oewn-08706766-n	bridgehead	4	0	1	1	foothold	0	4	0.0	0	0	0	0	0	0
oewn-09237930-n	baryon	4	0	0	0		0	4	0.0	0	0	0	0	0	0
oewn-09241401-n	belay	4	0	0	0		0	4	0.0	0	0	0	0	0	0
oewn-09249904-n	boson	4	0	0	0		0	4	0.0	0	0	0	0	0	0
oewn-09289852-n	dipole	4	0	0	0		0	4	0.0	0	0	0	0	0	0
oewn-09302067-n	fermion	4	0	0	0		0	4	0.0	0	0	0	0	0	0
oewn-09314419-n	granule	4	0	0	0		0	4	0.0	0	0	0	0	0	0
oewn-09335749-n	infectious agent	4	0	0	0		3	4	0.75	3	0	0	0	0	0
oewn-09351652-n	lagoon	4	0	0	0		0	4	0.0	0	0	0	0	0	0
oewn-09376006-n	meteoroid	4	0	0	0		0	4	0.0	0	0	0	0	0	0
oewn-09378520-n	minor planet	4	0	0	0		0	4	0.0	0	0	0	0	0	0
oewn-09389837-n	nebula	4	0	0	0		0	4	0.0	0	0	0	0	0	0
oewn-09471400-n	stratus	4	0	0	0		0	4	0.0	0	0	0	0	0	0
oewn-09483646-n	transducing vector	4	0	0	0		0	4	0.0	0	0	0	0	0	0
oewn-09483810-n	transmission mechanism	4	0	0	0		0	4	0.0	0	0	0	0	0	0
oewn-09569901-n	water sprite	4	0	0	0		0	4	0.0	0	0	0	0	0	0
oewn-09571761-n	nymph	4	0	0	0		1	4	0.25	1	0	0	0	0	0
oewn-09658722-n		4	0	0	0		4	4	1.0	0	4	0	0	0	0
oewn-09700747-n		4	0	0	0		4	4	1.0	0	4	0	0	0	0
oewn-09735443-n		4	0	0	0		0	4	0.0	0	0	0	0	0	0
oewn-09739652-n		4	0	0	0		3	4	0.75	0	3	0	0	0	0
oewn-09782772-n	acolyte	4	0	0	0		1	4	0.25	0	1	0	0	0	0
oewn-09809923-n	analyst	4	0	0	0		1	4	0.25	1	0	0	0	0	0
oewn-09822852-n	arbiter	4	0	1	1	arbiter	0	4	0.0	0	0	0	0	0	0
oewn-09829330-n	arranger	4	0	1	1	transcriber	0	4	0.0	0	0	0	0	0	0
oewn-09830112-n	arsonist	4	0	0	0		0	4	0.0	0	0	0	0	0	0
oewn-09853385-n	balker	4	0	0	0		0	4	0.0	0	0	0	0	0	0
oewn-09860903-n	baseball coach	4	0	0	0		0	4	0.0	0	0	0	0	0	0
oewn-09863232-n	baton twirler	4	0	0	0		0	4	0.0	0	0	0	0	0	0
oewn-09885360-n	booker	4	0	0	0		0	4	0.0	0	0	0	0	0	0
oewn-09908991-n	camera operator	4	0	0	0		0	4	0.0	0	0	0	0	0	0
oewn-09914674-n	careerist	4	0	0	0		0	4	0.0	0	0	0	0	0	0
oewn-09944454-n	civil rights leader	4	0	0	0		0	4	0.0	0	0	0	0	0	0
oewn-09951966-n	coal miner	4	0	0	0		0	4	0.0	0	0	0	0	0	0
oewn-09964798-n	communist	4	0	0	0		0	4	0.0	0	0	0	0	0	0
oewn-09975260-n	representative	4	0	2	1	representative	0	4	0.0	0	0	0	0	0	0
oewn-09996856-n	cricketer	4	0	0	0		0	4	0.0	0	0	0	0	0	0
oewn-10000188-n	crossing guard	4	0	0	0		0	4	0.0	0	0	0	0	0	0
oewn-10015111-n	decoy	4	0	1	1	steerer	0	4	0.0	0	0	0	0	0	0
oewn-10016750-n	debaser	4	0	0	0		0	4	0.0	0	0	0	0	0	0
oewn-10022422-n	demonstrator	4	0	0	0		0	4	0.0	0	0	0	0	0	0
oewn-10027649-n	desk clerk	4	0	0	0		0	4	0.0	0	0	0	0	0	0
oewn-10027908-n	desk sergeant	4	0	0	0		0	4	0.0	0	0	0	0	0	0
oewn-10030728-n	diagnostician	4	0	0	0		0	4	0.0	0	0	0	0	0	0
oewn-10035642-n	nonbeliever	4	0	0	0		1	4	0.25	0	1	0	0	0	0
oewn-10037147-n	dispatcher	4	0	0	0		0	4	0.0	0	0	0	0	0	0
oewn-10074989-n	conjurer	4	0	1	1	conjuror	0	4	0.0	0	0	0	0	0	0
oewn-10099673-n	fascist	4	0	0	0		2	4	0.5	0	2	0	0	0	0
oewn-10106152-n	fielder	4	0	0	0		0	4	0.0	0	0	0	0	0	0
oewn-10110633-n	fingerprint expert	4	0	0	0		0	4	0.0	0	0	0	0	0	0
oewn-10111867-n	fire warden	4	0	0	0		0	4	0.0	0	0	0	0	0	0
oewn-10118631-n	folk dancer	4	0	0	0		0	4	0.0	0	0	0	0	0	0
oewn-10129431-n	free agent	4	0	0	0		4	4	1.0	3	1	1	0	0	0
oewn-10130792-n	freeperson	4	0	0	0		1	4	0.25	0	1	0	0	0	0
oewn-10136924-n	gagster	4	0	0	0		0	4	0.0	0	0	0	0	0	0
oewn-10145546-n	general practitioner	4	0	0	0		2	4	0.5	0	2	0	0	0	0
oewn-10153164-n	government agent	4	0	0	0		0	4	0.0	0	0	0	0	0	0
oewn-10155983-n	gold miner	4	0	0	0		0	4	0.0	0	0	0	0	0	0
oewn-10168183-n	groundskeeper	4	0	0	0		0	4	0.0	0	0	0	0	0	0
oewn-10181787-n	hater	4	0	0	0		3	4	0.75	0	3	0	0	0	0
oewn-10214185-n	hustler	4	0	2	1	operator	0	4	0.0	0	0	0	0	0	0
oewn-10216801-n	identical twin	4	0	0	0		0	4	0.0	0	0	0	0	0	0
oewn-10240156-n	jazz musician	4	0	0	0		0	4	0.0	0	0	0	0	0	0
oewn-10246663-n	jumper	4	0	0	0		0	4	0.0	0	0	0	0	0	0
oewn-10283628-n	lines umpire	4	0	0	0		0	4	0.0	0	0	0	0	0	0
oewn-10316105-n	martinet	4	0	0	0		0	4	0.0	0	0	0	0	0	0
oewn-10323945-n	meanie	4	0	0	0		0	4	0.0	0	0	0	0	0	0
oewn-10336018-n	military attache	4	0	0	0		0	4	0.0	0	0	0	0	0	0
oewn-10341132-n	minstrel	4	0	1	1	minstrel	0	4	0.0	0	0	0	0	0	0
oewn-10353551-n	motorcycle cop	4	0	0	0		0	4	0.0	0	0	0	0	0	0
oewn-10376149-n	newspaper editor	4	0	0	0		0	4	0.0	0	0	0	0	0	0
oewn-10394351-n	oil operator	4	0	0	0		1	4	0.25	0	1	0	0	0	0
oewn-10397989-n	opera star	4	0	1	1	prima donna	0	4	0.0	0	0	0	0	0	0
oewn-10399825-n	optimist	4	0	0	0		0	4	0.0	0	0	0	0	0	0
oewn-10417181-n	parachutist	4	0	0	0		0	4	0.0	0	0	0	0	0	0
oewn-10431101-n	pedant	4	0	0	0		1	4	0.25	1	0	0	0	0	0
oewn-10495272-n	printmaker	4	0	0	0		0	4	0.0	0	0	0	0	0	0
oewn-10501805-n	promoter	4	0	0	0		0	4	0.0	0	0	0	0	0	0
oewn-10510006-n	publican	4	0	0	0		0	4	0.0	0	0	0	0	0	0
oewn-10510721-n	public servant	4	0	0	0		0	4	0.0	0	0	0	0	0	0
oewn-10512032-n	puller	4	0	0	0		0	4	0.0	0	0	0	0	0	0
oewn-10522161-n	racer	4	0	1	1	racer	0	4	0.0	0	0	0	0	0	0
oewn-10545011-n	retailer	4	0	0	0		0	4	0.0	0	0	0	0	0	0
oewn-10550802-n	rightist	4	0	0	0		0	4	0.0	0	0	0	0	0	0
oewn-10565619-n	safebreaker	4	0	0	0		0	4	0.0	0	0	0	0	0	0
oewn-10567976-n	salesgirl	4	0	0	0		0	4	0.0	0	0	0	0	0	0
oewn-10573055-n	saver	4	0	0	0		1	4	0.25	0	1	0	0	0	0
oewn-10583526-n	screen actor	4	0	0	0		0	4	0.0	0	0	0	0	0	0
oewn-10584088-n	scribe	4	0	1	1	scribe	0	4	0.0	0	0	0	0	0	0
oewn-10593869-n	section instructor	4	0	0	0		0	4	0.0	0	0	0	0	0	0
oewn-10594533-n	seducer	4	0	0	0		0	4	0.0	0	0	0	0	0	0
oewn-10613555-n	shrew	4	0	0	0		3	4	0.75	0	3	0	0	0	0
oewn-10623899-n	skater	4	0	0	0		0	4	0.0	0	0	0	0	0	0
oewn-10629717-n	slaver	4	0	0	0		0	4	0.0	0	0	0	0	0	0
oewn-10629849-n	sledder	4	0	0	0		0	4	0.0	0	0	0	0	0	0
oewn-10673118-n	steelmaker	4	0	0	0		0	4	0.0	0	0	0	0	0	0
oewn-10677408-n	stockholder	4	0	0	0		0	4	0.0	0	0	0	0	0	0
oewn-10720829-n	tennis player	4	0	1	1	receiver	0	4	0.0	0	0	0	0	0	0
oewn-10722985-n	testator	4	0	0	0		0	4	0.0	0	0	0	0	0	0
oewn-10740970-n	traffic cop	4	0	0	0		0	4	0.0	0	0	0	0	0	0
oewn-10770579-n	vice chair	4	0	0	0		0	4	0.0	0	0	0	0	0	0
oewn-10779650-n	votary	4	0	1	1	votary	0	4	0.0	0	0	0	0	0	0
oewn-10792794-n	weeper	4	0	0	0		3	4	0.75	0	3	0	0	0	0
oewn-11446103-n	atomic energy	4	0	0	0		0	4	0.0	0	0	0	0	0	0
oewn-11449352-n	bioelectricity	4	0	0	0		0	4	0.0	0	0	0	0	0	0
oewn-11456862-n	covalent bond	4	0	0	0		0	4	0.0	0	0	0	0	0	0
oewn-11477474-n	line of force	4	0	0	0		0	4	0.0	0	0	0	0	0	0
oewn-11488572-n	induction	4	0	0	0		0	4	0.0	0	0	0	0	0	0
oewn-11499082-n	magnetic resonance	4	0	0	0		0	4	0.0	0	0	0	0	0	0
oewn-11510458-n	opacity	4	0	1	1	opacity	1	4	0.25	0	1	0	0	0	0
oewn-11522155-n	rainstorm	4	0	0	0		1	4	0.25	0	1	0	0	0	0
oewn-11533251-n	conduction	4	0	0	0		0	4	0.0	0	0	0	0	0	0
oewn-11533425-n	propagation	4	0	1	1	propagation	0	4	0.0	0	0	0	0	0	0
oewn-11540135-n	torsion	4	0	0	0		0	4	0.0	0	0	0	0	0	0
oewn-11549390-n	geocentric parallax	4	0	0	0		0	4	0.0	0	0	0	0	0	0
oewn-11670329-n	celery pine	4	0	0	0		1	4	0.25	1	0	0	0	0	0
oewn-11671009-n	yellowwood	4	0	0	0		0	4	0.0	0	0	0	0	0	0
oewn-11729127-n	anise tree	4	0	0	0		0	4	0.0	0	0	0	0	0	0
oewn-11772234-n	darling pea	4	0	0	0		0	4	0.0	0	0	0	0	0	0
oewn-11802505-n	alocasia	4	0	0	0		0	4	0.0	0	0	0	0	0	0
oewn-11841434-n	fig marigold	4	0	0	0		0	4	0.0	0	0	0	0	0	0
oewn-11851183-n	orach	4	0	0	0		0	4	0.0	0	0	0	0	0	0
oewn-11866026-n	echinocactus	4	0	0	0		0	4	0.0	0	0	0	0	0	0
oewn-11872047-n	prickly pear	4	0	0	0		0	4	0.0	0	0	0	0	0	0
oewn-11894081-n	winter cress	4	0	0	0		0	4	0.0	0	0	0	0	0	0
oewn-11896407-n	head cabbage	4	0	0	0		0	4	0.0	0	0	0	0	0	0
oewn-11906325-n	draba	4	0	0	0		0	4	0.0	0	0	0	0	0	0
oewn-11953214-n	wood aster	4	0	0	0		0	4	0.0	0	0	0	0	0	0
oewn-11963876-n	calendula	4	0	0	0		0	4	0.0	0	0	0	0	0	0
oewn-11990570-n	cotton rose	4	0	0	0		0	4	0.0	0	0	0	0	0	0
oewn-11991055-n	gaillardia	4	0	0	0		0	4	0.0	0	0	0	0	0	0
oewn-12005522-n	marsh elder	4	0	0	0		0	4	0.0	0	0	0	0	0	0
oewn-12018438-n	daisybush	4	0	0	0		0	4	0.0	0	0	0	0	0	0
oewn-12027235-n	coneflower	4	0	0	0		0	4	0.0	0	0	0	0	0	0
oewn-12029218-n	cutleaved coneflower	4	0	0	0		0	4	0.0	0	0	0	0	0	0
oewn-12082969-n	helleborine	4	0	0	0		0	4	0.0	0	0	0	0	0	0
oewn-12114761-n	featherfoil	4	0	0	0		0	4	0.0	0	0	0	0	0	0
oewn-12134914-n	finger grass	4	0	0	0		0	4	0.0	0	0	0	0	0	0
oewn-12175290-n	pandanus	4	0	0	0		0	4	0.0	0	0	0	0	0	0
oewn-12195443-n	poppy mallow	4	0	0	0		0	4	0.0	0	0	0	0	0	0
oewn-12208180-n	globe mallow	4	0	0	0		0	4	0.0	0	0	0	0	0	0
oewn-12241708-n	macadamia	4	0	0	0		0	4	0.0	0	0	0	0	0	0
oewn-12252435-n	manzanita	4	0	0	0		0	4	0.0	0	0	0	0	0	0
oewn-12273746-n	epacris	4	0	0	0		0	4	0.0	0	0	0	0	0	0
oewn-12278087-n	pipsissewa	4	0	0	0		0	4	0.0	0	0	0	0	0	0
oewn-12318682-n	sabbatia	4	0	0	0		0	4	0.0	0	0	0	0	0	0
oewn-12356000-n	flooded gum	4	0	0	0		0	4	0.0	0	0	0	0	0	0
oewn-12364800-n	evening primrose	4	0	0	0		0	4	0.0	0	0	0	0	0	0
oewn-12394935-n	rockrose	4	0	0	0		0	4	0.0	0	0	0	0	0	0
oewn-12413603-n	false nettle	4	0	0	0		2	4	0.5	0	2	0	0	0	0
oewn-12422189-n	fig	4	0	0	0		0	4	0.0	0	0	0	0	0	0
oewn-12439542-n	amaryllis	4	0	0	0		0	4	0.0	0	0	0	0	0	0
oewn-12478888-n	hyacinth	4	0	0	0		0	4	0.0	0	0	0	0	0	0
oewn-12481971-n	scilla	4	0	0	0		0	4	0.0	0	0	0	0	0	0
oewn-12484981-n	hellebore	4	0	0	0		0	4	0.0	0	0	0	0	0	0
oewn-12501400-n	sansevieria	4	0	0	0		0	4	0.0	0	0	0	0	0	0
oewn-12542693-n	rosewood	4	0	0	0		0	4	0.0	0	0	0	0	0	0
oewn-12547021-n	tick trefoil	4	0	0	0		0	4	0.0	0	0	0	0	0	0
oewn-12557376-n	coral pea	4	0	0	0		0	4	0.0	0	0	0	0	0	0
oewn-12577161-n	pole bean	4	0	0	0		0	4	0.0	0	0	0	0	0	0
oewn-12593761-n	bush pea	4	0	0	0		0	4	0.0	0	0	0	0	0	0
oewn-12607059-n	calamus	4	0	0	0		0	4	0.0	0	0	0	0	0	0
oewn-12643636-n	agrimonia	4	0	0	0		0	4	0.0	0	0	0	0	0	0
oewn-12679607-n	service tree	4	0	0	0		0	4	0.0	0	0	0	0	0	0
oewn-12680117-n	spirea	4	0	0	0		0	4	0.0	0	0	0	0	0	0
oewn-12681362-n	madderwort	4	0	0	0		0	4	0.0	0	0	0	0	0	0
oewn-12684565-n	cinchona	4	0	0	0		0	4	0.0	0	0	0	0	0	0
oewn-12688167-n	genipa	4	0	0	0		0	4	0.0	0	0	0	0	0	0
oewn-12688725-n	hamelia	4	0	0	0		1	4	0.25	1	0	0	0	0	0
oewn-12732356-n	lemon	4	0	2	1	lemon	0	4	0.0	0	0	0	0	0	0
oewn-12763501-n	soapberry vine	4	0	0	0		0	4	0.0	0	0	0	0	0	0
oewn-12780892-n	smoke tree	4	0	0	0		0	4	0.0	0	0	0	0	0	0
oewn-12817609-n	golden saxifrage	4	0	0	0		2	4	0.5	0	2	0	0	0	0
oewn-12832995-n	acanthus	4	0	0	0		0	4	0.0	0	0	0	0	0	0
oewn-12843529-n	comfrey	4	0	0	0		0	4	0.0	0	0	0	0	0	0
oewn-12865699-n	coleus	4	0	0	0		0	4	0.0	0	0	0	0	0	0
oewn-12882652-n	physostegia	4	0	0	0		0	4	0.0	0	0	0	0	0	0
oewn-12891295-n	thyme	4	0	0	0		0	4	0.0	0	0	0	0	0	0
oewn-12924127-n	thorn apple	4	0	0	0		0	4	0.0	0	0	0	0	0	0
oewn-12926577-n	tomato	4	0	1	1	tomato	0	4	0.0	0	0	0	0	0	0
oewn-12929405-n	cupflower	4	0	0	0		0	4	0.0	0	0	0	0	0	0
oewn-12930181-n	petunia	4	0	0	0		0	4	0.0	0	0	0	0	0	0
oewn-12962296-n	parsnip	4	0	1	1	parsnip	0	4	0.0	0	0	0	0	0	0
oewn-12964203-n	sanicle	4	0	0	0		0	4	0.0	0	0	0	0	0	0
oewn-12972925-n	bristle fern	4	0	0	0		0	4	0.0	0	0	0	0	0	0
oewn-13008918-n	lecanora	4	0	0	0		0	4	0.0	0	0	0	0	0	0
oewn-13080950-n	jelly fungus	4	0	0	0		0	4	0.0	0	0	0	0	0	0
oewn-13098055-n	mildew	4	0	0	0		0	4	0.0	0	0	0	0	0	0
oewn-13112379-n	sporophyll	4	0	0	0		2	4	0.5	2	0	0	0	0	0
oewn-13144190-n	strangler	4	0	0	0		0	4	0.0	0	0	0	0	0	0
oewn-13153097-n	flower cluster	4	0	0	0		0	4	0.0	0	0	0	0	0	0
oewn-13153699-n	cyme	4	0	0	0		0	4	0.0	0	0	0	0	0	0
oewn-13158449-n	aggregate fruit	4	0	0	0		0	4	0.0	0	0	0	0	0	0
oewn-13159435-n	drupelet	4	0	1	1	blackberry	0	4	0.0	0	0	0	0	0	0
oewn-13187236-n	fern family	4	0	0	0		0	4	0.0	0	0	0	0	0	0
oewn-13195568-n	strap fern	4	0	0	0		0	4	0.0	0	0	0	0	0	0
oewn-13208994-n	davallia	4	0	0	0		0	4	0.0	0	0	0	0	0	0
oewn-13220868-n	holly fern	4	0	0	0		0	4	0.0	0	0	0	0	0	0
oewn-13277997-n	gross national product	4	0	0	0		0	4	0.0	0	0	0	0	0	0
oewn-13288557-n	grant-in-aid	4	0	0	0		0	4	0.0	0	0	0	0	0	0
oewn-13297353-n	business expense	4	0	0	0		1	4	0.25	1	0	0	0	0	0
oewn-13310490-n	allotment	4	0	0	0		0	4	0.0	0	0	0	0	0	0
oewn-13321164-n	nonpayment	4	0	2	1	default	3	4	0.75	0	3	0	0	0	0
oewn-13332390-n	withholding tax	4	0	1	1	withholding	0	4	0.0	0	0	0	0	0	0
oewn-13366418-n	automobile insurance	4	0	0	0		0	4	0.0	0	0	0	0	0	0
oewn-13380068-n	mutual fund	4	0	0	0		0	4	0.0	0	0	0	0	0	0
oewn-13383003-n	implied trust	4	0	0	0		0	4	0.0	0	0	0	0	0	0
oewn-13395770-n	bank loan	4	0	0	0		0	4	0.0	0	0	0	0	0	0
oewn-13396777-n	credit account	4	0	0	0		1	4	0.25	0	1	0	0	0	0
oewn-13417449-n	deficit	4	0	0	0		0	4	0.0	0	0	0	0	0	0
oewn-13432330-n	audited account	4	0	0	0		0	4	0.0	0	0	0	0	0	0
oewn-13439996-n	zero-coupon security	4	0	0	0		4	4	1.0	0	4	0	0	0	0
oewn-13442459-n	over the counter stock	4	0	0	0		0	4	0.0	0	0	0	0	0	0
oewn-13448962-n	adsorption	4	0	0	0		2	4	0.5	0	2	0	0	0	0
oewn-13449781-n	agglutination	4	0	0	0		0	4	0.0	0	0	0	0	0	0
oewn-13450179-n	aging	4	0	0	0		4	4	1.0	3	1	1	0	0	0
oewn-13467370-n	chemical equilibrium	4	0	1	1	equilibrium	0	4	0.0	0	0	0	0	0	0
oewn-13490269-n	double decomposition	4	0	0	0		0	4	0.0	0	0	0	0	0	0
oewn-13499258-n	exponential decay	4	0	0	0		0	4	0.0	0	0	0	0	0	0
oewn-13500583-n	feedback	4	0	2	1	regeneration	0	4	0.0	0	0	0	0	0	0
oewn-13504929-n	fossilization	4	0	0	0		0	4	0.0	0	0	0	0	0	0
oewn-13505285-n	fractionation	4	0	0	0		0	4	0.0	0	0	0	0	0	0
oewn-13518175-n	incontinence	4	0	0	0		2	4	0.5	0	2	0	0	0	0
oewn-13530245-n	logic operation	4	0	0	0		0	4	0.0	0	0	0	0	0	0
oewn-13533928-n	meiosis	4	0	0	0		0	4	0.0	0	0	0	0	0	0
oewn-13535851-n	metamorphism	4	0	0	0		0	4	0.0	0	0	0	0	0	0
oewn-13538402-n	monogenesis	4	0	0	0		0	4	0.0	0	0	0	0	0	0
oewn-13560465-n	positive feedback	4	0	2	1	regeneration	2	4	0.5	0	2	0	0	0	0
oewn-13566387-n	radiation	4	0	0	0		0	4	0.0	0	0	0	0	0	0
oewn-13576443-n	sexual reproduction	4	0	0	0		0	4	0.0	0	0	0	0	0	0
oewn-13582922-n	stimulation	4	0	0	0		0	4	0.0	0	0	0	0	0	0
oewn-13586984-n	teething	4	0	0	0		4	4	1.0	0	4	0	0	0	0
oewn-13608966-n	modulus	4	0	0	0		0	4	0.0	0	0	0	0	0	0
oewn-13624165-n	explosive unit	4	0	0	0		0	4	0.0	0	0	0	0	0	0
oewn-13654690-n	conductance unit	4	0	0	0		0	4	0.0	0	0	0	0	0	0
oewn-13655312-n	flux density unit	4	0	0	0		0	4	0.0	0	0	0	0	0	0
oewn-13655494-n	flux unit	4	0	0	0		0	4	0.0	0	0	0	0	0	0
oewn-13657032-n	resistance unit	4	0	0	0		0	4	0.0	0	0	0	0	0	0
oewn-13661287-n	luminance unit	4	0	0	0		0	4	0.0	0	0	0	0	0	0
oewn-13665526-n	wave number	4	0	0	0		0	4	0.0	0	0	0	0	0	0
oewn-13681046-n	meter	4	0	1	1	metre	0	4	0.0	0	0	0	0	0	0
oewn-13731924-n		4	0	0	0		0	4	0.0	0	0	0	0	0	0
oewn-13804032-n	bonding	4	0	0	0		0	4	0.0	0	0	0	0	0	0
oewn-13816438-n	unconnectedness	4	0	0	0		1	4	0.25	0	1	0	0	0	0
oewn-13817392-n	applicability	4	0	0	0		3	4	0.75	3	0	0	0	0	0
oewn-13818046-n	irrelevance	4	0	0	0		1	4	0.25	1	0	0	0	0	0
oewn-13819354-n	linguistic relation	4	0	0	0		1	4	0.25	1	0	0	0	0	0
oewn-13843782-n	frequency	4	0	1	1	frequency	0	4	0.0	0	0	0	0	0	0
oewn-13844189-n	intelligence quotient	4	0	0	0		1	4	0.25	0	1	0	0	0	0
oewn-13859638-n	professional relation	4	0	0	0		0	4	0.0	0	0	0	0	0	0
oewn-13866409-n	interrelation	4	0	0	0		0	4	0.0	0	0	0	0	0	0
oewn-13874592-n	temperature scale	4	0	0	0		0	4	0.0	0	0	0	0	0	0
oewn-13881709-n	gradient	4	0	0	0		0	4	0.0	0	0	0	0	0	0
oewn-13913084-n	interior angle	4	0	0	0		0	4	0.0	0	0	0	0	0	0
oewn-13913562-n	angle of incidence	4	0	0	0		0	4	0.0	0	0	0	0	0	0
oewn-13922781-n	torus	4	0	4	1	core	0	4	0.0	0	0	0	0	0	0
oewn-13939754-n	cube	4	0	0	0		0	4	0.0	0	0	0	0	0	0
oewn-13957307-n	disequilibrium	4	0	1	1	instability	0	4	0.0	0	0	0	0	0	0
oewn-13964502-n	standard of living	4	0	0	0		0	4	0.0	0	0	0	0	0	0
oewn-13989356-n	monogamy	4	0	0	0		0	4	0.0	0	0	0	0	0	0
oewn-13996937-n	cytopenia	4	0	0	0		0	4	0.0	0	0	0	0	0	0
oewn-13997437-n	immunological disorder	4	0	0	0		3	4	0.75	1	2	1	0	0	0
oewn-14029975-n	stationariness	4	0	0	0		0	4	0.0	0	0	0	0	0	0
oewn-14050463-n	general anesthesia	4	0	0	0		0	4	0.0	0	0	0	0	0	0
oewn-14080703-n	bladder disorder	4	0	0	0		4	4	1.0	0	4	0	0	0	0
oewn-14104318-n	pyorrhea	4	0	0	0		3	4	0.75	0	3	0	0	0	0
oewn-14126113-n	coronary heart disease	4	0	0	0		0	4	0.0	0	0	0	0	0	0
oewn-14135737-n	heart failure	4	0	0	0		4	4	1.0	0	4	0	0	0	0
oewn-14144758-n	hypothyroidism	4	0	0	0		4	4	1.0	0	4	0	0	0	0
oewn-14153836-n	hepatitis	4	0	0	0		4	4	1.0	0	4	0	0	0	0
oewn-14169393-n	asthma	4	0	0	0		4	4	1.0	0	4	0	0	0	0
oewn-14181009-n	mucopolysaccharidosis	4	0	0	0		3	4	0.75	0	3	0	0	0	0
oewn-14189026-n	hypochromic anemia	4	0	0	0		0	4	0.0	0	0	0	0	0	0
oewn-14189391-n	iron deficiency anemia	4	0	0	0		2	4	0.5	0	2	0	0	0	0
oewn-14202586-n	respiratory tract infection	4	0	0	0		1	4	0.25	0	1	0	0	0	0
oewn-14219197-n	thalassemia	4	0	0	0		0	4	0.0	0	0	0	0	0	0
oewn-14231920-n	neuropathy	4	0	0	0		2	4	0.5	0	2	0	0	0	0
oewn-14234776-n	lesion	4	0	1	1	ulceration	1	4	0.25	0	1	0	0	0	0
oewn-14235884-n	peptic ulcer	4	0	0	0		4	4	1.0	0	4	0	0	0	0
oewn-14254504-n	pityriasis	4	0	0	0		1	4	0.25	0	1	0	0	0	0
oewn-14267359-n	chronic leukemia	4	0	0	0		2	4	0.5	2	0	0	0	0	0
oewn-14271057-n	hemangioma	4	0	0	0		2	4	0.5	0	2	0	0	0	0
oewn-14287544-n	distemper	4	0	1	1	distemper	2	4	0.5	0	2	0	0	0	0
oewn-14296417-n	spavin	4	0	0	0		3	4	0.75	0	3	0	0	0	0
oewn-14308190-n	yellow dwarf	4	0	0	0		1	4	0.25	0	1	0	0	0	0
oewn-14315063-n	dislocation	4	0	1	1	dislocation	2	4	0.5	0	2	0	0	0	0
oewn-14318180-n	frostbite	4	0	0	0		4	4	1.0	0	4	0	0	0	0
oewn-14335404-n	side effect	4	0	0	0		0	4	0.0	0	0	0	0	0	0
oewn-14337747-n	hematuria	4	0	0	0		2	4	0.5	2	0	0	0	0	0
oewn-14341147-n	intumescence	4	0	0	0		4	4	1.0	0	4	0	0	0	0
oewn-14364837-n	conjunctivitis	4	0	0	0		4	4	1.0	0	4	0	0	0	0
oewn-14368709-n	epicondylitis	4	0	0	0		4	4	1.0	0	4	0	0	0	0
oewn-14370314-n	glossitis	4	0	0	0		3	4	0.75	0	3	0	0	0	0
oewn-14374242-n	neuritis	4	0	0	0		3	4	0.75	0	3	0	0	0	0
oewn-14379733-n	synovitis	4	0	0	0		4	4	1.0	0	4	0	0	0	0
oewn-14387837-n	hardening	4	0	1	1	hardening	1	4	0.25	0	1	0	0	0	0
oewn-14401844-n	visual hallucination	4	0	0	0		1	4	0.25	0	1	0	0	0	0
oewn-14410102-n	conversion disorder	4	0	0	0		4	4	1.0	0	4	0	0	0	0
oewn-14416843-n	hysteria	4	0	0	0		2	4	0.5	0	2	0	0	0	0
oewn-14449972-n	callowness	4	0	0	0		0	4	0.0	0	0	0	0	0	0
oewn-14480666-n	hairlessness	4	0	0	0		2	4	0.5	0	2	0	0	0	0
oewn-14523178-n	untidiness	4	0	0	0		4	4	1.0	0	4	0	0	0	0
oewn-14523318-n	sloppiness	4	0	1	1	shagginess	3	4	0.75	0	3	0	0	0	0
oewn-14557398-n	hypersensitivity	4	0	0	0		3	4	0.75	0	3	0	0	0	0
oewn-14577182-n	astigmatism	4	0	0	0		4	4	1.0	2	2	1	0	0	0
oewn-14589277-n	sex-linked disorder	4	0	0	0		0	4	0.0	0	0	0	0	0	0
oewn-14589710-n	urinary tract infection	4	0	0	0		3	4	0.75	0	3	0	0	0	0
oewn-14617524-n	thermoplastic	4	0	0	0		0	4	0.0	0	0	0	0	0	0
oewn-14624920-n	acetylene	4	0	0	0		0	4	0.0	0	0	0	0	0	0
oewn-14627675-n	chlorofluorocarbon	4	0	0	0		0	4	0.0	0	0	0	0	0	0
oewn-14629137-n	dopa	4	0	0	0		0	4	0.0	0	0	0	0	0	0
oewn-14629593-n	endonuclease	4	0	0	0		0	4	0.0	0	0	0	0	0	0
oewn-14643836-n	isotope	4	0	0	0		0	4	0.0	0	0	0	0	0	0
oewn-14696184-n	sodium chloride	4	0	0	0		0	4	0.0	0	0	0	0	0	0
oewn-14701939-n	gypsum	4	0	0	0		0	4	0.0	0	0	0	0	0	0
oewn-14734823-n	aldose	4	0	0	0		0	4	0.0	0	0	0	0	0	0
oewn-14749770-n	asbestos	4	0	0	0		0	4	0.0	0	0	0	0	0	0
oewn-14758940-n	iodoprotein	4	0	0	0		0	4	0.0	0	0	0	0	0	0
oewn-14764406-n	fatty acid	4	0	0	0		0	4	0.0	0	0	0	0	0	0
oewn-14767225-n	peptide	4	0	0	0		0	4	0.0	0	0	0	0	0	0
oewn-14769236-n	auxin	4	0	0	0		0	4	0.0	0	0	0	0	0	0
oewn-14776236-n	glucocorticoid	4	0	0	0		0	4	0.0	0	0	0	0	0	0
oewn-14785301-n	caffeine	4	0	0	0		2	4	0.5	2	0	0	0	0	0
oewn-14792175-n	aromatic hydrocarbon	4	0	0	0		0	4	0.0	0	0	0	0	0	0
oewn-14804426-n	reducing agent	4	0	0	0		3	4	0.75	3	0	0	0	0	0
oewn-14809784-n	bromide	4	0	0	0		1	4	0.25	0	1	0	0	0	0
oewn-14812502-n	butyric acid	4	0	0	0		4	4	1.0	0	4	0	0	0	0
oewn-14821139-n	carbon dioxide	4	0	0	0		2	4	0.5	2	0	0	0	0	0
oewn-14822879-n	fulminate	4	0	0	0		0	4	0.0	0	0	0	0	0	0
oewn-14826091-n	cast iron	4	0	0	0		0	4	0.0	0	0	0	0	0	0
oewn-14828811-n	cement	4	0	0	0		0	4	0.0	0	0	0	0	0	0
oewn-14832922-n	acyl halide	4	0	0	0		0	4	0.0	0	0	0	0	0	0
oewn-14839256-n	bituminous coal	4	0	0	0		0	4	0.0	0	0	0	0	0	0
oewn-14841069-n	complementary DNA	4	0	0	0		1	4	0.25	0	1	0	0	0	0
oewn-14845418-n	semiconductor	4	0	0	0		0	4	0.0	0	0	0	0	0	0
oewn-14848114-n	alumina	4	0	0	0		0	4	0.0	0	0	0	0	0	0
oewn-14872099-n	electrolyte	4	0	0	0		0	4	0.0	0	0	0	0	0	0
oewn-14900469-n	furan	4	0	0	0		0	4	0.0	0	0	0	0	0	0
oewn-14904928-n	volcanic glass	4	0	0	0		0	4	0.0	0	0	0	0	0	0
oewn-14927246-n	polyurethane	4	0	0	0		0	4	0.0	0	0	0	0	0	0
oewn-14933470-n	humic substance	4	0	0	0		1	4	0.25	0	1	0	0	0	0
oewn-14938452-n	hypoglycemic agent	4	0	0	0		0	4	0.0	0	0	0	0	0	0
oewn-14949336-n	jelly	4	0	1	1	jelly	0	4	0.0	0	0	0	0	0	0
oewn-14950733-n	ketone body	4	0	0	0		1	4	0.25	0	1	0	0	0	0
oewn-14953488-n	lactogen	4	0	0	0		0	4	0.0	0	0	0	0	0	0
oewn-14979698-n	tartrate	4	0	0	0		0	4	0.0	0	0	0	0	0	0
oewn-14985651-n	neuromuscular blocking agent	4	0	0	0		0	4	0.0	0	0	0	0	0	0
oewn-14993432-n	oligosaccharide	4	0	0	0		3	4	0.75	3	0	0	0	0	0
oewn-15023978-n	ptomaine	4	0	1	1	ptomaine	0	4	0.0	0	0	0	0	0	0
oewn-15025540-n	quinone	4	0	0	0		0	4	0.0	0	0	0	0	0	0
oewn-15026067-n	safranine	4	0	0	0		0	4	0.0	0	0	0	0	0	0
oewn-15045652-n	notepad	4	0	0	0		0	4	0.0	0	0	0	0	0	0
oewn-15048807-n	hemoglobin	4	0	0	0		0	4	0.0	0	0	0	0	0	0
oewn-15052617-n	antitoxin	4	0	0	0		1	4	0.25	1	0	0	0	0	0
oewn-15083111-n	cholesterol	4	0	0	0		2	4	0.5	1	1	1	0	0	0
oewn-15087345-n	sucrose	4	0	0	0		0	4	0.0	0	0	0	0	0	0
oewn-15099708-n	toilet tissue	4	0	0	0		0	4	0.0	0	0	0	0	0	0
oewn-15106949-n	typewriter paper	4	0	0	0		0	4	0.0	0	0	0	0	0	0
oewn-15109391-n	uranium ore	4	0	0	0		1	4	0.25	1	0	0	0	0	0
oewn-15114946-n	provitamin	4	0	0	0		0	4	0.0	0	0	0	0	0	0
oewn-15115102-n	provitamin A	4	0	0	0		0	4	0.0	0	0	0	0	0	0
oewn-15140511-n	trial period	4	0	0	0		0	4	0.0	0	0	0	0	0	0
oewn-15159643-n	time scale	4	0	0	0		0	4	0.0	0	0	0	0	0	0
oewn-15186678-n	feast day	4	0	0	0		0	4	0.0	0	0	0	0	0	0
oewn-15198759-n	timekeeping	4	0	0	0		3	4	0.75	0	3	0	0	0	0
oewn-15205929-n	departure time	4	0	0	0		0	4	0.0	0	0	0	0	0	0
oewn-15224427-n	legal holiday	4	0	0	0		0	4	0.0	0	0	0	0	0	0
oewn-15251528-n	trimester	4	0	0	0		0	4	0.0	0	0	0	0	0	0
oewn-15306394-n	rate of return	4	0	0	0		0	4	0.0	0	0	0	0	0	0
oewn-84278296-n	oriental person	4	0	0	0		0	4	0.0	0	0	0	0	0	0
oewn-92364728-n	PUR	4	0	0	0		0	4	0.0	0	0	0	0	0	0
oewn-92408453-n	heterogloss	4	0	0	0		0	4	0.0	0	0	0	0	0	0
oewn-92413265-n	iambic trimeter	4	0	0	0		0	4	0.0	0	0	0	0	0	0
oewn-92425412-n	chalice cloth	4	0	0	0		0	4	0.0	0	0	0	0	0	0
oewn-92426111-n	ion-exchange polymer	4	0	0	0		0	4	0.0	0	0	0	0	0	0
oewn-92444677-n	directmate	4	0	0	0		0	4	0.0	0	0	0	0	0	0
oewn-92459652-n	asynchronous motor	4	0	0	0		0	4	0.0	0	0	0	0	0	0
oewn-92460746-n	compound word	4	0	2	1	compound	0	4	0.0	0	0	0	0	0	0
oewn-92462412-n	filter press	4	0	0	0		0	4	0.0	0	0	0	0	0	0
oewn-92465672-n	tine harrow	4	0	0	0		0	4	0.0	0	0	0	0	0	0
