family_id	head	size	peak_zipf	median_zipf	peak_word	charged	labelled	charged_pct	eligible	covered	synsets
oewn-01936911-a	ready	10	5.59	5.06	set	7	10	0.7	1	7	7
oewn-00023420-a	inaccurate	9	5.62	4.96	away	7	9	0.78	1	5	5
oewn-02281076-a	sound	8	6.12	4.77	good	7	8	0.88	1	5	5
oewn-00021803-a	accurate	12	5.96	4.7	right	9	12	0.75	1	8	8
oewn-01051573-a	fortunate	12	6.12	4.62	good	12	12	1.0	1	8	8
oewn-00229099-a	best	20	6.11	4.61	first	17	20	0.85	1	9	12
oewn-00658802-a	crucial	8	5.44	4.55	important	6	8	0.75	1	4	4
oewn-00727525-a	reliable	9	5.67	4.48	sure	8	9	0.89	1	4	4
oewn-02349336-a	superior	50	6.42	4.45	A-one	44	51	0.86	1	1	24
oewn-00740790-a	preserved	9	5.0	4.45	kept up	8	10	0.8	1	6	6
oewn-00303560-a	calm	9	5.92	4.4	still	9	9	1.0	1	0	4
oewn-00782933-a	distinct	13	5.25	4.38	clear	13	13	1.0	1	0	8
oewn-00943706-a	explicit	10	4.74	4.38	stated	10	10	1.0	1	0	6
oewn-00309819-a	careful	19	5.67	4.34	sure	14	19	0.74	1	0	12
oewn-00071547-a	affected	9	5.33	4.34	taken	7	9	0.78	1	0	7
oewn-02107054-a	senior	8	5.3	4.33	major	8	8	1.0	1	0	5
oewn-02107989-a	junior	9	4.69	4.32	younger	9	9	1.0	1	0	4
oewn-00653599-a	critical	10	5.1	4.31	serious	9	10	0.9	1	0	4
oewn-01950023-a	reasonable	12	5.15	4.29	sound	10	12	0.83	1	0	4
oewn-00833284-a	educated	10	5.42	4.28	well-read	8	10	0.8	1	0	5
oewn-00806609-a	sharp	12	4.61	4.26	cutting	11	12	0.92	1	0	5
oewn-02029118-a	rich	15	5.85	4.25	well-to-do	14	15	0.93	1	3	3
oewn-00609798-a	conventional	11	5.04	4.25	straight	8	11	0.73	1	0	5
oewn-01378100-a	known	15	5.39	4.24	known	12	15	0.8	1	0	8
oewn-01047939-a	informal	8	5.12	4.23	free-and-easy	9	9	1.0	1	0	5
oewn-01337350-a	intelligent	19	5.28	4.21	ready	14	19	0.74	1	7	10
oewn-00019169-a	accessible	8	5.35	4.18	get-at-able	6	8	0.75	1	0	4
oewn-00191603-a	aware	8	4.78	4.16	aware	8	8	1.0	1	0	4
oewn-01843460-a	precise	14	6.0	4.13	very	13	14	0.93	1	0	10
oewn-00480005-a	uncomfortable	10	5.53	4.13	bad	10	10	1.0	1	0	7
oewn-00287444-a	broad-minded	11	5.09	4.13	free-thinking	10	11	0.91	1	0	5
oewn-00959321-a	fair	10	6.43	4.12	just	7	10	0.7	1	0	5
oewn-02473921-a	trustworthy	12	5.67	4.12	sure	10	13	0.77	1	0	6
oewn-01709214-a	overt	8	5.48	4.11	open	6	8	0.75	1	0	5
oewn-01920096-a	unqualified	11	5.25	4.1	clear	9	11	0.82	1	0	5
oewn-02348283-a	inferior	10	5.51	4.07	small	9	10	0.9	1	0	6
oewn-01335338-a	intellectual	8	6.12	4.06	good	8	8	1.0	1	0	6
oewn-01931771-a	rational	11	5.24	4.06	thinking	9	11	0.82	1	0	5
oewn-01784531-a	mental	9	4.83	4.06	mental	7	9	0.78	1	0	6
oewn-01572768-a	international	11	5.89	4.05	world	8	11	0.73	1	0	5
oewn-00339715-a	confident	8	4.99	4.05	positive	8	8	1.0	1	0	5
oewn-01899020-a	humble	9	5.33	4.03	low	8	9	0.89	1	3	3
oewn-01119091-a	genuine	14	6.12	4.02	good	10	14	0.71	1	5	5
oewn-01591485-a	nasty	8	5.53	4.01	mean	8	8	1.0	1	0	4
oewn-02087716-a	satisfactory	21	5.96	3.99	all right	15	21	0.71	1	0	8
oewn-00453543-a	close	16	6.12	3.98	good	16	18	0.89	1	0	10
oewn-00930819-a	nonexistent	12	5.63	3.98	free	11	12	0.92	1	0	5
oewn-01622205-a	obvious	18	4.75	3.98	frank	16	18	0.89	1	0	9
oewn-00936423-a	expensive	10	4.77	3.95	dear	8	11	0.73	1	0	5
oewn-01464744-a	loved	24	5.36	3.93	wanted	21	24	0.88	1	0	7
oewn-01126910-a	good	31	6.12	3.92	good	25	31	0.81	1	6	12
oewn-01812521-a	pleasing	12	6.12	3.92	good	13	13	1.0	1	0	10
oewn-00748528-a	difficult	34	5.53	3.91	hard	33	35	0.94	1	0	19
oewn-00713705-a	demanding	11	5.53	3.9	hard to please	12	12	1.0	1	0	6
oewn-01295251-a	inclined	10	5.41	3.88	given	9	10	0.9	1	0	5
oewn-00685207-a	deaf	11	4.74	3.88	hard-of-hearing	8	11	0.73	1	0	6
oewn-00064738-a	advantageous	9	6.12	3.85	good	7	9	0.78	1	0	4
oewn-00736491-a	desirable	11	4.84	3.85	in demand	11	11	1.0	1	0	6
oewn-02505035-a	misused	8	5.8	3.84	used	8	8	1.0	1	0	3
oewn-01453748-a	lost	8	5.39	3.82	lost	6	8	0.75	1	0	3
oewn-00036594-a	inactive	9	5.19	3.82	dead	7	9	0.78	1	0	6
oewn-01568466-a	nonmoving	16	5.92	3.79	still	15	16	0.94	1	0	8
oewn-02346685-a	superior	16	5.75	3.79	high	12	16	0.75	1	0	8
oewn-00096133-a	dead	30	5.34	3.78	late	23	30	0.77	1	5	19
oewn-00682414-a	damaged	22	4.99	3.77	beat-up	17	22	0.77	1	0	10
oewn-01374976-a	kind	14	5.45	3.76	kind	14	14	1.0	1	6	6
oewn-02278101-a	sophisticated	9	4.44	3.76	well-informed	7	9	0.78	1	0	5
oewn-01805299-a	pleasant	9	5.22	3.75	beautiful	7	9	0.78	1	0	7
oewn-00119378-a	animated	8	4.76	3.75	alive	6	8	0.75	1	0	4
oewn-01372590-a	just	8	6.43	3.74	just	7	8	0.88	1	0	5
oewn-02233368-a	skilled	20	6.12	3.74	good	17	21	0.81	1	0	10
oewn-02568127-a	wholesome	17	6.12	3.72	good for you	17	18	0.94	1	0	7
oewn-00587481-a	constructive	9	4.6	3.72	creative	8	10	0.8	1	0	7
oewn-01009264-a	unfinished	8	4.53	3.72	raw	6	8	0.75	1	0	6
oewn-00970318-a	strange	24	6.16	3.71	other	21	25	0.84	1	0	13
oewn-01989711-a	reputable	15	6.12	3.71	good	13	15	0.87	1	0	6
oewn-01876839-a	profitable	11	5.12	3.7	paid	10	11	0.91	1	0	6
oewn-02105605-a	selfish	14	4.87	3.7	self-involved	14	14	1.0	1	3	3
oewn-02341445-a	unsuccessful	28	6.38	3.69	out	26	29	0.9	1	0	14
oewn-01229113-a	honorable	8	5.1	3.69	august	8	8	1.0	1	0	4
oewn-02353767-a	inferior	39	5.53	3.67	bad	39	39	1.0	1	6	18
oewn-02005010-a	irresponsible	14	5.49	3.67	do-nothing	13	14	0.93	1	0	8
oewn-00219320-a	beautiful	29	5.46	3.67	good-looking	28	29	0.97	1	10	16
oewn-01911832-a	pure	21	5.33	3.67	light	16	22	0.73	1	0	14
oewn-01285124-a	impressive	41	5.1	3.67	amazing	33	41	0.8	1	0	16
oewn-01564906-a	moving	8	5.02	3.67	moving	7	8	0.88	1	0	5
oewn-00440447-a	smart	11	6.6	3.66	with-it	8	11	0.73	1	0	4
oewn-00671807-a	noncurrent	9	6.04	3.65	back	7	10	0.7	1	0	6
oewn-02042744-a	wrong	10	5.39	3.65	wrong	10	10	1.0	1	0	4
oewn-01575756-a	artificial	30	5.57	3.62	man-made	23	31	0.74	1	0	14
oewn-01756665-a	imperfect	10	4.88	3.62	broken	9	10	0.9	1	0	7
oewn-02339254-a	successful	18	7.27	3.61	in	16	18	0.89	1	0	10
oewn-01871147-a	productive	14	4.91	3.61	rich	12	14	0.86	1	0	8
oewn-01842067-a	impractical	15	5.07	3.59	crazy	14	15	0.93	1	0	6
oewn-01739985-a	patient	10	4.77	3.58	patient	8	10	0.8	1	6	6
oewn-01452455-a	lost	8	5.39	3.57	lost	6	8	0.75	1	0	6
oewn-02066198-a	dangerous	22	4.88	3.57	touch-and-go	17	22	0.77	1	0	11
oewn-01129296-a	bad	42	5.92	3.55	no-good	42	42	1.0	1	6	20
oewn-02072149-a	different	20	5.59	3.54	different	17	23	0.74	1	0	14
oewn-00888937-a	enthusiastic	14	5.07	3.54	crazy	10	14	0.71	1	0	8
oewn-00851498-a	obligatory	10	5.02	3.54	required	7	10	0.7	1	0	8
oewn-02186899-a	sincere	14	5.4	3.53	true	10	14	0.71	1	7	7
oewn-00151470-a	articulate	10	4.91	3.53	speaking	9	10	0.9	1	0	4
oewn-01501055-a	meaningless	10	4.59	3.53	empty	8	10	0.8	1	0	6
oewn-00999158-a	favorable	8	3.85	3.53	favorable	8	8	1.0	1	0	3
oewn-00737862-a	destroyed	39	5.58	3.52	done for	30	40	0.75	1	0	17
oewn-00978362-a	stylish	10	4.83	3.52	smart	10	10	1.0	1	0	5
oewn-02533434-a	vulnerable	17	5.48	3.5	open	16	17	0.94	1	0	11
oewn-01346766-a	interesting	12	5.0	3.5	interesting	12	12	1.0	1	0	6
oewn-00051936-a	inadequate	12	4.49	3.5	wanting	12	12	1.0	1	0	4
oewn-00762004-a	diplomatic	8	4.4	3.5	smooth	6	8	0.75	1	0	3
oewn-02168847-a	significant	22	5.44	3.49	important	19	22	0.86	1	0	12
oewn-01302836-a	nonindulgent	19	5.13	3.49	blue	14	19	0.74	1	7	8
oewn-02431459-a	tidy	13	5.04	3.48	straight	12	15	0.8	1	0	9
oewn-00580271-a	inconsistent	12	4.28	3.48	at odds	10	12	0.83	1	0	6
oewn-00964581-a	loyal	8	4.94	3.46	true-blue	6	8	0.75	1	7	7
oewn-00194616-a	alarming	52	4.88	3.45	sick	50	52	0.96	1	0	15
oewn-01758923-a	permanent	15	4.86	3.45	standing	14	15	0.93	1	0	5
oewn-01173787-a	healthy	25	6.12	3.44	good	26	26	1.0	1	0	15
oewn-01902545-a	provocative	14	4.62	3.44	charged	13	14	0.93	1	0	6
oewn-02472382-a	distrustful	18	4.24	3.44	jealous	17	18	0.94	1	5	7
oewn-01231893-a	hopeless	15	5.46	3.43	black	13	15	0.87	1	0	9
oewn-02127738-a	frivolous	18	5.33	3.43	light	15	19	0.79	1	0	7
oewn-01289803-a	noticeable	10	4.53	3.43	broad	8	10	0.8	1	0	6
oewn-00687757-a	decisive	8	4.11	3.43	deciding	6	8	0.75	1	0	4
oewn-00630690-a	bodied	14	3.48	3.43	bodied	10	14	0.71	1	0	11
oewn-01523886-a	unmitigated	26	5.33	3.42	fucking	19	26	0.73	1	0	5
oewn-01886613-a	improper	11	6.01	3.4	out of the way	11	11	1.0	1	0	4
oewn-01668036-a	optimistic	10	4.1	3.4	rose-colored	10	10	1.0	1	0	6
oewn-00706554-a	dejected	20	5.88	3.39	down	16	20	0.8	1	0	6
oewn-00610798-a	unconventional	24	5.86	3.38	way-out	20	24	0.83	1	0	7
oewn-02595419-a	worthy	22	5.16	3.38	worth	22	22	1.0	1	0	14
oewn-01691099-a	original	15	6.25	3.37	new	12	15	0.8	1	0	7
oewn-01673111-a	disorganized	14	4.88	3.37	broken	10	14	0.71	1	0	7
oewn-01744456-a	patriotic	8	4.2	3.37	loyal	6	8	0.75	1	0	2
oewn-01648062-a	old	38	5.75	3.36	old	33	39	0.85	1	0	18
oewn-02429932-a	thrifty	8	4.59	3.35	saving	6	8	0.75	1	0	4
oewn-01592579-a	noble	16	4.91	3.34	grand	16	16	1.0	1	0	4
oewn-00092165-a	alert	11	4.75	3.34	fly	12	12	1.0	1	0	5
oewn-01410437-a	illegitimate	12	5.05	3.33	base	12	12	1.0	1	0	7
oewn-02398903-a	wild	11	4.8	3.33	wild	9	11	0.82	1	0	5
oewn-00686462-a	indecent	8	4.45	3.33	gross	7	8	0.88	1	0	5
oewn-00149002-a	artful	20	5.05	3.32	deep	17	20	0.85	1	4	8
oewn-02444489-a	intolerable	9	4.78	3.32	impossible	7	10	0.7	1	0	6
oewn-01753804-a	perfect	25	5.88	3.31	down	24	25	0.96	1	0	16
oewn-01158857-a	hard	10	5.53	3.31	hard	7	10	0.7	1	0	4
oewn-00478809-a	comfortable	11	5.29	3.31	easy	8	11	0.73	1	0	5
oewn-01811138-a	displeased	24	4.88	3.31	sick	20	24	0.83	1	0	6
oewn-01124687-a	glorious	14	4.63	3.31	inspired	10	14	0.71	1	0	8
oewn-00944754-a	implicit	16	4.58	3.31	understood	13	16	0.81	1	0	4
oewn-01354915-a	intrusive	10	4.75	3.3	busy	10	10	1.0	1	0	3
oewn-01004300-a	infelicitous	8	4.36	3.3	ill-chosen	8	8	1.0	1	0	3
oewn-00104850-a	ambitious	12	6.16	3.29	would-be	11	12	0.92	1	0	6
oewn-01585523-a	unnecessary	14	4.98	3.29	extra	11	15	0.73	1	0	5
oewn-02397788-a	wild	8	4.8	3.29	wild	7	8	0.88	1	0	5
oewn-02580838-a	foolish	29	4.74	3.29	mad	23	29	0.79	1	0	9
oewn-00413644-a	noncivilized	12	4.8	3.27	wild	9	12	0.75	1	0	5
oewn-01320916-a	injured	15	4.96	3.26	black-and-blue	12	15	0.8	1	0	8
oewn-01146764-a	sudden	8	4.48	3.26	sharp	6	8	0.75	1	0	7
oewn-01134543-a	evil	31	5.53	3.25	bad	33	33	1.0	1	0	9
oewn-00895672-a	unequal	10	4.28	3.25	odds-on	8	10	0.8	1	0	7
oewn-01072500-a	stale	19	5.54	3.24	day-old	15	19	0.79	1	0	13
oewn-01053161-a	unfortunate	29	5.53	3.24	too bad	28	29	0.97	1	0	9
oewn-00876911-a	energetic	19	5.11	3.24	high-energy	17	19	0.89	1	0	9
oewn-02236080-a	unskilled	22	5.06	3.24	out of practice	19	22	0.86	1	0	12
oewn-01612846-a	unnoticed	13	4.4	3.24	forgotten	10	13	0.77	1	0	6
oewn-01692724-a	unoriginal	23	5.19	3.23	ready-made	23	23	1.0	1	0	6
oewn-01715524-a	painful	26	4.53	3.23	raw	26	26	1.0	1	0	12
oewn-00263658-a	brave	18	5.72	3.21	game	16	18	0.89	1	8	8
oewn-01826770-a	possible	18	5.36	3.21	possible	17	18	0.94	1	0	8
oewn-00531471-a	composed	20	5.15	3.21	cool	14	20	0.7	1	0	6
oewn-01265721-a	inhumane	19	5.02	3.21	cold	20	20	1.0	1	5	6
oewn-02332106-a	weak	22	4.88	3.21	sick	18	23	0.78	1	0	12
oewn-01323940-a	guilty	19	4.75	3.21	criminal	17	19	0.89	1	0	12
oewn-00592317-a	discontented	11	4.38	3.21	ill-affected	11	11	1.0	1	0	4
oewn-01260684-a	cold	9	5.02	3.2	cold	9	9	1.0	1	0	3
oewn-01192305-a	heavy	15	4.96	3.2	heavy	13	15	0.87	1	0	6
oewn-00777882-a	discriminating	10	6.12	3.19	good	10	10	1.0	1	0	8
oewn-01095835-a	malfunctioning	10	5.53	3.19	bad	9	10	0.9	1	0	5
oewn-02081496-a	insane	64	5.07	3.19	crazy	54	64	0.84	1	0	20
oewn-01058772-a	odorous	28	3.58	3.19	smelling	23	28	0.82	1	0	24
oewn-00248306-a	bloody	17	5.32	3.17	red	17	19	0.89	1	0	9
oewn-00429900-a	clear	15	5.25	3.17	clear	13	15	0.87	1	0	7
oewn-00365559-a	depressing	17	5.18	3.17	sorry	17	17	1.0	1	0	3
oewn-02104548-a	seductive	8	3.65	3.17	tempting	6	8	0.75	1	0	5
oewn-00155165-a	ashamed	12	4.61	3.16	guilty	14	14	1.0	1	0	5
oewn-01163575-a	harmful	31	5.53	3.15	bad	31	31	1.0	1	0	14
oewn-00536071-a	incomprehensible	14	5.39	3.15	lost	12	14	0.86	1	0	8
oewn-01578839-a	supernatural	33	4.81	3.14	weird	28	33	0.85	1	0	13
oewn-01462344-a	lovable	12	4.91	3.13	sweet	12	12	1.0	1	0	4
oewn-01884565-a	proper	24	5.96	3.12	right	26	26	1.0	1	0	8
oewn-00907770-a	contemptible	12	5.53	3.12	mean	12	12	1.0	1	0	4
oewn-00839816-a	effortful	24	5.53	3.12	hard	23	26	0.88	1	0	8
oewn-01359531-a	invigorating	19	5.08	3.12	life-giving	18	19	0.95	1	0	7
oewn-02523798-a	wicked	17	4.96	3.12	heavy	16	17	0.94	1	0	8
oewn-01272183-a	hungry	10	4.59	3.12	empty	7	10	0.7	1	0	5
oewn-00175640-a	inaudible	10	4.45	3.12	silent	8	11	0.73	1	0	7
oewn-02030204-a	poor	20	5.53	3.1	hard up	19	20	0.95	1	4	6
oewn-02279294-a	naive	16	5.13	3.1	green	15	16	0.94	1	7	7
oewn-00808265-a	lively	21	5.54	3.09	live	19	21	0.9	1	0	10
oewn-01083985-a	fruitful	22	4.91	3.09	rich	19	23	0.83	1	0	14
oewn-00152373-a	inarticulate	15	4.54	3.09	dumb	15	19	0.79	1	0	9
oewn-02412395-a	lax	11	4.46	3.09	loose	9	11	0.82	1	0	8
oewn-00902256-a	esoteric	17	5.05	3.08	deep	13	17	0.76	1	0	5
oewn-00564734-a	incongruous	10	4.84	3.08	out of keeping	8	10	0.8	1	0	5
oewn-01553334-a	immoral	17	5.13	3.07	fast	14	17	0.82	1	0	5
oewn-01872485-a	unproductive	8	4.74	3.07	dry	7	8	0.88	1	0	4
oewn-01628814-a	offensive	34	4.46	3.07	offensive	34	34	1.0	1	0	11
oewn-00755913-a	undignified	9	4.46	3.06	ridiculous	9	9	1.0	1	0	4
oewn-00425889-a	dirty	21	5.13	3.05	blue	20	21	0.95	1	0	9
oewn-02401968-a	tasteless	22	4.87	3.05	off-color	21	22	0.95	1	0	6
oewn-00167408-a	attractive	28	5.39	3.04	taking	28	28	1.0	1	0	14
oewn-00623350-a	corrupt	18	4.95	3.04	sold-out	16	18	0.89	1	0	7
oewn-02361582-a	unsupported	12	4.8	3.04	wild	10	12	0.83	1	0	4
oewn-00250587-a	bold	21	4.33	3.04	brave	20	21	0.95	1	0	9
oewn-00870521-a	discouraging	9	3.97	3.04	frustrating	8	9	0.89	1	0	5
oewn-00571832-a	unconquerable	12	4.96	3.03	never-say-die	12	12	1.0	1	0	6
oewn-01806732-a	unpleasant	36	5.16	3.02	hot	32	37	0.86	1	0	15
oewn-02086159-a	sarcastic	15	5.46	3.01	black	13	15	0.87	1	0	7
oewn-00418932-a	clean	21	4.97	3.01	clean	15	21	0.71	1	0	11
oewn-00361730-a	chaste	8	4.64	3.01	pure	8	8	1.0	1	0	3
oewn-01315694-a	uninhabited	13	4.4	3.01	abandoned	10	13	0.77	1	0	7
oewn-01904196-a	prudent	8	4.51	3.0	wise	8	8	1.0	1	0	5
oewn-00852781-a	elegant	15	5.23	2.99	fine	15	15	1.0	1	8	8
oewn-01990862-a	disreputable	13	4.39	2.99	damaged	10	13	0.77	1	0	6
oewn-02512179-a	worthless	24	5.92	2.98	no-good	22	24	0.92	1	0	10
oewn-00667636-a	curious	10	4.53	2.98	wondering	9	10	0.9	1	4	4
oewn-00226323-a	malicious	15	3.83	2.98	vicious	15	15	1.0	1	0	9
oewn-00588876-a	destructive	21	4.79	2.97	negative	22	23	0.96	1	0	12
oewn-01670528-a	disorderly	13	3.37	2.97	rough-and-tumble	10	13	0.77	1	0	5
oewn-01466898-a	loving	29	5.82	2.96	in love	28	31	0.9	1	0	15
oewn-01322826-a	innocent	15	5.25	2.96	clear	13	15	0.87	1	0	4
oewn-00268737-a	breathless	14	4.21	2.96	blown	10	14	0.71	1	0	4
oewn-01171361-a	unhealthful	13	3.72	2.96	unhealthy	13	13	1.0	1	0	6
oewn-01277371-a	impaired	12	4.88	2.95	broken	11	12	0.92	1	0	7
oewn-00924255-a	exciting	18	4.72	2.95	electric	15	19	0.79	1	0	9
oewn-01401203-a	tight	12	4.57	2.95	tight	10	12	0.83	1	0	8
oewn-01789689-a	implacable	9	3.9	2.94	stern	8	9	0.89	1	0	3
oewn-02482616-a	tearful	11	4.43	2.92	swimming	10	11	0.91	1	0	6
oewn-01137376-a	good-natured	8	3.53	2.92	even-tempered	8	8	1.0	1	0	3
oewn-00363547-a	cheerful	21	4.9	2.91	gay	18	21	0.86	1	6	7
oewn-00602465-a	uncontrolled	16	4.8	2.91	wild	13	16	0.81	1	0	11
oewn-01851084-a	unprepared	11	3.71	2.91	ad-lib	10	11	0.91	1	0	3
oewn-00362589-a	unchaste	10	5.33	2.9	light	7	10	0.7	1	0	5
oewn-02427668-a	thoughtful	17	5.59	2.89	well thought out	13	17	0.76	1	0	7
oewn-02509563-a	invalid	13	5.53	2.89	bad	12	13	0.92	1	0	8
oewn-02552072-a	ill	68	5.33	2.89	light	57	70	0.81	1	0	35
oewn-01478425-a	unmanageable	8	5.07	2.88	difficult	7	8	0.88	1	0	4
oewn-01814087-a	displeasing	8	4.82	2.88	off-putting	8	8	1.0	1	0	4
oewn-01615595-a	noxious	9	4.16	2.88	deadly	9	9	1.0	1	0	4
oewn-00326179-a	cautious	9	3.79	2.88	cautious	9	9	1.0	1	0	6
oewn-02461024-a	intractable	8	3.76	2.88	stubborn	8	8	1.0	1	0	5
oewn-01142852-a	graceful	15	4.4	2.87	smooth	11	15	0.73	1	0	6
oewn-00107268-a	meager	14	4.73	2.86	hand-to-mouth	11	14	0.79	1	0	6
oewn-01005778-a	sterile	9	3.43	2.86	sterile	9	9	1.0	1	0	4
oewn-01366924-a	sorrowful	32	4.84	2.84	sad	32	32	1.0	1	0	13
oewn-01305746-a	infectious	9	4.2	2.84	catching	7	10	0.7	1	0	4
oewn-01983148-a	irrelevant	10	3.98	2.84	irrelevant	8	10	0.8	1	0	5
oewn-01511081-a	merciless	11	3.92	2.84	fierce	11	11	1.0	1	5	5
oewn-02506940-a	useless	10	4.22	2.83	useless	10	10	1.0	1	0	4
oewn-02138452-a	sexy	46	5.16	2.82	hot	41	48	0.85	1	0	20
oewn-02286688-a	spirited	29	3.86	2.82	lively	26	29	0.9	1	0	14
oewn-01056843-a	malodorous	31	5.75	2.8	high	24	31	0.77	1	0	12
oewn-02122604-a	antiseptic	11	4.97	2.79	clean	10	11	0.91	1	0	6
oewn-00646272-a	creative	8	4.6	2.79	creative	6	8	0.75	1	0	5
oewn-00070140-a	aesthetic	9	4.17	2.79	artistic	7	9	0.78	1	0	5
oewn-01929790-a	unquiet	8	3.91	2.79	troubled	8	8	1.0	1	0	3
oewn-00506504-a	incomparable	18	6.47	2.78	one	16	18	0.89	1	0	5
oewn-00420808-a	dirty	42	5.46	2.78	black	41	42	0.98	1	6	24
oewn-00312461-a	careless	15	4.63	2.77	passing	15	15	1.0	1	4	6
oewn-02121107-a	septic	13	4.55	2.76	dirty	10	13	0.77	1	0	8
oewn-02098311-a	revealing	8	3.97	2.76	revealing	6	8	0.75	1	0	3
oewn-01900825-a	provident	12	5.81	2.75	long	10	12	0.83	1	0	5
oewn-01618017-a	disobedient	14	4.17	2.75	contrary	14	14	1.0	1	0	5
oewn-01133477-a	good	12	6.12	2.74	good	12	12	1.0	1	0	5
oewn-02468337-a	untroubled	9	5.25	2.74	clear	7	9	0.78	1	0	8
oewn-00535112-a	comprehensible	10	4.18	2.74	accessible	10	10	1.0	1	0	4
oewn-00792376-a	submissive	13	4.18	2.74	dominated	13	13	1.0	1	0	6
oewn-01168307-a	healthful	29	6.12	2.73	good	26	29	0.9	1	0	13
oewn-00090040-a	disagreeable	22	5.47	2.73	trying	22	22	1.0	1	0	6
oewn-01364779-a	sad	13	4.84	2.73	sad	13	13	1.0	1	0	8
oewn-02334687-a	stubborn	24	4.64	2.73	determined	20	24	0.83	1	5	10
oewn-01225555-a	dishonest	23	4.63	2.73	false	23	24	0.96	1	7	10
oewn-00633643-a	incorporeal	8	4.4	2.73	spiritual	7	8	0.88	1	0	3
oewn-01267446-a	humorous	40	5.02	2.72	funny	31	40	0.78	1	0	15
oewn-02090761-a	scholarly	8	4.85	2.71	learned	8	8	1.0	1	0	4
oewn-00265642-a	cowardly	22	4.69	2.71	yellow	22	22	1.0	1	6	9
oewn-00063536-a	maladroit	14	4.39	2.71	left-handed	13	14	0.93	1	0	5
oewn-00940009-a	inexperienced	17	6.25	2.7	new	12	17	0.71	1	0	6
oewn-01895355-a	proud	49	5.67	2.7	big	41	50	0.82	1	8	14
oewn-00991420-a	thin	57	4.47	2.7	thin	40	57	0.7	1	8	20
oewn-01230010-a	dishonorable	13	5.46	2.68	black	10	13	0.77	1	0	6
oewn-02020293-a	revived	10	4.04	2.67	renewed	9	10	0.9	1	0	7
oewn-01469508-a	unloving	8	5.02	2.66	cold	8	8	1.0	1	0	5
oewn-00606011-a	argumentative	9	3.31	2.65	contentious	7	9	0.78	1	0	4
oewn-01953883-a	refined	27	4.01	2.64	delicate	23	27	0.85	1	4	12
oewn-00476033-a	noncombustible	10	3.97	2.62	fire-resistant	8	10	0.8	1	0	5
oewn-00156232-a	unashamed	13	3.74	2.6	bald-faced	12	13	0.92	1	0	4
oewn-00879020-a	lethargic	12	3.23	2.58	dreamy	10	12	0.83	1	0	4
oewn-00909677-a	uncomplimentary	17	3.24	2.57	derogatory	17	17	1.0	1	0	5
oewn-02001702-a	disrespectful	21	4.2	2.55	flip	15	21	0.71	1	0	8
oewn-00605365-a	uncontroversial	8	4.84	2.54	agreed upon	6	8	0.75	1	0	4
oewn-02308595-a	malnourished	9	4.3	2.54	ill-fed	8	9	0.89	1	0	6
oewn-00999867-a	unfavorable	12	3.89	2.54	adverse	10	12	0.83	1	0	5
oewn-02007776-a	unrestrained	15	4.12	2.52	excessive	14	15	0.93	1	0	7
oewn-01786023-a	pious	13	3.78	2.52	self-righteous	12	13	0.92	1	0	5
oewn-01176433-a	unhealthy	69	5.53	2.51	bad	59	69	0.86	1	0	33
oewn-00763096-a	conciliatory	10	4.68	2.51	soft	8	10	0.8	1	0	5
oewn-02377355-a	sour	18	4.45	2.51	acid	18	18	1.0	1	0	6
oewn-00094663-a	inalienable	9	4.54	2.5	absolute	9	9	1.0	1	0	4
oewn-00593616-a	incontestable	13	4.22	2.5	demonstrated	12	13	0.92	1	0	6
oewn-01828578-a	impossible	12	6.38	2.49	out	10	12	0.83	1	0	6
oewn-01747466-a	penitent	8	3.18	2.49	penitentiary	8	8	1.0	1	0	3
oewn-02460186-a	tractable	8	2.93	2.47	docile	8	8	1.0	1	0	4
oewn-01138269-a	ill-natured	73	5.04	2.46	dark	73	73	1.0	1	5	21
oewn-01587448-a	neurotic	24	3.8	2.43	disturbed	18	24	0.75	1	0	16
oewn-00514412-a	competitive	8	4.57	2.42	competitive	6	8	0.75	1	0	4
oewn-00926562-a	exculpatory	8	3.49	2.41	forgiving	8	8	1.0	1	0	4
oewn-00247880-a	unblemished	8	3.76	2.4	stainless	8	8	1.0	1	0	2
oewn-00146145-a	armed	19	4.59	2.39	armed	15	19	0.79	1	0	6
oewn-01182518-a	heavenly	19	4.24	2.38	divine	16	21	0.76	1	0	8
oewn-01116284-a	stingy	23	5.53	2.37	mean	17	24	0.71	1	6	8
oewn-00028785-a	unacknowledged	9	4.92	2.35	secret	9	9	1.0	1	0	5
oewn-00860047-a	unemotional	12	4.74	2.33	dry	10	12	0.83	1	0	8
oewn-02085529-a	insatiate	9	3.04	2.31	insatiable	8	9	0.89	1	0	4
oewn-02315894-a	depressant	18	3.0	2.26	narcotic	15	18	0.83	1	0	5
oewn-02458503-a	toxic	11	4.24	2.25	toxic	8	11	0.73	1	0	7
oewn-00055148-a	nonadhesive	8	2.16	2.16	non-resinous	8	8	1.0	1	0	4
oewn-01948616-a	unrealistic	11	4.8	2.15	wild	8	11	0.73	1	0	6
oewn-01916869-a	purposeless	9	3.33	2.15	afloat	9	9	1.0	1	0	3
oewn-02579686-a	wise	9	4.75	2.1	all-knowing	8	9	0.89	1	6	6
oewn-01752802-a	imperceptible	10	2.84	2.1	subliminal	10	10	1.0	1	0	6
oewn-02143325-a	asexual	12	2.92	2.08	vegetative	10	12	0.83	1	0	5
oewn-00246808-a	blemished	13	3.27	2.01	scarred	11	13	0.85	1	0	7
oewn-02099409-a	nonsectarian	10	3.0	1.98	ecumenical	8	10	0.8	1	0	5
oewn-00869779-a	encouraging	9	4.14	1.96	encouraging	8	9	0.89	1	0	5
oewn-01529235-a	immobile	8	3.9	1.87	stiff	8	8	1.0	1	0	4
oewn-01502441-a	immeasurable	8	3.27	1.86	limitless	7	8	0.88	1	0	3
oewn-00788089-a	divisible	8	2.71	1.86	dissociative	6	8	0.75	1	0	6
oewn-00650564-a	critical	10	4.83	1.85	critical	10	10	1.0	1	0	7
oewn-01656183-a	on	1	6.91	6.91	on	0	1	0.0	0	0	1
oewn-01560748-a	more	1	6.36	6.36	more	0	1	0.0	0	0	1
oewn-01559526-a	more	2	6.36	6.25	more	0	2	0.0	0	0	1
oewn-02068891-a	out	2	6.38	6.13	out	1	2	0.5	0	0	2
oewn-01413922-a	like	2	6.41	6.11	like	2	2	1.0	0	0	1
oewn-01019807-a	first	1	6.11	6.11	first	0	1	0.0	0	0	1
oewn-01560125-a	most	1	6.0	6.0	most	0	1	0.0	0	0	1
oewn-01561513-a	most	1	6.0	6.0	most	0	1	0.0	0	0	1
oewn-00916501-a	even	1	5.99	5.99	even	1	1	1.0	0	0	1
oewn-01472305-a	made	1	5.92	5.92	made	0	1	0.0	0	0	1
oewn-02285234-a	still	2	5.92	5.92	still	2	2	1.0	0	0	1
oewn-01570144-a	still	1	5.92	5.92	still	1	1	1.0	0	0	1
oewn-01126764-a	no-go	1	5.86	5.86	no-go	1	1	1.0	0	0	1
oewn-01222498-a	home	1	5.81	5.81	home	0	1	0.0	0	0	1
oewn-02753598-a	home	1	5.81	5.81	home	0	1	0.0	0	0	1
oewn-01446913-a	long	1	5.81	5.81	long	0	1	0.0	0	0	1
oewn-01447325-a	long	1	5.81	5.81	long	0	1	0.0	0	0	1
oewn-00067647-a	advisable	4	6.03	5.8	well	4	4	1.0	0	0	3
oewn-01655638-a	on	2	6.91	5.79	on	0	2	0.0	0	0	2
oewn-02277044-a	all	4	6.52	5.79	all	0	5	0.0	0	0	5
oewn-02076759-a	other	7	6.25	5.74	new	2	10	0.2	0	0	9
oewn-01555990-a	many	10	6.2	5.74	some	3	10	0.3	0	0	6
oewn-01020028-a	second	1	5.63	5.63	second	0	1	0.0	0	0	1
oewn-01222609-a	away	1	5.62	5.62	away	0	1	0.0	0	0	1
oewn-01946213-a	real	1	5.6	5.6	real	0	1	0.0	0	0	1
oewn-02275064-a	some	6	6.2	5.59	some	1	6	0.17	0	0	4
oewn-01006451-a	finished	16	6.39	5.58	up	8	17	0.47	0	0	7
oewn-01473917-a	major	2	5.76	5.53	better	0	2	0.0	0	0	2
oewn-02798276-a	real-time	1	5.52	5.52	real-time	0	1	0.0	0	0	1
oewn-01558903-a	little	3	5.75	5.51	little	3	3	1.0	0	0	2
oewn-02999528-a	national	1	5.51	5.51	national	0	1	0.0	0	0	1
oewn-02999749-a	national	1	5.51	5.51	national	0	1	0.0	0	0	1
oewn-02999870-a	national	1	5.51	5.51	national	0	1	0.0	0	0	1
oewn-00394166-a	white	2	5.51	5.51	white	1	2	0.5	0	0	2
oewn-00244146-a	white	1	5.51	5.51	white	0	1	0.0	0	0	1
oewn-01559809-a	less	1	5.49	5.49	less	1	1	1.0	0	0	1
oewn-02782139-a	on-the-job	1	5.48	5.48	on-the-job	0	1	0.0	0	0	1
oewn-01664425-a	open	1	5.48	5.48	open	0	1	0.0	0	0	1
oewn-01452075-a	unconstricted	2	5.48	5.48	open	1	2	0.5	0	0	2
oewn-00876810-a	run-on	1	5.47	5.47	run-on	1	1	1.0	0	0	1
oewn-00393873-a	black	1	5.46	5.46	black	1	1	1.0	0	0	1
oewn-01590417-a	unneurotic	2	5.46	5.46	together	2	2	1.0	0	0	2
oewn-00519841-a	whole	1	5.46	5.46	whole	0	1	0.0	0	0	1
oewn-01560454-a	least	1	5.44	5.44	least	0	1	0.0	0	0	1
oewn-00001740-a	able	1	5.43	5.43	able	0	1	0.0	0	0	1
oewn-00823421-a	early	1	5.43	5.43	early	0	1	0.0	0	0	1
oewn-02767118-a	local	1	5.43	5.43	local	0	1	0.0	0	0	1
oewn-00100143-a	live	2	5.54	5.42	live	1	2	0.5	0	0	2
oewn-02809420-a	social	1	5.42	5.42	social	0	1	0.0	0	0	1
oewn-00519960-a	half	1	5.41	5.41	half	0	1	0.0	0	0	1
oewn-02228429-a	single	1	5.41	5.41	single	0	1	0.0	0	0	1
oewn-01697422-a	outside	4	5.96	5.4	right	0	5	0.0	0	0	5
oewn-01944611-a	real	3	5.6	5.4	real	1	3	0.33	0	0	3
oewn-02452223-a	top-down	1	5.4	5.4	top-down	0	1	0.0	0	0	1
oewn-00681291-a	annual	2	5.84	5.39	one-year	0	2	0.0	0	0	1
oewn-01557242-a	few	4	5.6	5.39	a few	0	4	0.0	0	0	3
oewn-02766406-a	life-support	1	5.37	5.37	life-support	0	1	0.0	0	0	1
oewn-01655194-a	off-line	1	5.36	5.36	off-line	1	1	1.0	0	0	1
oewn-01655486-a	off-line	1	5.36	5.36	off-line	1	1	1.0	0	0	1
oewn-00138993-a	due	1	5.35	5.35	due	1	1	1.0	0	0	1
oewn-02754015-a	human	1	5.35	5.35	human	0	1	0.0	0	0	1
oewn-02754145-a	human	1	5.35	5.35	human	0	1	0.0	0	0	1
oewn-00824290-a	late	1	5.34	5.34	late	0	1	0.0	0	0	1
oewn-01655325-a	on-line	2	5.47	5.33	on-line	0	2	0.0	0	0	1
oewn-03004422-a	future	1	5.33	5.33	future	0	1	0.0	0	0	1
oewn-01194536-a	light	1	5.33	5.33	light	1	1	1.0	0	0	1
oewn-01194991-a	light	1	5.33	5.33	light	0	1	0.0	0	0	1
oewn-01447121-a	short	1	5.33	5.33	short	0	1	0.0	0	0	1
oewn-01447511-a	short	1	5.33	5.33	short	1	1	1.0	0	0	1
oewn-02477549-a	unturned	3	5.33	5.33	right-side-out	0	3	0.0	0	0	3
oewn-01109533-a	national	2	5.51	5.32	national	0	2	0.0	0	0	2
oewn-00395392-a	black-and-white	2	5.46	5.32	black and white	2	2	1.0	0	0	1
oewn-01195161-a	heavy	2	5.67	5.31	big	0	2	0.0	0	0	2
oewn-01497577-a	year-round	2	5.55	5.31	year-around	0	2	0.0	0	0	1
oewn-02039393-a	right	5	5.96	5.3	right	0	5	0.0	0	0	5
oewn-02766901-a	living	1	5.3	5.3	living	0	1	0.0	0	0	1
oewn-01474453-a	major	1	5.3	5.3	major	0	1	0.0	0	0	1
oewn-01474763-a	major	1	5.3	5.3	major	1	1	1.0	0	0	1
oewn-01475013-a	major	1	5.3	5.3	major	0	1	0.0	0	0	1
oewn-01475494-a	major	1	5.3	5.3	major	0	1	0.0	0	0	1
oewn-01476823-a	major	1	5.3	5.3	major	0	1	0.0	0	0	1
oewn-01698252-a	inside	2	5.39	5.29	wrong	0	2	0.0	0	0	2
oewn-00825684-a	easy	1	5.29	5.29	easy	1	1	1.0	0	0	1
oewn-02868496-a	political	1	5.29	5.29	political	0	1	0.0	0	0	1
oewn-02868676-a	political	1	5.29	5.29	political	0	1	0.0	0	0	1
oewn-01051000-a	former	1	5.28	5.28	former	0	1	0.0	0	0	1
oewn-01642453-a	on-street	1	5.27	5.27	on-street	0	1	0.0	0	0	1
oewn-00955585-a	exterior	3	6.38	5.25	out	1	3	0.33	0	0	3
oewn-01867145-a	public	8	5.57	5.25	public	3	8	0.38	0	0	7
oewn-02805493-a	self	1	5.25	5.25	self	0	1	0.0	0	0	1
oewn-00666145-a	cut	1	5.24	5.24	cut	0	1	0.0	0	0	1
oewn-03161358-a	held	1	5.24	5.24	held	0	1	0.0	0	0	1
oewn-03164026-a	played	1	5.23	5.23	played	0	1	0.0	0	0	1
oewn-01243286-a	running	1	5.23	5.23	running	0	1	0.0	0	0	1
oewn-01244630-a	running	1	5.23	5.23	running	0	1	0.0	0	0	1
oewn-01413463-a	alike	3	6.41	5.21	like	3	3	1.0	0	0	1
oewn-01092828-a	full-time	2	5.47	5.21	full-time	0	2	0.0	0	0	2
oewn-00494722-a	common	3	5.57	5.2	public	0	3	0.0	0	0	3
oewn-02775023-a	military	1	5.2	5.2	military	0	1	0.0	0	0	1
oewn-02869796-a	personal	1	5.2	5.2	personal	0	1	0.0	0	0	1
oewn-02869905-a	personal	1	5.2	5.2	personal	1	1	1.0	0	0	1
oewn-03148367-a	side-to-side	1	5.2	5.2	side-to-side	0	1	0.0	0	0	1
oewn-01455267-a	won	1	5.2	5.2	won	1	1	1.0	0	0	1
oewn-00100594-a	dead	5	6.38	5.19	out	2	5	0.4	0	0	4
oewn-01642320-a	off-street	1	5.19	5.19	off-street	1	1	1.0	0	0	1
oewn-01153978-a	regretful	3	5.53	5.18	bad	3	3	1.0	0	0	1
oewn-02677657-a	black-and-white	1	5.18	5.18	black-and-white	0	1	0.0	0	0	1
oewn-00824027-a	middle	1	5.18	5.18	middle	0	1	0.0	0	0	1
oewn-01172532-a	medical	1	5.16	5.16	medical	0	1	0.0	0	0	1
oewn-02770888-a	medical	1	5.16	5.16	medical	0	1	0.0	0	0	1
oewn-02116728-a	sent	1	5.16	5.16	sent	0	1	0.0	0	0	1
oewn-02043985-a	righteous	5	6.43	5.15	just	5	5	1.0	0	0	3
oewn-01126538-a	go	3	6.03	5.14	go	1	3	0.33	0	0	2
oewn-01641908-a	off-site	1	5.14	5.14	off-site	0	1	0.0	0	0	1
oewn-03002971-a	official	1	5.14	5.14	official	0	1	0.0	0	0	1
oewn-00986764-a	fast	1	5.13	5.13	fast	0	1	0.0	0	0	1
oewn-01110899-a	federal	1	5.13	5.13	federal	0	1	0.0	0	0	1
oewn-02736565-a	federal	1	5.13	5.13	federal	0	1	0.0	0	0	1
oewn-03081365-a	green	1	5.13	5.13	green	0	1	0.0	0	0	1
oewn-00205366-a	forward	1	5.12	5.12	forward	0	1	0.0	0	0	1
oewn-01889997-a	prospective	4	5.33	5.11	future	3	4	0.75	0	0	3
oewn-02753318-a	high-energy	1	5.11	5.11	high-energy	0	1	0.0	0	0	1
oewn-86659382-a	lower	1	5.11	5.11	lower	0	1	0.0	0	0	1
oewn-01582180-a	natural	1	5.11	5.11	natural	1	1	1.0	0	0	1
oewn-02727341-a	economic	1	5.1	5.1	economic	0	1	0.0	0	0	1
oewn-03148236-a	short-order	1	5.1	5.1	short-order	0	1	0.0	0	0	1
oewn-02031662-a	poor	2	5.09	5.09	poor	2	2	1.0	0	0	2
oewn-00733659-a	independent	2	5.24	5.08	main	2	2	1.0	0	0	1
oewn-02542621-a	cool	2	5.15	5.08	cool	1	2	0.5	0	0	2
oewn-02764868-a	legal	1	5.08	5.08	legal	0	1	0.0	0	0	1
oewn-02764969-a	legal	1	5.08	5.08	legal	0	1	0.0	0	0	1
oewn-01656338-a	off	2	5.93	5.07	off	2	2	1.0	0	0	1
oewn-00091771-a	air-to-air	1	5.07	5.07	air-to-air	0	1	0.0	0	0	1
oewn-01213389-a	high-interest	1	5.07	5.07	high-interest	1	1	1.0	0	0	1
oewn-00154507-a	nonspeaking	2	5.07	5.07	walk-on	2	2	1.0	0	0	1
oewn-00472920-a	published	1	5.07	5.07	published	0	1	0.0	0	0	1
oewn-02068711-a	safe	1	5.07	5.07	safe	1	1	1.0	0	0	1
oewn-01498529-a	full-term	1	5.06	5.06	full-term	0	1	0.0	0	0	1
oewn-02826398-a	time-release	1	5.06	5.06	time-release	0	1	0.0	0	0	1
oewn-01874674-a	professional	4	5.12	5.05	paid	1	4	0.25	0	0	3
oewn-01876050-a	professional	1	5.05	5.05	professional	0	1	0.0	0	0	1
oewn-02850390-a	professional	1	5.05	5.05	professional	0	1	0.0	0	0	1
oewn-02850580-a	professional	1	5.05	5.05	professional	1	1	1.0	0	0	1
oewn-02806312-a	self-service	1	5.05	5.05	self-service	0	1	0.0	0	0	1
oewn-02322264-a	straight	5	5.04	5.04	straight	1	5	0.2	0	0	3
oewn-00822804-a	late	4	5.49	5.03	later	1	4	0.25	0	0	3
oewn-01578429-a	natural	2	5.11	5.03	natural	1	2	0.5	0	0	2
oewn-01654318-a	one-piece	1	5.03	5.03	one-piece	0	1	0.0	0	0	1
oewn-01108926-a	specific	1	5.03	5.03	specific	0	1	0.0	0	0	1
oewn-03000784-a	specific	1	5.03	5.03	specific	0	1	0.0	0	0	1
oewn-01819670-a	political	4	5.29	5.02	political	0	4	0.0	0	0	4
oewn-00702530-a	underived	3	5.16	5.02	original	2	3	0.67	0	0	3
oewn-00531280-a	noncomprehensive	3	5.02	5.02	limited	0	3	0.0	0	0	2
oewn-00044573-a	potential	3	5.36	5.01	possible	3	3	1.0	0	0	2
oewn-01822909-a	anti	1	5.01	5.01	anti	1	1	1.0	0	0	1
oewn-02228166-a	double	1	5.01	5.01	double	0	1	0.0	0	0	1
oewn-01602901-a	normal	1	5.01	5.01	normal	1	1	1.0	0	0	1
oewn-01604027-a	normal	1	5.01	5.01	normal	0	1	0.0	0	0	1
oewn-02965393-a	radio	1	5.01	5.01	radio	0	1	0.0	0	0	1
oewn-00495505-a	individual	13	6.1	5.0	one-on-one	5	13	0.38	0	0	6
oewn-01586869-a	net	4	5.56	5.0	take-home	0	4	0.0	0	0	3
oewn-00696211-a	deep	5	5.15	5.0	sound	0	6	0.0	0	0	3
oewn-01654479-a	two-piece	1	5.0	5.0	two-piece	0	1	0.0	0	0	1
oewn-00337729-a	certain	5	5.67	4.99	sure	5	5	1.0	0	0	2
oewn-01610335-a	northern	2	5.13	4.99	blue	0	2	0.0	0	0	2
oewn-01825607-a	positive	1	4.99	4.99	positive	1	1	1.0	0	0	1
oewn-02550712-a	welcome	1	4.99	4.99	welcome	1	1	1.0	0	0	1
oewn-01598231-a	normal	8	5.53	4.98	mean	4	10	0.4	0	0	7
oewn-01195419-a	light	4	5.33	4.98	light	0	4	0.0	0	0	2
oewn-03105153-a	open-source	1	4.98	4.98	open-source	0	1	0.0	0	0	1
oewn-02173212-a	significant	1	4.98	4.98	significant	0	1	0.0	0	0	1
oewn-01191601-a	light-duty	2	5.33	4.97	light	1	2	0.5	0	0	2
oewn-00415746-a	nonclassical	4	5.07	4.97	modern	0	4	0.0	0	0	3
oewn-00427844-a	clean	2	4.97	4.97	clean	2	2	1.0	0	0	1
oewn-03164491-a	posted	1	4.97	4.97	posted	0	1	0.0	0	0	1
oewn-01654635-a	three-piece	1	4.97	4.97	three-piece	0	1	0.0	0	0	1
oewn-00047786-a	unaddicted	2	4.97	4.97	clean	1	2	0.5	0	0	2
oewn-00174481-a	pregnant	9	5.88	4.96	great	0	9	0.0	0	0	2
oewn-01453492-a	found	2	5.68	4.96	found	0	2	0.0	0	0	2
oewn-02410992-a	intemperate	3	5.67	4.96	big	1	3	0.33	0	0	2
oewn-01858102-a	primary	8	5.34	4.96	special	3	8	0.38	0	0	7
oewn-01641596-a	on-site	3	5.21	4.96	on-site	0	3	0.0	0	0	2
oewn-01194770-a	heavy	1	4.96	4.96	heavy	0	1	0.0	0	0	1
oewn-01196916-a	heavy	1	4.96	4.96	heavy	0	1	0.0	0	0	1
oewn-00628097-a	substantial	3	5.6	4.95	real	0	3	0.0	0	0	1
oewn-01824894-a	plus	3	4.99	4.95	positive	2	3	0.67	0	0	3
oewn-02266995-a	sold	3	4.97	4.95	sold	1	3	0.33	0	0	3
oewn-01345290-a	interested	1	4.95	4.95	interested	1	1	1.0	0	0	1
oewn-00629641-a	material	2	4.95	4.95	material	0	3	0.0	0	0	3
oewn-01968763-a	regular	1	4.95	4.95	regular	0	1	0.0	0	0	1
oewn-01654843-a	on-line	4	5.47	4.94	on-line	0	4	0.0	0	0	2
oewn-02282958-a	sound	4	5.22	4.94	strong	4	4	1.0	0	0	2
oewn-02542324-a	warm	2	5.16	4.94	hot	0	2	0.0	0	0	2
oewn-03082307-a	growing	1	4.94	4.94	growing	0	1	0.0	0	0	1
oewn-01213253-a	low-interest	1	4.94	4.94	low-interest	1	1	1.0	0	0	1
oewn-02790581-a	physical	1	4.94	4.94	physical	0	1	0.0	0	0	1
oewn-01822805-a	pro	1	4.94	4.94	pro	0	1	0.0	0	0	1
oewn-00231222-a	worst	7	5.86	4.93	last	3	7	0.43	0	0	4
oewn-00041583-a	active	3	5.54	4.93	live	3	3	1.0	0	0	2
oewn-02039031-a	center	4	5.19	4.93	center	0	4	0.0	0	0	2
oewn-00042258-a	active	1	4.93	4.93	active	0	1	0.0	0	0	1
oewn-00043630-a	active	1	4.93	4.93	active	1	1	1.0	0	0	1
oewn-00645956-a	civil	1	4.93	4.93	civil	0	1	0.0	0	0	1
oewn-02707853-a	civil	1	4.93	4.93	civil	0	1	0.0	0	0	1
oewn-00669281-a	current	19	5.9	4.92	on-going	2	20	0.1	0	0	14
oewn-03149226-a	commercial	1	4.92	4.92	commercial	0	1	0.0	0	0	1
oewn-02375663-a	unscheduled	4	5.34	4.91	special	1	4	0.25	0	0	3
oewn-01977842-a	regular	2	4.95	4.91	regular	1	2	0.5	0	0	2
oewn-00767176-a	direct	1	4.91	4.91	direct	0	1	0.0	0	0	1
oewn-00772799-a	direct	1	4.91	4.91	direct	0	1	0.0	0	0	1
oewn-00773485-a	direct	1	4.91	4.91	direct	0	1	0.0	0	0	1
oewn-02031394-a	rich	1	4.91	4.91	rich	1	1	1.0	0	0	1
oewn-02034163-a	rich	1	4.91	4.91	rich	0	1	0.0	0	0	1
oewn-88455131-a	rich	1	4.91	4.91	rich	0	1	0.0	0	0	1
oewn-02376172-a	sweet	1	4.91	4.91	sweet	0	1	0.0	0	0	1
oewn-00835886-a	operative	10	6.12	4.9	good	1	10	0.1	0	0	5
oewn-01561009-a	fewer	2	5.49	4.9	less	0	2	0.0	0	0	2
oewn-00701368-a	well-defined	2	5.25	4.9	clear	2	2	1.0	0	0	1
oewn-01638538-a	confirmed	2	5.14	4.9	official	0	2	0.0	0	0	2
oewn-01664561-a	closed	1	4.9	4.9	closed	0	1	0.0	0	0	1
oewn-01398335-a	greater	1	4.9	4.9	greater	1	1	1.0	0	0	1
oewn-01664693-a	operational	5	4.93	4.89	active	1	5	0.2	0	0	3
oewn-90011171-a	anti-white	1	4.89	4.89	anti-white	0	1	0.0	0	0	1
oewn-02604474-a	pro-life	1	4.89	4.89	pro-life	1	1	1.0	0	0	1
oewn-00487699-a	common	10	5.47	4.88	general	2	10	0.2	0	0	8
oewn-01221468-a	low-rise	2	5.06	4.88	walk-up	1	2	0.5	0	0	2
oewn-00289948-a	broken	1	4.88	4.88	broken	0	1	0.0	0	0	1
oewn-03155042-a	point-of-sale	1	4.88	4.88	point-of-sale	0	1	0.0	0	0	1
oewn-00106545-a	ample	6	6.12	4.87	good	1	7	0.14	0	0	4
oewn-01211024-a	lowered	2	5.88	4.87	down	0	2	0.0	0	0	2
oewn-01077395-a	fresh	2	4.91	4.87	sweet	0	2	0.0	0	0	1
oewn-03029435-a	executive	1	4.87	4.87	executive	0	1	0.0	0	0	1
oewn-02035990-a	right-handed	4	5.96	4.86	right	0	4	0.0	0	0	3
oewn-01243938-a	standing	5	5.92	4.86	still	4	5	0.8	0	0	4
oewn-01020753-a	fit	5	5.43	4.86	able	3	5	0.6	0	0	3
oewn-00677464-a	machine-made	1	4.86	4.86	machine-made	0	1	0.0	0	0	1
oewn-01242735-a	standing	1	4.86	4.86	standing	0	1	0.0	0	0	1
oewn-01243108-a	standing	1	4.86	4.86	standing	0	1	0.0	0	0	1
oewn-02133178-a	settled	10	5.59	4.85	set	1	10	0.1	0	0	6
oewn-01657344-a	open	4	5.48	4.85	open	1	4	0.25	0	0	4
oewn-02094136-a	unsealed	3	5.48	4.85	open	3	3	1.0	0	0	2
oewn-01608808-a	northern	5	4.92	4.85	north-central	0	5	0.0	0	0	4
oewn-00043985-a	actual	3	4.89	4.85	effective	3	3	1.0	0	0	2
oewn-01787508-a	religious	1	4.85	4.85	religious	0	1	0.0	0	0	1
oewn-02800403-a	royal	1	4.85	4.85	royal	0	1	0.0	0	0	1
oewn-02800622-a	royal	1	4.85	4.85	royal	0	1	0.0	0	0	1
oewn-00986913-a	slow	1	4.85	4.85	slow	0	1	0.0	0	0	1
oewn-00516809-a	whole	10	5.54	4.84	full	4	11	0.36	0	0	7
oewn-01244800-a	passing	2	5.05	4.84	pass	0	2	0.0	0	0	1
oewn-01657224-a	shut	3	4.9	4.84	closed	3	3	1.0	0	0	1
oewn-02009910-a	unrestricted	6	5.48	4.83	open	4	6	0.67	0	0	6
oewn-00091572-a	air-to-surface	2	4.94	4.83	air-to-ground	0	2	0.0	0	0	1
oewn-02378557-a	unsoured	4	4.91	4.83	sweet	4	4	1.0	0	0	2
oewn-02452474-a	bottom-up	1	4.83	4.83	bottom-up	0	1	0.0	0	0	1
oewn-02841530-a	critical	1	4.83	4.83	critical	0	1	0.0	0	0	1
oewn-00111512-a	digital	1	4.83	4.83	digital	0	1	0.0	0	0	1
oewn-02723832-a	digital	1	4.83	4.83	digital	0	1	0.0	0	0	1
oewn-02723968-a	digital	1	4.83	4.83	digital	0	1	0.0	0	0	1
oewn-03160842-a	forced	1	4.83	4.83	forced	0	1	0.0	0	0	1
oewn-02745650-a	mental	1	4.83	4.83	mental	0	1	0.0	0	0	1
oewn-02910002-a	mental	1	4.83	4.83	mental	0	1	0.0	0	0	1
oewn-03165166-a	re-created	1	4.83	4.83	re-created	0	1	0.0	0	0	1
oewn-00819510-a	middle	3	5.18	4.82	middle	0	3	0.0	0	0	3
oewn-02667805-a	back-channel	1	4.82	4.82	back-channel	0	1	0.0	0	0	1
oewn-02805932-a	self-limited	1	4.82	4.82	self-limited	0	1	0.0	0	0	1
oewn-02898882-a	sexual	1	4.82	4.82	sexual	1	1	1.0	0	0	1
oewn-02573798-a	wide	2	4.96	4.81	wide	1	2	0.5	0	0	2
oewn-03023717-a	prime	1	4.81	4.81	prime	0	1	0.0	0	0	1
oewn-02898570-a	sex-limited	1	4.81	4.81	sex-limited	0	1	0.0	0	0	1
oewn-01016876-a	last	5	5.86	4.8	last	0	5	0.0	0	0	4
oewn-01041222-a	foreign	6	5.36	4.8	international	0	6	0.0	0	0	3
oewn-02767666-a	long-distance	1	4.8	4.8	long-distance	0	1	0.0	0	0	1
oewn-01590750-a	nice	4	6.12	4.79	good	3	4	0.75	0	0	4
oewn-00636250-a	right	3	5.96	4.79	right	3	3	1.0	0	0	2
oewn-01118176-a	generous	5	5.67	4.79	big	4	5	0.8	0	0	3
oewn-02036545-a	left-handed	4	5.62	4.79	left	0	4	0.0	0	0	3
oewn-00962069-a	faithful	6	5.4	4.79	true	6	6	1.0	0	0	3
oewn-01821123-a	popular	9	5.16	4.79	hot	1	9	0.11	0	0	6
oewn-00958816-a	fair	4	4.99	4.79	fair	0	4	0.0	0	0	2
oewn-01825842-a	negative	1	4.79	4.79	negative	0	1	0.0	0	0	1
oewn-02276242-a	no	4	6.35	4.78	no	2	4	0.5	0	0	4
oewn-00634232-a	correct	8	5.96	4.78	right	5	8	0.62	0	0	4
oewn-00336319-a	certain	5	5.67	4.78	sure	3	5	0.6	0	0	4
oewn-00876695-a	end-stopped	1	4.78	4.78	end-stopped	0	1	0.0	0	0	1
oewn-01353869-a	introversive	4	4.78	4.78	shut-in	2	4	0.5	0	0	2
oewn-01037053-a	aft	3	6.11	4.75	after	0	3	0.0	0	0	3
oewn-00035578-a	active	7	5.94	4.75	going	3	7	0.43	0	0	7
oewn-01161269-a	hard	2	5.53	4.75	hard	0	2	0.0	0	0	1
oewn-00963818-a	faithful	2	5.4	4.75	true to	2	2	1.0	0	0	2
oewn-00930258-a	existent	4	4.93	4.75	active	0	4	0.0	0	0	2
oewn-02883666-a	cultural	1	4.75	4.75	cultural	0	1	0.0	0	0	1
oewn-02883805-a	cultural	1	4.75	4.75	cultural	0	1	0.0	0	0	1
oewn-02910174-a	cultural	1	4.75	4.75	cultural	0	1	0.0	0	0	1
oewn-03162996-a	operating	1	4.75	4.75	operating	0	1	0.0	0	0	1
oewn-01112409-a	technical	1	4.75	4.75	technical	1	1	1.0	0	0	1
oewn-02820296-a	technical	1	4.75	4.75	technical	0	1	0.0	0	0	1
oewn-01095249-a	functioning	6	6.39	4.74	up	4	6	0.67	0	0	3
oewn-01685687-a	arranged	5	5.59	4.74	set	0	5	0.0	0	0	3
oewn-02565316-a	dry	2	4.74	4.74	dry	1	2	0.5	0	0	2
oewn-01182213-a	dry	1	4.74	4.74	dry	1	1	1.0	0	0	1
oewn-02565710-a	dry	1	4.74	4.74	dry	0	1	0.0	0	0	1
oewn-02566037-a	dry	1	4.74	4.74	dry	1	1	1.0	0	0	1
oewn-00961341-a	equitable	5	6.43	4.73	just	4	5	0.8	0	0	3
oewn-02040360-a	left	7	5.62	4.73	left	0	7	0.0	0	0	5
oewn-01106714-a	specific	11	5.34	4.73	special	0	13	0.0	0	0	9
oewn-02873726-a	nuclear	1	4.73	4.73	nuclear	0	1	0.0	0	0	1
oewn-02873911-a	nuclear	1	4.73	4.73	nuclear	0	1	0.0	0	0	1
oewn-01655911-a	off	2	5.93	4.72	off	2	2	1.0	0	0	2
oewn-02575716-a	willing	11	5.35	4.72	happy	6	11	0.55	0	0	7
oewn-00600402-a	continued	2	4.96	4.72	continued	1	2	0.5	0	0	2
oewn-02271436-a	solid	2	4.73	4.72	solid	0	2	0.0	0	0	2
oewn-01025410-a	flat	1	4.72	4.72	flat	1	1	1.0	0	0	1
oewn-01582560-a	flat	1	4.72	4.72	flat	0	1	0.0	0	0	1
oewn-02284713-a	noneffervescent	4	4.72	4.72	flat	4	4	1.0	0	0	3
oewn-02883162-a	regional	1	4.72	4.72	regional	0	1	0.0	0	0	1
oewn-00091975-a	surface-to-air	1	4.72	4.72	surface-to-air	0	1	0.0	0	0	1
oewn-02449821-a	upper	1	4.72	4.72	upper	0	1	0.0	0	0	1
oewn-01213526-a	high	9	5.86	4.71	last	4	10	0.4	0	0	8
oewn-00201161-a	following	2	5.46	4.71	following	0	2	0.0	0	0	2
oewn-00446553-a	near	7	5.36	4.71	close	3	7	0.43	0	0	5
oewn-00820050-a	late	6	5.34	4.71	late	0	6	0.0	0	0	5
oewn-01882105-a	progressive	11	5.16	4.71	state-of-the-art	7	11	0.64	0	0	5
oewn-01191871-a	heavy-duty	3	4.96	4.71	heavy	0	3	0.0	0	0	3
oewn-02759407-a	industrial	1	4.71	4.71	industrial	0	1	0.0	0	0	1
oewn-01071383-a	fresh	13	6.12	4.7	good	6	13	0.46	0	0	9
oewn-01627368-a	occupied	5	5.81	4.7	in use	1	5	0.2	0	0	3
oewn-02159631-a	shared	4	5.2	4.7	common	1	4	0.25	0	0	3
oewn-00260434-a	lower-class	9	5.1	4.7	working-class	1	9	0.11	0	0	5
oewn-02375284-a	scheduled	2	4.95	4.7	regular	0	2	0.0	0	0	2
oewn-00395196-a	color	2	4.91	4.7	color	2	2	1.0	0	0	1
oewn-01051260-a	latter	2	4.83	4.7	last mentioned	0	2	0.0	0	0	2
oewn-02954488-a	environmental	1	4.7	4.7	environmental	0	1	0.0	0	0	1
oewn-02954640-a	environmental	1	4.7	4.7	environmental	0	1	0.0	0	0	1
oewn-03161743-a	filled	1	4.7	4.7	filled	0	1	0.0	0	0	1
oewn-02604321-a	pro-choice	1	4.7	4.7	pro-choice	0	1	0.0	0	0	1
oewn-02799202-a	republican	1	4.7	4.7	republican	0	1	0.0	0	0	1
oewn-02930907-a	domestic	1	4.69	4.69	domestic	0	1	0.0	0	0	1
oewn-02931434-a	historical	1	4.69	4.69	historical	0	1	0.0	0	0	1
oewn-01421158-a	listed	1	4.69	4.69	listed	0	1	0.0	0	0	1
oewn-02228646-a	multiple-choice	1	4.69	4.69	multiple-choice	1	1	1.0	0	0	1
oewn-02496922-a	falling	3	5.88	4.68	down	3	3	1.0	0	0	3
oewn-01041784-a	domestic	6	5.81	4.68	home	0	6	0.0	0	0	3
oewn-01587229-a	gross	2	4.9	4.68	overall	0	2	0.0	0	0	2
oewn-01462217-a	soft	1	4.68	4.68	soft	0	1	0.0	0	0	1
oewn-00162330-a	stuck	2	4.68	4.68	stuck	0	2	0.0	0	0	2
oewn-02858779-a	fiscal	2	5.08	4.67	financial	2	2	1.0	0	0	1
oewn-02804097-a	scientific	1	4.67	4.67	scientific	0	1	0.0	0	0	1
oewn-02038342-a	left	7	5.62	4.66	left	0	7	0.0	0	0	5
oewn-01933678-a	emotional	1	4.66	4.66	emotional	1	1	1.0	0	0	1
oewn-02995009-a	emotional	1	4.66	4.66	emotional	1	1	1.0	0	0	1
oewn-00199739-a	front	8	5.49	4.65	head-on	0	8	0.0	0	0	4
oewn-02305339-a	standard	4	5.16	4.65	received	1	4	0.25	0	0	3
oewn-00043834-a	quiet	1	4.65	4.65	quiet	1	1	1.0	0	0	1
oewn-02832010-a	urban	1	4.65	4.65	urban	0	1	0.0	0	0	1
oewn-02101168-a	secure	5	5.67	4.64	sure	2	5	0.4	0	0	5
oewn-01696675-a	outdoor	6	5.25	4.64	outside	1	6	0.17	0	0	3
oewn-02094487-a	sealed	2	5.16	4.64	certain	0	2	0.0	0	0	1
oewn-01564296-a	moved	5	5.01	4.64	moved	4	5	0.8	0	0	2
oewn-02996213-a	corporate	1	4.64	4.64	corporate	0	1	0.0	0	0	1
oewn-01081326-a	friendly	1	4.64	4.64	friendly	0	1	0.0	0	0	1
oewn-01081683-a	friendly	1	4.64	4.64	friendly	1	1	1.0	0	0	1
oewn-00003938-a	dying	3	5.86	4.63	last	0	3	0.0	0	0	3
oewn-00037570-a	active	2	4.93	4.63	active	1	2	0.5	0	0	2
oewn-02665457-a	award-winning	1	4.63	4.63	award-winning	1	1	1.0	0	0	1
oewn-03157519-a	zero	1	4.63	4.63	zero	0	1	0.0	0	0	1
oewn-01215141-a	low	9	5.88	4.62	down	6	9	0.67	0	0	5
oewn-00973438-a	familiar	5	5.2	4.62	common	0	5	0.0	0	0	4
oewn-01490990-a	material	2	4.95	4.62	material	1	2	0.5	0	0	2
oewn-00041840-a	active	2	4.93	4.62	active	0	2	0.0	0	0	1
oewn-02841108-a	long-chain	1	4.62	4.62	long-chain	0	1	0.0	0	0	1
oewn-01474283-a	minor	1	4.62	4.62	minor	1	1	1.0	0	0	1
oewn-01474638-a	minor	1	4.62	4.62	minor	0	1	0.0	0	0	1
oewn-01475232-a	minor	1	4.62	4.62	minor	0	1	0.0	0	0	1
oewn-01475652-a	minor	1	4.62	4.62	minor	0	1	0.0	0	0	1
oewn-01476969-a	minor	1	4.62	4.62	minor	1	1	1.0	0	0	1
oewn-00051265-a	adequate	7	6.39	4.61	up to	1	7	0.14	0	0	3
oewn-02037458-a	right	10	5.96	4.61	right	5	10	0.5	0	0	6
oewn-01582720-a	ultimate	8	5.86	4.61	last	1	8	0.12	0	0	6
oewn-02469730-a	true	9	5.67	4.61	sure	5	9	0.56	0	0	5
oewn-01428950-a	general	2	5.47	4.61	general	0	2	0.0	0	0	2
oewn-01291519-a	improved	5	5.07	4.61	built	1	5	0.2	0	0	4
oewn-01292824-a	cleared	3	4.94	4.61	clear-cut	0	3	0.0	0	0	3
oewn-00361386-a	owned	2	4.76	4.61	owned	0	2	0.0	0	0	2
oewn-00308813-a	capable	1	4.61	4.61	capable	0	1	0.0	0	0	1
oewn-02733724-a	essential	1	4.61	4.61	essential	0	1	0.0	0	0	1
oewn-00002098-a	unable	1	4.61	4.61	unable	1	1	1.0	0	0	1
oewn-00968795-a	familiar	6	5.75	4.6	old	2	6	0.33	0	0	5
oewn-01535494-a	moderate	15	5.51	4.6	small	8	15	0.53	0	0	9
oewn-02693280-a	cash-and-carry	1	4.6	4.6	cash-and-carry	0	1	0.0	0	0	1
oewn-02957558-a	educational	1	4.6	4.6	educational	0	1	0.0	0	0	1
oewn-01211591-a	low-tech	1	4.6	4.6	low-tech	0	1	0.0	0	0	1
oewn-00522139-a	complete	35	6.52	4.59	all	22	36	0.61	0	0	21
oewn-00912628-a	even	14	5.99	4.59	even	3	15	0.2	0	0	9
oewn-91000631-a	fucked	1	4.59	4.59	fucked	0	1	0.0	0	0	1
oewn-01209146-a	low	14	5.73	4.58	under	4	14	0.29	0	0	8
oewn-01222274-a	lowland	3	4.9	4.58	sea-level	3	3	1.0	0	0	2
oewn-01211243-a	high-tech	4	4.71	4.58	advanced	2	4	0.5	0	0	2
oewn-00147478-a	armed	5	4.59	4.58	armed	0	5	0.0	0	0	5
oewn-00095301-a	alive	5	5.54	4.57	live	2	5	0.4	0	0	4
oewn-02477858-a	typical	9	5.4	4.57	true	3	9	0.33	0	0	6
oewn-01518910-a	involved	18	5.1	4.57	involved	0	19	0.0	0	0	9
oewn-00016794-a	scarce	3	4.77	4.57	rare	3	3	1.0	0	0	3
oewn-02837762-a	electric	2	4.72	4.57	electric	0	2	0.0	0	0	1
oewn-02102591-a	secure	3	4.64	4.57	secure	1	3	0.33	0	0	3
oewn-02610356-a	academic	1	4.57	4.57	academic	0	1	0.0	0	0	1
oewn-02703703-a	chemical	1	4.57	4.57	chemical	0	1	0.0	0	0	1
oewn-01413335-a	unlike	1	4.57	4.57	unlike	1	1	1.0	0	0	1
oewn-01414148-a	unlike	1	4.57	4.57	unlike	1	1	1.0	0	0	1
oewn-00261296-a	middle-class	6	4.96	4.56	middle-class	0	7	0.0	0	0	5
oewn-02884212-a	cross-cultural	1	4.56	4.56	cross-cultural	0	1	0.0	0	0	1
oewn-00700633-a	defined	1	4.56	4.56	defined	1	1	1.0	0	0	1
oewn-01220678-a	high-resolution	1	4.56	4.56	high-resolution	1	1	1.0	0	0	1
oewn-02228875-a	true-false	1	4.56	4.56	true-false	0	1	0.0	0	0	1
oewn-00135772-a	appropriate	6	5.96	4.55	right	1	6	0.17	0	0	5
oewn-00678332-a	factory-made	6	5.19	4.55	ready-made	0	6	0.0	0	0	5
oewn-00956057-a	interior	3	5.19	4.55	inside	1	3	0.33	0	0	3
oewn-00929382-a	exhausted	2	5.02	4.55	spent	0	2	0.0	0	0	1
oewn-01194226-a	heavy	2	4.96	4.55	heavy	1	2	0.5	0	0	2
oewn-02729233-a	electronic	1	4.55	4.55	electronic	0	1	0.0	0	0	1
oewn-02729455-a	electronic	1	4.55	4.55	electronic	0	1	0.0	0	0	1
oewn-01188249-a	headed	1	4.55	4.55	headed	0	1	0.0	0	0	1
oewn-01475771-a	major	6	5.3	4.54	major	1	6	0.17	0	0	2
oewn-02144717-a	uncastrated	3	5.09	4.54	entire	1	3	0.33	0	0	2
oewn-01569789-a	moving	2	5.02	4.54	moving	0	2	0.0	0	0	2
oewn-01571893-a	intercontinental	3	4.91	4.54	world-wide	0	3	0.0	0	0	2
oewn-02565037-a	wet	3	4.83	4.54	fresh	0	3	0.0	0	0	2
oewn-02999091-a	incident	1	4.54	4.54	incident	1	1	1.0	0	0	1
oewn-02565522-a	wet	1	4.54	4.54	wet	0	1	0.0	0	0	1
oewn-02565896-a	wet	1	4.54	4.54	wet	0	1	0.0	0	0	1
oewn-01868336-a	exclusive	8	6.12	4.53	only	1	9	0.11	0	0	6
oewn-00796546-a	subordinate	7	5.73	4.53	under	5	7	0.71	0	0	5
oewn-01735600-a	present	6	5.18	4.53	present	1	6	0.17	0	0	5
oewn-00038863-a	active	5	5.15	4.53	hands-on	0	5	0.0	0	0	4
oewn-01966104-a	regular	12	5.14	4.53	official	3	12	0.25	0	0	9
oewn-00171217-a	attractive	1	4.53	4.53	attractive	0	1	0.0	0	0	1
oewn-02899203-a	marine	1	4.53	4.53	marine	0	1	0.0	0	0	1
oewn-02899304-a	marine	1	4.53	4.53	marine	0	1	0.0	0	0	1
oewn-02809839-a	solar	1	4.53	4.53	solar	0	1	0.0	0	0	1
oewn-02496610-a	rising	3	6.39	4.52	up	2	3	0.67	0	0	2
oewn-00867133-a	employed	5	5.5	4.52	on the job	0	5	0.0	0	0	4
oewn-00511975-a	competent	6	5.43	4.52	able	4	6	0.67	0	0	4
oewn-01196589-a	light	3	5.33	4.52	light	0	3	0.0	0	0	2
oewn-00951310-a	external	3	5.25	4.52	outside	0	3	0.0	0	0	3
oewn-00159190-a	attached	7	5.1	4.52	involved	3	7	0.43	0	0	4
oewn-02130695-a	unplayful	3	5.1	4.52	serious	0	3	0.0	0	0	1
oewn-00773875-a	immediate	3	4.91	4.52	direct	0	3	0.0	0	0	2
oewn-01358814-a	invasive	4	4.76	4.52	strong-growing	1	4	0.25	0	0	2
oewn-00161690-a	attached	1	4.52	4.52	attached	0	1	0.0	0	0	1
oewn-01220878-a	low-resolution	1	4.52	4.52	low-resolution	0	1	0.0	0	0	1
oewn-00757025-a	presidential	1	4.52	4.52	presidential	1	1	1.0	0	0	1
oewn-02995536-a	presidential	1	4.52	4.52	presidential	0	1	0.0	0	0	1
oewn-01965708-a	registered	1	4.52	4.52	registered	0	1	0.0	0	0	1
oewn-00005204-a	absolute	7	5.3	4.51	living	4	7	0.57	0	0	5
oewn-01614867-a	determined	4	4.74	4.51	discovered	0	4	0.0	0	0	2
oewn-01672593-a	organized	3	4.56	4.51	well-conducted	2	3	0.67	0	0	3
oewn-02896833-a	clinical	1	4.51	4.51	clinical	0	1	0.0	0	0	1
oewn-02879065-a	musical	1	4.51	4.51	musical	1	1	1.0	0	0	1
oewn-02229031-a	single-lane	1	4.51	4.51	single-lane	0	1	0.0	0	0	1
oewn-01278672-a	important	37	5.88	4.5	great	22	37	0.59	0	0	19
oewn-01417858-a	limited	8	5.51	4.5	small	0	8	0.0	0	0	3
oewn-02809193-a	social	2	5.42	4.5	social	0	2	0.0	0	0	1
oewn-00951878-a	internal	5	4.66	4.5	internal	0	5	0.0	0	0	5
oewn-02229220-a	multilane	6	4.56	4.5	two-lane	0	6	0.0	0	0	5
oewn-02343832-a	sufficient	4	5.54	4.49	enough	2	4	0.5	0	0	3
oewn-01105084-a	general	11	5.47	4.49	general	3	11	0.27	0	0	9
oewn-01964837-a	registered	4	4.66	4.49	recorded	0	4	0.0	0	0	3
oewn-01187145-a	headed	5	4.55	4.49	headed	0	5	0.0	0	0	5
oewn-01818131-a	unpolished	4	4.53	4.49	raw	4	4	1.0	0	0	4
oewn-01518681-a	extensive	1	4.49	4.49	extensive	0	1	0.0	0	0	1
oewn-03166897-a	sought	1	4.49	4.49	sought	0	1	0.0	0	0	1
oewn-01803337-a	studied	1	4.49	4.49	studied	1	1	1.0	0	0	1
oewn-02378331-a	soured	4	5.93	4.48	off	4	4	1.0	0	0	2
oewn-01093061-a	part-time	7	5.78	4.48	part time	2	7	0.29	0	0	5
oewn-00681488-a	biennial	2	5.72	4.48	two-year	0	2	0.0	0	0	1
oewn-01899791-a	proved	8	5.16	4.48	tried	5	8	0.62	0	0	5
oewn-02065233-a	safe	8	5.07	4.48	safe	4	8	0.5	0	0	5
oewn-01611230-a	southern	3	4.84	4.48	southern	0	3	0.0	0	0	2
oewn-01995806-a	unreserved	4	4.76	4.48	first-come-first-serve	1	4	0.25	0	0	3
oewn-00866236-a	applied	3	4.67	4.48	applied	1	3	0.33	0	0	3
oewn-01582381-a	sharp	1	4.48	4.48	sharp	0	1	0.0	0	0	1
oewn-00034823-a	active	2	4.93	4.47	active	0	2	0.0	0	0	2
oewn-01013622-a	closing	8	5.86	4.46	last	0	8	0.0	0	0	5
oewn-00918901-a	inexact	9	5.63	4.46	free	4	9	0.44	0	0	5
oewn-00416747-a	classified	7	5.16	4.46	eyes-only	0	7	0.0	0	0	7
oewn-02707657-a	civil	2	4.93	4.46	civil	0	2	0.0	0	0	1
oewn-01917434-a	qualified	2	4.46	4.46	qualified	1	2	0.5	0	0	2
oewn-02898703-a	sex-linked	1	4.46	4.46	sex-linked	0	1	0.0	0	0	1
oewn-02357021-a	superior	1	4.46	4.46	superior	0	1	0.0	0	0	1
oewn-00160646-a	unaffixed	2	4.46	4.46	loose	2	2	1.0	0	0	1
oewn-01104811-a	ungeared	2	4.46	4.46	out of gear	2	2	1.0	0	0	2
oewn-01017848-a	intermediate	15	5.76	4.45	in-between	0	16	0.0	0	0	9
oewn-02080847-a	sane	7	5.41	4.45	in her right mind	2	7	0.29	0	0	4
oewn-01042490-a	domestic	6	5.03	4.45	home-style	0	6	0.0	0	0	6
oewn-03159930-a	collected	2	4.63	4.45	collected	0	2	0.0	0	0	1
oewn-03156978-a	X-linked	1	4.45	4.45	X-linked	0	1	0.0	0	0	1
oewn-02915381-a	administrative	1	4.45	4.45	administrative	1	1	1.0	0	0	1
oewn-03051778-a	alexic	2	4.45	4.45	word-blind	0	2	0.0	0	0	1
oewn-00492026-a	unusual	10	6.01	4.44	out of the way	5	10	0.5	0	0	8
oewn-00035187-a	inactive	3	5.93	4.44	off	3	3	1.0	0	0	3
oewn-00428404-a	radioactive	2	5.16	4.44	hot	0	2	0.0	0	0	2
oewn-01435587-a	mini	1	4.44	4.44	mini	0	1	0.0	0	0	1
oewn-01736519-a	future	12	5.43	4.43	early	1	12	0.08	0	0	7
oewn-01235508-a	horizontal	6	5.41	4.43	level	1	6	0.17	0	0	5
oewn-00932405-a	extinct	3	5.19	4.43	dead	3	3	1.0	0	0	2
oewn-00041273-a	extinct	2	5.19	4.43	dead	1	2	0.5	0	0	2
oewn-02504601-a	used	5	5.81	4.42	in use	0	5	0.0	0	0	3
oewn-02160263-a	unshared	6	5.41	4.42	single	4	6	0.67	0	0	4
oewn-00645401-a	civil	2	4.93	4.42	civil	2	2	1.0	0	0	1
oewn-00837737-a	effective	9	4.92	4.42	telling	2	9	0.22	0	0	5
oewn-01657980-a	closed	5	4.9	4.42	closed	1	5	0.2	0	0	5
oewn-01962094-a	treated	5	4.71	4.42	treated	2	5	0.4	0	0	4
oewn-02984937-a	comic	1	4.42	4.42	comic	0	1	0.0	0	0	1
oewn-02837586-a	electrical	1	4.42	4.42	electrical	0	1	0.0	0	0	1
oewn-02035082-a	handed	4	4.42	4.42	handed	0	4	0.0	0	0	3
oewn-00257502-a	bound	7	4.46	4.41	bound	1	7	0.14	0	0	6
oewn-01472076-a	dramatic	1	4.41	4.41	dramatic	0	1	0.0	0	0	1
oewn-02725536-a	dramatic	1	4.41	4.41	dramatic	0	1	0.0	0	0	1
oewn-00013179-a	concrete	4	5.6	4.4	real	1	4	0.25	0	0	3
oewn-00613438-a	traditional	7	4.84	4.4	traditional	2	7	0.29	0	0	5
oewn-02820431-a	technical	2	4.75	4.4	technical	0	2	0.0	0	0	1
oewn-02130856-a	selected	3	4.68	4.4	selected	2	3	0.67	0	0	2
oewn-00339319-a	convinced	1	4.4	4.4	convinced	0	1	0.0	0	0	1
oewn-00686209-a	decent	1	4.4	4.4	decent	1	1	1.0	0	0	1
oewn-02504394-a	downtown	1	4.4	4.4	downtown	0	1	0.0	0	0	1
oewn-01096835-a	organic	1	4.4	4.4	organic	0	1	0.0	0	0	1
oewn-01683714-a	organic	1	4.4	4.4	organic	0	1	0.0	0	0	1
oewn-02251155-a	smooth	1	4.4	4.4	smooth	1	1	1.0	0	0	1
oewn-00293803-a	busy	11	6.39	4.39	up to	7	11	0.64	0	0	7
oewn-02501639-a	down	10	5.88	4.39	down	2	10	0.2	0	0	10
oewn-00447582-a	distant	9	5.21	4.39	out-of-town	0	9	0.0	0	0	8
oewn-01825325-a	minus	2	4.79	4.39	negative	1	2	0.5	0	0	2
oewn-01938650-a	unready	11	4.73	4.39	off guard	3	11	0.27	0	0	4
oewn-00163651-a	wary	6	4.73	4.39	on guard	6	6	1.0	0	0	3
oewn-00850483-a	assigned	3	4.59	4.39	appointed	0	3	0.0	0	0	3
oewn-00675886-a	ready-made	8	5.92	4.38	made	0	8	0.0	0	0	5
oewn-00581435-a	conspicuous	20	5.67	4.38	big	11	21	0.52	0	0	9
oewn-00718584-a	democratic	9	5.07	4.38	popular	2	10	0.2	0	0	9
oewn-02303673-a	standard	7	5.03	4.38	standard	1	7	0.14	0	0	6
oewn-01242902-a	seated	2	4.86	4.38	sitting	0	2	0.0	0	0	1
oewn-00906890-a	indispensable	3	4.83	4.38	critical	2	3	0.67	0	0	2
oewn-00236464-a	faced	13	4.49	4.38	faced	5	13	0.38	0	0	12
oewn-01048915-a	formal	2	4.45	4.38	formal	1	2	0.5	0	0	2
oewn-02136516-a	nonmigratory	2	4.38	4.38	resident	0	2	0.0	0	0	1
oewn-02132790-a	resident	1	4.38	4.38	resident	0	1	0.0	0	0	1
oewn-03147725-a	shaped	1	4.38	4.38	shaped	0	1	0.0	0	0	1
oewn-02091950-a	scientific	2	4.67	4.37	scientific	1	2	0.5	0	0	2
oewn-00205509-a	reverse	1	4.37	4.37	reverse	0	1	0.0	0	0	1
oewn-01012544-a	opening	9	6.11	4.36	first	0	10	0.0	0	0	5
oewn-01852337-a	present	8	5.97	4.36	here	2	8	0.25	0	0	7
oewn-01415272-a	unlikely	6	5.86	4.36	last	2	6	0.33	0	0	4
oewn-01939402-a	real	7	5.6	4.36	real	2	8	0.25	0	0	6
oewn-00760249-a	undiluted	6	5.46	4.36	black	5	6	0.83	0	0	4
oewn-00865514-a	theoretical	4	4.64	4.36	pure	1	4	0.25	0	0	4
oewn-02259797-a	accompanied	2	4.47	4.36	attended	0	2	0.0	0	0	1
oewn-00656318-a	crossed	1	4.35	4.35	crossed	0	1	0.0	0	0	1
oewn-90004301-a	pro-rape	1	4.35	4.35	pro-rape	0	1	0.0	0	0	1
oewn-02727475-a	economic	2	5.1	4.34	economic	0	2	0.0	0	0	1
oewn-01612560-a	noticed	2	4.63	4.34	noticed	1	2	0.5	0	0	2
oewn-02801046-a	agricultural	1	4.34	4.34	agricultural	0	1	0.0	0	0	1
oewn-02745127-a	genetic	1	4.34	4.34	genetic	0	1	0.0	0	0	1
oewn-01883716-a	progressive	2	4.34	4.34	progressive	0	2	0.0	0	0	2
oewn-01069383-a	free	5	5.63	4.33	free	2	5	0.4	0	0	3
oewn-01973553-a	uniform	3	5.41	4.33	single	2	3	0.67	0	0	2
oewn-00752852-a	easy	15	5.29	4.33	easy	10	15	0.67	0	0	9
oewn-01861659-a	basic	11	5.05	4.33	base	0	12	0.0	0	0	6
oewn-01825985-a	positive	2	4.99	4.33	positive	0	2	0.0	0	0	1
oewn-01024009-a	fit	6	4.95	4.33	fit	3	6	0.5	0	0	4
oewn-02902437-a	mechanical	3	4.75	4.33	technical	0	3	0.0	0	0	1
oewn-02709115-a	closed-circuit	1	4.33	4.33	closed-circuit	0	1	0.0	0	0	1
oewn-00181225-a	constitutional	1	4.33	4.33	constitutional	0	1	0.0	0	0	1
oewn-02713068-a	constitutional	1	4.33	4.33	constitutional	1	1	1.0	0	0	1
oewn-02730421-a	elementary	1	4.33	4.33	elementary	0	1	0.0	0	0	1
oewn-02752311-a	horse-drawn	1	4.33	4.33	horse-drawn	0	1	0.0	0	0	1
oewn-02902184-a	mechanical	1	4.33	4.33	mechanical	0	1	0.0	0	0	1
oewn-02847364-a	radical	1	4.33	4.33	radical	0	1	0.0	0	0	1
oewn-01972112-a	requested	1	4.33	4.33	requested	0	1	0.0	0	0	1
oewn-00487032-a	residential	1	4.33	4.33	residential	0	1	0.0	0	0	1
oewn-03121445-a	residential	1	4.33	4.33	residential	0	1	0.0	0	0	1
oewn-02567490-a	blue-collar	5	5.1	4.32	working-class	1	5	0.2	0	0	4
oewn-02009323-a	restricted	6	5.02	4.32	limited	1	6	0.17	0	0	4
oewn-83800950-a	anti-establishment	3	4.51	4.32	opposed	0	3	0.0	0	0	2
oewn-02840307-a	legislative	1	4.32	4.32	legislative	0	1	0.0	0	0	1
oewn-02840450-a	legislative	1	4.32	4.32	legislative	0	1	0.0	0	0	1
oewn-02769962-a	manual	1	4.32	4.32	manual	0	1	0.0	0	0	1
oewn-00781720-a	nondisposable	2	4.32	4.32	frozen	1	2	0.5	0	0	2
oewn-01628448-a	occupied	1	4.32	4.32	occupied	0	1	0.0	0	0	1
oewn-01408930-a	biological	3	5.11	4.31	natural	0	3	0.0	0	0	2
oewn-01416708-a	improbable	3	4.91	4.31	supposed	2	3	0.67	0	0	2
oewn-02376353-a	dry	5	4.74	4.31	dry	2	5	0.4	0	0	4
oewn-00184143-a	manual	3	4.32	4.31	manual	1	3	0.33	0	0	2
oewn-02991423-a	dynamic	1	4.31	4.31	dynamic	0	1	0.0	0	0	1
oewn-02841386-a	literary	1	4.31	4.31	literary	0	1	0.0	0	0	1
oewn-01019627-a	terminal	2	4.31	4.31	terminal	0	2	0.0	0	0	1
oewn-02823086-a	terminal	1	4.31	4.31	terminal	0	1	0.0	0	0	1
oewn-02823245-a	terminal	1	4.31	4.31	terminal	0	1	0.0	0	0	1
oewn-00922435-a	unexcitable	2	4.31	4.31	steady	2	2	1.0	0	0	2
oewn-02309241-a	steady	14	5.99	4.3	even	9	14	0.64	0	0	8
oewn-03153277-a	racial	1	4.3	4.3	racial	0	1	0.0	0	0	1
oewn-02995765-a	vice-presidential	1	4.3	4.3	vice-presidential	0	1	0.0	0	0	1
oewn-01309228-a	informed	19	6.39	4.29	up on	13	20	0.65	0	0	10
oewn-00952756-a	outer	6	6.38	4.29	out	0	6	0.0	0	0	5
oewn-02221616-a	single	17	6.12	4.29	only	3	17	0.18	0	0	8
oewn-00359212-a	charged	10	5.54	4.29	live	3	10	0.3	0	0	5
oewn-01979885-a	related	15	5.5	4.29	side by side	0	16	0.0	0	0	10
oewn-00854923-a	eligible	9	5.49	4.29	in line	5	9	0.56	0	0	7
oewn-01351889-a	extrinsic	8	5.25	4.29	outside	3	9	0.33	0	0	6
oewn-00703896-a	definite	5	5.16	4.29	certain	5	5	1.0	0	0	4
oewn-02510833-a	valuable	8	5.16	4.29	worth	2	8	0.25	0	0	7
oewn-02483666-a	union	6	5.08	4.29	union	1	6	0.17	0	0	3
oewn-00042677-a	active	4	4.93	4.29	active	2	4	0.5	0	0	4
oewn-01383193-a	aerial	2	4.66	4.29	free-flying	0	2	0.0	0	0	2
oewn-01684118-a	organic	4	4.4	4.29	organic	0	4	0.0	0	0	3
oewn-01101986-a	funded	1	4.29	4.29	funded	1	1	1.0	0	0	1
oewn-03084101-a	hiplength	2	4.29	4.29	hip-length	0	2	0.0	0	0	1
oewn-02886408-a	post-communist	1	4.29	4.29	post-communist	0	1	0.0	0	0	1
oewn-01628017-a	unoccupied	3	5.63	4.28	free	2	4	0.5	0	0	3
oewn-00184353-a	available	19	5.48	4.28	open	11	20	0.55	0	0	16
oewn-00932808-a	expected	7	5.35	4.28	due	4	7	0.57	0	0	5
oewn-00143675-a	armed	6	4.59	4.28	armed	0	6	0.0	0	0	4
oewn-01460862-a	thin	2	4.47	4.28	thin	1	2	0.5	0	0	2
oewn-00557000-a	expanded	1	4.28	4.28	expanded	0	1	0.0	0	0	1
oewn-02951729-a	experimental	1	4.28	4.28	experimental	0	1	0.0	0	0	1
oewn-02368019-a	surprising	5	5.1	4.27	amazing	4	5	0.8	0	0	4
oewn-01431845-a	guided	3	4.45	4.27	radio-controlled	0	3	0.0	0	0	3
oewn-02917107-a	psychological	1	4.27	4.27	psychological	0	1	0.0	0	0	1
oewn-02233145-a	sized	1	4.27	4.27	sized	0	1	0.0	0	0	1
oewn-01003236-a	felicitous	7	5.35	4.26	happy	4	7	0.57	0	0	5
oewn-00162696-a	attachable	5	4.51	4.26	tie-on	3	5	0.6	0	0	4
oewn-02708882-a	classical	1	4.26	4.26	classical	0	1	0.0	0	0	1
oewn-00111063-a	oral	1	4.26	4.26	oral	0	1	0.0	0	0	1
oewn-02782296-a	oral	1	4.26	4.26	oral	0	1	0.0	0	0	1
oewn-01470213-a	lowercase	4	5.75	4.25	little	0	4	0.0	0	0	2
oewn-01959227-a	unprocessed	7	5.11	4.25	natural	3	7	0.43	0	0	4
oewn-02220939-a	scripted	2	5.09	4.25	written	0	2	0.0	0	0	1
oewn-01641174-a	conditioned	2	4.85	4.25	learned	0	2	0.0	0	0	1
oewn-00829153-a	eastern	2	4.78	4.25	eastern	0	3	0.0	0	0	3
oewn-01674474-a	organized	8	4.64	4.25	corporate	2	8	0.25	0	0	6
oewn-00953896-a	outward	3	4.52	4.25	external	2	3	0.67	0	0	3
oewn-01102185-a	fueled	9	4.5	4.25	oil-fired	3	9	0.33	0	0	6
oewn-02258643-a	accompanied	1	4.25	4.25	accompanied	0	1	0.0	0	0	1
oewn-02619585-a	air-breathing	1	4.25	4.25	air-breathing	0	1	0.0	0	0	1
oewn-00613252-a	conventional	1	4.25	4.25	conventional	0	1	0.0	0	0	1
oewn-02035745-a	handled	1	4.25	4.25	handled	0	1	0.0	0	0	1
oewn-00837114-a	inoperative	4	5.88	4.24	down	3	4	0.75	0	0	4
oewn-00171619-a	appealing	4	4.98	4.24	attention-getting	4	4	1.0	0	0	3
oewn-01040830-a	native	2	4.69	4.24	native	0	2	0.0	0	0	1
oewn-00521136-a	dedicated	3	4.58	4.24	dedicated	1	4	0.25	0	0	4
oewn-01619332-a	objective	6	4.51	4.24	clinical	1	6	0.17	0	0	4
oewn-00050861-a	addressed	2	4.26	4.24	addressed	0	2	0.0	0	0	2
oewn-00268222-a	bottle-fed	1	4.24	4.24	bottle-fed	0	1	0.0	0	0	1
oewn-01096682-a	functional	1	4.24	4.24	functional	0	1	0.0	0	0	1
oewn-02987805-a	functional	1	4.24	4.24	functional	0	1	0.0	0	0	1
oewn-00270624-a	landed	1	4.24	4.24	landed	0	1	0.0	0	0	1
oewn-02708189-a	municipal	1	4.24	4.24	municipal	0	1	0.0	0	0	1
oewn-02778473-a	naval	1	4.24	4.24	naval	0	1	0.0	0	0	1
oewn-01151786-a	happy	9	5.35	4.23	happy	6	9	0.67	0	0	6
oewn-01193859-a	light	3	5.33	4.23	light	2	3	0.67	0	0	2
oewn-01522004-a	civilian	3	4.93	4.23	civil	0	3	0.0	0	0	3
oewn-00797348-a	dominant	1	4.23	4.23	dominant	1	1	1.0	0	0	1
oewn-02747737-a	graphic	1	4.23	4.23	graphic	0	1	0.0	0	0	1
oewn-03106829-a	outdoor	1	4.23	4.23	outdoor	0	1	0.0	0	0	1
oewn-02807844-a	serial	1	4.23	4.23	serial	0	1	0.0	0	0	1
oewn-02808080-a	serial	1	4.23	4.23	serial	0	1	0.0	0	0	1
oewn-01162103-a	alcoholic	9	5.53	4.22	hard	4	9	0.44	0	0	6
oewn-00830498-a	eastern	4	4.84	4.22	east-central	0	4	0.0	0	0	4
oewn-00218889-a	bearing	3	4.71	4.22	supporting	2	3	0.67	0	0	2
oewn-02293817-a	voiced	3	4.68	4.22	soft	0	3	0.0	0	0	1
oewn-02109764-a	sensible	2	4.46	4.22	sensitive	0	2	0.0	0	0	1
oewn-03011226-a	national socialist	1	4.22	4.22	national socialist	0	1	0.0	0	0	1
oewn-03161489-a	streaming	1	4.22	4.22	streaming	0	1	0.0	0	0	1
oewn-02075880-a	same	7	6.01	4.21	said	3	7	0.43	0	0	3
oewn-01204643-a	heterosexual	2	5.04	4.21	straight	0	2	0.0	0	0	2
oewn-01835370-a	high-tension	3	4.94	4.21	high-potential	1	3	0.33	0	0	2
oewn-01094001-a	functional	4	4.72	4.21	useful	1	4	0.25	0	0	3
oewn-01476226-a	minor	4	4.62	4.21	minor	4	4	1.0	0	0	3
oewn-03159554-a	beaten	1	4.21	4.21	beaten	0	1	0.0	0	0	1
oewn-00600068-a	continuous	1	4.21	4.21	continuous	1	1	1.0	0	0	1
oewn-00293314-a	identical	2	4.21	4.21	identical	0	2	0.0	0	0	1
oewn-02757669-a	imperial	1	4.21	4.21	imperial	0	1	0.0	0	0	1
oewn-02757808-a	imperial	1	4.21	4.21	imperial	0	1	0.0	0	0	1
oewn-02758018-a	imperial	1	4.21	4.21	imperial	0	1	0.0	0	0	1
oewn-03025801-a	operational	1	4.21	4.21	operational	0	1	0.0	0	0	1
oewn-03148155-a	short-handled	1	4.21	4.21	short-handled	0	1	0.0	0	0	1
oewn-00444378-a	far	19	6.01	4.2	out of the way	0	22	0.0	0	0	10
oewn-00231927-a	better	4	5.76	4.2	better	4	4	1.0	0	0	4
oewn-01771841-a	personal	15	5.74	4.2	own	1	17	0.06	0	0	10
oewn-01667666-a	opposite	2	4.62	4.2	opposite	0	2	0.0	0	0	1
oewn-02896674-a	client-server	1	4.2	4.2	client-server	0	1	0.0	0	0	1
oewn-03090181-a	knee-length	1	4.2	4.2	knee-length	0	1	0.0	0	0	1
oewn-02579586-a	wireless	1	4.2	4.2	wireless	0	1	0.0	0	0	1
oewn-03161180-a	hand-held	2	5.02	4.19	hand-held	0	2	0.0	0	0	1
oewn-01544533-a	modified	5	4.46	4.19	qualified	0	5	0.0	0	0	3
oewn-00143308-a	arenaceous	3	4.19	4.19	sandy	0	3	0.0	0	0	1
oewn-02709518-a	coastal	1	4.19	4.19	coastal	0	1	0.0	0	0	1
oewn-02993080-a	congressional	1	4.19	4.19	congressional	0	1	0.0	0	0	1
oewn-03165029-a	ranging	1	4.19	4.19	ranging	1	1	1.0	0	0	1
oewn-02817084-a	sustainable	1	4.19	4.19	sustainable	1	1	1.0	0	0	1
oewn-00128168-a	succeeding	9	5.73	4.18	back-to-back	2	11	0.18	0	0	8
oewn-00597095-a	continuous	21	5.44	4.18	day-and-night	5	22	0.23	0	0	9
oewn-00068575-a	well-advised	3	5.08	4.18	considered	2	3	0.67	0	0	2
oewn-01481113-a	female	4	5.0	4.18	female	2	5	0.4	0	0	4
oewn-01340439-a	intended	11	4.91	4.18	well-meant	3	12	0.25	0	0	5
oewn-01671772-a	ordered	7	4.74	4.18	ordered	1	7	0.14	0	0	3
oewn-01995406-a	reserved	5	4.55	4.18	set-aside	0	5	0.0	0	0	3
oewn-02379911-a	sworn	2	4.46	4.18	bound	1	2	0.5	0	0	2
oewn-02574040-a	narrow	3	4.39	4.18	narrow	2	3	0.67	0	0	2
oewn-00076560-a	acceptive	2	4.18	4.18	accepting	1	2	0.5	0	0	2
oewn-02876454-a	metropolitan	1	4.18	4.18	metropolitan	0	1	0.0	0	0	1
oewn-02785218-a	parliamentary	1	4.18	4.18	parliamentary	0	1	0.0	0	0	1
oewn-02908410-a	structural	1	4.18	4.18	structural	0	1	0.0	0	0	1
oewn-02908587-a	structural	1	4.18	4.18	structural	0	1	0.0	0	0	1
oewn-02940813-a	tropical	1	4.18	4.18	tropical	0	1	0.0	0	0	1
oewn-00489640-a	uncommon	10	5.34	4.17	special	6	10	0.6	0	0	6
oewn-01531539-a	metallic	19	5.17	4.17	gold	1	19	0.05	0	0	12
oewn-01737711-a	born	2	5.09	4.17	born	0	2	0.0	0	0	2
oewn-00308272-a	incapable	2	4.61	4.17	unable	1	2	0.5	0	0	2
oewn-00960366-a	unfair	9	4.55	4.17	dirty	2	9	0.22	0	0	4
oewn-01869630-a	inclusive	2	4.36	4.17	comprehensive	0	2	0.0	0	0	2
oewn-03002630-a	artistic	1	4.17	4.17	artistic	0	1	0.0	0	0	1
oewn-02679544-a	bottom-feeding	1	4.17	4.17	bottom-feeding	0	1	0.0	0	0	1
oewn-02710765-a	colonial	1	4.17	4.17	colonial	0	1	0.0	0	0	1
oewn-02710935-a	colonial	1	4.17	4.17	colonial	0	1	0.0	0	0	1
oewn-02696783-a	interest-bearing	1	4.17	4.17	interest-bearing	0	1	0.0	0	0	1
oewn-01473213-a	magnetic	1	4.17	4.17	magnetic	0	1	0.0	0	0	1
oewn-01473728-a	magnetic	1	4.17	4.17	magnetic	1	1	1.0	0	0	1
oewn-02937501-a	magnetic	1	4.17	4.17	magnetic	0	1	0.0	0	0	1
oewn-90013741-a	off-grid	1	4.17	4.17	off-grid	0	1	0.0	0	0	1
oewn-02022452-a	revolutionary	1	4.17	4.17	revolutionary	0	1	0.0	0	0	1
oewn-02846366-a	revolutionary	1	4.17	4.17	revolutionary	0	1	0.0	0	0	1
oewn-03147830-a	sharp-pointed	1	4.17	4.17	sharp-pointed	0	1	0.0	0	0	1
oewn-02812915-a	spring-loaded	1	4.17	4.17	spring-loaded	0	1	0.0	0	0	1
oewn-01732158-a	past	34	6.16	4.16	other	6	38	0.16	0	0	16
oewn-00350625-a	unalterable	5	5.86	4.16	last	5	5	1.0	0	0	3
oewn-01946601-a	realistic	17	5.6	4.16	real	11	18	0.61	0	0	8
oewn-02537084-a	wanted	9	5.36	4.16	wanted	6	9	0.67	0	0	5
oewn-01039765-a	native	9	4.69	4.16	domestic	0	9	0.0	0	0	5
oewn-88306827-a	numbered	2	4.5	4.16	marked	0	2	0.0	0	0	2
oewn-00262990-a	brachycephalic	7	4.48	4.16	short-headed	0	7	0.0	0	0	3
oewn-00880654-a	exploratory	7	4.36	4.16	searching	2	7	0.29	0	0	6
oewn-02798114-a	realistic	1	4.16	4.16	realistic	0	1	0.0	0	0	1
oewn-02812662-a	sporting	1	4.16	4.16	sporting	0	1	0.0	0	0	1
oewn-02836294-a	vocal	1	4.16	4.16	vocal	0	1	0.0	0	0	1
oewn-02836472-a	vocal	1	4.16	4.16	vocal	0	1	0.0	0	0	1
oewn-01412553-a	like	5	6.41	4.15	like	3	5	0.6	0	0	4
oewn-00734736-a	nonpartisan	9	5.75	4.15	two-way	3	9	0.33	0	0	4
oewn-02136639-a	settled	14	5.59	4.15	set	2	14	0.14	0	0	7
oewn-00979699-a	fast	28	5.16	4.15	hot	4	31	0.13	0	0	20
oewn-00520089-a	committed	5	4.65	4.15	committed	0	5	0.0	0	0	3
oewn-00607261-a	convenient	1	4.15	4.15	convenient	1	1	1.0	0	0	1
oewn-02656655-a	stored-program	1	4.15	4.15	stored-program	1	1	1.0	0	0	1
oewn-02378780-a	suspected	1	4.15	4.15	suspected	1	1	1.0	0	0	1
oewn-02834979-a	vertical	1	4.15	4.15	vertical	0	1	0.0	0	0	1
oewn-02094739-a	wrapped	1	4.15	4.15	wrapped	0	1	0.0	0	0	1
oewn-02508521-a	valid	10	5.15	4.14	sound	4	11	0.36	0	0	6
oewn-01500270-a	meaningful	7	4.98	4.14	significant	0	7	0.0	0	0	4
oewn-01149996-a	grateful	4	4.9	4.14	glad	3	4	0.75	0	3	3
oewn-00466504-a	coherent	5	4.74	4.14	ordered	5	5	1.0	0	0	2
oewn-01512398-a	mild	6	4.68	4.14	soft	5	6	0.83	0	0	4
oewn-00572854-a	conscious	5	4.65	4.14	self-aware	1	5	0.2	0	0	4
oewn-88121161-a	numbered	2	4.46	4.14	closing	0	2	0.0	0	0	2
oewn-01432984-a	logical	5	4.45	4.14	formal	5	5	1.0	0	0	4
oewn-00481923-a	uncomfortable	7	4.34	4.14	ill at ease	3	7	0.43	0	0	5
oewn-02756634-a	immune	1	4.14	4.14	immune	0	1	0.0	0	0	1
oewn-02763977-a	judicial	1	4.14	4.14	judicial	0	1	0.0	0	0	1
oewn-02034381-a	lean	1	4.14	4.14	lean	0	1	0.0	0	0	1
oewn-02922940-a	statistical	1	4.14	4.14	statistical	0	1	0.0	0	0	1
oewn-01982202-a	relevant	5	5.54	4.13	to the point	4	5	0.8	0	0	4
oewn-01100683-a	furnished	10	5.52	4.13	well-found	3	10	0.3	0	0	6
oewn-01407728-a	legible	6	5.25	4.13	clear	3	6	0.5	0	0	3
oewn-01552360-a	moral	6	4.97	4.13	clean	6	6	1.0	0	0	5
oewn-00701533-a	ill-defined	2	4.33	4.13	ill-defined	2	2	1.0	0	0	1
oewn-03161971-a	fitted	1	4.13	4.13	fitted	1	1	1.0	0	0	1
oewn-02862435-a	iconic	1	4.13	4.13	iconic	0	1	0.0	0	0	1
oewn-01398493-a	lesser	1	4.13	4.13	lesser	0	1	0.0	0	0	1
oewn-01743942-a	paved	3	5.79	4.12	made-up	0	3	0.0	0	0	3
oewn-00448955-a	close	31	5.7	4.12	next	4	33	0.12	0	0	18
oewn-00353228-a	altered	7	5.07	4.12	changed	3	7	0.43	0	0	6
oewn-01070882-a	infrequent	3	4.77	4.12	rare	1	3	0.33	0	0	3
oewn-00849591-a	elective	4	4.63	4.12	elected	0	4	0.0	0	0	3
oewn-80644890-a	rival	2	4.18	4.12	rival	1	2	0.5	0	0	2
oewn-02918969-a	athletic	1	4.12	4.12	athletic	0	1	0.0	0	0	1
oewn-02728274-a	electoral	1	4.12	4.12	electoral	0	1	0.0	0	0	1
oewn-02850242-a	feminist	1	4.12	4.12	feminist	0	1	0.0	0	0	1
oewn-02738738-a	field-crop	1	4.12	4.12	field-crop	0	1	0.0	0	0	1
oewn-01440837-a	long	43	5.81	4.11	long	2	43	0.05	0	0	26
oewn-01613825-a	detected	4	5.27	4.11	heard	1	5	0.2	0	0	4
oewn-00290665-a	unbroken	2	5.0	4.11	kept	2	2	1.0	0	0	1
oewn-02298730-a	stable	8	4.79	4.11	firm	3	8	0.38	0	0	5
oewn-00351723-a	adjusted	3	4.65	4.11	focused	1	3	0.33	0	0	3
oewn-00309153-a	cared-for	3	4.47	4.11	attended	0	3	0.0	0	0	2
oewn-00352624-a	adjusted	3	4.17	4.11	well-balanced	1	3	0.33	0	0	2
oewn-01667824-a	alternate	1	4.11	4.11	alternate	0	1	0.0	0	0	1
oewn-02909836-a	cognitive	1	4.11	4.11	cognitive	0	1	0.0	0	0	1
oewn-02721834-a	dental	1	4.11	4.11	dental	0	1	0.0	0	0	1
oewn-02721930-a	dental	1	4.11	4.11	dental	0	1	0.0	0	0	1
oewn-02724451-a	diplomatic	1	4.11	4.11	diplomatic	0	1	0.0	0	0	1
oewn-02727994-a	editorial	1	4.11	4.11	editorial	0	1	0.0	0	0	1
oewn-02728138-a	editorial	1	4.11	4.11	editorial	0	1	0.0	0	0	1
oewn-00875655-a	exoergic	2	4.11	4.11	energy-releasing	0	2	0.0	0	0	1
oewn-02744752-a	generic	1	4.11	4.11	generic	0	1	0.0	0	0	1
oewn-01546419-a	molecular	1	4.11	4.11	molecular	0	1	0.0	0	0	1
oewn-02911952-a	molecular	1	4.11	4.11	molecular	0	1	0.0	0	0	1
oewn-01210507-a	raised	5	6.39	4.1	up	1	5	0.2	0	0	4
oewn-00767444-a	direct	23	5.51	4.1	man-to-man	10	23	0.43	0	0	11
oewn-02013127-a	unretentive	3	5.33	4.1	short	0	3	0.0	0	0	1
oewn-01539804-a	modern	8	5.07	4.1	modern	1	8	0.12	0	0	6
oewn-00673977-a	blessed	4	4.67	4.1	golden	4	4	1.0	0	0	2
oewn-01835698-a	low-tension	2	4.19	4.1	low-tension	2	2	1.0	0	0	1
oewn-02735794-a	facial	1	4.1	4.1	facial	0	1	0.0	0	0	1
oewn-02889008-a	facial	1	4.1	4.1	facial	0	1	0.0	0	0	1
oewn-02768635-a	lung-like	1	4.1	4.1	lung-like	1	1	1.0	0	0	1
oewn-02903285-a	rental	1	4.1	4.1	rental	0	1	0.0	0	0	1
oewn-02903416-a	rental	1	4.1	4.1	rental	0	1	0.0	0	0	1
oewn-00024458-a	accustomed to	3	5.8	4.09	used to	2	4	0.5	0	0	2
oewn-02457239-a	tender	4	4.68	4.09	soft	2	4	0.5	0	0	2
oewn-02915824-a	nervous	2	4.42	4.09	nervous	0	2	0.0	0	0	1
oewn-01122955-a	talented	2	4.3	4.09	talented	2	2	1.0	0	0	1
oewn-02457962-a	tender	3	4.13	4.09	protective	3	3	1.0	0	0	3
oewn-02274768-a	solved	2	4.1	4.09	resolved	0	2	0.0	0	0	1
oewn-01697239-a	indoor	1	4.09	4.09	indoor	0	1	0.0	0	0	1
oewn-02070074-a	same	13	6.47	4.08	one	6	13	0.46	0	0	9
oewn-01849304-a	prepared	12	6.39	4.08	up	4	12	0.33	0	0	11
oewn-01845332-a	imprecise	2	5.47	4.08	general	1	2	0.5	0	0	2
oewn-00027360-a	acknowledged	10	5.41	4.08	given	5	10	0.5	0	0	7
oewn-00545823-a	concerned	7	5.33	4.08	taken up	2	8	0.25	0	0	5
oewn-00409737-a	light	6	5.33	4.08	light	0	6	0.0	0	0	5
oewn-00601323-a	controlled	9	4.59	4.08	controlled	5	9	0.56	0	0	8
oewn-01092170-a	drained	3	4.59	4.08	empty	2	3	0.67	0	0	3
oewn-01790415-a	plain	4	4.43	4.08	plain	0	4	0.0	0	0	2
oewn-00505894-a	comparable	2	4.08	4.08	comparable	2	2	1.0	0	0	2
oewn-02796680-a	provincial	1	4.08	4.08	provincial	0	1	0.0	0	0	1
oewn-02984786-a	tragic	1	4.08	4.08	tragic	0	1	0.0	0	0	1
oewn-02891505-a	viral	1	4.08	4.08	viral	0	1	0.0	0	0	1
oewn-01247284-a	hostile	16	5.49	4.07	head-on	10	16	0.62	0	0	11
oewn-02541827-a	cool	2	5.15	4.07	cool	0	2	0.0	0	0	2
oewn-01574358-a	natural	2	5.11	4.07	natural	2	2	1.0	0	0	2
oewn-00394569-a	saturated	4	4.64	4.07	pure	4	4	1.0	0	0	2
oewn-00594510-a	continent	1	4.07	4.07	continent	0	1	0.0	0	0	1
oewn-00908608-a	ethical	1	4.07	4.07	ethical	1	1	1.0	0	0	1
oewn-02734299-a	ethical	1	4.07	4.07	ethical	0	1	0.0	0	0	1
oewn-01081517-a	hostile	1	4.07	4.07	hostile	1	1	1.0	0	0	1
oewn-02872948-a	optical	1	4.07	4.07	optical	0	1	0.0	0	0	1
oewn-02827461-a	toll-free	1	4.07	4.07	toll-free	1	1	1.0	0	0	1
oewn-02260390-a	gregarious	2	5.42	4.06	social	0	2	0.0	0	0	2
oewn-01351106-a	intrinsic	10	5.07	4.06	built-in	5	10	0.5	0	0	3
oewn-01103229-a	specified	5	5.03	4.06	specific	1	5	0.2	0	0	4
oewn-01920902-a	qualitative	2	4.68	4.06	soft	1	2	0.5	0	0	2
oewn-00824936-a	earned	2	4.55	4.06	earned	0	2	0.0	0	0	2
oewn-01152997-a	unhappy	5	4.53	4.06	suffering	4	5	0.8	0	0	3
oewn-01834109-a	powered	7	4.5	4.06	power-driven	1	7	0.14	0	0	7
oewn-01518457-a	intensive	1	4.06	4.06	intensive	0	1	0.0	0	0	1
oewn-02870030-a	intensive	1	4.06	4.06	intensive	1	1	1.0	0	0	1
oewn-02792491-a	politically correct	1	4.06	4.06	politically correct	1	1	1.0	0	0	1
oewn-02941214-a	rational	1	4.06	4.06	rational	1	1	1.0	0	0	1
oewn-02463260-a	traveled	2	4.06	4.06	heavily traveled	0	2	0.0	0	0	2
oewn-00243558-a	black	4	5.46	4.05	black	0	4	0.0	0	0	2
oewn-02000222-a	respectable	6	5.37	4.05	nice	4	6	0.67	0	0	4
oewn-00348093-a	unchangeable	11	4.8	4.05	set in stone	3	11	0.27	0	0	6
oewn-02900272-a	surgical	1	4.05	4.05	surgical	0	1	0.0	0	0	1
oewn-01924583-a	unquestionable	7	5.67	4.04	for sure	6	7	0.86	0	0	6
oewn-00696805-a	shallow	3	5.33	4.04	light	1	3	0.33	0	0	2
oewn-01381145-a	understood	6	5.33	4.04	taken	6	6	1.0	0	0	3
oewn-00917535-a	exact	9	5.2	4.04	perfect	4	9	0.44	0	0	7
oewn-01717548-a	painless	3	4.93	4.04	pain-free	3	3	1.0	0	0	2
oewn-00568364-a	connected	13	4.73	4.04	joined	0	15	0.0	0	0	8
oewn-01498873-a	maximal	4	4.69	4.04	supreme	2	4	0.5	0	0	2
oewn-01474869-a	minor	3	4.62	4.04	minor	3	3	1.0	0	0	1
oewn-02949213-a	mathematical	1	4.04	4.04	mathematical	1	1	1.0	0	0	1
oewn-02825291-a	thermal	1	4.04	4.04	thermal	0	1	0.0	0	0	1
oewn-01513206-a	intense	40	5.67	4.03	big	15	42	0.36	0	0	27
oewn-01658803-a	open	9	5.48	4.03	open	0	9	0.0	0	0	5
oewn-00931766-a	extant	3	5.3	4.03	living	1	4	0.25	0	0	3
oewn-00663206-a	multidimensional	8	5.29	4.03	three-d	3	8	0.38	0	0	5
oewn-00814485-a	eager	7	5.16	4.03	hot	4	7	0.57	0	5	5
oewn-00355544-a	changed	7	5.07	4.03	changed	2	7	0.29	0	0	5
oewn-02294659-a	unwritten	2	5.01	4.03	common-law	0	2	0.0	0	0	2
oewn-01857451-a	unpretentious	4	4.73	4.03	honest	3	4	0.75	0	0	4
oewn-02522980-a	nonviolent	3	4.28	4.03	peaceful	3	3	1.0	0	0	2
oewn-00786685-a	diversified	3	4.12	4.03	wide-ranging	2	3	0.67	0	0	2
oewn-02996534-a	dimensional	1	4.03	4.03	dimensional	0	1	0.0	0	0	1
oewn-03098402-a	mineral	1	4.03	4.03	mineral	0	1	0.0	0	0	1
oewn-00042449-a	passive	1	4.03	4.03	passive	0	1	0.0	0	0	1
oewn-03086350-a	tribal	1	4.03	4.03	tribal	0	1	0.0	0	0	1
oewn-02116958-a	separate	13	4.83	4.02	separate	8	14	0.57	0	0	9
oewn-02820043-a	technical	2	4.75	4.02	technical	0	2	0.0	0	0	1
oewn-02362263-a	assisted	4	4.1	4.02	assisted	1	4	0.25	0	0	3
oewn-01571309-a	continental	3	4.02	4.02	continent-wide	0	3	0.0	0	0	3
oewn-02897394-a	continental	1	4.02	4.02	continental	0	1	0.0	0	0	1
oewn-02897710-a	continental	1	4.02	4.02	continental	0	1	0.0	0	0	1
oewn-02903641-a	ritual	1	4.02	4.02	ritual	0	1	0.0	0	0	1
oewn-02903908-a	ritual	1	4.02	4.02	ritual	0	1	0.0	0	0	1
oewn-00232844-a	worse	2	4.89	4.01	worse	2	2	1.0	0	0	2
oewn-00233660-a	worse	2	4.89	4.01	worse	0	2	0.0	0	0	1
oewn-00182330-a	autogenous	5	4.72	4.01	self-produced	1	5	0.2	0	0	3
oewn-00055779-a	substantive	2	4.61	4.01	essential	0	2	0.0	0	0	1
oewn-00025351-a	acidic	3	4.45	4.01	acid	2	3	0.67	0	0	3
oewn-00559704-a	enforced	2	4.23	4.01	implemented	0	2	0.0	0	0	1
oewn-02805836-a	self-induced	1	4.01	4.01	self-induced	1	1	1.0	0	0	1
oewn-02532426-a	voluntary	1	4.01	4.01	voluntary	0	1	0.0	0	0	1
oewn-00903909-a	essential	14	5.68	4.0	must	3	14	0.21	0	0	9
oewn-01911024-a	pure	4	5.51	4.0	white	4	4	1.0	0	0	3
oewn-00937468-a	cheap	18	4.98	4.0	low-cost	6	18	0.33	0	0	8
oewn-01070231-a	frequent	8	4.95	4.0	regular	0	8	0.0	0	0	3
oewn-01149515-a	grammatical	2	4.66	4.0	well-formed	2	2	1.0	0	0	1
oewn-00418551-a	unanalyzed	3	4.53	4.0	raw	3	3	1.0	0	0	2
oewn-00789846-a	documented	3	4.52	4.0	registered	0	3	0.0	0	0	3
oewn-01762851-a	persistent	2	4.11	4.0	lasting	0	2	0.0	0	0	1
oewn-01817105-a	acute	1	4.0	4.0	acute	0	1	0.0	0	0	1
oewn-02708066-a	civic	1	4.0	4.0	civic	0	1	0.0	0	0	1
oewn-02760550-a	institutional	1	4.0	4.0	institutional	0	1	0.0	0	0	1
oewn-01851973-a	prescription	1	4.0	4.0	prescription	0	1	0.0	0	0	1
oewn-02163186-a	unshockable	2	4.0	4.0	broad-minded	2	2	1.0	0	0	1
oewn-00337066-a	uncertain	3	5.37	3.99	up in the air	3	3	1.0	0	0	3
oewn-00330729-a	central	19	5.19	3.99	center	2	19	0.11	0	0	11
oewn-00182776-a	automatic	14	4.83	3.99	smart	4	15	0.27	0	0	8
oewn-02695054-a	cathedral	1	3.99	3.99	cathedral	0	1	0.0	0	0	1
oewn-02741718-a	fossil	1	3.99	3.99	fossil	0	1	0.0	0	0	1
oewn-02836709-a	instrumental	1	3.99	3.99	instrumental	0	1	0.0	0	0	1
oewn-01573942-a	interstate	1	3.99	3.99	interstate	0	1	0.0	0	0	1
oewn-03009554-a	quarterly	1	3.99	3.99	quarterly	0	1	0.0	0	0	1
oewn-02947250-a	skinny	1	3.99	3.99	skinny	0	1	0.0	0	0	1
oewn-00764460-a	direct	8	5.87	3.98	through	4	8	0.5	0	0	7
oewn-00505233-a	loose	6	5.33	3.98	light	2	6	0.33	0	0	5
oewn-00545420-a	eccentric	5	5.12	3.98	off-center	3	5	0.6	0	0	3
oewn-02566724-a	white-collar	4	5.05	3.98	professional	0	4	0.0	0	0	4
oewn-00612923-a	nuclear	3	4.73	3.98	nuclear	0	3	0.0	0	0	2
oewn-01667221-a	opposed	4	4.51	3.98	opposed	1	4	0.25	0	0	3
oewn-01776177-a	impenetrable	3	4.46	3.98	thick	1	3	0.33	0	0	2
oewn-00916568-a	odd	2	4.42	3.98	odd	0	2	0.0	0	0	1
oewn-00996879-a	fatal	6	4.31	3.98	terminal	5	7	0.71	0	0	4
oewn-00638795-a	cosmopolitan	3	4.06	3.98	traveled	1	3	0.33	0	0	2
oewn-02895923-a	atomic	1	3.98	3.98	atomic	0	1	0.0	0	0	1
oewn-01969136-a	regulated	1	3.98	3.98	regulated	0	1	0.0	0	0	1
oewn-01497421-a	seasonal	1	3.98	3.98	seasonal	0	1	0.0	0	0	1
oewn-00527630-a	comprehensive	38	5.7	3.97	all-around	13	38	0.34	0	0	17
oewn-01835852-a	influential	6	5.44	3.97	important	1	6	0.17	0	0	4
oewn-00540785-a	concentrated	9	5.41	3.97	single	4	9	0.44	0	0	6
oewn-01473411-a	geographic	3	5.4	3.97	true	0	3	0.0	0	0	2
oewn-01450193-a	tight	15	5.36	3.97	close	5	15	0.33	0	0	7
oewn-00675491-a	custom-made	8	5.35	3.97	made-to-order	0	9	0.0	0	0	3
oewn-01574863-a	unnatural	2	4.46	3.97	violent	2	2	1.0	0	0	2
oewn-00510964-a	compatible	1	3.97	3.97	compatible	1	1	1.0	0	0	1
oewn-00476610-a	explosive	2	3.97	3.97	explosive	1	2	0.5	0	0	2
oewn-02962337-a	tactical	1	3.97	3.97	tactical	0	1	0.0	0	0	1
oewn-01529895-a	portable	5	5.44	3.96	take-away	1	5	0.2	0	0	4
oewn-00635278-a	incorrect	6	5.39	3.96	wrong	6	6	1.0	0	0	4
oewn-00954437-a	inward	10	5.19	3.96	private	2	10	0.2	0	0	6
oewn-00360031-a	uncharged	5	5.19	3.96	dead	2	5	0.4	0	0	3
oewn-01434511-a	extended	7	4.81	3.96	spread	0	7	0.0	0	0	6
oewn-02900947-a	nautical	3	4.53	3.96	marine	0	3	0.0	0	0	1
oewn-00355201-a	amended	2	4.14	3.96	revised	0	2	0.0	0	0	2
oewn-02909209-a	architectural	1	3.96	3.96	architectural	0	1	0.0	0	0	1
oewn-02709857-a	coin-operated	1	3.96	3.96	coin-operated	1	1	1.0	0	0	1
oewn-00487419-a	commissioned	1	3.96	3.96	commissioned	1	1	1.0	0	0	1
oewn-02696440-a	integral	1	3.96	3.96	integral	0	1	0.0	0	0	1
oewn-02848890-a	polar	1	3.96	3.96	polar	0	1	0.0	0	0	1
oewn-01065188-a	free	23	5.63	3.95	free	13	23	0.57	0	0	13
oewn-01038139-a	foreign	13	5.08	3.95	foreign	3	14	0.21	0	0	9
oewn-00828657-a	western	2	5.01	3.95	western	0	2	0.0	0	0	2
oewn-02462670-a	tracked	4	4.87	3.95	half-track	0	4	0.0	0	0	3
oewn-01686889-a	oriented	12	4.6	3.95	directed	0	12	0.0	0	0	7
oewn-02411930-a	tense	4	4.57	3.95	tight	0	4	0.0	0	0	3
oewn-00288506-a	narrow-minded	13	4.39	3.95	narrow	4	13	0.31	0	0	6
oewn-01933854-a	cerebral	2	4.3	3.95	intellectual	0	2	0.0	0	0	1
oewn-02675405-a	binary	1	3.95	3.95	binary	0	1	0.0	0	0	1
oewn-02099277-a	narrow-minded	1	3.95	3.95	narrow-minded	1	1	1.0	0	0	1
oewn-01787381-a	secular	1	3.95	3.95	secular	0	1	0.0	0	0	1
oewn-02804812-a	secular	1	3.95	3.95	secular	0	1	0.0	0	0	1
oewn-00111940-a	synthetic	2	3.95	3.95	synthetic	0	2	0.0	0	0	1
oewn-00113439-a	synthetic	2	3.95	3.95	synthetic	0	2	0.0	0	0	1
oewn-02042235-a	right	4	5.96	3.94	right	4	4	1.0	0	0	2
oewn-02089364-a	unsatisfactory	7	5.93	3.94	off	7	7	1.0	0	0	5
oewn-02282002-a	unsound	7	5.81	3.94	long	7	7	1.0	0	0	4
oewn-01329869-a	segregated	8	5.51	3.94	white	2	8	0.25	0	0	5
oewn-00238581-a	unilateral	3	5.45	3.94	one-party	0	3	0.0	0	0	2
oewn-01878713-a	profound	3	5.05	3.94	deep	3	3	1.0	0	0	3
oewn-00504092-a	compact	11	4.96	3.94	heavy	0	11	0.0	0	0	8
oewn-00803088-a	sober	8	4.8	3.94	drug-free	4	8	0.5	0	0	5
oewn-01149710-a	ungrammatical	3	4.4	3.94	ill-formed	3	3	1.0	0	0	2
oewn-01764188-a	reversible	3	4.37	3.94	double-faced	2	3	0.67	0	0	2
oewn-01420811-a	lined	2	4.08	3.94	lined	1	2	0.5	0	0	2
oewn-00735248-a	aligned	2	4.07	3.94	allied	0	2	0.0	0	0	2
oewn-02453215-a	polar	4	3.96	3.94	polar	0	4	0.0	0	0	4
oewn-02630853-a	anal	1	3.94	3.94	anal	0	1	0.0	0	0	1
oewn-02711835-a	composite	1	3.94	3.94	composite	0	1	0.0	0	0	1
oewn-01764521-a	nonreversible	2	3.94	3.94	one-sided	2	2	1.0	0	0	1
oewn-02792589-a	politically incorrect	1	3.94	3.94	politically incorrect	1	1	1.0	0	0	1
oewn-02897238-a	postal	1	3.94	3.94	postal	0	1	0.0	0	0	1
oewn-02379320-a	swept	3	3.94	3.94	swept	1	3	0.33	0	0	3
oewn-01651383-a	young	32	5.75	3.93	little	8	33	0.24	0	0	20
oewn-01961603-a	untreated	2	4.53	3.93	raw	2	2	1.0	0	0	2
oewn-00867010-a	freelance	3	4.36	3.93	self-employed	0	3	0.0	0	0	1
oewn-01727182-a	partial	6	4.19	3.93	colored	1	6	0.17	0	0	2
oewn-02938249-a	automotive	1	3.93	3.93	automotive	0	1	0.0	0	0	1
oewn-01297174-a	incoming	1	3.93	3.93	incoming	0	1	0.0	0	0	1
oewn-02767392-a	locker-room	1	3.93	3.93	locker-room	0	1	0.0	0	0	1
oewn-02482038-a	overhead	1	3.93	3.93	overhead	0	1	0.0	0	0	1
oewn-01160012-a	hard	2	5.53	3.92	hard	0	2	0.0	0	0	2
oewn-01147844-a	gradual	4	5.29	3.92	easy	1	4	0.25	0	0	3
oewn-02520937-a	violent	16	5.16	3.92	hot	11	16	0.69	0	0	10
oewn-02229911-a	sized	29	5.13	3.92	size	0	29	0.0	0	0	26
oewn-02326142-a	straight	7	5.04	3.92	straight	7	7	1.0	0	0	4
oewn-01919581-a	qualified	6	5.02	3.92	limited	4	6	0.67	0	0	4
oewn-01763874-a	irreversible	2	4.57	3.92	permanent	2	2	1.0	0	0	2
oewn-02830521-a	two-wheel	2	4.49	3.92	two-wheel	0	2	0.0	0	0	1
oewn-02741910-a	three-wheel	2	4.48	3.92	three-wheel	0	2	0.0	0	0	1
oewn-02190618-a	plural	2	4.28	3.92	dual	0	2	0.0	0	0	2
oewn-02865632-a	biblical	1	3.92	3.92	biblical	0	1	0.0	0	0	1
oewn-00514055-a	competent	1	3.92	3.92	competent	1	1	1.0	0	0	1
oewn-02917664-a	demographic	1	3.92	3.92	demographic	0	1	0.0	0	0	1
oewn-02016108-a	unreflected	2	3.92	3.92	absorbed	1	2	0.5	0	0	2
oewn-00893124-a	equal	22	5.99	3.91	even	0	23	0.0	0	0	15
oewn-01207229-a	high	17	5.75	3.91	high	3	17	0.18	0	0	9
oewn-00929589-a	unexhausted	9	5.62	3.91	left	6	10	0.6	0	0	4
oewn-01572255-a	national	3	5.51	3.91	national	0	3	0.0	0	0	2
oewn-02327795-a	unstressed	6	5.33	3.91	light	1	6	0.17	0	0	4
oewn-01045598-a	formal	20	5.25	3.91	form-only	8	22	0.36	0	0	12
oewn-00452640-a	distant	6	4.79	3.91	removed	1	6	0.17	0	0	5
oewn-01875320-a	nonprofessional	5	4.64	3.91	lay	2	5	0.4	0	0	3
oewn-02742197-a	four-wheel	2	4.46	3.91	four-wheel	0	2	0.0	0	0	1
oewn-03033057-a	geographic	2	3.97	3.91	geographic	0	2	0.0	0	0	1
oewn-00656537-a	cross-eyed	2	3.92	3.91	cross-eyed	0	2	0.0	0	0	2
oewn-02702127-a	charitable	1	3.91	3.91	charitable	1	1	1.0	0	0	1
oewn-01489504-a	feminine	1	3.91	3.91	feminine	0	1	0.0	0	0	1
oewn-03005210-a	humanitarian	1	3.91	3.91	humanitarian	0	1	0.0	0	0	1
oewn-00723526-a	nonarbitrary	3	3.91	3.91	prescribed	2	3	0.67	0	0	2
oewn-03163313-a	parked	1	3.91	3.91	parked	0	1	0.0	0	0	1
oewn-02798655-a	recreational	1	3.91	3.91	recreational	0	1	0.0	0	0	1
oewn-01969807-a	renewable	1	3.91	3.91	renewable	0	1	0.0	0	0	1
oewn-02815413-a	suburban	1	3.91	3.91	suburban	0	1	0.0	0	0	1
oewn-02418296-a	territorial	1	3.91	3.91	territorial	1	1	1.0	0	0	1
oewn-02823421-a	territorial	1	3.91	3.91	territorial	0	1	0.0	0	0	1
oewn-02238326-a	verbal	1	3.91	3.91	verbal	0	1	0.0	0	0	1
oewn-02834663-a	verbal	1	3.91	3.91	verbal	0	1	0.0	0	0	1
oewn-02834859-a	verbal	1	3.91	3.91	verbal	0	1	0.0	0	0	1
oewn-00867880-a	unemployed	9	5.96	3.9	out of work	4	9	0.44	0	0	3
oewn-01445077-a	short	15	5.33	3.9	short	1	15	0.07	0	0	9
oewn-01796420-a	plain	18	5.08	3.9	simple	11	20	0.55	0	0	13
oewn-01146289-a	gradual	9	5.06	3.9	bit-by-bit	0	9	0.0	0	0	3
oewn-00745450-a	developed	4	4.95	3.9	developed	0	4	0.0	0	0	3
oewn-01044092-a	unforgettable	5	4.8	3.9	red-letter	4	5	0.8	0	0	4
oewn-01203294-a	homogeneous	9	4.73	3.9	solid	2	10	0.2	0	0	5
oewn-00358006-a	characteristic	6	4.59	3.9	typical	0	6	0.0	0	0	4
oewn-01960119-a	refined	2	3.96	3.9	processed	2	2	1.0	0	0	1
oewn-00418284-a	analyzed	1	3.9	3.9	analyzed	0	1	0.0	0	0	1
oewn-01100443-a	framed	1	3.9	3.9	framed	0	1	0.0	0	0	1
oewn-03110260-a	pharmaceutical	2	3.9	3.9	pharmaceutical	0	2	0.0	0	0	1
oewn-03110588-a	pharmaceutical	1	3.9	3.9	pharmaceutical	0	1	0.0	0	0	1
oewn-02125659-a	serious	13	5.6	3.89	real	8	14	0.57	0	0	8
oewn-01414308-a	likely	5	5.2	3.89	likely	5	5	1.0	0	0	4
oewn-02483452-a	tearless	3	4.74	3.89	dry	2	3	0.67	0	0	2
oewn-00481320-a	comfortable	2	4.66	3.89	comfortable	2	2	1.0	0	0	2
oewn-00786415-a	focused	2	4.65	3.89	focused	2	2	1.0	0	0	1
oewn-01816789-a	pointless	3	3.9	3.89	blunt	2	3	0.67	0	0	2
oewn-02696036-a	cellular	1	3.89	3.89	cellular	0	1	0.0	0	0	1
oewn-03164885-a	pursued	1	3.89	3.89	pursued	1	1	1.0	0	0	1
oewn-02476609-a	turned	11	5.16	3.88	inside-out	0	11	0.0	0	0	6
oewn-01817282-a	polished	7	4.94	3.88	finished	7	7	1.0	0	0	3
oewn-01822300-a	unpopular	4	4.82	3.88	out of fashion	1	4	0.25	0	0	3
oewn-01823738-a	negative	4	4.79	3.88	negative	4	4	1.0	0	0	3
oewn-00177411-a	auspicious	6	4.61	3.88	bright	6	6	1.0	0	0	3
oewn-00255382-a	laced	2	4.47	3.88	tied	0	2	0.0	0	0	1
oewn-00607505-a	inconvenient	2	4.29	3.88	awkward	2	2	1.0	0	0	2
oewn-01603174-a	abnormal	2	4.05	3.88	exceptional	2	2	1.0	0	0	2
oewn-02904232-a	juvenile	1	3.88	3.88	juvenile	0	1	0.0	0	0	1
oewn-03152289-a	mud-brick	1	3.88	3.88	mud-brick	0	1	0.0	0	0	1
oewn-01801657-a	planned	6	5.59	3.87	put-up	1	6	0.17	0	0	5
oewn-02337347-a	subordinate	6	4.96	3.87	subject	3	6	0.5	0	0	5
oewn-01304559-a	industrial	6	4.95	3.87	developed	5	6	0.83	0	0	4
oewn-01037978-a	adopted	2	4.51	3.87	adopted	2	2	1.0	0	0	1
oewn-00667354-a	uncut	3	4.49	3.87	rough	3	3	1.0	0	0	2
oewn-00319565-a	radical	2	4.33	3.87	radical	0	2	0.0	0	0	1
oewn-00047249-a	addicted	8	4.28	3.87	dependent	0	8	0.0	0	0	3
oewn-00733914-a	dependent	2	4.28	3.87	dependent	0	2	0.0	0	0	1
oewn-00959105-a	foul	2	4.05	3.87	foul	1	2	0.5	0	0	2
oewn-02760282-a	ink-jet	1	3.87	3.87	ink-jet	0	1	0.0	0	0	1
oewn-03115272-a	promotional	1	3.87	3.87	promotional	0	1	0.0	0	0	1
oewn-03115389-a	promotional	1	3.87	3.87	promotional	0	1	0.0	0	0	1
oewn-02924317-a	psychiatric	2	3.87	3.87	psychiatric	0	2	0.0	0	0	1
oewn-02391502-a	systematic	1	3.87	3.87	systematic	1	1	1.0	0	0	1
oewn-01892506-a	unprotected	6	5.48	3.86	open	5	6	0.83	0	0	4
oewn-01639189-a	established	18	5.3	3.86	old-line	3	18	0.17	0	0	9
oewn-02450846-a	topped	5	4.66	3.86	flat-top	0	5	0.0	0	0	4
oewn-00486321-a	noncommercial	7	4.58	3.86	blue-sky	4	7	0.57	0	0	5
oewn-02880845-a	ocular	4	4.5	3.86	visual	0	4	0.0	0	0	1
oewn-02738442-a	fictional	1	3.86	3.86	fictional	0	1	0.0	0	0	1
oewn-03007372-a	non-metric	1	3.86	3.86	non-metric	1	1	1.0	0	0	1
oewn-02817986-a	symbolic	1	3.86	3.86	symbolic	0	1	0.0	0	0	1
oewn-01906416-a	punctual	4	6.29	3.85	on time	0	4	0.0	0	0	3
oewn-00998466-a	favorable	3	5.46	3.85	following	0	3	0.0	0	0	2
oewn-00526155-a	incomplete	10	5.41	3.85	half	6	10	0.6	0	0	8
oewn-00600847-a	discontinued	3	4.54	3.85	out of print	1	3	0.33	0	0	3
oewn-02241672-a	smoky	4	4.52	3.85	smoking	1	4	0.25	0	0	4
oewn-01509141-a	musical	2	4.51	3.85	musical	0	2	0.0	0	0	2
oewn-02747544-a	graphic	2	4.23	3.85	graphic	0	2	0.0	0	0	1
oewn-00956522-a	eyed	15	3.96	3.85	eyed	6	15	0.4	0	0	13
oewn-02895760-a	spinal	1	3.85	3.85	spinal	0	1	0.0	0	0	1
oewn-02207704-a	ordinal	100	6.11	3.84	first	0	100	0.0	0	0	94
oewn-02238540-a	numerical	2	4.04	3.84	mathematical	0	2	0.0	0	0	1
oewn-01484709-a	branded	1	3.84	3.84	branded	1	1	1.0	0	0	1
oewn-02854602-a	cardiac	1	3.84	3.84	cardiac	0	1	0.0	0	0	1
oewn-02751262-a	heroic	1	3.84	3.84	heroic	0	1	0.0	0	0	1
oewn-90009191-a	peer-to-peer	1	3.84	3.84	peer-to-peer	0	1	0.0	0	0	1
oewn-90009192-a	peer-to-peer	1	3.84	3.84	peer-to-peer	0	1	0.0	0	0	1
oewn-03163882-a	pitched	1	3.84	3.84	pitched	0	1	0.0	0	0	1
oewn-02833957-a	vanilla	1	3.84	3.84	vanilla	1	1	1.0	0	0	1
oewn-01645077-a	new	27	6.25	3.83	new	16	27	0.59	0	0	17
oewn-01014459-a	first	18	6.11	3.83	first	0	20	0.0	0	0	11
oewn-02294393-a	written	3	5.09	3.83	written	0	3	0.0	0	0	2
oewn-01823004-a	positive	4	4.99	3.83	positive	4	4	1.0	0	0	3
oewn-01342767-a	designed	4	4.96	3.83	designed	0	4	0.0	0	0	2
oewn-01148372-a	steep	11	4.96	3.83	heavy	1	11	0.09	0	0	7
oewn-00743919-a	indeterminate	4	4.81	3.83	open-ended	3	4	0.75	0	0	3
oewn-01305303-a	nonindustrial	5	4.66	3.83	developing	3	5	0.6	0	0	3
oewn-01329100-a	integrated	9	4.65	3.83	co-ed	0	9	0.0	0	0	5
oewn-01702853-a	bare	7	4.43	3.83	naked	5	7	0.71	0	0	5
oewn-01110307-a	cosmopolitan	2	4.31	3.83	widely distributed	0	2	0.0	0	0	1
oewn-01026905-a	inflexible	5	4.15	3.83	muscle-bound	3	5	0.6	0	0	4
oewn-01420079-a	collateral	2	4.0	3.83	indirect	0	2	0.0	0	0	1
oewn-02987083-a	diagnostic	1	3.83	3.83	diagnostic	1	1	1.0	0	0	1
oewn-02723658-a	differential	1	3.83	3.83	differential	1	1	1.0	0	0	1
oewn-02920481-a	differential	1	3.83	3.83	differential	0	1	0.0	0	0	1
oewn-02858358-a	dot-com	1	3.83	3.83	dot-com	0	1	0.0	0	0	1
oewn-02302172-a	staged	1	3.83	3.83	staged	0	1	0.0	0	0	1
oewn-00129644-a	unprecedented	3	6.25	3.82	new	2	3	0.67	0	0	2
oewn-02344427-a	insufficient	13	5.33	3.82	light	8	14	0.57	0	0	6
oewn-01274810-a	unhurried	7	5.29	3.82	easy	4	7	0.57	0	0	3
oewn-02531409-a	involuntary	9	4.83	3.82	forced	6	9	0.67	0	0	6
oewn-01499316-a	minimal	10	4.69	3.82	minimum	4	10	0.4	0	0	5
oewn-01382631-a	labeled	3	3.91	3.82	labeled	0	3	0.0	0	0	1
oewn-01359131-a	confined	1	3.82	3.82	confined	0	1	0.0	0	0	1
oewn-03012233-a	evolutionary	1	3.82	3.82	evolutionary	0	1	0.0	0	0	1
oewn-01676037-a	structured	1	3.82	3.82	structured	0	1	0.0	0	0	1
oewn-01679784-a	extraordinary	35	6.47	3.81	one	20	36	0.56	0	0	15
oewn-00233353-a	better	3	5.76	3.81	better	3	3	1.0	0	0	2
oewn-01225031-a	honest	3	4.73	3.81	honest	3	3	1.0	0	0	2
oewn-02108860-a	sensational	7	4.69	3.81	yellow	4	7	0.57	0	0	4
oewn-01918064-a	trained	8	4.58	3.81	trained	2	8	0.25	0	0	5
oewn-02843955-a	infectious	1	3.81	3.81	infectious	0	1	0.0	0	0	1
oewn-02357217-a	inferior	1	3.81	3.81	inferior	0	1	0.0	0	0	1
oewn-03164260-a	posed	1	3.81	3.81	posed	0	1	0.0	0	0	1
oewn-03121972-a	respiratory	1	3.81	3.81	respiratory	0	1	0.0	0	0	1
oewn-03019521-a	sympathetic	1	3.81	3.81	sympathetic	0	1	0.0	0	0	1
oewn-00815389-a	uneager	2	3.81	3.81	reluctant	1	2	0.5	0	0	2
oewn-00820993-a	early	12	6.25	3.8	new	3	13	0.23	0	0	7
oewn-01090234-a	empty	17	5.51	3.8	white	7	17	0.41	0	0	10
oewn-02516600-a	varied	14	5.12	3.8	various	7	14	0.5	0	0	7
oewn-02264193-a	shuttered	2	4.9	3.8	closed	0	2	0.0	0	0	2
oewn-02579112-a	wired	3	4.68	3.8	connected	0	4	0.0	0	0	3
oewn-01543393-a	modest	3	4.03	3.8	modest	2	3	0.67	0	0	2
oewn-03165971-a	spray-dried	1	3.8	3.8	spray-dried	0	1	0.0	0	0	1
oewn-03139103-a	tutorial	1	3.8	3.8	tutorial	0	1	0.0	0	0	1
oewn-01489796-a	matched	10	6.15	3.79	one-to-one	1	11	0.09	0	0	5
oewn-01491608-a	mature	18	5.67	3.79	big	6	18	0.33	0	0	9
oewn-01064484-a	unfixed	6	5.63	3.79	free	6	6	1.0	0	0	4
oewn-00136789-a	inappropriate	4	5.39	3.79	wrong	4	4	1.0	0	0	3
oewn-00849067-a	inelastic	4	5.19	3.79	dead	3	4	0.75	0	0	4
oewn-02571278-a	wide	10	5.05	3.79	deep	1	10	0.1	0	0	8
oewn-00829509-a	western	5	5.01	3.79	western	0	5	0.0	0	0	5
oewn-01717826-a	painted	5	4.94	3.79	finished	0	5	0.0	0	0	4
oewn-00569857-a	unconnected	12	4.83	3.79	separate	8	12	0.67	0	0	8
oewn-01845744-a	precocious	2	4.71	3.79	advanced	1	2	0.5	0	0	2
oewn-01163199-a	harmless	3	4.45	3.79	innocent	1	3	0.33	0	0	2
oewn-02756056-a	ideal	2	4.44	3.79	ideal	0	2	0.0	0	0	1
oewn-00287080-a	unprejudiced	5	4.37	3.79	color-blind	5	5	1.0	0	0	2
oewn-01423950-a	literate	3	4.31	3.79	literary	2	3	0.67	0	0	3
oewn-01330877-a	integrated	10	4.29	3.79	integrated	0	10	0.0	0	0	6
oewn-02373965-a	exempt	4	4.14	3.79	immune	3	4	0.75	0	0	4
oewn-01994008-a	irreconcilable	4	4.07	3.79	hostile	4	4	1.0	0	0	3
oewn-00403065-a	stained	1	3.79	3.79	stained	1	1	1.0	0	0	1
oewn-02956209-a	traumatic	1	3.79	3.79	traumatic	0	1	0.0	0	0	1
oewn-00341137-a	certain	10	7.01	3.78	in for	0	10	0.0	0	0	5
oewn-02059737-a	urban	8	5.55	3.78	city-like	0	8	0.0	0	0	4
oewn-01189951-a	light	7	5.33	3.78	light	1	7	0.14	0	0	6
oewn-00677538-a	homemade	6	5.26	3.78	do-it-yourself	0	6	0.0	0	0	6
oewn-01719438-a	delineated	9	5.0	3.78	described	3	9	0.33	0	0	4
oewn-00154164-a	speaking	2	4.91	3.78	speaking	2	2	1.0	0	0	2
oewn-02745512-a	genial	2	4.83	3.78	mental	0	2	0.0	0	0	1
oewn-01910335-a	crossbred	8	4.11	3.78	hybrid	1	8	0.12	0	0	5
oewn-00941254-a	expired	3	3.81	3.78	expired	1	3	0.33	0	0	3
oewn-01870073-a	privileged	2	3.81	3.78	privileged	2	2	1.0	0	0	2
oewn-02518335-a	unveiled	3	3.8	3.78	disclosed	1	3	0.33	0	0	3
oewn-02623070-a	allergic	1	3.78	3.78	allergic	1	1	1.0	0	0	1
oewn-02677980-a	bodily	1	3.78	3.78	bodily	0	1	0.0	0	0	1
oewn-02713543-a	cosmic	1	3.78	3.78	cosmic	0	1	0.0	0	0	1
oewn-02957157-a	developmental	1	3.78	3.78	developmental	0	1	0.0	0	0	1
oewn-03081529-a	greenhouse	1	3.78	3.78	greenhouse	0	1	0.0	0	0	1
oewn-02895389-a	parental	1	3.78	3.78	parental	0	1	0.0	0	0	1
oewn-02191250-a	cardinal	259	7.09	3.77	i	13	261	0.05	0	0	134
oewn-01584458-a	necessary	9	5.18	3.77	needed	3	9	0.33	0	0	5
oewn-02409653-a	nontaxable	7	5.02	3.77	tax-free	2	7	0.29	0	0	4
oewn-00554026-a	consummated	3	4.77	3.77	completed	1	3	0.33	0	0	3
oewn-00439906-a	clement	4	4.68	3.77	soft	4	4	1.0	0	0	2
oewn-00006050-a	relative	3	4.48	3.77	relative	2	3	0.67	0	0	2
oewn-01421662-a	literal	3	3.96	3.77	explicit	2	3	0.67	0	0	2
oewn-01726746-a	parental	3	3.78	3.77	parental	0	3	0.0	0	0	1
oewn-03002422-a	comparative	1	3.77	3.77	comparative	0	1	0.0	0	0	1
oewn-03160344-a	contested	1	3.77	3.77	contested	0	1	0.0	0	0	1
oewn-02858504-a	floral	1	3.77	3.77	floral	0	1	0.0	0	0	1
oewn-02858671-a	floral	1	3.77	3.77	floral	0	1	0.0	0	0	1
oewn-02756327-a	ideological	1	3.77	3.77	ideological	0	1	0.0	0	0	1
oewn-02768088-a	lunar	1	3.77	3.77	lunar	0	1	0.0	0	0	1
oewn-02770139-a	maternal	1	3.77	3.77	maternal	0	1	0.0	0	0	1
oewn-02918313-a	theological	1	3.77	3.77	theological	0	1	0.0	0	0	1
oewn-01677162-a	ordinary	25	6.22	3.76	so-so	14	25	0.56	0	0	10
oewn-02328781-a	strong	28	5.53	3.76	hard	12	29	0.41	0	0	19
oewn-02285356-a	specialized	5	5.34	3.76	special	2	5	0.4	0	0	4
oewn-02171958-a	insignificant	13	5.33	3.76	light	1	13	0.08	0	0	6
oewn-00690633-a	declared	8	4.96	3.76	announced	5	9	0.56	0	0	7
oewn-01008652-a	finished	5	4.94	3.76	finished	0	5	0.0	0	0	4
oewn-02291437-a	spoken	11	4.69	3.76	word-of-mouth	1	11	0.09	0	0	5
oewn-01847459-a	predictable	3	4.08	3.76	inevitable	1	3	0.33	0	0	3
oewn-00048006-a	addictive	2	3.92	3.76	habit-forming	2	2	1.0	0	0	1
oewn-02870797-a	phenomenal	1	3.76	3.76	phenomenal	0	1	0.0	0	0	1
oewn-02849477-a	photographic	1	3.76	3.76	photographic	0	1	0.0	0	0	1
oewn-02813671-a	statutory	1	3.76	3.76	statutory	0	1	0.0	0	0	1
oewn-02256093-a	social	8	5.42	3.75	social	1	8	0.12	0	0	5
oewn-00473338-a	reported	4	5.28	3.75	according	1	4	0.25	0	0	4
oewn-02078824-a	similar	11	5.21	3.75	similar	2	11	0.18	0	0	8
oewn-00268318-a	breathing	4	4.28	3.75	breathing	0	4	0.0	0	0	2
oewn-00694973-a	shallow	10	4.26	3.75	knee-deep	4	10	0.4	0	0	6
oewn-00211212-a	grassy	6	4.25	3.75	grass-covered	4	6	0.67	0	0	5
oewn-03072486-a	disciplinary	1	3.75	3.75	disciplinary	0	1	0.0	0	0	1
oewn-03072860-a	disciplinary	1	3.75	3.75	disciplinary	0	1	0.0	0	0	1
oewn-03162580-a	marched upon	1	3.75	3.75	marched upon	1	1	1.0	0	0	1
oewn-01030336-a	rigid	2	3.75	3.75	rigid	0	2	0.0	0	0	2
oewn-03136209-a	textile	1	3.75	3.75	textile	0	1	0.0	0	0	1
oewn-03140484-a	veterinary	1	3.75	3.75	veterinary	0	1	0.0	0	0	1
oewn-02595137-a	new	2	6.25	3.74	new	2	2	1.0	0	0	2
oewn-01470615-a	uppercase	4	5.88	3.74	great	0	4	0.0	0	0	2
oewn-00356369-a	unchanged	3	5.8	3.74	same	2	3	0.67	0	0	3
oewn-01829730-a	potent	5	5.22	3.74	strong	4	5	0.8	0	0	3
oewn-01859389-a	secondary	17	4.71	3.74	alternative	7	18	0.39	0	0	12
oewn-01012335-a	infinite	3	4.16	3.74	infinite	0	3	0.0	0	0	1
oewn-01958506-a	processed	7	3.96	3.74	processed	0	7	0.0	0	0	4
oewn-03026954-a	ceramic	1	3.74	3.74	ceramic	0	1	0.0	0	0	1
oewn-02699360-a	cereal	1	3.74	3.74	cereal	0	1	0.0	0	0	1
oewn-02022785-a	rewarding	3	3.74	3.74	rewarding	1	3	0.33	0	0	3
oewn-02190501-a	singular	1	3.74	3.74	singular	0	1	0.0	0	0	1
oewn-02191060-a	singular	1	3.74	3.74	singular	0	1	0.0	0	0	1
oewn-01273114-a	thirsty	1	3.74	3.74	thirsty	0	1	0.0	0	0	1
oewn-01642580-a	old	21	5.8	3.73	used	5	22	0.23	0	0	14
oewn-01661054-a	enclosed	19	5.1	3.73	involved	0	19	0.0	0	0	14
oewn-00111308-a	analogue	3	4.12	3.73	linear	0	3	0.0	0	0	1
oewn-02033820-a	insolvent	3	4.1	3.73	belly-up	3	3	1.0	0	0	2
oewn-02844429-a	bacterial	1	3.73	3.73	bacterial	0	1	0.0	0	0	1
oewn-03046960-a	most-favored-nation	1	3.73	3.73	most-favored-nation	0	1	0.0	0	0	1
oewn-02298446-a	quantitative	1	3.73	3.73	quantitative	0	1	0.0	0	0	1
oewn-02988743-a	quantitative	1	3.73	3.73	quantitative	0	1	0.0	0	0	1
oewn-02260821-a	ungregarious	4	3.73	3.73	solitary	4	4	1.0	0	0	2
oewn-00238832-a	multilateral	36	5.75	3.72	two-way	2	36	0.06	0	0	26
oewn-01831389-a	powerful	15	5.22	3.72	strong	3	15	0.2	0	0	10
oewn-00842395-a	efficacious	2	4.89	3.72	effective	1	2	0.5	0	0	2
oewn-02503770-a	downstairs	3	4.73	3.72	ground-floor	0	3	0.0	0	0	2
oewn-01007907-a	unfinished	6	4.02	3.72	pending	3	6	0.5	0	0	5
oewn-02627563-a	amino	2	3.72	3.72	amino	0	2	0.0	0	0	1
oewn-03085179-a	hydraulic	1	3.72	3.72	hydraulic	0	1	0.0	0	0	1
oewn-03085316-a	hydraulic	1	3.72	3.72	hydraulic	0	1	0.0	0	0	1
oewn-00308986-a	incapable	1	3.72	3.72	incapable	1	1	1.0	0	0	1
oewn-02103066-a	insecure	1	3.72	3.72	insecure	1	1	1.0	0	0	1
oewn-02905843-a	occupational	1	3.72	3.72	occupational	0	1	0.0	0	0	1
oewn-02529611-a	volatile	8	3.72	3.72	volatile	0	8	0.0	0	0	2
oewn-01879374-a	superficial	16	5.57	3.71	looking	9	16	0.56	0	0	8
oewn-01922610-a	questionable	21	5.54	3.71	so-called	9	21	0.43	0	0	9
oewn-01537239-a	immoderate	25	5.5	3.71	far	18	26	0.69	0	0	12
oewn-01656822-a	open	4	5.48	3.71	open	2	4	0.5	0	0	3
oewn-01877917-a	unprofitable	6	5.19	3.71	dead	6	6	1.0	0	0	5
oewn-02258801-a	unaccompanied	10	5.16	3.71	alone	3	10	0.3	0	0	5
oewn-00200496-a	leading	5	5.0	3.71	leading	1	6	0.17	0	0	3
oewn-02092595-a	scrupulous	2	4.85	3.71	religious	0	2	0.0	0	0	2
oewn-01074886-a	fresh	2	4.83	3.71	fresh	2	2	1.0	0	0	2
oewn-01935007-a	reactive	7	4.74	3.71	excited	2	7	0.29	0	0	6
oewn-01483493-a	marked	8	4.5	3.71	marked	5	8	0.62	0	0	7
oewn-00484216-a	proportionate	5	4.48	3.71	relative	0	6	0.0	0	0	5
oewn-91000741-a	badass	1	3.71	3.71	badass	0	1	0.0	0	0	1
oewn-02679400-a	bottom-dwelling	1	3.71	3.71	bottom-dwelling	0	1	0.0	0	0	1
oewn-03119258-a	cubic	1	3.71	3.71	cubic	0	1	0.0	0	0	1
oewn-02854103-a	linguistic	1	3.71	3.71	linguistic	0	1	0.0	0	0	1
oewn-01489391-a	masculine	1	3.71	3.71	masculine	0	1	0.0	0	0	1
oewn-02837108-a	volcanic	1	3.71	3.71	volcanic	0	1	0.0	0	0	1
oewn-02551348-a	well	6	6.03	3.7	well	6	6	1.0	0	0	3
oewn-00202722-a	backless	2	4.98	3.7	low-cut	1	2	0.5	0	0	2
oewn-00025841-a	alkaline	7	4.89	3.7	basic	3	7	0.43	0	0	5
oewn-02003477-a	responsible	6	4.88	3.7	responsible	4	7	0.57	0	0	6
oewn-02006406-a	responsive	3	4.07	3.7	answering	3	3	1.0	0	0	2
oewn-00558935-a	unconditional	6	4.01	3.7	stark	3	6	0.5	0	0	3
oewn-01205819-a	bisexual	1	3.7	3.7	bisexual	1	1	1.0	0	0	1
oewn-01968933-a	irregular	1	3.7	3.7	irregular	0	1	0.0	0	0	1
oewn-01978111-a	irregular	1	3.7	3.7	irregular	1	1	1.0	0	0	1
oewn-01498683-a	premature	1	3.7	3.7	premature	0	1	0.0	0	0	1
oewn-02826180-a	tidal	1	3.7	3.7	tidal	0	1	0.0	0	0	1
oewn-01487390-a	feminine	7	5.0	3.69	female	1	7	0.14	0	0	5
oewn-00244463-a	blond	12	4.99	3.69	fair	0	12	0.0	0	0	6
oewn-02150471-a	formed	88	4.68	3.69	formed	8	89	0.09	0	0	73
oewn-01508304-a	musical	4	4.51	3.69	musical	2	4	0.5	0	0	4
oewn-00520641-a	uncommitted	4	4.33	3.69	fancy-free	4	4	1.0	0	0	4
oewn-02681907-a	broadband	1	3.69	3.69	broadband	0	1	0.0	0	0	1
oewn-02853980-a	cross-linguistic	1	3.69	3.69	cross-linguistic	0	1	0.0	0	0	1
oewn-01359213-a	invasive	1	3.69	3.69	invasive	0	1	0.0	0	0	1
oewn-02868384-a	poetic	1	3.69	3.69	poetic	0	1	0.0	0	0	1
oewn-02808730-a	single-stranded	1	3.69	3.69	single-stranded	0	1	0.0	0	0	1
oewn-00573907-a	unconscious	15	6.38	3.68	out	8	15	0.53	0	0	9
oewn-01436368-a	long	22	5.81	3.68	long	4	23	0.17	0	0	15
oewn-00787231-a	undiversified	7	5.47	3.68	general	2	7	0.29	0	0	5
oewn-00284569-a	dull	12	4.72	3.68	flat	8	12	0.67	0	0	4
oewn-02166241-a	blind	26	4.52	3.68	blind	12	26	0.46	0	0	12
oewn-01703548-a	coated	5	4.26	3.68	backed	1	5	0.2	0	0	5
oewn-02885434-a	cardiovascular	1	3.68	3.68	cardiovascular	0	1	0.0	0	0	1
oewn-02711654-a	communal	1	3.68	3.68	communal	0	1	0.0	0	0	1
oewn-00945962-a	exploited	1	3.68	3.68	exploited	1	1	1.0	0	0	1
oewn-02824254-a	theatrical	1	3.68	3.68	theatrical	0	1	0.0	0	0	1
oewn-00938769-a	experienced	13	5.75	3.67	old	9	13	0.69	0	0	6
oewn-00953480-a	inner	4	5.19	3.67	inside	2	4	0.5	0	0	3
oewn-01609663-a	southern	4	4.94	3.67	south-central	1	4	0.25	0	0	4
oewn-02417407-a	territorial	4	4.72	3.67	regional	0	4	0.0	0	0	4
oewn-00557545-a	conditional	19	4.56	3.67	depending on	4	19	0.21	0	0	6
oewn-02416399-a	relaxed	5	4.55	3.67	laid-back	4	5	0.8	0	0	4
oewn-01495137-a	mature	3	4.28	3.67	mature	1	3	0.33	0	0	3
oewn-00557099-a	atrophied	3	4.19	3.67	wasted	0	3	0.0	0	0	1
oewn-00831875-a	mesomorphic	3	4.12	3.67	athletic	3	3	1.0	0	0	2
oewn-00175025-a	audible	5	3.93	3.67	sonic	2	5	0.4	0	0	4
oewn-02701974-a	chaotic	1	3.67	3.67	chaotic	0	1	0.0	0	0	1
oewn-02892742-a	focal	1	3.67	3.67	focal	0	1	0.0	0	0	1
oewn-01293889-a	inaugural	1	3.67	3.67	inaugural	0	1	0.0	0	0	1
oewn-02893874-a	muscular	1	3.67	3.67	muscular	0	1	0.0	0	0	1
oewn-02803613-a	scenic	1	3.67	3.67	scenic	0	1	0.0	0	0	1
oewn-02400702-a	tangible	3	5.6	3.66	real	1	3	0.33	0	0	3
oewn-00618376-a	cooked	38	5.58	3.66	done	10	39	0.26	0	0	31
oewn-01484919-a	married	7	5.47	3.66	united	0	7	0.0	0	0	5
oewn-00387453-a	achromatic	116	5.37	3.66	off-white	8	116	0.07	0	0	47
oewn-00656845-a	crowned	7	4.85	3.66	royal	1	7	0.14	0	0	6
oewn-01916271-a	purposeful	7	4.84	3.66	purpose-made	2	7	0.29	0	0	4
oewn-00715884-a	imperative	13	4.56	3.66	crying	2	13	0.15	0	0	7
oewn-01862869-a	incidental	7	4.54	3.66	incident	4	7	0.57	0	0	5
oewn-00361121-a	chartered	3	4.41	3.66	hired	0	3	0.0	0	0	1
oewn-01722394-a	parallel	5	4.27	3.66	parallel	3	5	0.6	0	0	4
oewn-00596011-a	sporadic	10	4.24	3.66	isolated	5	10	0.5	0	0	6
oewn-00761468-a	saturated	3	3.96	3.66	concentrated	3	3	1.0	0	0	2
oewn-00658159-a	crowned	2	3.67	3.66	capped	0	2	0.0	0	0	2
oewn-03105861-a	imperative	1	3.66	3.66	imperative	0	1	0.0	0	0	1
oewn-00760781-a	saturated	1	3.66	3.66	saturated	0	1	0.0	0	0	1
oewn-02440540-a	tired	42	6.52	3.65	all in	10	42	0.24	0	0	16
oewn-01665420-a	opportune	8	6.12	3.65	good	4	8	0.5	0	0	3
oewn-01593624-a	ignoble	5	5.53	3.65	mean	4	5	0.8	0	0	3
oewn-01218092-a	low	10	5.33	3.65	low	3	10	0.3	0	0	6
oewn-00224812-a	belted	5	4.41	3.65	belt-like	0	5	0.0	0	0	4
oewn-03159654-a	calibrated	2	4.14	3.65	graduated	0	2	0.0	0	0	1
oewn-01036763-a	fore	2	3.78	3.65	foremost	0	2	0.0	0	0	2
oewn-01384703-a	laureled	3	3.65	3.65	crowned	0	3	0.0	0	0	1
oewn-00181511-a	unconstitutional	1	3.65	3.65	unconstitutional	1	1	1.0	0	0	1
oewn-02851363-a	vocational	1	3.65	3.65	vocational	0	1	0.0	0	0	1
oewn-00024914-a	unaccustomed to	3	6.25	3.64	new	0	3	0.0	0	0	3
oewn-00459631-a	unclothed	47	4.7	3.64	in your birthday suit	27	47	0.57	0	0	18
oewn-01803966-a	plausible	5	4.24	3.64	pat	5	5	1.0	0	0	3
oewn-02695708-a	celestial	2	3.76	3.64	heavenly	0	2	0.0	0	0	1
oewn-02695890-a	celestial	2	3.76	3.64	heavenly	0	2	0.0	0	0	1
oewn-02998922-a	mutant	1	3.64	3.64	mutant	1	1	1.0	0	0	1
oewn-03013859-a	nutritional	2	3.64	3.64	nutritional	0	2	0.0	0	0	1
oewn-02786981-a	pedal	1	3.64	3.64	pedal	0	1	0.0	0	0	1
oewn-02956031-a	transitional	1	3.64	3.64	transitional	0	1	0.0	0	0	1
oewn-01297423-a	incoming	12	7.27	3.63	in	2	12	0.17	0	0	8
oewn-01385012-a	large	87	5.88	3.63	great	15	89	0.17	0	0	49
oewn-00290849-a	broken	8	5.87	3.63	off-and-on	0	8	0.0	0	0	5
oewn-00636618-a	wrong	2	5.39	3.63	wrong	2	2	1.0	0	0	2
oewn-01967466-a	irregular	11	5.22	3.63	strong	7	11	0.64	0	0	6
oewn-02540350-a	cool	6	5.15	3.63	cool	0	6	0.0	0	0	6
oewn-00039705-a	passive	6	5.09	3.63	hands-off	3	6	0.5	0	0	4
oewn-02242230-a	smokeless	2	4.63	3.63	smoke-free	1	2	0.5	0	0	2
oewn-00428105-a	dirty	2	4.55	3.63	dirty	2	2	1.0	0	0	1
oewn-01935999-a	unreactive	7	4.48	3.63	stable	5	7	0.71	0	0	5
oewn-00561916-a	crowded	6	4.31	3.63	packed	0	6	0.0	0	0	4
oewn-00964160-a	unfaithful	4	4.28	3.63	two-timing	3	4	0.75	0	0	2
oewn-00329426-a	coherent	1	3.63	3.63	coherent	1	1	1.0	0	0	1
oewn-01471909-a	lyric	1	3.63	3.63	lyric	0	1	0.0	0	0	1
oewn-02867171-a	lyric	1	3.63	3.63	lyric	0	1	0.0	0	0	1
oewn-02867345-a	lyric	1	3.63	3.63	lyric	0	1	0.0	0	0	1
oewn-02809090-a	snow-capped	1	3.63	3.63	snow-capped	0	1	0.0	0	0	1
oewn-03166300-a	stacked	1	3.63	3.63	stacked	0	1	0.0	0	0	1
oewn-02821678-a	temporal	1	3.63	3.63	temporal	0	1	0.0	0	0	1
oewn-02821821-a	temporal	1	3.63	3.63	temporal	0	1	0.0	0	0	1
oewn-01724515-a	perpendicular	5	5.96	3.62	right	0	5	0.0	0	0	4
oewn-00126583-a	preceding	15	5.75	3.62	old	0	15	0.0	0	0	9
oewn-01409612-a	legitimate	7	5.4	3.62	true	7	7	1.0	0	0	4
oewn-01403566-a	legal	12	5.08	3.62	legal	2	12	0.17	0	0	8
oewn-02095549-a	concealed	16	5.04	3.62	dark	12	18	0.67	0	0	11
oewn-00412963-a	civilized	5	4.93	3.62	civil	2	5	0.4	0	0	4
oewn-01659588-a	closed	8	4.9	3.62	closed	0	8	0.0	0	0	4
oewn-01425829-a	recorded	8	4.66	3.62	recorded	0	8	0.0	0	0	6
oewn-00969666-a	unfamiliar	6	4.64	3.62	strange	6	6	1.0	0	0	3
oewn-00285441-a	dimmed	3	4.11	3.62	low-beam	0	3	0.0	0	0	2
oewn-01264939-a	humane	7	3.97	3.62	child-centered	6	7	0.86	0	0	3
oewn-01498107-a	seasoned	2	3.74	3.62	cured	1	2	0.5	0	0	2
oewn-01915872-a	contaminated	2	3.7	3.62	contaminated	2	2	1.0	0	0	2
oewn-01110787-a	abranchiate	4	3.62	3.62	gill-less	0	4	0.0	0	0	1
oewn-03037260-a	alpine	1	3.62	3.62	alpine	0	1	0.0	0	0	1
oewn-02647233-a	aquatic	1	3.62	3.62	aquatic	0	1	0.0	0	0	1
oewn-02485079-a	bipolar	1	3.62	3.62	bipolar	0	1	0.0	0	0	1
oewn-02849105-a	bipolar	1	3.62	3.62	bipolar	0	1	0.0	0	0	1
oewn-02849259-a	bipolar	1	3.62	3.62	bipolar	1	1	1.0	0	0	1
oewn-02918786-a	computational	1	3.62	3.62	computational	0	1	0.0	0	0	1
oewn-02504177-a	downstream	1	3.62	3.62	downstream	0	1	0.0	0	0	1
oewn-01512123-a	metabolic	2	3.62	3.62	metabolic	0	2	0.0	0	0	1
oewn-02986641-a	metabolic	1	3.62	3.62	metabolic	0	1	0.0	0	0	1
oewn-02476331-a	tucked	1	3.62	3.62	tucked	0	1	0.0	0	0	1
oewn-00040548-a	active	2	4.93	3.61	active	2	2	1.0	0	0	2
oewn-00654957-a	critical	2	4.83	3.61	critical	0	2	0.0	0	0	2
oewn-02313968-a	stimulating	9	4.54	3.61	exciting	6	9	0.67	0	0	6
oewn-00121384-a	anonymous	5	4.53	3.61	unknown	1	5	0.2	0	0	2
oewn-00709335-a	delicate	10	4.37	3.61	light-handed	4	10	0.4	0	0	8
oewn-00201618-a	backed	12	4.26	3.61	backed	0	12	0.0	0	0	8
oewn-02934127-a	evangelical	1	3.61	3.61	evangelical	0	1	0.0	0	0	1
oewn-02934318-a	evangelical	1	3.61	3.61	evangelical	0	1	0.0	0	0	1
oewn-02910364-a	factual	1	3.61	3.61	factual	1	1	1.0	0	0	1
oewn-03010069-a	rotary	1	3.61	3.61	rotary	0	1	0.0	0	0	1
oewn-02396713-a	tame	9	4.88	3.6	broken	3	10	0.3	0	0	6
oewn-02131193-a	serviceable	8	4.8	3.6	long-wearing	5	8	0.62	0	0	3
oewn-00178468-a	propitious	7	4.77	3.6	lucky	7	7	1.0	0	0	3
oewn-01197257-a	heedless	6	4.48	3.6	regardless	6	6	1.0	0	0	3
oewn-00641275-a	constipated	2	4.46	3.6	bound	2	2	1.0	0	0	2
oewn-00045343-a	chronic	2	4.2	3.6	chronic	2	2	1.0	0	0	2
oewn-02807248-a	sensational	2	3.68	3.6	sensory	0	2	0.0	0	0	1
oewn-02699711-a	cerebral	1	3.6	3.6	cerebral	0	1	0.0	0	0	1
oewn-02707532-a	cinematic	1	3.6	3.6	cinematic	0	1	0.0	0	0	1
oewn-01839361-a	cultivated	1	3.6	3.6	cultivated	0	1	0.0	0	0	1
oewn-01946401-a	nominal	1	3.6	3.6	nominal	0	1	0.0	0	0	1
oewn-02779730-a	nominal	1	3.6	3.6	nominal	0	1	0.0	0	0	1
oewn-02779900-a	nominal	1	3.6	3.6	nominal	0	1	0.0	0	0	1
oewn-00193091-a	unaware	7	6.38	3.59	out of it	4	7	0.57	0	0	5
oewn-01633007-a	offensive	13	5.12	3.59	hit-and-run	4	13	0.31	0	0	7
oewn-00843158-a	efficient	9	5.1	3.59	economic	4	9	0.44	0	0	7
oewn-02863805-a	marital	3	5.03	3.59	married	0	3	0.0	0	0	1
oewn-00298269-a	capitalistic	8	4.57	3.59	competitive	2	8	0.25	0	0	4
oewn-01873946-a	reproducible	4	4.48	3.59	consistent	2	4	0.5	0	0	2
oewn-01449640-a	loose	5	4.46	3.59	loose	0	5	0.0	0	0	3
oewn-01145259-a	gracious	5	3.95	3.59	elegant	2	5	0.4	0	0	3
oewn-02952989-a	behavioral	2	3.86	3.59	behavioral	0	2	0.0	0	0	1
oewn-01945276-a	unreal	6	3.78	3.59	phantom	3	6	0.5	0	0	4
oewn-03103209-a	nitrogen-fixing	1	3.59	3.59	nitrogen-fixing	0	1	0.0	0	0	1
oewn-02881482-a	orbital	1	3.59	3.59	orbital	0	1	0.0	0	0	1
oewn-02990830-a	orbital	1	3.59	3.59	orbital	0	1	0.0	0	0	1
oewn-01297308-a	outgoing	1	3.59	3.59	outgoing	0	1	0.0	0	0	1
oewn-02358744-a	supervised	1	3.59	3.59	supervised	0	1	0.0	0	0	1
oewn-02495328-a	descending	14	5.88	3.58	down	3	14	0.21	0	0	9
oewn-01044666-a	forgiving	4	5.45	3.58	kind	4	4	1.0	0	0	3
oewn-02302509-a	standard	10	5.03	3.58	standard	3	10	0.3	0	0	5
oewn-00491099-a	usual	8	4.95	3.58	regular	4	8	0.5	0	0	4
oewn-02457510-a	tough	6	4.77	3.58	tough	4	6	0.67	0	0	3
oewn-00794782-a	dominant	16	4.69	3.58	supreme	6	16	0.38	0	0	8
oewn-01103903-a	geared	7	4.52	3.58	engaged	0	8	0.0	0	0	5
oewn-00238075-a	faceless	2	4.17	3.58	anonymous	2	2	1.0	0	0	2
oewn-02014978-a	reflective	4	3.93	3.58	reflecting	4	4	1.0	0	0	3
oewn-02439568-a	tipped	7	3.67	3.58	tipped	5	7	0.71	0	0	7
oewn-02874529-a	mystic	2	3.6	3.58	mystic	0	2	0.0	0	0	1
oewn-02874746-a	mystic	2	3.6	3.58	mystic	2	2	1.0	0	0	1
oewn-02945931-a	abdominal	1	3.58	3.58	abdominal	0	1	0.0	0	0	1
oewn-02612678-a	adolescent	1	3.58	3.58	adolescent	0	1	0.0	0	0	1
oewn-00697192-a	de facto	1	3.58	3.58	de facto	0	1	0.0	0	0	1
oewn-02937633-a	electromagnetic	1	3.58	3.58	electromagnetic	0	1	0.0	0	0	1
oewn-02445545-a	tolerant	2	3.58	3.58	tolerant	2	2	1.0	0	0	2
oewn-02464331-a	troubled	39	5.53	3.57	hard put	28	41	0.68	0	0	18
oewn-00395623-a	colored	118	5.46	3.57	black	8	118	0.07	0	0	47
oewn-02290110-a	spontaneous	7	5.11	3.57	natural	2	7	0.29	0	0	4
oewn-01584016-a	proximate	2	4.52	3.57	immediate	0	2	0.0	0	0	2
oewn-01030878-a	adaptable	11	4.49	3.57	universal	0	11	0.0	0	0	8
oewn-01637634-a	unofficial	9	4.46	3.57	loose	1	9	0.11	0	0	5
oewn-02454161-a	touched	3	4.3	3.57	touched	0	3	0.0	0	0	3
oewn-00912446-a	dysphoric	3	4.06	3.57	unhappy	3	3	1.0	0	0	1
oewn-02262534-a	seeded	1	3.57	3.57	seeded	0	1	0.0	0	0	1
oewn-01298564-a	outgoing	11	6.38	3.56	out	0	11	0.0	0	0	5
oewn-00996305-a	nonfat	9	5.33	3.56	light	3	9	0.33	0	0	3
oewn-00883449-a	increased	14	4.91	3.56	increased	7	14	0.5	0	0	9
oewn-01198026-a	heedful	4	4.75	3.56	paying attention	4	4	1.0	0	0	1
oewn-02262825-a	seedy	11	4.37	3.56	one-seed	1	12	0.08	0	0	9
oewn-00642003-a	considerate	2	3.83	3.56	thoughtful	2	2	1.0	0	0	2
oewn-02718395-a	culinary	1	3.56	3.56	culinary	0	1	0.0	0	0	1
oewn-02941396-a	irrational	1	3.56	3.56	irrational	0	1	0.0	0	0	1
oewn-02915529-a	managerial	1	3.56	3.56	managerial	0	1	0.0	0	0	1
oewn-02789475-a	planetal	2	3.56	3.56	planetary	0	2	0.0	0	0	1
oewn-02816313-a	superficial	1	3.56	3.56	superficial	0	1	0.0	0	0	1
oewn-02504079-a	upstream	1	3.56	3.56	upstream	0	1	0.0	0	0	1
oewn-00780977-a	disposable	8	5.28	3.55	available	1	8	0.12	0	0	4
oewn-00403480-a	colorful	17	5.22	3.55	shot	4	17	0.24	0	0	10
oewn-01471012-a	lucky	4	5.16	3.55	hot	3	4	0.75	0	0	4
oewn-02106299-a	unselfish	7	4.9	3.55	self-giving	4	7	0.57	0	0	5
oewn-01249453-a	amicable	6	4.84	3.55	well-meaning	6	6	1.0	0	0	3
oewn-00093786-a	heuristic	2	4.38	3.55	trial-and-error	0	2	0.0	0	0	2
oewn-02544282-a	washable	3	4.33	3.55	wash-and-wear	3	3	1.0	0	0	2
oewn-00998815-a	unfavorable	4	4.17	3.55	contrary	2	4	0.5	0	0	2
oewn-00678969-a	cyclic	7	4.11	3.55	alternate	0	8	0.0	0	0	4
oewn-02060657-a	rustless	7	3.73	3.55	rust-free	2	7	0.29	0	0	5
oewn-02904590-a	doctoral	2	3.55	3.55	doctoral	0	2	0.0	0	0	1
oewn-02775415-a	ministerial	1	3.55	3.55	ministerial	0	1	0.0	0	0	1
oewn-02775600-a	ministerial	1	3.55	3.55	ministerial	0	1	0.0	0	0	1
oewn-02191151-a	plural	1	3.55	3.55	plural	0	1	0.0	0	0	1
oewn-01782757-a	physical	15	5.2	3.54	personal	3	15	0.2	0	0	7
oewn-00731008-a	independent	22	5.13	3.54	free-living	7	23	0.3	0	0	14
oewn-00641523-a	unconstipated	10	4.95	3.54	regular	4	10	0.4	0	0	3
oewn-01204965-a	homosexual	8	4.9	3.54	gay	4	8	0.5	0	0	5
oewn-02299575-a	unstable	20	4.86	3.54	top-heavy	9	20	0.45	0	0	11
oewn-00161409-a	vagile	3	4.4	3.54	free-swimming	0	3	0.0	0	0	2
oewn-00135131-a	approachable	2	4.18	3.54	accessible	0	2	0.0	0	0	2
oewn-01113625-a	proprietary	5	3.84	3.54	branded	0	5	0.0	0	0	5
oewn-02916904-a	geological	2	3.82	3.54	geological	0	2	0.0	0	0	1
oewn-91001201-a	cringe worthy	1	3.54	3.54	cringe worthy	0	1	0.0	0	0	1
oewn-00735762-a	descriptive	1	3.54	3.54	descriptive	0	1	0.0	0	0	1
oewn-00736213-a	descriptive	1	3.54	3.54	descriptive	0	1	0.0	0	0	1
oewn-02413956-a	lax	1	3.54	3.54	lax	0	1	0.0	0	0	1
oewn-02871653-a	pastoral	1	3.54	3.54	pastoral	0	1	0.0	0	0	1
oewn-02960419-a	physiological	1	3.54	3.54	physiological	0	1	0.0	0	0	1
oewn-02951118-a	robotic	1	3.54	3.54	robotic	0	1	0.0	0	0	1
oewn-01062062-a	free	3	5.63	3.53	free	2	3	0.67	0	0	3
oewn-00664465-a	cut	13	5.24	3.53	cut	1	14	0.07	0	0	8
oewn-00647861-a	credible	4	5.2	3.53	likely	4	4	1.0	0	0	3
oewn-02165716-a	sighted	10	5.04	3.53	seeing	2	10	0.2	0	0	4
oewn-00626700-a	considerable	13	4.98	3.53	significant	0	13	0.0	0	0	5
oewn-02168293-a	signed	3	4.85	3.53	signed	0	3	0.0	0	0	3
oewn-00143086-a	arboreal	3	4.72	3.53	tree-living	0	3	0.0	0	0	1
oewn-01810406-a	pleased	9	4.44	3.53	pleased	5	9	0.56	0	0	6
oewn-00148151-a	armored	7	4.31	3.53	bone-covered	0	7	0.0	0	0	4
oewn-02093812-a	sealed	2	4.12	3.53	sealed	1	2	0.5	0	0	2
oewn-01890638-a	retrospective	4	3.73	3.53	retro	0	4	0.0	0	0	2
oewn-01928961-a	restless	2	3.6	3.53	restless	2	2	1.0	0	0	1
oewn-02608165-a	flowering	1	3.53	3.53	flowering	0	1	0.0	0	0	1
oewn-01525258-a	tempered	1	3.53	3.53	tempered	0	1	0.0	0	0	1
oewn-02992761-a	thyroid	2	3.53	3.53	thyroid	0	2	0.0	0	0	1
oewn-02992547-a	thyroid	1	3.53	3.53	thyroid	1	1	1.0	0	0	1
oewn-01195791-a	light-footed	4	5.33	3.52	light	0	4	0.0	0	0	2
oewn-01778210-a	impervious	16	5.13	3.52	fast	9	16	0.56	0	0	12
oewn-01238732-a	erect	18	5.12	3.52	stand-up	2	18	0.11	0	0	13
oewn-00710810-a	rugged	4	4.77	3.52	tough	3	4	0.75	0	0	3
oewn-00414699-a	classical	4	4.72	3.52	classic	0	7	0.0	0	0	5
oewn-00743515-a	determinate	2	4.7	3.52	fixed	0	2	0.0	0	0	2
oewn-01421220-a	unlisted	4	4.55	3.52	over-the-counter	4	4	1.0	0	0	3
oewn-00416228-a	classified	5	4.26	3.52	classified	0	5	0.0	0	0	3
oewn-02326807-a	crooked	5	4.14	3.52	corrupt	5	5	1.0	0	0	2
oewn-02909528-a	organizational	2	3.83	3.52	organizational	0	2	0.0	0	0	1
oewn-00111664-a	analytic	2	3.73	3.52	analytical	0	2	0.0	0	0	1
oewn-00113042-a	analytic	2	3.73	3.52	analytical	0	2	0.0	0	0	1
oewn-02735917-a	factor analytical	2	3.73	3.52	factor analytical	0	2	0.0	0	0	1
oewn-02790900-a	planetary	2	3.56	3.52	planetary	0	2	0.0	0	0	1
oewn-01462080-a	hardened	1	3.52	3.52	hardened	0	1	0.0	0	0	1
oewn-00594915-a	continual	12	5.23	3.51	running	0	12	0.0	0	0	6
oewn-01399052-a	unlawful	5	4.85	3.51	wide-open	6	6	1.0	0	0	4
oewn-02144950-a	aphrodisiac	3	4.42	3.51	sexy	3	3	1.0	0	0	1
oewn-00228210-a	benign	3	4.0	3.51	kindly	3	3	1.0	0	0	2
oewn-00774315-a	mediate	3	4.0	3.51	indirect	0	3	0.0	0	0	3
oewn-00782239-a	distal	2	3.75	3.51	lateral	0	2	0.0	0	0	2
oewn-02589907-a	woven	3	3.56	3.51	woven	0	3	0.0	0	0	3
oewn-02941929-a	angular	1	3.51	3.51	angular	0	1	0.0	0	0	1
oewn-02604880-a	benign	1	3.51	3.51	benign	1	1	1.0	0	0	1
oewn-00777138-a	discriminate	1	3.51	3.51	discriminate	1	1	1.0	0	0	1
oewn-02993191-a	instructional	1	3.51	3.51	instructional	0	1	0.0	0	0	1
oewn-00681740-a	perennial	1	3.51	3.51	perennial	0	1	0.0	0	0	1
oewn-03114655-a	procedural	1	3.51	3.51	procedural	0	1	0.0	0	0	1
oewn-02885115-a	vascular	1	3.51	3.51	vascular	0	1	0.0	0	0	1
oewn-00137425-a	due	13	6.29	3.5	on time	2	13	0.15	0	0	9
oewn-00004412-a	abridged	5	5.24	3.5	cut	0	5	0.0	0	0	4
oewn-02389870-a	synonymous	3	5.21	3.5	similar	1	3	0.33	0	0	3
oewn-01259404-a	hot	10	5.16	3.5	hot	6	10	0.6	0	0	7
oewn-01063099-a	fixed	10	5.13	3.5	fast	3	10	0.3	0	0	8
oewn-01963786-a	regenerate	4	4.99	3.5	born-again	3	4	0.75	0	0	3
oewn-00755046-a	dignified	8	4.91	3.5	grand	4	8	0.5	0	0	3
oewn-01620626-a	obligated	7	4.91	3.5	supposed	5	8	0.62	0	0	7
oewn-00407944-a	colorful	13	4.9	3.5	gay	6	13	0.46	0	0	6
oewn-02315047-a	unstimulating	7	4.74	3.5	dry	3	7	0.43	0	0	4
oewn-00179875-a	authorized	11	4.64	3.5	approved	3	11	0.27	0	0	4
oewn-00798380-a	dramatic	4	4.41	3.5	dramatic	3	4	0.75	0	0	4
oewn-02445826-a	intolerant	4	4.23	3.5	strict	4	4	1.0	0	0	3
oewn-01873245-a	generative	2	4.22	3.5	productive	0	2	0.0	0	0	1
oewn-00340839-a	diffident	4	4.16	3.5	shy	0	4	0.0	0	0	1
oewn-02729745-a	electrostatic	2	4.05	3.5	static	0	2	0.0	0	0	1
oewn-00338302-a	uncertain	7	3.99	3.5	uncertain	1	7	0.14	0	0	4
oewn-02987242-a	gastrointestinal	2	3.72	3.5	GI	0	2	0.0	0	0	1
oewn-02173584-a	silenced	2	3.6	3.5	suppressed	1	2	0.5	0	0	2
oewn-00207995-a	beaked	11	3.59	3.5	billed	2	11	0.18	0	0	9
oewn-00767310-a	alternating	1	3.5	3.5	alternating	0	1	0.0	0	0	1
oewn-02639718-a	antibiotic	1	3.5	3.5	antibiotic	0	1	0.0	0	0	1
oewn-02854267-a	bridal	1	3.5	3.5	bridal	0	1	0.0	0	0	1
oewn-01432358-a	legged	4	3.5	3.5	legged	1	4	0.25	0	0	4
oewn-02875447-a	monumental	1	3.5	3.5	monumental	0	1	0.0	0	0	1
oewn-03164770-a	punishing	1	3.5	3.5	punishing	1	1	1.0	0	0	1
oewn-00672714-a	cursed	21	5.09	3.49	damn	7	23	0.3	0	0	6
oewn-01833253-a	powerless	7	4.66	3.49	weak	5	7	0.71	0	0	5
oewn-00333273-a	centrifugal	3	3.51	3.49	outward-moving	0	3	0.0	0	0	3
oewn-00875503-a	endoergic	2	3.49	3.49	energy-absorbing	0	2	0.0	0	0	1
oewn-02859983-a	galactic	1	3.49	3.49	galactic	0	1	0.0	0	0	1
oewn-02747937-a	gravitational	2	3.49	3.49	gravitational	0	2	0.0	0	0	1
oewn-02890728-a	mural	1	3.49	3.49	mural	0	1	0.0	0	0	1
oewn-02990326-a	rhinal	2	3.49	3.49	nasal	0	2	0.0	0	0	1
oewn-01541006-a	nonmodern	7	5.51	3.48	old-world	0	7	0.0	0	0	5
oewn-01110098-a	local	2	5.43	3.48	local	0	2	0.0	0	0	2
oewn-00632838-a	corporeal	9	4.95	3.48	material	0	9	0.0	0	0	4
oewn-02390332-a	antonymous	7	4.17	3.48	contrary	3	7	0.43	0	0	6
oewn-03147276-a	shallow-draft	2	3.94	3.48	shallow-draft	2	2	1.0	0	0	1
oewn-02607811-a	skinned	3	3.54	3.48	skinned	1	3	0.33	0	0	3
oewn-00131850-a	anterior	3	3.51	3.48	anterior	0	4	0.0	0	0	4
oewn-02668893-a	ballistic	1	3.48	3.48	ballistic	0	1	0.0	0	0	1
oewn-02906130-a	frontal	1	3.48	3.48	frontal	0	1	0.0	0	0	1
oewn-00511131-a	incompatible	1	3.48	3.48	incompatible	1	1	1.0	0	0	1
oewn-02777100-a	motivational	1	3.48	3.48	motivational	0	1	0.0	0	0	1
oewn-02438908-a	toned	1	3.48	3.48	toned	1	1	1.0	0	0	1
oewn-00759612-a	diluted	9	5.51	3.47	white	2	9	0.22	0	0	4
oewn-01485535-a	unmarried	7	5.41	3.47	single	5	7	0.71	0	0	5
oewn-02463784-a	trimmed	3	5.24	3.47	cut	2	3	0.67	0	0	2
oewn-02114041-a	insensitive	12	5.19	3.47	dead	7	12	0.58	0	0	7
oewn-01694333-a	orthodox	11	4.9	3.47	established	5	11	0.45	0	0	7
oewn-01960457-a	treated	8	4.71	3.47	treated	2	8	0.25	0	0	7
oewn-02539669-a	warm	5	4.71	3.47	warm	1	5	0.2	0	0	4
oewn-02527322-a	invisible	13	4.54	3.47	out of sight	9	13	0.69	0	0	10
oewn-01721906-a	impalpable	3	4.08	3.47	subtle	3	3	1.0	0	0	2
oewn-01996257-a	irresistible	4	4.08	3.47	overwhelming	2	4	0.5	0	0	2
oewn-00431687-a	unclear	9	4.02	3.47	confusing	1	9	0.11	0	0	5
oewn-00018622-a	unacceptable	3	3.87	3.47	unacceptable	3	3	1.0	0	0	2
oewn-02771088-a	biomedical	1	3.47	3.47	biomedical	0	1	0.0	0	0	1
oewn-02735219-a	existential	1	3.47	3.47	existential	0	1	0.0	0	0	1
oewn-02735366-a	existential	1	3.47	3.47	existential	0	1	0.0	0	0	1
oewn-01483112-a	manned	1	3.47	3.47	manned	0	1	0.0	0	0	1
oewn-01642195-a	onstage	1	3.47	3.47	onstage	0	1	0.0	0	0	1
oewn-01781258-a	punctureless	2	3.47	3.47	self-sealing	2	2	1.0	0	0	2
oewn-00608979-a	unconventional	6	5.47	3.46	go-as-you-please	5	6	0.83	0	0	4
oewn-00187221-a	unavailable	7	5.17	3.46	gone	6	7	0.86	0	0	4
oewn-01594522-a	noble	25	5.13	3.46	blue	15	26	0.58	0	0	10
oewn-02587499-a	worldly	10	5.1	3.46	economic	5	10	0.5	0	0	5
oewn-01921311-a	quantitative	10	4.99	3.46	three-figure	2	10	0.2	0	0	8
oewn-02064284-a	profane	5	4.64	3.46	lay	3	6	0.5	0	0	3
oewn-00286014-a	prejudiced	9	4.42	3.46	racist	2	9	0.22	0	0	7
oewn-01781519-a	psychoactive	8	4.17	3.46	mind-blowing	5	8	0.62	0	0	6
oewn-00007832-a	nonabsorbent	4	3.99	3.46	resistant	4	4	1.0	0	0	2
oewn-00513139-a	incompetent	6	3.66	3.46	ineffective	4	6	0.67	0	0	4
oewn-02398514-a	tame	2	3.56	3.46	tame	0	2	0.0	0	0	2
oewn-03071790-a	digestive	1	3.46	3.46	digestive	0	1	0.0	0	0	1
oewn-02944022-a	ovarian	1	3.46	3.46	ovarian	0	1	0.0	0	0	1
oewn-02790227-a	penal	1	3.46	3.46	penal	0	1	0.0	0	0	1
oewn-02810955-a	spectral	1	3.46	3.46	spectral	0	1	0.0	0	0	1
oewn-01996751-a	resolute	28	6.38	3.45	out to	16	28	0.57	0	0	12
oewn-00037870-a	inactive	6	5.07	3.45	dead-end	2	6	0.33	0	0	6
oewn-01748360-a	perceptive	21	4.82	3.45	understanding	7	21	0.33	0	0	9
oewn-00826017-a	uneasy	5	4.63	3.45	worried	5	5	1.0	0	0	3
oewn-01075111-a	preserved	29	4.5	3.45	aged	3	32	0.09	0	0	15
oewn-02676508-a	biological	2	4.31	3.45	biological	0	2	0.0	0	0	1
oewn-00872769-a	burdened	8	4.25	3.45	loaded down	1	8	0.12	0	0	4
oewn-02327216-a	stressed	6	4.18	3.45	stressed	3	6	0.5	0	0	3
oewn-01398622-a	lawful	3	3.62	3.45	lawful	2	3	0.67	0	0	2
oewn-02700167-a	cervical	1	3.45	3.45	cervical	0	1	0.0	0	0	1
oewn-02938482-a	cervical	1	3.45	3.45	cervical	0	1	0.0	0	0	1
oewn-03072376-a	diabetic	1	3.45	3.45	diabetic	1	1	1.0	0	0	1
oewn-00133198-a	dorsal	1	3.45	3.45	dorsal	0	1	0.0	0	0	1
oewn-02988415-a	qualitative	1	3.45	3.45	qualitative	0	1	0.0	0	0	1
oewn-02847511-a	radial	1	3.45	3.45	radial	0	1	0.0	0	0	1
oewn-02847642-a	radial	1	3.45	3.45	radial	0	1	0.0	0	0	1
oewn-02847795-a	radial	1	3.45	3.45	radial	0	1	0.0	0	0	1
oewn-02828278-a	topical	1	3.45	3.45	topical	0	1	0.0	0	0	1
oewn-00139890-a	malapropos	3	5.71	3.44	out of place	3	3	1.0	0	0	2
oewn-01120122-a	counterfeit	26	5.66	3.44	put on	17	26	0.65	0	0	11
oewn-02007214-a	restrained	6	5.36	3.44	close	5	6	0.83	0	0	4
oewn-02410314-a	temperate	5	5.33	3.44	light	5	5	1.0	0	0	3
oewn-00844942-a	forceful	13	5.22	3.44	strong	8	13	0.62	0	0	9
oewn-00048349-a	additive	16	4.98	3.44	additional	3	16	0.19	0	0	9
oewn-00804397-a	sharp	17	4.74	3.44	file-like	5	17	0.29	0	0	16
oewn-02873086-a	objective	2	4.36	3.44	objective	0	2	0.0	0	0	1
oewn-01765182-a	irrevocable	3	4.12	3.44	sealed	2	3	0.67	0	0	2
oewn-02514176-a	variable	10	4.12	3.44	variable	4	10	0.4	0	0	8
oewn-00807790-a	eventful	2	3.86	3.44	lively	1	2	0.5	0	0	2
oewn-02905371-a	neural	3	3.76	3.44	neural	0	3	0.0	0	0	1
oewn-02813799-a	stellar	2	3.76	3.44	stellar	2	2	1.0	0	0	1
oewn-02905079-a	kinetic	1	3.44	3.44	kinetic	0	1	0.0	0	0	1
oewn-01670379-a	orderly	1	3.44	3.44	orderly	1	1	1.0	0	0	1
oewn-03164146-a	plugged	1	3.44	3.44	plugged	0	1	0.0	0	0	1
oewn-02955108-a	sectional	1	3.44	3.44	sectional	0	1	0.0	0	0	1
oewn-02033690-a	solvent	1	3.44	3.44	solvent	1	1	1.0	0	0	1
oewn-01660209-a	spaced	4	3.44	3.44	single-spaced	1	4	0.25	0	0	4
oewn-03139738-a	vaginal	1	3.44	3.44	vaginal	0	1	0.0	0	0	1
oewn-00132498-a	posterior	6	6.04	3.43	back	0	6	0.0	0	0	4
oewn-01455372-a	loud	18	5.67	3.43	big	5	18	0.28	0	0	13
oewn-01404858-a	illegal	31	5.46	3.43	black	12	31	0.39	0	0	16
oewn-02257185-a	unsocial	10	5.16	3.43	alone	3	11	0.27	0	0	6
oewn-00410517-a	dark	2	5.04	3.43	dark	0	2	0.0	0	0	2
oewn-00078253-a	afraid	36	4.7	3.43	afraid	25	37	0.68	0	0	23
oewn-00896734-a	balanced	10	4.48	3.43	stable	0	10	0.0	0	0	7
oewn-00108795-a	catabolic	4	4.11	3.43	energy-releasing	2	4	0.5	0	0	2
oewn-02615330-a	ancestral	1	3.43	3.43	ancestral	0	1	0.0	0	0	1
oewn-02643766-a	apocalyptic	1	3.43	3.43	apocalyptic	0	1	0.0	0	0	1
oewn-02713392-a	contractual	1	3.43	3.43	contractual	0	1	0.0	0	0	1
oewn-02954968-a	cross-sectional	1	3.43	3.43	cross-sectional	0	1	0.0	0	0	1
oewn-00776469-a	discreet	1	3.43	3.43	discreet	1	1	1.0	0	0	1
oewn-85983944-a	expressive	1	3.43	3.43	expressive	0	1	0.0	0	0	1
oewn-03161036-a	hammered	1	3.43	3.43	hammered	1	1	1.0	0	0	1
oewn-01362306-a	in vivo	1	3.43	3.43	in vivo	0	1	0.0	0	0	1
oewn-00977035-a	unfashionable	21	6.38	3.42	out	8	21	0.38	0	0	7
oewn-01457415-a	soft	23	5.75	3.42	little	5	24	0.21	0	0	11
oewn-01626483-a	unobstructed	6	5.48	3.42	open	6	6	1.0	0	0	5
oewn-01428402-a	local	4	5.43	3.42	local	0	4	0.0	0	0	3
oewn-01228271-a	truthful	3	5.4	3.42	true	1	3	0.33	0	0	2
oewn-01802371-a	unplanned	5	5.26	3.42	chance	3	6	0.5	0	0	5
oewn-01245363-a	inhospitable	14	4.81	3.42	waste	5	14	0.36	0	0	6
oewn-00465817-a	inland	5	4.55	3.42	interior	0	5	0.0	0	0	3
oewn-03001222-a	medieval	2	4.05	3.42	medieval	0	2	0.0	0	0	1
oewn-01294514-a	outboard	2	3.97	3.42	portable	0	2	0.0	0	0	2
oewn-02384845-a	sympathetic	4	3.95	3.42	appealing	4	4	1.0	0	0	1
oewn-01721570-a	palpable	2	3.66	3.42	tangible	2	2	1.0	0	0	1
oewn-00514186-a	incompetent	2	3.65	3.42	incompetent	0	2	0.0	0	0	1
oewn-00055580-a	adjective	2	3.51	3.42	procedural	0	2	0.0	0	0	1
oewn-02272771-a	soluble	9	3.44	3.42	soluble	5	9	0.56	0	0	7
oewn-01362125-a	in vitro	2	3.43	3.42	ex vivo	0	2	0.0	0	0	1
oewn-01033325-a	anatropous	2	3.42	3.42	inverted	0	2	0.0	0	0	1
oewn-02763450-a	jet-propelled	1	3.42	3.42	jet-propelled	0	1	0.0	0	0	1
oewn-02957696-a	prehistoric	1	3.42	3.42	prehistoric	0	1	0.0	0	0	1
oewn-02799740-a	rocket-propelled	1	3.42	3.42	rocket-propelled	0	1	0.0	0	0	1
oewn-02454622-a	untouched	1	3.42	3.42	untouched	1	1	1.0	0	0	1
oewn-02530275-a	voluntary	10	4.72	3.41	willing	4	10	0.4	0	0	6
oewn-00017390-a	abused	5	4.41	3.41	ill-treated	5	5	1.0	0	0	2
oewn-00748118-a	undifferentiated	3	4.33	3.41	uniform	2	3	0.67	0	0	2
oewn-00040908-a	dormant	3	3.63	3.41	inactive	1	3	0.33	0	0	2
oewn-02996039-a	coronary	1	3.41	3.41	coronary	0	1	0.0	0	0	1
oewn-00674356-a	endowed	2	3.41	3.41	endowed	2	2	1.0	0	0	2
oewn-01507657-a	mined	4	3.41	3.41	mined	0	4	0.0	0	0	4
oewn-02778150-a	natal	1	3.41	3.41	natal	0	1	0.0	0	0	1
oewn-02778286-a	natal	1	3.41	3.41	natal	0	1	0.0	0	0	1
oewn-00131089-a	postwar	1	3.41	3.41	postwar	0	1	0.0	0	0	1
oewn-02602462-a	proactive	1	3.41	3.41	proactive	0	1	0.0	0	0	1
oewn-00473062-a	unpublished	1	3.41	3.41	unpublished	0	1	0.0	0	0	1
oewn-02485330-a	united	34	6.47	3.4	one	3	34	0.09	0	0	17
oewn-00644180-a	polite	6	5.37	3.4	nice	6	6	1.0	0	3	3
oewn-00888020-a	enterprising	6	5.35	3.4	up-and-coming	1	6	0.17	0	0	3
oewn-01712702-a	paid	18	5.22	3.4	post-free	5	20	0.25	0	0	10
oewn-00561651-a	unconfined	2	5.0	3.4	free-range	0	2	0.0	0	0	2
oewn-00542013-a	distributed	32	4.88	3.4	broken	8	32	0.25	0	0	19
oewn-02132035-a	unserviceable	6	4.84	3.4	broken-down	4	6	0.67	0	0	5
oewn-02037130-a	ambidextrous	3	4.41	3.4	two-handed	1	3	0.33	0	0	2
oewn-00777318-a	indiscriminate	4	3.97	3.4	wholesale	4	4	1.0	0	0	3
oewn-00916665-a	evergreen	5	3.68	3.4	cone-bearing	0	5	0.0	0	0	3
oewn-03063024-a	bureaucratic	1	3.4	3.4	bureaucratic	0	1	0.0	0	0	1
oewn-02968426-a	chronological	1	3.4	3.4	chronological	0	1	0.0	0	0	1
oewn-03075787-a	entrepreneurial	1	3.4	3.4	entrepreneurial	0	1	0.0	0	0	1
oewn-00958305-a	playable	1	3.4	3.4	playable	1	1	1.0	0	0	1
oewn-02852927-a	semantic	1	3.4	3.4	semantic	0	1	0.0	0	0	1
oewn-01332782-a	combined	7	6.47	3.39	one	0	7	0.0	0	0	6
oewn-00983718-a	slow	13	5.4	3.39	long-play	0	13	0.0	0	0	8
oewn-00367771-a	chromatic	267	5.32	3.39	red	24	267	0.09	0	0	148
oewn-01383647-a	marine	11	4.75	3.39	deep-sea	3	11	0.27	0	0	7
oewn-00684370-a	undamaged	2	3.98	3.39	intact	1	2	0.5	0	0	2
oewn-01918994-a	untrained	4	3.8	3.39	primitive	4	4	1.0	0	0	3
oewn-00108459-a	anabolic	3	3.56	3.39	energy-storing	1	3	0.33	0	0	2
oewn-00154678-a	articulated	3	3.54	3.39	articulate	2	3	0.67	0	0	2
oewn-02746751-a	glacial	1	3.39	3.39	glacial	0	1	0.0	0	0	1
oewn-03072655-a	interdisciplinary	1	3.39	3.39	interdisciplinary	0	1	0.0	0	0	1
oewn-02884080-a	multicultural	1	3.39	3.39	multicultural	0	1	0.0	0	0	1
oewn-02947062-a	skeletal	1	3.39	3.39	skeletal	0	1	0.0	0	0	1
oewn-02811512-a	spherical	1	3.39	3.39	spherical	0	1	0.0	0	0	1
oewn-02827827-a	tonic	1	3.39	3.39	tonic	1	1	1.0	0	0	1
oewn-01427328-a	loaded	4	5.54	3.38	live	2	4	0.5	0	0	3
oewn-02032035-a	rich	13	4.91	3.38	grand	8	13	0.62	0	0	3
oewn-01067975-a	unfree	20	4.73	3.38	at bay	1	20	0.05	0	0	9
oewn-02541266-a	warm	3	4.71	3.38	warm	2	3	0.67	0	0	3
oewn-01126173-a	inglorious	4	4.53	3.38	unknown	4	4	1.0	0	0	2
oewn-01318461-a	noninheritable	9	4.4	3.38	acquired	5	9	0.56	0	0	5
oewn-01409235-a	adoptive	3	4.33	3.38	foster	0	3	0.0	0	0	2
oewn-02865406-a	biblical	2	3.92	3.38	biblical	0	2	0.0	0	0	1
oewn-02221046-a	unscripted	4	3.71	3.38	ad-lib	4	4	1.0	0	0	2
oewn-01221782-a	upland	6	3.7	3.38	highland	2	6	0.33	0	0	4
oewn-02301588-a	staccato	3	3.52	3.38	disconnected	2	4	0.5	0	0	2
oewn-03010496-a	centennial	2	3.39	3.38	centenary	0	2	0.0	0	0	1
oewn-02724710-a	directional	1	3.38	3.38	directional	0	1	0.0	0	0	1
oewn-02724999-a	directional	1	3.38	3.38	directional	0	1	0.0	0	0	1
oewn-02730131-a	elemental	1	3.38	3.38	elemental	0	1	0.0	0	0	1
oewn-02730239-a	elemental	1	3.38	3.38	elemental	0	1	0.0	0	0	1
oewn-02877465-a	meridian	1	3.38	3.38	meridian	0	1	0.0	0	0	1
oewn-01435769-a	midi	1	3.38	3.38	midi	0	1	0.0	0	0	1
oewn-02950191-a	rhetorical	1	3.38	3.38	rhetorical	0	1	0.0	0	0	1
oewn-00123436-a	subsequent	13	5.49	3.37	later	0	13	0.0	0	0	3
oewn-01760139-a	impermanent	22	5.45	3.37	working	5	22	0.23	0	0	13
oewn-00436728-a	clearheaded	4	5.25	3.37	clear	1	4	0.25	0	0	3
oewn-02048059-a	round	33	5.14	3.37	round	13	33	0.39	0	0	18
oewn-02057872-a	rural	17	4.96	3.37	country-style	2	18	0.11	0	0	10
oewn-01934053-a	racial	5	4.42	3.37	racist	1	5	0.2	0	0	5
oewn-01029877-a	compromising	4	4.13	3.37	flexible	1	4	0.25	0	0	2
oewn-00626030-a	synergistic	2	4.06	3.37	interactive	0	2	0.0	0	0	1
oewn-01246699-a	hospitable	2	3.77	3.37	welcoming	0	2	0.0	0	0	2
oewn-02672019-a	beneficiary	1	3.37	3.37	beneficiary	0	1	0.0	0	0	1
oewn-02930037-a	electron microscopic	1	3.37	3.37	electron microscopic	0	1	0.0	0	0	1
oewn-01110508-a	endemic	1	3.37	3.37	endemic	0	1	0.0	0	0	1
oewn-01424364-a	illiterate	1	3.37	3.37	illiterate	1	1	1.0	0	0	1
oewn-02841230-a	longitudinal	1	3.37	3.37	longitudinal	0	1	0.0	0	0	1
oewn-02905993-a	pelvic	1	3.37	3.37	pelvic	0	1	0.0	0	0	1
oewn-00330294-a	porous	3	3.37	3.37	porous	2	3	0.67	0	0	2
oewn-01277235-a	transeunt	2	3.37	3.37	transient	2	2	1.0	0	0	1
oewn-01714268-a	unpaid	15	5.63	3.36	free	5	15	0.33	0	0	8
oewn-00922656-a	excited	17	5.07	3.36	crazy	10	17	0.59	0	0	11
oewn-01188475-a	heavy	9	4.96	3.36	heavy	2	9	0.22	0	0	8
oewn-00172305-a	unappealing	3	4.82	3.36	off-putting	3	3	1.0	0	0	3
oewn-02361206-a	supported	3	4.68	3.36	supported	1	3	0.33	0	0	2
oewn-02367863-a	unsurprised	2	4.68	3.36	not surprised	2	2	1.0	0	0	1
oewn-00737448-a	undesirable	3	3.78	3.36	unwanted	3	3	1.0	0	0	2
oewn-02102035-a	insecure	6	3.72	3.36	insecure	4	6	0.67	0	0	3
oewn-00144857-a	armored	15	3.62	3.36	armored	6	15	0.4	0	0	8
oewn-00698473-a	undefeated	7	3.62	3.36	undefeated	4	7	0.57	0	0	4
oewn-01223961-a	analogous	1	3.36	3.36	analogous	1	1	1.0	0	0	1
oewn-02904447-a	herbal	1	3.36	3.36	herbal	0	1	0.0	0	0	1
oewn-02566453-a	wheeled	1	3.36	3.36	wheeled	0	1	0.0	0	0	1
oewn-02032876-a	poor	4	5.53	3.35	mean	3	4	0.75	0	0	3
oewn-00067409-a	unadventurous	2	5.07	3.35	safe	0	2	0.0	0	0	2
oewn-01550993-a	bivalent	2	5.01	3.35	double	0	2	0.0	0	0	1
oewn-01448596-a	crosswise	7	5.0	3.35	cross	0	7	0.0	0	0	3
oewn-00343913-a	inevitable	7	4.91	3.35	necessary	4	7	0.57	0	0	4
oewn-01562778-a	motivated	4	4.54	3.35	driven	0	4	0.0	0	0	3
oewn-02378897-a	unsuspected	2	4.53	3.35	unknown	2	2	1.0	0	0	2
oewn-01932775-a	irrational	6	4.52	3.35	blind	6	6	1.0	0	0	5
oewn-01987315-a	nonrepresentational	13	4.45	3.35	formal	2	13	0.15	0	0	7
oewn-01363720-a	isotropic	3	4.21	3.35	identical	0	3	0.0	0	0	2
oewn-01727525-a	impartial	7	3.92	3.35	cold-eyed	7	8	0.88	0	0	5
oewn-01486263-a	mated	2	3.78	3.35	paired	2	2	1.0	0	0	2
oewn-02097487-a	unconcealed	5	3.48	3.35	blazing	5	5	1.0	0	0	3
oewn-00333767-a	centripetal	3	3.36	3.35	inward-moving	0	3	0.0	0	0	3
oewn-02708648-a	clerical	1	3.35	3.35	clerical	0	1	0.0	0	0	1
oewn-02708768-a	clerical	1	3.35	3.35	clerical	0	1	0.0	0	0	1
oewn-02891626-a	grammatical	2	3.35	3.35	grammatical	0	2	0.0	0	0	1
oewn-02493886-a	ascending	12	6.39	3.34	up	3	13	0.23	0	0	8
oewn-01853600-a	absent	5	5.62	3.34	away	4	5	0.8	0	0	4
oewn-01123184-a	glazed	9	4.84	3.34	glass-like	0	9	0.0	0	0	5
oewn-02414122-a	tense	31	4.72	3.34	electric	16	31	0.52	0	0	12
oewn-01454277-a	saved	7	4.67	3.34	saved	2	8	0.25	0	0	6
oewn-00648515-a	incredible	15	4.63	3.34	incredible	8	15	0.53	0	0	5
oewn-00072600-a	unaffected	7	4.46	3.34	superior	5	7	0.71	0	0	5
oewn-01094686-a	nonfunctional	5	3.8	3.34	decorative	5	5	1.0	0	0	3
oewn-01033637-a	curly	11	3.7	3.34	crisp	0	11	0.0	0	0	6
oewn-01638894-a	unconfirmed	2	3.66	3.34	unofficial	2	2	1.0	0	0	2
oewn-01564713-a	unmoved	3	3.42	3.34	untouched	0	3	0.0	0	0	1
oewn-00218450-a	awned	3	3.34	3.34	bearded	0	3	0.0	0	0	2
oewn-02672151-a	benevolent	1	3.34	3.34	benevolent	1	1	1.0	0	0	1
oewn-02813973-a	interstellar	1	3.34	3.34	interstellar	0	1	0.0	0	0	1
oewn-02943898-a	pancreatic	1	3.34	3.34	pancreatic	0	1	0.0	0	0	1
oewn-02727757-a	socioeconomic	1	3.34	3.34	socioeconomic	0	1	0.0	0	0	1
oewn-02937192-a	textual	1	3.34	3.34	textual	0	1	0.0	0	0	1
oewn-00085733-a	agitated	22	5.16	3.33	worked up	13	22	0.59	0	0	11
oewn-02358224-a	superscript	2	4.46	3.33	superior	0	2	0.0	0	0	1
oewn-02301995-a	legato	2	4.4	3.33	smooth	0	2	0.0	0	0	1
oewn-01420302-a	linear	3	4.12	3.33	linear	0	3	0.0	0	0	2
oewn-02094595-a	unsealed	2	3.99	3.33	uncertain	2	2	1.0	0	0	1
oewn-00394913-a	unsaturated	2	3.94	3.33	dull	1	2	0.5	0	0	2
oewn-01928626-a	restful	5	3.9	3.33	relaxing	5	5	1.0	0	0	2
oewn-01257504-a	vernal	6	3.53	3.33	early-flowering	0	6	0.0	0	0	2
oewn-01258368-a	autumnal	8	3.52	3.33	fall-flowering	0	8	0.0	0	0	3
oewn-02295850-a	unstoppable	2	3.48	3.33	unstoppable	2	2	1.0	0	0	2
oewn-01373517-a	unjust	3	3.43	3.33	unjust	3	3	1.0	0	0	3
oewn-02021601-a	awakened	2	3.35	3.33	aroused	0	2	0.0	0	0	2
oewn-02688598-a	canine	2	3.33	3.33	canine	0	2	0.0	0	0	1
oewn-02688440-a	canine	1	3.33	3.33	canine	0	1	0.0	0	0	1
oewn-02976819-a	exponential	1	3.33	3.33	exponential	0	1	0.0	0	0	1
oewn-02748526-a	harmonic	1	3.33	3.33	harmonic	0	1	0.0	0	0	1
oewn-02748845-a	harmonic	1	3.33	3.33	harmonic	0	1	0.0	0	0	1
oewn-02749100-a	harmonic	1	3.33	3.33	harmonic	0	1	0.0	0	0	1
oewn-01685348-a	holistic	1	3.33	3.33	holistic	0	1	0.0	0	0	1
oewn-02946081-a	hormonal	1	3.33	3.33	hormonal	0	1	0.0	0	0	1
oewn-03025998-a	microbial	2	3.33	3.33	microbial	0	2	0.0	0	0	1
oewn-02876106-a	millennial	2	3.33	3.33	millennial	0	2	0.0	0	0	1
oewn-02824619-a	thematic	1	3.33	3.33	thematic	0	1	0.0	0	0	1
oewn-02824917-a	thematic	1	3.33	3.33	thematic	0	1	0.0	0	0	1
oewn-01962720-a	untreated	1	3.33	3.33	untreated	1	1	1.0	0	0	1
oewn-01557986-a	much	5	6.0	3.32	much	1	5	0.2	0	0	4
oewn-00816521-a	early	22	5.43	3.32	early	2	23	0.09	0	0	13
oewn-02475336-a	untrustworthy	7	4.69	3.32	fly-by-night	6	7	0.86	0	0	4
oewn-01159626-a	soft	3	4.68	3.32	soft	2	3	0.67	0	0	2
oewn-01751027-a	perceptible	10	4.66	3.32	weak	5	10	0.5	0	0	8
oewn-00850001-a	appointive	7	4.59	3.32	appointed	3	7	0.43	0	0	3
oewn-01496321-a	ripe	7	4.5	3.32	aged	7	7	1.0	0	0	4
oewn-02739548-a	fisheye	2	4.28	3.32	wide-angle	0	2	0.0	0	0	1
oewn-02015711-a	reflected	4	4.12	3.32	reflected	0	4	0.0	0	0	3
oewn-02336651-a	docile	6	3.56	3.32	tame	4	6	0.67	0	0	4
oewn-00773049-a	inverse	2	3.42	3.32	inverse	0	2	0.0	0	0	2
oewn-02411283-a	temperate	3	3.33	3.32	temperate	3	3	1.0	0	0	3
oewn-02652029-a	aromatic	1	3.32	3.32	aromatic	0	1	0.0	0	0	1
oewn-02985568-a	baroque	1	3.32	3.32	baroque	0	1	0.0	0	0	1
oewn-01502253-a	measurable	2	3.32	3.32	measurable	0	2	0.0	0	0	1
oewn-02915678-a	supervisory	1	3.32	3.32	supervisory	0	1	0.0	0	0	1
oewn-02307908-a	nourished	8	5.54	3.31	full	3	8	0.38	0	0	6
oewn-01710108-a	covert	28	5.46	3.31	black	9	30	0.3	0	0	12
oewn-00591490-a	contented	7	5.0	3.31	content	3	8	0.38	0	4	4
oewn-01984219-a	mindful	9	4.78	3.31	aware	4	9	0.44	0	0	3
oewn-02763759-a	judicial	3	4.14	3.31	judicial	0	3	0.0	0	0	1
oewn-01979661-a	unrelated	2	3.8	3.31	unrelated	2	2	1.0	0	0	2
oewn-00814050-a	undynamic	5	3.71	3.31	backward	5	5	1.0	0	0	3
oewn-02649043-a	archaeological	4	3.68	3.31	archaeological	0	4	0.0	0	0	1
oewn-02262020-a	seamless	4	3.48	3.31	circular-knit	2	4	0.5	0	0	4
oewn-02057536-a	prolate	3	3.37	3.31	cucumber-shaped	2	3	0.67	0	0	2
oewn-02630967-a	analytic	1	3.31	3.31	analytic	0	1	0.0	0	0	1
oewn-02843563-a	fungal	2	3.31	3.31	fungal	0	2	0.0	0	0	1
oewn-03166373-a	strung	1	3.31	3.31	strung	0	1	0.0	0	0	1
oewn-00908950-a	unethical	1	3.31	3.31	unethical	1	1	1.0	0	0	1
oewn-02504272-a	uptown	1	3.31	3.31	uptown	0	1	0.0	0	0	1
oewn-03019715-a	urinary	1	3.31	3.31	urinary	0	1	0.0	0	0	1
oewn-03019853-a	urinary	1	3.31	3.31	urinary	0	1	0.0	0	0	1
oewn-02450419-a	side	4	5.5	3.3	side	0	4	0.0	0	0	3
oewn-02137894-a	unsettled	7	5.48	3.3	open	6	7	0.86	0	0	3
oewn-00307112-a	capable	7	5.43	3.3	able	4	7	0.57	0	0	5
oewn-00290460-a	broken	2	4.88	3.3	broken	0	2	0.0	0	0	1
oewn-00622052-a	raw	6	4.77	3.3	rare	2	6	0.33	0	0	5
oewn-02385986-a	diachronic	2	4.69	3.3	historical	0	2	0.0	0	0	1
oewn-01376655-a	unkind	9	4.61	3.3	cutting	6	9	0.67	0	0	5
oewn-00941710-a	unexpired	2	4.38	3.3	valid	2	2	1.0	0	0	2
oewn-00583752-a	inconspicuous	4	4.09	3.3	invisible	4	4	1.0	0	0	2
oewn-00552502-a	conclusive	3	3.8	3.3	definitive	0	3	0.0	0	0	2
oewn-02743923-a	gastric	3	3.3	3.3	gastric	0	3	0.0	0	0	1
oewn-02603065-a	rh-negative	1	3.3	3.3	rh-negative	1	1	1.0	0	0	1
oewn-02602926-a	rh-positive	1	3.3	3.3	rh-positive	0	1	0.0	0	0	1
oewn-01061878-a	scented	1	3.3	3.3	scented	0	1	0.0	0	0	1
oewn-01103775-a	unspecified	1	3.3	3.3	unspecified	1	1	1.0	0	0	1
oewn-01666379-a	inopportune	6	5.39	3.29	wrong	6	6	1.0	0	0	3
oewn-01688327-a	unoriented	6	5.39	3.29	lost	4	7	0.57	0	0	3
oewn-02045115-a	robust	22	4.74	3.29	iron	13	23	0.57	0	0	12
oewn-01236220-a	vertical	6	4.15	3.29	vertical	0	6	0.0	0	0	4
oewn-02786741-a	monetary	2	4.1	3.29	monetary	0	2	0.0	0	0	1
oewn-02881105-a	ocular	4	4.07	3.29	optical	0	4	0.0	0	0	1
oewn-01172738-a	surgical	4	4.05	3.29	surgical	0	4	0.0	0	0	3
oewn-02879771-a	acoustic	2	3.98	3.29	acoustic	0	2	0.0	0	0	1
oewn-02413664-a	tense	2	3.95	3.29	tense	0	2	0.0	0	0	2
oewn-01360814-a	debilitating	7	3.6	3.29	exhausting	7	7	1.0	0	0	3
oewn-01908580-a	punitive	10	3.46	3.29	penal	3	10	0.3	0	0	5
oewn-00856167-a	ineligible	6	3.44	3.29	disqualified	3	7	0.43	0	0	5
oewn-02274920-a	unsolved	2	3.3	3.29	unresolved	0	2	0.0	0	0	1
oewn-03067709-a	consular	1	3.29	3.29	consular	0	1	0.0	0	0	1
oewn-00747889-a	differentiated	1	3.29	3.29	differentiated	0	1	0.0	0	0	1
oewn-03088847-a	journalistic	1	3.29	3.29	journalistic	0	1	0.0	0	0	1
oewn-02913466-a	machine readable	2	3.29	3.29	computer readable	2	2	1.0	0	0	1
oewn-00138909-a	undue	1	3.29	3.29	undue	0	1	0.0	0	0	1
oewn-00139211-a	undue	1	3.29	3.29	undue	1	1	1.0	0	0	1
oewn-02550103-a	wearable	1	3.29	3.29	wearable	1	1	1.0	0	0	1
oewn-01925383-a	quiet	6	5.92	3.28	still	5	6	0.83	0	0	4
oewn-01086845-a	full	41	5.54	3.28	full	21	42	0.5	0	0	21
oewn-00607893-a	conventional	6	5.16	3.28	received	3	6	0.5	0	0	5
oewn-00073656-a	affected	13	4.83	3.28	forced	9	14	0.64	0	0	7
oewn-01161394-a	soft	3	4.68	3.28	soft	0	3	0.0	0	0	1
oewn-00222548-a	ugly	16	4.68	3.28	evil-looking	10	16	0.62	0	6	12
oewn-00314920-a	herbivorous	14	4.57	3.28	plant-eating	0	14	0.0	0	0	8
oewn-01408240-a	illegible	8	4.55	3.28	dirty	4	8	0.5	0	0	3
oewn-01669663-a	oral	2	4.26	3.28	oral	0	2	0.0	0	0	1
oewn-01483247-a	unmanned	3	4.19	3.28	remote-controlled	2	3	0.67	0	0	2
oewn-02507751-a	utopian	5	3.57	3.28	windy	4	5	0.8	0	0	2
oewn-00439279-a	clement	2	3.43	3.28	clement	2	2	1.0	0	0	2
oewn-01034887-a	footed	8	3.3	3.28	footed	0	8	0.0	0	0	5
oewn-02650874-a	archival	1	3.28	3.28	archival	0	1	0.0	0	0	1
oewn-02739665-a	fishy	1	3.28	3.28	fishy	0	1	0.0	0	0	1
oewn-02744609-a	generational	1	3.28	3.28	generational	0	1	0.0	0	0	1
oewn-00478484-a	incommodious	2	3.28	3.28	cramped	0	2	0.0	0	0	2
oewn-03096500-a	mayoral	1	3.28	3.28	mayoral	0	1	0.0	0	0	1
oewn-02775321-a	minimalist	1	3.28	3.28	minimalist	0	1	0.0	0	0	1
oewn-02967818-a	orchestrated	1	3.28	3.28	orchestrated	1	1	1.0	0	0	1
oewn-02790767-a	plane-polarized	1	3.28	3.28	plane-polarized	0	1	0.0	0	0	1
oewn-00289551-a	reconstructed	1	3.28	3.28	reconstructed	0	1	0.0	0	0	1
oewn-00974254-a	fashionable	38	7.27	3.27	in	18	38	0.47	0	0	13
oewn-00811761-a	dynamic	23	6.1	3.27	can-do	15	23	0.65	0	0	10
oewn-02118964-a	joint	12	5.47	3.27	united	0	12	0.0	0	0	6
oewn-00518464-a	fractional	9	5.41	3.27	half	0	10	0.0	0	0	7
oewn-02427334-a	unthinkable	5	5.35	3.27	out of the question	1	5	0.2	0	0	2
oewn-00462768-a	clear	5	5.25	3.27	clear	5	5	1.0	0	0	4
oewn-01636580-a	official	10	5.14	3.27	official	3	10	0.3	0	0	6
oewn-02050637-a	square	5	4.84	3.27	square	0	5	0.0	0	0	5
oewn-00586470-a	inconstant	6	4.63	3.27	false	4	6	0.67	0	0	4
oewn-01362777-a	unironed	6	4.47	3.27	permanent-press	4	6	0.67	0	0	4
oewn-02962048-a	strategic	2	4.43	3.27	strategic	0	2	0.0	0	0	1
oewn-00729216-a	dependent	14	4.28	3.27	dependent	4	14	0.29	0	0	9
oewn-02060387-a	rusted	2	3.61	3.27	rusty	0	2	0.0	0	0	2
oewn-03054996-a	anti-semitic	2	3.56	3.27	anti-semitic	2	2	1.0	0	0	1
oewn-01024917-a	unfit	3	3.52	3.27	unfit	2	3	0.67	0	0	3
oewn-02678963-a	botanic	2	3.49	3.27	botanical	0	2	0.0	0	0	1
oewn-00844441-a	inefficient	3	3.46	3.27	inefficient	1	3	0.33	0	0	2
oewn-03071371-a	departmental	1	3.27	3.27	departmental	0	1	0.0	0	0	1
oewn-00781922-a	distal	1	3.27	3.27	distal	0	1	0.0	0	0	1
oewn-03073031-a	divisional	1	3.27	3.27	divisional	0	1	0.0	0	0	1
oewn-01424475-a	literate	1	3.27	3.27	literate	0	1	0.0	0	0	1
oewn-01510813-a	merciful	1	3.27	3.27	merciful	1	1	1.0	0	0	1
oewn-01420660-a	nonlinear	1	3.27	3.27	nonlinear	1	1	1.0	0	0	1
oewn-02805195-a	sectarian	1	3.27	3.27	sectarian	0	1	0.0	0	0	1
oewn-02806627-a	seminal	1	3.27	3.27	seminal	0	1	0.0	0	0	1
oewn-01447704-a	lengthwise	8	5.37	3.26	end-to-end	0	8	0.0	0	0	6
oewn-02373016-a	impressionable	8	5.29	3.26	easy	5	8	0.62	0	0	5
oewn-01978302-a	related	20	5.1	3.26	related	0	20	0.0	0	0	8
oewn-00428828-a	clean	4	4.97	3.26	clean	1	4	0.25	0	0	3
oewn-02271738-a	hollow	13	4.94	3.26	deep-set	1	13	0.08	0	0	5
oewn-01486631-a	masculine	9	4.89	3.26	male	3	9	0.33	0	0	4
oewn-00722368-a	arbitrary	7	4.54	3.26	absolute	1	7	0.14	0	0	4
oewn-01205960-a	hierarchical	9	4.35	3.26	ranked	3	10	0.3	0	0	5
oewn-01099607-a	fledged	6	4.28	3.26	mature	2	6	0.33	0	0	3
oewn-00645747-a	uncivil	2	4.25	3.26	rude	2	2	1.0	0	1	1
oewn-00698057-a	defeated	3	4.17	3.26	defeated	2	3	0.67	0	0	3
oewn-01433720-a	illogical	7	3.95	3.26	absurd	7	7	1.0	0	0	4
oewn-00198526-a	reassuring	7	3.61	3.26	comforting	4	7	0.57	0	0	4
oewn-00278416-a	shaded	3	3.27	3.26	shaded	0	3	0.0	0	0	2
oewn-00632373-a	brainwashed	1	3.26	3.26	brainwashed	0	1	0.0	0	0	1
oewn-91000891-a	dank	1	3.26	3.26	dank	0	1	0.0	0	0	1
oewn-02606537-a	long-spurred	1	3.26	3.26	long-spurred	1	1	1.0	0	0	1
oewn-01435956-a	maxi	1	3.26	3.26	maxi	0	1	0.0	0	0	1
oewn-02967683-a	orchestral	1	3.26	3.26	orchestral	0	1	0.0	0	0	1
oewn-02770376-a	paternal	1	3.26	3.26	paternal	0	1	0.0	0	0	1
oewn-02606657-a	short-spurred	1	3.26	3.26	short-spurred	0	1	0.0	0	0	1
oewn-02917519-a	sociological	1	3.26	3.26	sociological	0	1	0.0	0	0	1
oewn-02518162-a	veiled	1	3.26	3.26	veiled	0	1	0.0	0	0	1
oewn-02499848-a	up	14	6.39	3.25	up	1	14	0.07	0	0	10
oewn-01566164-a	moving	22	5.02	3.25	moving	1	22	0.05	0	0	14
oewn-00291789-a	unbroken	3	4.73	3.25	solid	1	3	0.33	0	0	3
oewn-00004979-a	unabridged	3	4.7	3.25	full-length	2	3	0.67	0	0	2
oewn-02572618-a	narrow	12	4.47	3.25	thin	3	13	0.23	0	0	8
oewn-00258608-a	bordered	12	4.08	3.25	lined	1	12	0.08	0	0	10
oewn-00784727-a	indistinct	18	3.87	3.25	vague	10	19	0.53	0	0	7
oewn-01739133-a	maternal	4	3.77	3.25	maternal	1	4	0.25	0	0	4
oewn-02853330-a	linguistic	2	3.71	3.25	linguistic	0	2	0.0	0	0	1
oewn-00510104-a	incompatible	6	3.68	3.25	mutually exclusive	5	6	0.83	0	0	5
oewn-02652507-a	arterial	1	3.25	3.25	arterial	0	1	0.0	0	0	1
oewn-02899835-a	muzzle-loading	1	3.25	3.25	muzzle-loading	0	1	0.0	0	0	1
oewn-00666291-a	uncut	1	3.25	3.25	uncut	0	1	0.0	0	0	1
oewn-01570681-a	unmown	2	3.25	3.25	uncut	2	2	1.0	0	0	1
oewn-01166627-a	harmonious	12	5.4	3.24	true	6	13	0.46	0	0	6
oewn-00323355-a	causative	25	5.13	3.24	fast	12	26	0.46	0	0	14
oewn-00161838-a	detached	4	4.83	3.24	separate	2	4	0.5	0	0	3
oewn-01461579-a	forte	4	4.53	3.24	loud	0	4	0.0	0	0	3
oewn-02523327-a	virtuous	5	4.45	3.24	innocent	5	5	1.0	0	0	3
oewn-00320432-a	caudate	14	4.06	3.24	tail-shaped	2	14	0.14	0	0	11
oewn-00277338-a	shaded	7	3.71	3.24	shady	4	7	0.57	0	0	3
oewn-02745944-a	geometric	2	3.59	3.24	geometric	0	2	0.0	0	0	1
oewn-02827602-a	tonic	2	3.39	3.24	tonic	0	2	0.0	0	0	1
oewn-02605029-a	malignant	2	3.33	3.24	malignant	1	2	0.5	0	0	2
oewn-02649715-a	arched	1	3.24	3.24	arched	0	1	0.0	0	0	1
oewn-02093261-a	conscientious	1	3.24	3.24	conscientious	1	1	1.0	0	0	1
oewn-02875350-a	melodic	1	3.24	3.24	melodic	0	1	0.0	0	0	1
oewn-03101171-a	nectar-rich	1	3.24	3.24	nectar-rich	1	1	1.0	0	0	1
oewn-00682190-a	nocturnal	1	3.24	3.24	nocturnal	0	1	0.0	0	0	1
oewn-02943139-a	nocturnal	1	3.24	3.24	nocturnal	0	1	0.0	0	0	1
oewn-01742074-a	patriarchal	3	3.24	3.24	patriarchal	0	3	0.0	0	0	3
oewn-02770537-a	patriarchal	1	3.24	3.24	patriarchal	0	1	0.0	0	0	1
oewn-02806222-a	self-renewing	1	3.24	3.24	self-renewing	0	1	0.0	0	0	1
oewn-01484442-a	unmarked	3	3.24	3.24	unmarked	3	3	1.0	0	0	2
oewn-00082711-a	aggressive	21	5.41	3.23	in-your-face	11	21	0.52	0	0	11
oewn-02480566-a	surface	5	4.83	3.23	surface	0	5	0.0	0	0	4
oewn-00285796-a	undimmed	2	4.61	3.23	bright	2	2	1.0	0	0	1
oewn-01503365-a	mechanical	11	4.36	3.23	automatic	1	11	0.09	0	0	6
oewn-01684775-a	inorganic	5	4.24	3.23	artificial	1	5	0.2	0	0	4
oewn-00622591-a	cooperative	4	3.86	3.23	cooperative	2	4	0.5	0	0	3
oewn-00120219-a	unanimated	3	3.8	3.23	wan	2	3	0.67	0	0	3
oewn-00125790-a	terrestrial	3	3.48	3.23	terrestrial	0	3	0.0	0	0	3
oewn-00790345-a	undocumented	2	3.44	3.23	undocumented	1	2	0.5	0	0	2
oewn-00112226-a	analytic	3	3.31	3.23	analytic	0	3	0.0	0	0	2
oewn-00027187-a	alkaline-loving	1	3.23	3.23	alkaline-loving	1	1	1.0	0	0	1
oewn-02995410-a	gubernatorial	1	3.23	3.23	gubernatorial	0	1	0.0	0	0	1
oewn-01683903-a	inorganic	1	3.23	3.23	inorganic	0	1	0.0	0	0	1
oewn-03124047-a	rotational	1	3.23	3.23	rotational	0	1	0.0	0	0	1
oewn-02825978-a	threaded	1	3.23	3.23	threaded	0	1	0.0	0	0	1
oewn-01604915-a	north	16	5.34	3.22	north	0	22	0.0	0	0	12
oewn-01027688-a	flexible	5	5.05	3.22	on the table	1	5	0.2	0	0	3
oewn-00345024-a	changeable	22	4.87	3.22	quick-change	9	24	0.38	0	0	17
oewn-00891011-a	desirous	15	4.45	3.22	hungry	8	15	0.53	0	0	7
oewn-01952167-a	reciprocal	9	4.26	3.22	mutual	2	11	0.18	0	0	7
oewn-03065814-a	catalytic	1	3.22	3.22	catalytic	1	1	1.0	0	0	1
oewn-02885586-a	choral	1	3.22	3.22	choral	0	1	0.0	0	0	1
oewn-03069137-a	cretaceous	1	3.22	3.22	cretaceous	1	1	1.0	0	0	1
oewn-02952096-a	familial	1	3.22	3.22	familial	0	1	0.0	0	0	1
oewn-02401221-a	intangible	1	3.22	3.22	intangible	1	1	1.0	0	0	1
oewn-02877096-a	metaphysical	1	3.22	3.22	metaphysical	1	1	1.0	0	0	1
oewn-02872706-a	pictorial	2	3.22	3.22	pictorial	0	2	0.0	0	0	1
oewn-02796218-a	prosthetic	1	3.22	3.22	prosthetic	0	1	0.0	0	0	1
oewn-02796331-a	prosthetic	1	3.22	3.22	prosthetic	0	1	0.0	0	0	1
oewn-00290231-a	unbroken	1	3.22	3.22	unbroken	0	1	0.0	0	0	1
oewn-02395180-a	short	22	5.75	3.21	little	7	22	0.32	0	0	7
oewn-01974305-a	periodic	34	5.64	3.21	day-to-day	1	37	0.03	0	0	20
oewn-00871224-a	encumbered	8	5.1	3.21	involved	0	8	0.0	0	0	5
oewn-00921893-a	excitable	8	4.98	3.21	quick	5	8	0.62	0	0	4
oewn-00485135-a	commercial	7	4.92	3.21	commercial	4	9	0.44	0	0	5
oewn-01055947-a	fragrant	11	4.91	3.21	sweet	6	13	0.46	0	0	5
oewn-00065808-a	disadvantageous	5	4.79	3.21	negative	5	5	1.0	0	0	2
oewn-02748409-a	hair-shirt	2	4.5	3.21	hair-shirt	0	2	0.0	0	0	1
oewn-02055227-a	angular	24	4.32	3.21	star-shaped	6	24	0.25	0	0	14
oewn-02044679-a	unrighteous	4	3.99	3.21	wicked	4	4	1.0	0	0	2
oewn-00360539-a	charitable	5	3.91	3.21	charitable	5	5	1.0	0	0	2
oewn-01870421-a	underprivileged	4	3.69	3.21	deprived	4	4	1.0	0	0	3
oewn-01328729-a	enlightening	3	3.61	3.21	informative	0	3	0.0	0	0	1
oewn-00157368-a	assertive	6	3.39	3.21	cocky	6	6	1.0	0	0	3
oewn-02675637-a	biochemical	1	3.21	3.21	biochemical	0	1	0.0	0	0	1
oewn-02940950-a	equatorial	1	3.21	3.21	equatorial	0	1	0.0	0	0	1
oewn-02941082-a	equatorial	1	3.21	3.21	equatorial	0	1	0.0	0	0	1
oewn-02761524-a	ionic	1	3.21	3.21	ionic	0	1	0.0	0	0	1
oewn-03006990-a	mercantile	1	3.21	3.21	mercantile	0	1	0.0	0	0	1
oewn-02136387-a	migratory	1	3.21	3.21	migratory	0	1	0.0	0	0	1
oewn-03018207-a	philanthropic	1	3.21	3.21	philanthropic	1	1	1.0	0	0	1
oewn-03010177-a	septic	1	3.21	3.21	septic	0	1	0.0	0	0	1
oewn-02313586-a	stemmed	1	3.21	3.21	stemmed	0	1	0.0	0	0	1
oewn-02829050-a	totalitarian	2	3.21	3.21	totalitarian	0	2	0.0	0	0	1
oewn-00122675-a	antecedent	9	4.85	3.2	prior	6	9	0.67	0	0	4
oewn-00076123-a	negative	4	4.79	3.2	negative	4	4	1.0	0	0	2
oewn-01314276-a	inhabited	14	4.44	3.2	settled	1	14	0.07	0	0	10
oewn-00443798-a	clockwise	4	4.41	3.2	right-handed	0	4	0.0	0	0	2
oewn-00077529-a	afloat	4	4.18	3.2	floating	0	4	0.0	0	0	4
oewn-01907889-a	punished	2	4.0	3.2	punished	2	2	1.0	0	0	2
oewn-00628492-a	insubstantial	12	3.95	3.2	hollow	0	12	0.0	0	0	5
oewn-02869320-a	philosophic	2	3.95	3.2	philosophical	0	2	0.0	0	0	1
oewn-00466390-a	offshore	2	3.91	3.2	offshore	0	2	0.0	0	0	1
oewn-00317905-a	carved	11	3.88	3.2	carved	3	12	0.25	0	0	5
oewn-01495542-a	immature	8	3.88	3.2	juvenile	3	8	0.38	0	0	4
oewn-03011618-a	capitalist	2	3.79	3.2	capitalist	0	2	0.0	0	0	1
oewn-01012028-a	finite	2	3.75	3.2	finite	0	2	0.0	0	0	2
oewn-01111444-a	centralized	2	3.47	3.2	centralized	0	2	0.0	0	0	1
oewn-03066779-a	climatic	2	3.2	3.2	climatic	0	2	0.0	0	0	1
oewn-02731956-a	equestrian	1	3.2	3.2	equestrian	0	1	0.0	0	0	1
oewn-02732078-a	equestrian	1	3.2	3.2	equestrian	0	1	0.0	0	0	1
oewn-02882364-a	ethereal	1	3.2	3.2	ethereal	0	1	0.0	0	0	1
oewn-00651999-a	judgmental	2	3.2	3.2	judgmental	1	2	0.5	0	0	2
oewn-02775150-a	paramilitary	1	3.2	3.2	paramilitary	0	1	0.0	0	0	1
oewn-02958114-a	transatlantic	1	3.2	3.2	transatlantic	0	1	0.0	0	0	1
oewn-01459489-a	full	14	5.54	3.19	full	3	14	0.21	0	0	8
oewn-01455045-a	lost	4	5.39	3.19	lost	1	4	0.25	0	0	2
oewn-00555061-a	accordant	9	5.28	3.19	according	3	9	0.33	0	0	6
oewn-00434829-a	opaque	17	4.73	3.19	solid	9	17	0.53	0	0	9
oewn-01852128-a	nonprescription	2	4.55	3.19	over-the-counter	2	2	1.0	0	0	1
oewn-02886180-a	communist	2	4.32	3.19	communist	0	2	0.0	0	0	1
oewn-03002795-a	aesthetic	2	4.02	3.19	aesthetic	0	2	0.0	0	0	1
oewn-00825292-a	unearned	2	3.66	3.19	honorary	2	2	1.0	0	0	2
oewn-03067214-a	commemorative	2	3.23	3.19	commemorative	0	2	0.0	0	0	1
oewn-00069826-a	aerobic	1	3.19	3.19	aerobic	1	1	1.0	0	0	1
oewn-02991667-a	aerodynamic	1	3.19	3.19	aerodynamic	0	1	0.0	0	0	1
oewn-00089736-a	agreeable	1	3.19	3.19	agreeable	1	1	1.0	0	0	1
oewn-02865235-a	algebraic	2	3.19	3.19	algebraic	0	2	0.0	0	0	1
oewn-02508320-a	dystopian	1	3.19	3.19	dystopian	1	1	1.0	0	0	1
oewn-03031589-a	dystopian	1	3.19	3.19	dystopian	1	1	1.0	0	0	1
oewn-02843157-a	mammalian	1	3.19	3.19	mammalian	0	1	0.0	0	0	1
oewn-03110716-a	philharmonic	1	3.19	3.19	philharmonic	0	1	0.0	0	0	1
oewn-02803727-a	scholastic	1	3.19	3.19	scholastic	0	1	0.0	0	0	1
oewn-02803918-a	scholastic	1	3.19	3.19	scholastic	0	1	0.0	0	0	1
oewn-00188104-a	awake	11	6.39	3.18	up	6	11	0.55	0	0	6
oewn-02251311-a	rough	6	4.49	3.18	rough	6	6	1.0	0	0	1
oewn-02435899-a	groomed	10	4.41	3.18	well-dressed	7	11	0.64	0	0	8
oewn-01427741-a	unloaded	3	4.14	3.18	blank	3	3	1.0	0	0	3
oewn-01237040-a	inclined	21	3.89	3.18	leaning	0	21	0.0	0	0	10
oewn-01361211-a	inviting	5	3.86	3.18	inviting	7	7	1.0	0	0	4
oewn-02904889-a	pediatric	2	3.53	3.18	pediatric	0	2	0.0	0	0	1
oewn-02746405-a	geothermal	2	3.18	3.18	geothermal	0	2	0.0	0	0	1
oewn-02759922-a	informational	1	3.18	3.18	informational	0	1	0.0	0	0	1
oewn-00171417-a	repulsive	1	3.18	3.18	repulsive	1	1	1.0	0	0	1
oewn-02064939-a	sadistic	1	3.18	3.18	sadistic	1	1	1.0	0	0	1
oewn-01049410-a	informal	12	5.2	3.17	common	2	12	0.17	0	0	7
oewn-02244586-a	smooth	18	5.13	3.17	fast	4	18	0.22	0	0	9
oewn-02061222-a	holy	7	4.88	3.17	holy	4	8	0.5	0	0	4
oewn-00575501-a	consecrated	5	4.58	3.17	dedicated	0	5	0.0	0	0	3
oewn-00164857-a	attentive	13	4.28	3.17	intent	6	13	0.46	0	0	6
oewn-00213765-a	hairy	55	4.2	3.17	shock-headed	20	56	0.36	0	0	32
oewn-02608655-a	transgender	2	3.91	3.17	transgender	0	2	0.0	0	0	1
oewn-00780129-a	disposable	2	3.57	3.17	disposable	1	2	0.5	0	0	2
oewn-00692950-a	deductible	2	3.36	3.17	deductible	0	2	0.0	0	0	2
oewn-02997650-a	logistic	2	3.24	3.17	logistical	0	2	0.0	0	0	1
oewn-03055845-a	anecdotal	1	3.17	3.17	anecdotal	0	1	0.0	0	0	1
oewn-02660104-a	autoimmune	1	3.17	3.17	autoimmune	0	1	0.0	0	0	1
oewn-02718876-a	custard-like	1	3.17	3.17	custard-like	0	1	0.0	0	0	1
oewn-00782068-a	proximal	1	3.17	3.17	proximal	0	1	0.0	0	0	1
oewn-02168729-a	unsigned	1	3.17	3.17	unsigned	0	1	0.0	0	0	1
oewn-02292312-a	written	14	5.09	3.16	written	1	14	0.07	0	0	11
oewn-01909796-a	purebred	9	4.97	3.16	full-blood	3	9	0.33	0	0	3
oewn-00679823-a	cyclic	7	4.55	3.16	closed-ring	1	7	0.14	0	0	5
oewn-00876214-a	exothermic	3	4.06	3.16	heat-releasing	0	3	0.0	0	0	1
oewn-03007144-a	metric	2	3.88	3.16	metric	2	2	1.0	0	0	1
oewn-02462237-a	a la carte	1	3.16	3.16	a la carte	0	1	0.0	0	0	1
oewn-03034107-a	budgetary	1	3.16	3.16	budgetary	0	1	0.0	0	0	1
oewn-02718968-a	cyclic	1	3.16	3.16	cyclic	1	1	1.0	0	0	1
oewn-02964572-a	fundamentalist	2	3.16	3.16	fundamentalist	0	2	0.0	0	0	1
oewn-02964788-a	fundamentalist	2	3.16	3.16	fundamentalist	2	2	1.0	0	0	1
oewn-03146218-a	invitational	1	3.16	3.16	invitational	1	1	1.0	0	0	1
oewn-00270855-a	light	26	5.51	3.15	white	4	26	0.15	0	0	18
oewn-01941146-a	unreal	31	5.41	3.15	make-believe	19	31	0.61	0	0	13
oewn-01606912-a	south	16	5.4	3.15	south	0	22	0.0	0	0	12
oewn-00942374-a	inexplicable	13	5.05	3.15	deep	5	13	0.38	0	0	5
oewn-02419189-a	thick	10	5.05	3.15	deep	3	11	0.27	0	0	11
oewn-01254201-a	cold	32	5.02	3.15	cold	21	33	0.64	0	0	17
oewn-02960612-a	morphologic	3	4.18	3.15	structural	0	3	0.0	0	0	1
oewn-02304841-a	nonstandard	5	3.81	3.15	inferior	5	5	1.0	0	0	3
oewn-01371709-a	juicy	5	3.7	3.15	juicy	4	5	0.8	0	0	4
oewn-02307118-a	starry	5	3.64	3.15	comet-like	1	5	0.2	0	0	5
oewn-02328429-a	tonic	2	3.39	3.15	tonic	0	2	0.0	0	0	1
oewn-03068276-a	creaseproof	4	3.23	3.15	crease-resistant	4	4	1.0	0	0	1
oewn-02647112-a	aqueous	1	3.15	3.15	aqueous	0	1	0.0	0	0	1
oewn-02665599-a	axial	1	3.15	3.15	axial	0	1	0.0	0	0	1
oewn-02665720-a	axile	2	3.15	3.15	axial	0	2	0.0	0	0	1
oewn-02919248-a	geopolitical	1	3.15	3.15	geopolitical	0	1	0.0	0	0	1
oewn-03005597-a	hyperbolic	1	3.15	3.15	hyperbolic	0	1	0.0	0	0	1
oewn-02786224-a	peacekeeping	1	3.15	3.15	peacekeeping	0	1	0.0	0	0	1
oewn-00344782-a	preventable	1	3.15	3.15	preventable	1	1	1.0	0	0	1
oewn-00177148-a	supersonic	1	3.15	3.15	supersonic	0	1	0.0	0	0	1
oewn-03031707-a	utopian	1	3.15	3.15	utopian	0	1	0.0	0	0	1
oewn-00234743-a	worsening	1	3.15	3.15	worsening	1	1	1.0	0	0	1
oewn-01992330-a	receptive	7	5.48	3.14	open	6	7	0.86	0	0	5
oewn-01273285-a	hurried	14	5.13	3.14	fast	7	15	0.47	0	0	6
oewn-02113270-a	sensitive	7	4.76	3.14	alive	1	7	0.14	0	0	4
oewn-00746008-a	undeveloped	4	3.28	3.14	budding	3	4	0.75	0	0	3
oewn-00118877-a	animate	1	3.14	3.14	animate	0	1	0.0	0	0	1
oewn-00121062-a	animate	1	3.14	3.14	animate	0	1	0.0	0	0	1
oewn-02664629-a	avian	1	3.14	3.14	avian	0	1	0.0	0	0	1
oewn-03013698-a	contextual	1	3.14	3.14	contextual	0	1	0.0	0	0	1
oewn-02716145-a	cross-ply	1	3.14	3.14	cross-ply	0	1	0.0	0	0	1
oewn-02938361-a	horticultural	1	3.14	3.14	horticultural	0	1	0.0	0	0	1
oewn-02906670-a	masonic	1	3.14	3.14	masonic	0	1	0.0	0	0	1
oewn-88473967-a	non-avian	1	3.14	3.14	non-avian	0	1	0.0	0	0	1
oewn-00714994-a	undemanding	6	5.33	3.13	light	2	6	0.33	0	0	5
oewn-00552997-a	inconclusive	7	5.21	3.13	head-to-head	3	7	0.43	0	0	5
oewn-02223646-a	multiple	47	5.01	3.13	double	7	60	0.12	0	0	22
oewn-00995188-a	fatty	10	4.85	3.13	fat	5	10	0.5	0	0	6
oewn-01461111-a	piano	4	4.68	3.13	soft	0	4	0.0	0	0	3
oewn-02547212-a	decreasing	10	4.66	3.13	falling	1	10	0.1	0	0	6
oewn-00614737-a	convergent	5	4.65	3.13	focused	0	5	0.0	0	0	3
oewn-00579031-a	consistent	10	4.48	3.13	consistent	2	10	0.2	0	0	6
oewn-01005108-a	fertile	6	4.44	3.13	rank	5	6	0.83	0	0	5
oewn-02532576-a	involuntary	6	4.36	3.13	automatic	3	6	0.5	0	0	4
oewn-00615691-a	branchy	25	4.25	3.13	tree-shaped	3	25	0.12	0	0	11
oewn-00604427-a	controversial	9	4.23	3.13	controversial	2	9	0.22	0	0	5
oewn-01831137-a	potent	2	3.74	3.13	potent	0	2	0.0	0	0	1
oewn-02868188-a	poetic	2	3.69	3.13	poetic	0	2	0.0	0	0	1
oewn-00615275-a	divergent	4	3.38	3.13	divergent	0	4	0.0	0	0	3
oewn-00069175-a	aerobic	5	3.19	3.13	aerobic	0	5	0.0	0	0	3
oewn-00224561-a	banded	1	3.13	3.13	banded	0	1	0.0	0	0	1
oewn-02755975-a	hypnotic	1	3.13	3.13	hypnotic	0	1	0.0	0	0	1
oewn-02901904-a	intravenous	2	3.13	3.13	intravenous	0	2	0.0	0	0	1
oewn-02875682-a	modal	1	3.13	3.13	modal	0	1	0.0	0	0	1
oewn-02875833-a	modal	1	3.13	3.13	modal	0	1	0.0	0	0	1
oewn-02773393-a	postdoctoral	1	3.13	3.13	postdoctoral	0	1	0.0	0	0	1
oewn-03001772-a	proverbial	1	3.13	3.13	proverbial	0	1	0.0	0	0	1
oewn-02797279-a	rabid	1	3.13	3.13	rabid	1	1	1.0	0	0	1
oewn-02990684-a	retinal	1	3.13	3.13	retinal	0	1	0.0	0	0	1
oewn-02809724-a	soft-nosed	1	3.13	3.13	soft-nosed	0	1	0.0	0	0	1
oewn-01663781-a	tanned	1	3.13	3.13	tanned	0	1	0.0	0	0	1
oewn-02950436-a	tectonic	1	3.13	3.13	tectonic	0	1	0.0	0	0	1
oewn-02305966-a	nonstandard	4	5.53	3.12	bad	4	4	1.0	0	0	3
oewn-00189224-a	asleep	19	5.23	3.12	at rest	5	19	0.26	0	0	9
oewn-02617872-a	aesculapian	2	5.16	3.12	medical	0	2	0.0	0	0	1
oewn-00758394-a	negligent	9	5.12	3.12	hit-and-run	5	10	0.5	0	0	5
oewn-02252363-a	smooth	7	5.09	3.12	entire	4	7	0.57	0	0	6
oewn-01307505-a	informative	12	4.92	3.12	telling	5	12	0.42	0	0	5
oewn-01787685-a	religious	6	4.85	3.12	religious	4	6	0.67	0	0	5
oewn-02062466-a	sacred	19	4.85	3.12	religious	10	19	0.53	0	0	11
oewn-01848678-a	premeditated	4	4.69	3.12	planned	0	4	0.0	0	0	2
oewn-03130628-a	small-capitalization	3	4.47	3.12	small-cap	0	3	0.0	0	0	1
oewn-02765390-a	large-capitalization	3	4.46	3.12	large-cap	0	3	0.0	0	0	1
oewn-00011776-a	abstract	8	4.44	3.12	ideal	3	8	0.38	0	0	5
oewn-01509670-a	melted	8	4.39	3.12	liquid	2	9	0.22	0	0	5
oewn-00003356-a	nascent	5	4.19	3.12	emerging	2	5	0.4	0	0	4
oewn-01723103-a	oblique	15	4.18	3.12	bias	0	15	0.0	0	0	7
oewn-00033687-a	inactive	12	4.14	3.12	desk-bound	2	12	0.17	0	0	6
oewn-01418456-a	unlimited	6	4.1	3.12	unlimited	4	6	0.67	0	0	4
oewn-00688915-a	decisive	3	3.8	3.12	decisive	3	3	1.0	0	0	2
oewn-00205669-a	backward	3	3.71	3.12	backward	3	3	1.0	0	0	2
oewn-00912012-a	euphoric	3	3.38	3.12	expansive	2	3	0.67	0	0	3
oewn-00102370-a	altruistic	2	3.3	3.12	selfless	2	2	1.0	0	0	1
oewn-01917796-a	unqualified	2	3.19	3.12	unqualified	2	2	1.0	0	0	2
oewn-01357937-a	aqueous	2	3.15	3.12	aqueous	2	2	1.0	0	0	1
oewn-00118196-a	sentient	3	3.14	3.12	animate	2	3	0.67	0	0	2
oewn-02987709-a	cross-modal	1	3.12	3.12	cross-modal	0	1	0.0	0	0	1
oewn-02893192-a	feline	1	3.12	3.12	feline	0	1	0.0	0	0	1
oewn-01382914-a	lamented	1	3.12	3.12	lamented	1	1	1.0	0	0	1
oewn-02778878-a	neonatal	1	3.12	3.12	neonatal	0	1	0.0	0	0	1
oewn-02602211-a	salient	1	3.12	3.12	salient	0	1	0.0	0	0	1
oewn-00262111-a	upper-class	6	5.11	3.11	quality	3	6	0.5	0	0	5
oewn-01930715-a	random	5	4.98	3.11	hit-or-miss	0	5	0.0	0	0	4
oewn-01263945-a	superhuman	5	4.85	3.11	powerful	2	5	0.4	0	0	3
oewn-01767351-a	permissive	4	4.68	3.11	soft	3	4	0.75	0	0	2
oewn-00103000-a	ambiguous	12	4.39	3.11	left-handed	4	12	0.33	0	0	8
oewn-02481257-a	subsurface	10	4.32	3.11	underground	0	10	0.0	0	0	5
oewn-01951277-a	unreasonable	10	3.75	3.11	unreasonable	6	10	0.6	0	0	5
oewn-01319176-a	inhibited	7	3.6	3.11	suppressed	0	7	0.0	0	0	3
oewn-02604644-a	baptized	2	3.46	3.11	baptized	0	2	0.0	0	0	1
oewn-01611875-a	nosed	8	3.14	3.11	nosed	0	8	0.0	0	0	5
oewn-02838835-a	hydroelectric	1	3.11	3.11	hydroelectric	0	1	0.0	0	0	1
oewn-02849779-a	pneumatic	1	3.11	3.11	pneumatic	0	1	0.0	0	0	1
oewn-00032087-a	active	15	6.4	3.1	about	8	15	0.53	0	0	8
oewn-01250274-a	hot	37	5.51	3.1	white	10	37	0.27	0	0	22
oewn-01770155-a	perplexed	23	5.39	3.1	lost	15	23	0.65	0	0	6
oewn-01985459-a	replaceable	6	5.21	3.1	similar	6	6	1.0	0	0	2
oewn-00471594-a	publicized	6	5.07	3.1	published	0	6	0.0	0	0	4
oewn-00882071-a	inquiring	9	4.74	3.1	fact-finding	5	10	0.5	0	0	6
oewn-01422022-a	figurative	12	4.64	3.1	extended	2	12	0.17	0	0	8
oewn-01541980-a	modest	6	4.4	3.1	decent	5	7	0.71	0	0	5
oewn-02855613-a	conic	4	3.72	3.1	cone-shaped	0	4	0.0	0	0	1
oewn-02400023-a	tangible	4	3.66	3.1	tangible	4	4	1.0	0	0	2
oewn-03105977-a	indicative	2	3.57	3.1	indicative	0	2	0.0	0	0	1
oewn-01545616-a	modulated	2	3.24	3.1	softened	1	2	0.5	0	0	2
oewn-02916798-a	brazen	1	3.1	3.1	brazen	0	1	0.0	0	0	1
oewn-02884958-a	burlesque	1	3.1	3.1	burlesque	0	1	0.0	0	0	1
oewn-02098166-a	concealing	1	3.1	3.1	concealing	0	1	0.0	0	0	1
oewn-02791161-a	extraterrestrial	1	3.1	3.1	extraterrestrial	0	1	0.0	0	0	1
oewn-03007747-a	normative	1	3.1	3.1	normative	0	1	0.0	0	0	1
oewn-01961853-a	oiled	1	3.1	3.1	oiled	1	1	1.0	0	0	1
oewn-02900575-a	open-hearth	1	3.1	3.1	open-hearth	0	1	0.0	0	0	1
oewn-02963446-a	sedimentary	1	3.1	3.1	sedimentary	1	1	1.0	0	0	1
oewn-01081866-a	unfriendly	1	3.1	3.1	unfriendly	1	1	1.0	0	0	1
oewn-01364330-a	glad	2	4.9	3.09	glad	2	2	1.0	0	0	2
oewn-02363093-a	supportive	24	4.71	3.09	supporting	4	25	0.16	0	0	7
oewn-01525661-a	tempered	6	4.71	3.09	treated	1	6	0.17	0	0	3
oewn-00466953-a	incoherent	10	4.47	3.09	confused	1	10	0.1	0	0	3
oewn-02110761-a	sensitive	11	4.46	3.09	sensitive	8	12	0.67	0	0	9
oewn-01746545-a	unpeaceful	10	3.62	3.09	militant	2	11	0.18	0	0	5
oewn-02446352-a	tonal	6	3.48	3.09	toned	1	6	0.17	0	0	6
oewn-02918488-a	anthropological	1	3.09	3.09	anthropological	0	1	0.0	0	0	1
oewn-00329551-a	incoherent	1	3.09	3.09	incoherent	1	1	1.0	0	0	1
oewn-03026283-a	lumbar	1	3.09	3.09	lumbar	0	1	0.0	0	0	1
oewn-00131223-a	retrograde	1	3.09	3.09	retrograde	0	1	0.0	0	0	1
oewn-00773673-a	retrograde	1	3.09	3.09	retrograde	0	1	0.0	0	0	1
oewn-02818072-a	symptomatic	1	3.09	3.09	symptomatic	0	1	0.0	0	0	1
oewn-02826300-a	tiered	1	3.09	3.09	tiered	0	1	0.0	0	0	1
oewn-01283088-a	unimportant	19	5.75	3.08	little	6	19	0.32	0	0	7
oewn-01029528-a	uncompromising	5	5.21	3.08	hard-line	0	5	0.0	0	0	2
oewn-01034481-a	straight	3	5.04	3.08	straight	3	3	1.0	0	0	3
oewn-00061521-a	adroit	15	4.97	3.08	clean	8	15	0.53	0	0	8
oewn-01202280-a	heterogeneous	10	4.64	3.08	mixed	5	10	0.5	0	0	4
oewn-01814940-a	pointed	24	4.48	3.08	sharp	0	24	0.0	0	0	14
oewn-01804481-a	implausible	9	4.31	3.08	unlikely	4	9	0.44	0	0	4
oewn-02162939-a	unsheathed	2	4.18	3.08	bare	2	2	1.0	0	0	1
oewn-01313640-a	disingenuous	6	3.98	3.08	twisted	2	6	0.33	0	0	2
oewn-00110777-a	anal	2	3.94	3.08	anal	0	2	0.0	0	0	1
oewn-01664003-a	tapped	3	3.69	3.08	tapped	0	3	0.0	0	0	2
oewn-02796085-a	prostate	2	3.67	3.08	prostate	0	2	0.0	0	0	1
oewn-03055597-a	appellate	2	3.34	3.08	appellate	0	2	0.0	0	0	1
oewn-01615331-a	undetermined	2	3.28	3.08	unexplained	1	2	0.5	0	0	2
oewn-01765456-a	permissible	2	3.2	3.08	permissible	0	2	0.0	0	0	1
oewn-02988070-a	neurotic	1	3.08	3.08	neurotic	1	1	1.0	0	0	1
oewn-02782459-a	orb-weaving	1	3.08	3.08	orb-weaving	1	1	1.0	0	0	1
oewn-03124939-a	sacrificial	1	3.08	3.08	sacrificial	0	1	0.0	0	0	1
oewn-02493370-a	univalve	2	3.08	3.08	single-shelled	0	2	0.0	0	0	2
oewn-02544787-a	waxed	1	3.08	3.08	waxed	1	1	1.0	0	0	1
oewn-00206083-a	forward	18	5.12	3.07	forward	8	18	0.44	0	0	6
oewn-01893175-a	protective	14	4.73	3.07	safety-related	10	15	0.67	0	0	10
oewn-00662119-a	planar	9	4.72	3.07	flat	5	9	0.56	0	0	6
oewn-00202946-a	backward	21	4.49	3.07	returning	2	23	0.09	0	0	13
oewn-01635086-a	offending	4	4.46	3.07	offensive	3	4	0.75	0	0	3
oewn-01632363-a	offensive	4	4.46	3.07	offensive	4	4	1.0	0	0	2
oewn-02438383-a	timbered	4	3.99	3.07	half-timber	0	4	0.0	0	0	3
oewn-02754319-a	humanist	3	3.62	3.07	humane	0	3	0.0	0	0	1
oewn-02642463-a	aortal	2	3.07	3.07	aortic	0	2	0.0	0	0	1
oewn-02719926-a	cystic	1	3.07	3.07	cystic	0	1	0.0	0	0	1
oewn-02720035-a	cystic	1	3.07	3.07	cystic	0	1	0.0	0	0	1
oewn-02732175-a	equine	1	3.07	3.07	equine	0	1	0.0	0	0	1
oewn-02732283-a	equine	1	3.07	3.07	equine	0	1	0.0	0	0	1
oewn-00293164-a	fraternal	2	3.07	3.07	fraternal	0	2	0.0	0	0	1
oewn-02742435-a	fraternal	1	3.07	3.07	fraternal	0	1	0.0	0	0	1
oewn-02891380-a	pubic	1	3.07	3.07	pubic	0	1	0.0	0	0	1
oewn-02823928-a	testimonial	1	3.07	3.07	testimonial	0	1	0.0	0	0	1
oewn-02824101-a	testimonial	1	3.07	3.07	testimonial	1	1	1.0	0	0	1
oewn-01969318-a	unregulated	1	3.07	3.07	unregulated	1	1	1.0	0	0	1
oewn-02093044-a	unscrupulous	1	3.07	3.07	unscrupulous	1	1	1.0	0	0	1
oewn-01154418-a	hard	22	5.59	3.06	set	11	22	0.5	0	0	13
oewn-01698676-a	covered	42	5.51	3.06	white	26	44	0.59	0	0	26
oewn-02562150-a	dry	27	4.74	3.06	dry	16	28	0.57	0	0	16
oewn-02269142-a	liquid	9	4.39	3.06	liquid	5	9	0.56	0	0	6
oewn-02437189-a	ungroomed	7	4.24	3.06	ill-dressed	3	7	0.43	0	0	4
oewn-02529085-a	viviparous	2	4.2	3.06	live-bearing	0	2	0.0	0	0	1
oewn-01600178-a	abnormal	18	3.71	3.06	abnormal	12	18	0.67	0	0	12
oewn-01758424-a	imperishable	6	3.68	3.06	durable	2	6	0.33	0	0	3
oewn-00339449-a	unconvinced	2	3.49	3.06	dubious	2	2	1.0	0	0	2
oewn-02731793-a	episcopal	2	3.44	3.06	episcopal	0	2	0.0	0	0	1
oewn-02606777-a	shelled	5	3.08	3.06	hard-shelled	2	5	0.4	0	0	5
oewn-02695612-a	celebratory	1	3.06	3.06	celebratory	0	1	0.0	0	0	1
oewn-02712658-a	congregational	1	3.06	3.06	congregational	0	1	0.0	0	0	1
oewn-02986524-a	cortical	1	3.06	3.06	cortical	0	1	0.0	0	0	1
oewn-02718756-a	curricular	1	3.06	3.06	curricular	0	1	0.0	0	0	1
oewn-02926368-a	endocrine	2	3.06	3.06	endocrine	0	2	0.0	0	0	1
oewn-02751134-a	hepatic	1	3.06	3.06	hepatic	0	1	0.0	0	0	1
oewn-00741912-a	indestructible	2	3.06	3.06	indestructible	2	2	1.0	0	0	2
oewn-01616367-a	innocuous	2	3.06	3.06	innocuous	2	2	1.0	0	0	2
oewn-01111214-a	unitary	1	3.06	3.06	unitary	1	1	1.0	0	0	1
oewn-02831537-a	unitary	1	3.06	3.06	unitary	0	1	0.0	0	0	1
oewn-02831747-a	unitary	1	3.06	3.06	unitary	1	1	1.0	0	0	1
oewn-01300436-a	indulgent	22	5.53	3.05	hard	14	23	0.61	0	0	10
oewn-00826918-a	east	8	5.16	3.05	east	0	11	0.0	0	0	7
oewn-00463344-a	cloudy	23	4.96	3.05	heavy	13	23	0.57	0	0	9
oewn-02134270-a	unsettled	22	4.85	3.05	mobile	8	24	0.33	0	0	10
oewn-00180786-a	unauthorized	6	4.5	3.05	self-appointed	5	6	0.83	0	0	3
oewn-02799975-a	romantic	3	4.43	3.05	romantic	0	3	0.0	0	0	1
oewn-01876271-a	unprofessional	5	4.22	3.05	amateur	5	5	1.0	0	0	2
oewn-01620077-a	subjective	4	3.79	3.05	subjective	0	4	0.0	0	0	3
oewn-02837382-a	atheist	3	3.62	3.05	atheist	3	3	1.0	0	0	1
oewn-02929206-a	neurological	2	3.54	3.05	neurological	0	2	0.0	0	0	1
oewn-02358892-a	unsupervised	2	3.18	3.05	unattended	1	2	0.5	0	0	2
oewn-81662907-a	albino	1	3.05	3.05	albino	0	1	0.0	0	0	1
oewn-02696276-a	extracellular	1	3.05	3.05	extracellular	0	1	0.0	0	0	1
oewn-03012786-a	holographic	2	3.05	3.05	holographic	0	2	0.0	0	0	1
oewn-03012936-a	holographic	1	3.05	3.05	holographic	0	1	0.0	0	0	1
oewn-02758869-a	incendiary	1	3.05	3.05	incendiary	0	1	0.0	0	0	1
oewn-03005820-a	liturgical	1	3.05	3.05	liturgical	0	1	0.0	0	0	1
oewn-02769272-a	macroeconomic	1	3.05	3.05	macroeconomic	0	1	0.0	0	0	1
oewn-02882999-a	parochial	1	3.05	3.05	parochial	0	1	0.0	0	0	1
oewn-00076949-a	rejective	3	3.05	3.05	dismissive	2	3	0.67	0	0	3
oewn-03139995-a	vehicular	1	3.05	3.05	vehicular	0	1	0.0	0	0	1
oewn-02545162-a	waning	1	3.05	3.05	waning	0	1	0.0	0	0	1
oewn-00013906-a	abundant	26	5.81	3.04	long	19	28	0.68	0	0	16
oewn-02012852-a	retentive	4	5.81	3.04	long	0	4	0.0	0	0	1
oewn-00827889-a	west	8	5.29	3.04	west	0	10	0.0	0	0	6
oewn-00639387-a	provincial	15	5.19	3.04	stay-at-home	4	15	0.27	0	0	7
oewn-01830237-a	impotent	6	4.61	3.04	unable	2	6	0.33	0	0	4
oewn-01010943-a	infinite	9	4.18	3.04	endless	2	10	0.2	0	0	5
oewn-00477986-a	commodious	4	4.15	3.04	convenient	0	4	0.0	0	0	2
oewn-00044980-a	acute	2	4.0	3.04	acute	1	2	0.5	0	0	2
oewn-00728305-a	unreliable	6	3.99	3.04	uncertain	5	6	0.83	0	0	4
oewn-02285028-a	sparkling	2	3.56	3.04	sparkling	0	2	0.0	0	0	1
oewn-03156623-a	wedge-shaped	3	3.55	3.04	wedge-shaped	3	3	1.0	0	0	1
oewn-02876761-a	meteorologic	3	3.39	3.04	meteorological	0	3	0.0	0	0	1
oewn-03004602-a	futuristic	2	3.37	3.04	futuristic	0	2	0.0	0	0	1
oewn-02103216-a	fastened	2	3.07	3.04	pegged-down	0	2	0.0	0	0	2
oewn-03078757-a	genealogic	2	3.04	3.04	genealogical	0	2	0.0	0	0	1
oewn-01831268-a	impotent	1	3.04	3.04	impotent	1	1	1.0	0	0	1
oewn-02961708-a	mortuary	1	3.04	3.04	mortuary	0	1	0.0	0	0	1
oewn-02961808-a	mortuary	1	3.04	3.04	mortuary	0	1	0.0	0	0	1
oewn-01817190-a	obtuse	1	3.04	3.04	obtuse	0	1	0.0	0	0	1
oewn-01728582-a	particulate	1	3.04	3.04	particulate	0	1	0.0	0	0	1
oewn-02359268-a	supported	12	5.51	3.03	based	3	12	0.25	0	0	9
oewn-02018238-a	unreverberant	6	5.19	3.03	dead	6	6	1.0	0	0	4
oewn-02515761-a	invariable	7	4.98	3.03	hard-and-fast	7	8	0.88	0	0	4
oewn-01624690-a	obstructed	17	4.84	3.03	stopped	2	17	0.12	0	0	10
oewn-00537672-a	concave	24	4.21	3.03	boat-shaped	0	24	0.0	0	0	15
oewn-01277020-a	immanent	2	3.79	3.03	subjective	0	2	0.0	0	0	1
oewn-00839148-a	ineffective	5	3.66	3.03	ineffective	5	5	1.0	0	0	3
oewn-02712511-a	confrontational	1	3.03	3.03	confrontational	0	1	0.0	0	0	1
oewn-01561779-a	fewest	1	3.03	3.03	fewest	0	1	0.0	0	0	1
oewn-02745802-a	gentile	1	3.03	3.03	gentile	0	1	0.0	0	0	1
oewn-00997914-a	incurable	1	3.03	3.03	incurable	1	1	1.0	0	0	1
oewn-02761255-a	insular	1	3.03	3.03	insular	0	1	0.0	0	0	1
oewn-02954800-a	methodological	1	3.03	3.03	methodological	0	1	0.0	0	0	1
oewn-02781440-a	olfactory	2	3.03	3.03	olfactory	0	2	0.0	0	0	1
oewn-03009777-a	quintessential	1	3.03	3.03	quintessential	1	1	1.0	0	0	1
oewn-01965921-a	unregistered	1	3.03	3.03	unregistered	1	1	1.0	0	0	1
oewn-02902696-a	zoological	1	3.03	3.03	zoological	0	1	0.0	0	0	1
oewn-02902816-a	zoological	1	3.03	3.03	zoological	0	1	0.0	0	0	1
oewn-00774932-a	discerning	7	5.25	3.02	clear	7	7	1.0	0	0	4
oewn-02426097-a	thin	5	4.77	3.02	rare	3	5	0.6	0	0	3
oewn-01464060-a	liked	3	4.76	3.02	liked	3	3	1.0	0	0	2
oewn-02047456-a	frail	10	4.66	3.02	weak	1	10	0.1	0	0	3
oewn-00297491-a	buttoned	5	4.54	3.02	button-down	0	5	0.0	0	0	3
oewn-00255612-a	tied	3	4.47	3.02	tied	0	3	0.0	0	0	2
oewn-00159966-a	affixed	6	4.26	3.02	mounted	0	6	0.0	0	0	5
oewn-00409108-a	colorless	5	4.24	3.02	neutral	4	5	0.8	0	0	3
oewn-00689358-a	indecisive	6	4.21	3.02	on the fence	5	6	0.83	0	0	4
oewn-02452691-a	equatorial	5	4.18	3.02	tropical	0	5	0.0	0	0	3
oewn-02290922-a	induced	4	4.04	3.02	induced	1	4	0.25	0	0	3
oewn-00556698-a	contracted	2	3.89	3.02	contracted	2	2	1.0	0	0	2
oewn-00139437-a	apropos	4	3.69	3.02	apt	1	4	0.25	0	0	2
oewn-02681743-a	broadband	2	3.69	3.02	broadband	0	2	0.0	0	0	1
oewn-00626239-a	antagonistic	4	3.48	3.02	incompatible	2	4	0.5	0	0	3
oewn-02392951-a	tactful	3	3.43	3.02	discreet	3	3	1.0	0	0	2
oewn-02615100-a	agnostic	1	3.02	3.02	agnostic	0	1	0.0	0	0	1
oewn-02916464-a	earthy	1	3.02	3.02	earthy	1	1	1.0	0	0	1
oewn-00559447-a	enforceable	1	3.02	3.02	enforceable	1	1	1.0	0	0	1
oewn-02919548-a	geophysical	1	3.02	3.02	geophysical	0	1	0.0	0	0	1
oewn-02696896-a	intracellular	1	3.02	3.02	intracellular	0	1	0.0	0	0	1
oewn-03007480-a	mythic	1	3.02	3.02	mythic	0	1	0.0	0	0	1
oewn-02868815-a	phonetic	1	3.02	3.02	phonetic	0	1	0.0	0	0	1
oewn-02838547-a	photovoltaic	1	3.02	3.02	photovoltaic	0	1	0.0	0	0	1
oewn-02945291-a	synaptic	1	3.02	3.02	synaptic	0	1	0.0	0	0	1
oewn-02851820-a	umbilical	1	3.02	3.02	umbilical	0	1	0.0	0	0	1
oewn-02944469-a	uterine	1	3.02	3.02	uterine	0	1	0.0	0	0	1
oewn-02544973-a	waxing	1	3.02	3.02	waxing	0	1	0.0	0	0	1
oewn-02345737-a	sugary	11	4.91	3.01	sweet	1	11	0.09	0	0	5
oewn-00304526-a	stormy	24	4.8	3.01	wild	14	24	0.58	0	0	11
oewn-02505612-a	useful	12	4.72	3.01	useful	5	12	0.42	0	0	8
oewn-01854898-a	unostentatious	5	4.65	3.01	quiet	2	5	0.4	0	0	2
oewn-02744928-a	genetic	2	4.34	3.01	genetic	0	2	0.0	0	0	1
oewn-01316883-a	inheritable	14	4.34	3.01	genetic	0	16	0.0	0	0	7
oewn-01763094-a	caducous	3	4.23	3.01	shed	0	3	0.0	0	0	2
oewn-01725765-a	unpardonable	6	4.16	3.01	deadly	4	6	0.67	0	0	4
oewn-02358391-a	subscript	2	3.81	3.01	inferior	0	2	0.0	0	0	1
oewn-01077510-a	salty	6	3.74	3.01	salty	2	6	0.33	0	0	5
oewn-02857207-a	dietary	3	3.7	3.01	dietary	0	3	0.0	0	0	1
oewn-02780705-a	numeral	3	3.65	3.01	numerical	0	3	0.0	0	0	1
oewn-01676186-a	unstructured	4	3.57	3.01	ambiguous	2	4	0.5	0	0	4
oewn-01355862-a	intrusive	2	3.33	3.01	intrusive	0	2	0.0	0	0	2
oewn-01187805-a	headless	4	3.22	3.01	beheaded	1	4	0.25	0	0	3
oewn-00321992-a	caulescent	14	3.21	3.01	short-stemmed	1	14	0.07	0	0	12
oewn-03106525-a	orthopedic	3	3.09	3.01	orthopedic	0	3	0.0	0	0	1
oewn-01614524-a	undetected	2	3.03	3.01	undetected	2	2	1.0	0	0	2
oewn-00764121-a	antagonistic	2	3.02	3.01	antagonistic	2	2	1.0	0	0	2
oewn-02080517-a	dissimilar	1	3.01	3.01	dissimilar	1	1	1.0	0	0	1
oewn-00121221-a	inanimate	1	3.01	3.01	inanimate	0	1	0.0	0	0	1
oewn-01985959-a	irreplaceable	2	3.01	3.01	irreplaceable	2	2	1.0	0	0	1
oewn-01503136-a	meaty	1	3.01	3.01	meaty	0	1	0.0	0	0	1
oewn-01555487-a	principled	2	3.01	3.01	high-principled	2	2	1.0	0	0	2
oewn-00477115-a	lighted	11	5.3	3.0	on fire	2	11	0.18	0	0	3
oewn-01379820-a	unknown	12	5.23	3.0	little-known	8	12	0.67	0	0	8
oewn-01010155-a	finite	6	5.02	3.0	limited	2	6	0.33	0	0	5
oewn-00898735-a	equivocal	6	5.01	3.0	double	3	6	0.5	0	0	4
oewn-00863798-a	theoretical	16	4.91	3.0	supposed	4	16	0.25	0	0	7
oewn-00301604-a	euphonious	5	4.67	3.0	golden	5	5	1.0	0	0	3
oewn-01884174-a	pronounceable	4	4.47	3.0	rolling	1	4	0.25	0	0	2
oewn-02110076-a	insensible	6	4.36	3.0	asleep	6	6	1.0	0	0	3
oewn-02401445-a	tasteful	7	4.17	3.0	artistic	7	7	1.0	0	0	3
oewn-01099248-a	unequipped	2	4.15	3.0	ill-equipped	2	2	1.0	0	0	2
oewn-02447550-a	toothed	13	4.05	3.0	fine-tooth	1	13	0.08	0	0	10
oewn-01234064-a	institutional	4	4.0	3.0	institutional	0	5	0.0	0	0	3
oewn-02124974-a	purifying	6	3.56	3.0	cleansing	1	6	0.17	0	0	4
oewn-02901417-a	oceanic	2	3.39	3.0	oceanic	0	2	0.0	0	0	1
oewn-02550980-a	unwelcome	2	3.14	3.0	unwelcome	2	2	1.0	0	0	2
oewn-00429283-a	unclean	6	3.11	3.0	untouchable	6	6	1.0	0	0	3
oewn-00292337-a	brotherly	3	3.07	3.0	fraternal	0	3	0.0	0	0	1
oewn-03053005-a	anaesthetic	2	3.06	3.0	anesthetic	0	2	0.0	0	0	1
oewn-02711170-a	colorectal	1	3.0	3.0	colorectal	0	1	0.0	0	0	1
oewn-00797981-a	double-breasted	1	3.0	3.0	double-breasted	0	1	0.0	0	0	1
oewn-03029888-a	endothelial	1	3.0	3.0	endothelial	0	1	0.0	0	0	1
oewn-02870142-a	infernal	1	3.0	3.0	infernal	0	1	0.0	0	0	1
oewn-02986357-a	infernal	1	3.0	3.0	infernal	0	1	0.0	0	0	1
oewn-02986761-a	metastatic	1	3.0	3.0	metastatic	0	1	0.0	0	0	1
oewn-02874393-a	narcotic	1	3.0	3.0	narcotic	0	1	0.0	0	0	1
oewn-02793521-a	positional	1	3.0	3.0	positional	0	1	0.0	0	0	1
oewn-03121313-a	regimental	1	3.0	3.0	regimental	0	1	0.0	0	0	1
oewn-00798205-a	single-breasted	1	3.0	3.0	single-breasted	0	1	0.0	0	0	1
oewn-02389133-a	synchronous	1	3.0	3.0	synchronous	0	1	0.0	0	0	1
oewn-02884663-a	transcendental	1	3.0	3.0	transcendental	0	1	0.0	0	0	1
oewn-03137593-a	translational	1	3.0	3.0	translational	0	1	0.0	0	0	1
oewn-01322124-a	uninjured	9	5.46	2.99	whole	0	9	0.0	0	0	5
oewn-02403682-a	tasty	56	5.16	2.99	hot	34	56	0.61	0	0	27
oewn-00810082-a	dull	15	4.96	2.99	heavy	8	15	0.53	0	0	7
oewn-01196182-a	heavy-footed	4	4.96	2.99	heavy	1	4	0.25	0	0	2
oewn-01743705-a	unpackaged	2	4.46	2.99	loose	2	2	1.0	0	0	2
oewn-01994423-a	reserved	7	4.19	2.99	distant	7	7	1.0	0	0	4
oewn-02371926-a	unsusceptible	12	4.14	2.99	immune	6	12	0.5	0	0	7
oewn-02041275-a	horned	10	3.79	2.99	horny	0	10	0.0	0	0	6
oewn-01554929-a	illicit	5	3.72	2.99	unlawful	5	5	1.0	0	0	3
oewn-00043345-a	inactive	2	3.63	2.99	inactive	2	2	1.0	0	0	2
oewn-02906296-a	bucolic	2	3.54	2.99	pastoral	0	2	0.0	0	0	1
oewn-02892871-a	genital	2	3.45	2.99	genital	0	2	0.0	0	0	1
oewn-02904071-a	fetal	2	3.4	2.99	fetal	0	2	0.0	0	0	1
oewn-02614760-a	adrenal	1	2.99	2.99	adrenal	0	1	0.0	0	0	1
oewn-02614890-a	adrenal	1	2.99	2.99	adrenal	0	1	0.0	0	0	1
oewn-02855158-a	cranial	1	2.99	2.99	cranial	0	1	0.0	0	0	1
oewn-02888049-a	endogenous	1	2.99	2.99	endogenous	0	1	0.0	0	0	1
oewn-03048109-a	eponymous	2	2.99	2.99	eponymous	0	2	0.0	0	0	1
oewn-01477467-a	minuscule	2	2.99	2.99	minuscule	0	2	0.0	0	0	1
oewn-01546238-a	molar	1	2.99	2.99	molar	0	1	0.0	0	0	1
oewn-02911333-a	molar	1	2.99	2.99	molar	0	1	0.0	0	0	1
oewn-02911471-a	molar	1	2.99	2.99	molar	0	1	0.0	0	0	1
oewn-02911797-a	molar	1	2.99	2.99	molar	0	1	0.0	0	0	1
oewn-02920319-a	navigational	1	2.99	2.99	navigational	0	1	0.0	0	0	1
oewn-03101544-a	neolithic	1	2.99	2.99	neolithic	0	1	0.0	0	0	1
oewn-02790337-a	penicillin-resistant	1	2.99	2.99	penicillin-resistant	0	1	0.0	0	0	1
oewn-02879608-a	perceptive	1	2.99	2.99	perceptive	0	1	0.0	0	0	1
oewn-03166154-a	squashed	1	2.99	2.99	squashed	0	1	0.0	0	0	1
oewn-02608757-a	transsexual	1	2.99	2.99	transsexual	0	1	0.0	0	0	1
oewn-00114629-a	angry	27	5.46	2.98	black	16	27	0.59	0	6	12
oewn-02023749-a	rhetorical	20	5.39	2.98	large	12	20	0.6	0	0	9
oewn-01597049-a	lowborn	13	5.2	2.98	common	7	13	0.54	0	0	5
oewn-00862104-a	empirical	13	5.12	2.98	data-based	4	14	0.29	0	0	8
oewn-01729926-a	passionate	21	4.8	2.98	wild	5	21	0.24	0	0	8
oewn-02456417-a	tough	9	4.77	2.98	tough	3	9	0.33	0	0	4
oewn-02703361-a	chemical	2	4.57	2.98	chemical	0	2	0.0	0	0	1
oewn-02825392-a	thermal	3	4.04	2.98	thermal	0	3	0.0	0	0	1
oewn-01981804-a	unrelated	4	3.8	2.98	unrelated	1	4	0.25	0	0	4
oewn-02382167-a	asymmetrical	6	3.14	2.98	asymmetric	2	6	0.33	0	0	4
oewn-02871478-a	pectoral	2	3.05	2.98	thoracic	0	2	0.0	0	0	1
oewn-02686183-a	caloric	1	2.98	2.98	caloric	0	1	0.0	0	0	1
oewn-03001069-a	experiential	1	2.98	2.98	experiential	0	1	0.0	0	0	1
oewn-02897933-a	lexical	1	2.98	2.98	lexical	0	1	0.0	0	0	1
oewn-02898173-a	lexical	1	2.98	2.98	lexical	0	1	0.0	0	0	1
oewn-03119449-a	quadratic	1	2.98	2.98	quadratic	0	1	0.0	0	0	1
oewn-02807124-a	senatorial	1	2.98	2.98	senatorial	0	1	0.0	0	0	1
oewn-00235698-a	unidirectional	4	5.88	2.97	one-way	0	4	0.0	0	0	4
oewn-00496952-a	communicative	30	5.08	2.97	sign	8	33	0.24	0	0	19
oewn-02182456-a	simple	7	5.08	2.97	simple	1	7	0.14	0	0	5
oewn-00790691-a	domineering	19	4.4	2.97	high-handed	5	19	0.26	0	6	7
oewn-02518824-a	ventilated	5	3.85	2.97	aired	1	5	0.2	0	0	4
oewn-01366529-a	joyful	3	3.4	2.97	joyful	3	3	1.0	0	0	3
oewn-01766383-a	admissible	5	3.2	2.97	permissible	2	5	0.4	0	0	4
oewn-02754704-a	humanist	2	3.07	2.97	humanist	0	2	0.0	0	0	1
oewn-02754522-a	humanistic	2	3.07	2.97	humanist	0	2	0.0	0	0	1
oewn-00069669-a	anaerobic	2	2.97	2.97	anaerobic	2	2	1.0	0	0	1
oewn-00070036-a	anaerobic	1	2.97	2.97	anaerobic	1	1	1.0	0	0	1
oewn-02987585-a	carnal	1	2.97	2.97	carnal	0	1	0.0	0	0	1
oewn-02990180-a	circadian	1	2.97	2.97	circadian	0	1	0.0	0	0	1
oewn-02797373-a	radial-ply	1	2.97	2.97	radial-ply	0	1	0.0	0	0	1
oewn-02802662-a	sapiens	1	2.97	2.97	sapiens	0	1	0.0	0	0	1
oewn-02520120-a	vertebrate	1	2.97	2.97	vertebrate	0	1	0.0	0	0	1
oewn-01244974-a	hospitable	3	5.45	2.96	kind	3	3	1.0	0	0	2
oewn-00693335-a	deep	11	5.08	2.96	walk-in	5	11	0.45	0	0	6
oewn-00437207-a	confused	25	4.94	2.96	stupid	5	26	0.19	0	0	10
oewn-01826365-a	negative	2	4.79	2.96	negative	2	2	1.0	0	0	1
oewn-00577581-a	liberal	11	4.66	2.96	liberal	2	11	0.18	0	0	7
oewn-01883056-a	regressive	9	4.49	2.96	returning	4	9	0.44	0	0	5
oewn-01490545-a	mismatched	9	4.42	2.96	odd	5	9	0.56	0	0	3
oewn-01523367-a	mitigated	8	4.28	2.96	satisfied	4	8	0.5	0	0	4
oewn-01292352-a	unimproved	4	4.24	2.96	dirt	3	4	0.75	0	0	3
oewn-02057338-a	oblate	2	3.72	2.96	pumpkin-shaped	2	2	1.0	0	0	1
oewn-01741490-a	impatient	3	3.55	2.96	impatient	3	3	1.0	0	0	3
oewn-02497796-a	upmarket	2	3.29	2.96	upscale	2	2	1.0	0	0	2
oewn-01045163-a	unforgiving	4	3.0	2.96	vengeful	1	4	0.25	0	0	2
oewn-01628584-a	unoccupied	2	2.99	2.96	relinquished	1	2	0.5	0	0	2
oewn-02658202-a	atrial	1	2.96	2.96	atrial	0	1	0.0	0	0	1
oewn-03159292-a	avenged	1	2.96	2.96	avenged	0	1	0.0	0	0	1
oewn-03103454-a	azotic	3	2.96	2.96	nitrous	0	3	0.0	0	0	1
oewn-02677139-a	bionic	1	2.96	2.96	bionic	0	1	0.0	0	0	1
oewn-02452073-a	bottomless	1	2.96	2.96	bottomless	0	1	0.0	0	0	1
oewn-02752551-a	hexangular	2	2.96	2.96	hexagonal	0	2	0.0	0	0	1
oewn-01884018-a	regressive	1	2.96	2.96	regressive	0	1	0.0	0	0	1
oewn-02822486-a	tensile	1	2.96	2.96	tensile	0	1	0.0	0	0	1
oewn-00560599-a	confined	12	5.36	2.95	close	5	12	0.42	0	0	8
oewn-02535365-a	invulnerable	17	5.22	2.95	strong	6	17	0.35	0	0	9
oewn-01775427-a	dissuasive	7	4.59	2.95	warning	6	7	0.86	0	0	3
oewn-01837191-a	planted	13	4.37	2.95	soil-building	1	13	0.08	0	0	8
oewn-00735481-a	nonaligned	2	4.24	2.95	neutral	2	2	1.0	0	0	2
oewn-01231403-a	hopeful	4	3.79	2.95	hopeful	4	4	1.0	0	0	2
oewn-02890942-a	papal	4	3.4	2.95	papal	0	4	0.0	0	0	1
oewn-00948720-a	bowed	2	3.33	2.95	bowed	0	2	0.0	0	0	2
oewn-03160735-a	elapsed	1	2.95	2.95	elapsed	0	1	0.0	0	0	1
oewn-02928043-a	geriatric	1	2.95	2.95	geriatric	0	1	0.0	0	0	1
oewn-00270352-a	noncrystalline	4	2.95	2.95	amorphous	4	4	1.0	0	0	2
oewn-03124657-a	sabbatical	2	2.95	2.95	sabbatical	0	2	0.0	0	0	1
oewn-03124535-a	sabbatical	1	2.95	2.95	sabbatical	0	1	0.0	0	0	1
oewn-00866904-a	salaried	1	2.95	2.95	salaried	0	1	0.0	0	0	1
oewn-02944641-a	testicular	1	2.95	2.95	testicular	0	1	0.0	0	0	1
oewn-02828472-a	topological	2	2.95	2.95	topological	0	2	0.0	0	0	1
oewn-00856955-a	emotional	36	5.75	2.94	little	14	36	0.39	0	0	15
oewn-00253820-a	bound	13	4.47	2.94	tied	0	13	0.0	0	0	8
oewn-00268011-a	breast-fed	3	4.12	2.94	breast-fed	0	3	0.0	0	0	2
oewn-00176789-a	sonic	2	3.93	2.94	sonic	0	2	0.0	0	0	1
oewn-00734175-a	partisan	5	3.81	2.94	partisan	0	5	0.0	0	0	3
oewn-02383482-a	sympathetic	5	3.81	2.94	sympathetic	3	5	0.6	0	0	4
oewn-00516321-a	compressible	2	3.62	2.94	compressed	1	2	0.5	0	0	2
oewn-00735987-a	prescriptive	2	3.1	2.94	normative	2	2	1.0	0	0	1
oewn-02006866-a	unresponsive	2	2.99	2.94	unresponsive	2	2	1.0	0	0	2
oewn-03166997-a	closed-captioned	1	2.94	2.94	closed-captioned	0	1	0.0	0	0	1
oewn-02967917-a	communicative	1	2.94	2.94	communicative	0	1	0.0	0	0	1
oewn-02601821-a	faceted	1	2.94	2.94	faceted	0	1	0.0	0	0	1
oewn-03111936-a	pituitary	1	2.94	2.94	pituitary	0	1	0.0	0	0	1
oewn-01839839-a	potted	1	2.94	2.94	potted	0	1	0.0	0	0	1
oewn-02798564-a	recombinant	1	2.94	2.94	recombinant	0	1	0.0	0	0	1
oewn-00462419-a	saddled	1	2.94	2.94	saddled	0	1	0.0	0	0	1
oewn-01664300-a	untapped	1	2.94	2.94	untapped	1	1	1.0	0	0	1
oewn-02393670-a	tall	16	5.81	2.93	long	3	18	0.17	0	0	9
oewn-00144185-a	unarmed	6	4.97	2.93	clean	1	6	0.17	0	0	5
oewn-01345607-a	uninterested	8	4.2	2.93	bored	4	8	0.5	0	0	5
oewn-02659097-a	audiovisual	1	2.93	2.93	audiovisual	0	1	0.0	0	0	1
oewn-02437878-a	combed	1	2.93	2.93	combed	1	1	1.0	0	0	1
oewn-02099131-a	denominational	1	2.93	2.93	denominational	0	1	0.0	0	0	1
oewn-02721561-a	denominational	1	2.93	2.93	denominational	0	1	0.0	0	0	1
oewn-02721717-a	denominational	1	2.93	2.93	denominational	0	1	0.0	0	0	1
oewn-03017733-a	doctrinal	1	2.93	2.93	doctrinal	0	1	0.0	0	0	1
oewn-03017897-a	dogmatic	1	2.93	2.93	dogmatic	0	1	0.0	0	0	1
oewn-03073387-a	dogmatic	1	2.93	2.93	dogmatic	0	1	0.0	0	0	1
oewn-01212972-a	floored	1	2.93	2.93	floored	0	1	0.0	0	0	1
oewn-03024637-a	myocardial	1	2.93	2.93	myocardial	0	1	0.0	0	0	1
oewn-02923696-a	operatic	1	2.93	2.93	operatic	0	1	0.0	0	0	1
oewn-02956714-a	perceptual	1	2.93	2.93	perceptual	0	1	0.0	0	0	1
oewn-03146439-a	scalar	1	2.93	2.93	scalar	0	1	0.0	0	0	1
oewn-03146647-a	scalar	1	2.93	2.93	scalar	0	1	0.0	0	0	1
oewn-02264624-a	sleeved	1	2.93	2.93	sleeved	1	1	1.0	0	0	1
oewn-02652685-a	venous	1	2.93	2.93	venous	0	1	0.0	0	0	1
oewn-02834498-a	ventricular	1	2.93	2.93	ventricular	0	1	0.0	0	0	1
oewn-01021330-a	unfit	38	5.72	2.92	game	25	38	0.66	0	0	14
oewn-00666454-a	cut	6	5.24	2.92	cut	1	6	0.17	0	0	5
oewn-01521164-a	military	5	5.2	2.92	military	0	5	0.0	0	0	5
oewn-01634178-a	defensive	6	4.38	2.92	defensive	0	6	0.0	0	0	6
oewn-01768325-a	preventive	19	3.97	2.92	frustrating	8	19	0.42	0	0	9
oewn-00636902-a	corrected	4	3.95	2.92	corrected	2	4	0.5	0	0	4
oewn-02932082-a	fascist	2	3.79	2.92	fascist	0	2	0.0	0	0	1
oewn-02851951-a	spatial	2	3.76	2.92	spatial	0	2	0.0	0	0	1
oewn-01381804-a	ununderstood	5	3.61	2.92	misunderstood	3	5	0.6	0	0	5
oewn-02263838-a	seedless	3	3.57	2.92	seeded	1	3	0.33	0	0	3
oewn-01257856-a	summery	5	3.52	2.92	summer-flowering	0	5	0.0	0	0	3
oewn-02120256-a	sanitary	4	3.37	2.92	sanitary	4	4	1.0	0	0	2
oewn-01763446-a	reversible	3	3.32	2.92	reversible	3	3	1.0	0	0	3
oewn-00757628-a	diligent	7	3.29	2.92	hardworking	1	7	0.14	0	0	3
oewn-03064449-a	carboniferous	1	2.92	2.92	carboniferous	0	1	0.0	0	0	1
oewn-02956997-a	epileptic	1	2.92	2.92	epileptic	0	1	0.0	0	0	1
oewn-01774089-a	impersonal	2	2.92	2.92	impersonal	1	2	0.5	0	0	2
oewn-00576415-a	priestly	2	2.92	2.92	priestly	0	2	0.0	0	0	1
oewn-01971758-a	printable	1	2.92	2.92	printable	1	1	1.0	0	0	1
oewn-02602711-a	retroactive	1	2.92	2.92	retroactive	0	1	0.0	0	0	1
oewn-02844216-a	vegetative	2	2.92	2.92	vegetative	0	2	0.0	0	0	1
oewn-00800854-a	intoxicated	49	5.75	2.91	high	8	49	0.16	0	0	11
oewn-02239996-a	fine	15	5.51	2.91	small	3	16	0.19	0	0	9
oewn-02238735-a	coarse	15	5.48	2.91	open	4	16	0.25	0	0	6
oewn-01840022-a	practical	13	5.45	2.91	working	5	13	0.38	0	0	9
oewn-01504792-a	melodious	15	4.91	2.91	sweet	9	15	0.6	0	0	6
oewn-00967279-a	fallible	7	4.66	2.91	weak	7	7	1.0	0	0	5
oewn-02051318-a	rounded	61	4.42	2.91	ear-like	16	61	0.26	0	0	28
oewn-00255923-a	tangled	14	4.4	2.91	thrown	1	14	0.07	0	0	8
oewn-00147263-a	unarmed	3	3.72	2.91	unarmed	3	3	1.0	0	0	2
oewn-03029625-a	topographical	2	3.02	2.91	topographic	0	2	0.0	0	0	1
oewn-01632017-a	savory	2	3.0	2.91	savory	2	2	1.0	0	0	1
oewn-03020524-a	celiac	1	2.91	2.91	celiac	0	1	0.0	0	0	1
oewn-00410827-a	chromatic	1	2.91	2.91	chromatic	0	1	0.0	0	0	1
oewn-02968169-a	chromatic	1	2.91	2.91	chromatic	0	1	0.0	0	0	1
oewn-02723414-a	dictatorial	1	2.91	2.91	dictatorial	0	1	0.0	0	0	1
oewn-02759529-a	inertial	1	2.91	2.91	inertial	0	1	0.0	0	0	1
oewn-01970617-a	irreparable	1	2.91	2.91	irreparable	1	1	1.0	0	0	1
oewn-02859672-a	lactic	1	2.91	2.91	lactic	0	1	0.0	0	0	1
oewn-03025679-a	larval	1	2.91	2.91	larval	0	1	0.0	0	0	1
oewn-00797543-a	recessive	1	2.91	2.91	recessive	1	1	1.0	0	0	1
oewn-02846772-a	relativistic	1	2.91	2.91	relativistic	0	1	0.0	0	0	1
oewn-02847046-a	relativistic	1	2.91	2.91	relativistic	0	1	0.0	0	0	1
oewn-02286591-a	spineless	1	2.91	2.91	spineless	0	1	0.0	0	0	1
oewn-00808072-a	uneventful	1	2.91	2.91	uneventful	0	1	0.0	0	0	1
oewn-00998229-a	unfathomable	2	2.91	2.91	unfathomable	1	2	0.5	0	0	2
oewn-00473956-a	unreported	1	2.91	2.91	unreported	0	1	0.0	0	0	1
oewn-02537893-a	unwanted	19	6.38	2.9	out of it	11	19	0.58	0	0	11
oewn-00884977-a	decreased	18	5.51	2.9	small	6	20	0.3	0	0	11
oewn-00890354-a	unenthusiastic	6	5.02	2.9	cold	6	6	1.0	0	0	3
oewn-01037678-a	native	4	4.69	2.9	native	0	4	0.0	0	0	2
oewn-00899848-a	unequivocal	6	4.54	2.9	absolute	2	6	0.33	0	0	4
oewn-00548866-a	concise	19	4.52	2.9	brief	8	19	0.42	0	0	9
oewn-00170426-a	unattractive	6	4.43	2.9	plain	1	6	0.17	0	1	4
oewn-03030011-a	taxonomic	3	3.87	2.9	systematic	0	3	0.0	0	0	1
oewn-01353522-a	introspective	3	3.85	2.9	self-examining	0	3	0.0	0	0	1
oewn-01641326-a	unconditioned	4	3.75	2.9	naive	4	4	1.0	0	0	2
oewn-00417934-a	unclassified	4	3.27	2.9	unrestricted	3	4	0.75	0	0	3
oewn-02261145-a	gregarious	2	3.09	2.9	clustered	1	2	0.5	0	0	2
oewn-02691878-a	carotid	1	2.9	2.9	carotid	0	1	0.0	0	0	1
oewn-01299391-a	inductive	1	2.9	2.9	inductive	0	1	0.0	0	0	1
oewn-02759193-a	inductive	1	2.9	2.9	inductive	0	1	0.0	0	0	1
oewn-02878524-a	messianic	1	2.9	2.9	messianic	0	1	0.0	0	0	1
oewn-02944763-a	rectal	1	2.9	2.9	rectal	0	1	0.0	0	0	1
oewn-02935599-a	sculptural	1	2.9	2.9	sculptural	0	1	0.0	0	0	1
oewn-03148928-a	servomechanical	2	2.9	2.9	servo	0	2	0.0	0	0	1
oewn-02827279-a	titular	2	2.9	2.9	titular	0	2	0.0	0	0	1
oewn-02826782-a	titular	1	2.9	2.9	titular	0	1	0.0	0	0	1
oewn-02826937-a	titular	1	2.9	2.9	titular	0	1	0.0	0	0	1
oewn-02827137-a	titular	1	2.9	2.9	titular	0	1	0.0	0	0	1
oewn-02828735-a	torrential	1	2.9	2.9	torrential	0	1	0.0	0	0	1
oewn-01243464-a	running	7	5.23	2.89	running	0	7	0.0	0	0	3
oewn-00655714-a	crossed	6	4.8	2.89	cross-town	0	6	0.0	0	0	3
oewn-02451478-a	bottomed	7	4.66	2.89	round-bottom	1	7	0.14	0	0	4
oewn-00263395-a	dolichocephalic	4	4.53	2.89	long-headed	0	4	0.0	0	0	2
oewn-01102928-a	unfueled	3	4.15	2.89	self-sustained	2	3	0.67	0	0	3
oewn-01362459-a	ironed	4	4.12	2.89	pressed	2	4	0.5	0	0	3
oewn-02443844-a	tolerable	7	3.99	2.89	resistant	6	7	0.86	0	0	3
oewn-00511302-a	miscible	3	3.97	2.89	compatible	3	3	1.0	0	0	2
oewn-00699967-a	compliant	5	3.42	2.89	compliant	5	5	1.0	0	0	4
oewn-02261720-a	seamed	5	3.22	2.89	stitched	1	5	0.2	0	0	3
oewn-02842864-a	amphibious	2	3.06	2.89	amphibious	0	2	0.0	0	0	1
oewn-02844758-a	antibacterial	1	2.89	2.89	antibacterial	1	1	1.0	0	0	1
oewn-02882753-a	diocesan	1	2.89	2.89	diocesan	0	1	0.0	0	0	1
oewn-02736753-a	femoral	1	2.89	2.89	femoral	0	1	0.0	0	0	1
oewn-00493794-a	hydrophobic	1	2.89	2.89	hydrophobic	1	1	1.0	0	0	1
oewn-01491429-a	immaterial	1	2.89	2.89	immaterial	1	1	1.0	0	0	1
oewn-02549370-a	inflationary	1	2.89	2.89	inflationary	0	1	0.0	0	0	1
oewn-02763559-a	jihadi	1	2.89	2.89	jihadi	0	1	0.0	0	0	1
oewn-01374696-a	keyed	1	2.89	2.89	keyed	1	1	1.0	0	0	1
oewn-02264794-a	sleeveless	1	2.89	2.89	sleeveless	0	1	0.0	0	0	1
oewn-00104495-a	unambiguous	2	2.89	2.89	unambiguous	1	2	0.5	0	0	2
oewn-01215869-a	high	22	5.75	2.88	high	6	24	0.25	0	0	13
oewn-02420960-a	thin	34	5.67	2.88	see-through	2	34	0.06	0	0	17
oewn-02388163-a	asynchronous	12	5.35	2.88	in series	5	12	0.42	0	0	5
oewn-01339540-a	unintelligent	4	4.94	2.88	stupid	2	4	0.5	0	0	2
oewn-02470951-a	false	6	4.63	2.88	false	6	6	1.0	0	0	5
oewn-01750363-a	unperceptive	6	4.52	2.88	blind	1	6	0.17	0	0	4
oewn-00296523-a	bony	6	4.47	2.88	bone	2	6	0.33	0	0	5
oewn-01635891-a	apologetic	6	4.38	2.88	defensive	3	6	0.5	0	0	3
oewn-02908041-a	documentary	2	4.31	2.88	documentary	0	2	0.0	0	0	1
oewn-00045781-a	virulent	3	4.16	2.88	deadly	2	3	0.67	0	0	3
oewn-02160887-a	shaven	7	3.66	2.88	shaved	0	7	0.0	0	0	3
oewn-00720861-a	undemocratic	11	3.59	2.88	authoritarian	1	12	0.08	0	0	5
oewn-01451347-a	constricted	5	3.43	2.88	narrowed	1	5	0.2	0	0	4
oewn-02710260-a	collegiate	2	3.41	2.88	collegiate	0	2	0.0	0	0	1
oewn-02872295-a	pathological	2	3.36	2.88	pathological	0	2	0.0	0	0	1
oewn-01728765-a	passable	5	3.22	2.88	negotiable	1	5	0.2	0	0	4
oewn-00642864-a	courteous	4	3.21	2.88	gallant	1	4	0.25	0	0	2
oewn-01198884-a	disabling	2	3.18	2.88	disabling	0	2	0.0	0	0	1
oewn-00946057-a	unexploited	4	3.11	2.88	undeveloped	3	4	0.75	0	0	3
oewn-00250299-a	bloodless	3	3.06	2.88	nonviolent	0	3	0.0	0	0	2
oewn-01965469-a	unregistered	2	3.03	2.88	unregistered	1	2	0.5	0	0	2
oewn-02389387-a	asynchronous	1	2.88	2.88	asynchronous	0	1	0.0	0	0	1
oewn-02681277-a	breech-loading	1	2.88	2.88	breech-loading	0	1	0.0	0	0	1
oewn-02685792-a	calico	1	2.88	2.88	calico	1	1	1.0	0	0	1
oewn-02938171-a	capillary	1	2.88	2.88	capillary	0	1	0.0	0	0	1
oewn-02728520-a	electrochemical	1	2.88	2.88	electrochemical	0	1	0.0	0	0	1
oewn-02740401-a	flowery	1	2.88	2.88	flowery	0	1	0.0	0	0	1
oewn-01489634-a	neuter	1	2.88	2.88	neuter	0	1	0.0	0	0	1
oewn-02797568-a	radiological	1	2.88	2.88	radiological	0	1	0.0	0	0	1
oewn-02798829-a	refractive	2	2.88	2.88	refractive	2	2	1.0	0	0	1
oewn-00199039-a	unreassuring	2	2.88	2.88	worrisome	2	2	1.0	0	0	1
oewn-02267423-a	unsold	1	2.88	2.88	unsold	1	1	1.0	0	0	1
oewn-01846281-a	retarded	14	5.08	2.87	simple	7	14	0.5	0	0	7
oewn-01211675-a	necked	7	4.98	2.87	low-cut	3	7	0.43	0	0	5
oewn-02259926-a	unaccompanied	4	4.61	2.87	solo	1	4	0.25	0	0	3
oewn-01988764-a	representative	7	4.57	2.87	representative	0	7	0.0	0	0	3
oewn-02455719-a	tender	9	4.09	2.87	tender	1	9	0.11	0	0	5
oewn-00551001-a	prolix	12	3.91	2.87	verbal	1	12	0.08	0	0	4
oewn-02854380-a	bridal	3	3.5	2.87	bridal	0	3	0.0	0	0	1
oewn-00088039-a	agitated	12	3.47	2.87	stirred	2	13	0.15	0	0	7
oewn-00961901-a	inequitable	2	3.43	2.87	unjust	2	2	1.0	0	0	1
oewn-00962920-a	unfaithful	6	3.41	2.87	untrue	6	6	1.0	0	0	4
oewn-02752412-a	hexadecimal	2	3.31	2.87	hex	0	2	0.0	0	0	1
oewn-02873533-a	possessive	2	3.17	2.87	possessive	0	2	0.0	0	0	1
oewn-00228595-a	malign	2	3.15	2.87	cancerous	2	2	1.0	0	0	2
oewn-03017634-a	alluvial	1	2.87	2.87	alluvial	0	1	0.0	0	0	1
oewn-02962902-a	circulative	2	2.87	2.87	circulatory	0	2	0.0	0	0	1
oewn-02962643-a	circulatory	1	2.87	2.87	circulatory	0	1	0.0	0	0	1
oewn-02497396-a	climactic	1	2.87	2.87	climactic	1	1	1.0	0	0	1
oewn-02812787-a	spousal	1	2.87	2.87	spousal	0	1	0.0	0	0	1
oewn-02525399-a	visible	18	5.19	2.86	in view	3	18	0.17	0	0	11
oewn-02443423-a	rested	8	4.83	2.86	fresh	5	8	0.62	0	0	3
oewn-01062553-a	bound	3	4.46	2.86	bound	0	5	0.0	0	0	3
oewn-01824496-a	neutral	4	4.24	2.86	neutral	4	4	1.0	0	0	3
oewn-00509376-a	compatible	4	3.97	2.86	compatible	4	4	1.0	0	0	4
oewn-02674920-a	billiard	1	2.86	2.86	billiard	0	1	0.0	0	0	1
oewn-02860252-a	intergalactic	1	2.86	2.86	intergalactic	0	1	0.0	0	0	1
oewn-03109948-a	pentecostal	1	2.86	2.86	pentecostal	0	1	0.0	0	0	1
oewn-03110085-a	pentecostal	1	2.86	2.86	pentecostal	0	1	0.0	0	0	1
oewn-03164588-a	preconceived	1	2.86	2.86	preconceived	1	1	1.0	0	0	1
oewn-03114328-a	probabilistic	1	2.86	2.86	probabilistic	0	1	0.0	0	0	1
oewn-03114515-a	probabilistic	1	2.86	2.86	probabilistic	0	1	0.0	0	0	1
oewn-02499423-a	unguiculate	4	2.86	2.86	clawed	0	4	0.0	0	0	3
oewn-01667514-a	unopposed	1	2.86	2.86	unopposed	1	1	1.0	0	0	1
oewn-01765698-a	impermissible	10	6.38	2.85	out	2	10	0.2	0	0	4
oewn-01438878-a	short	16	5.36	2.85	close	1	17	0.06	0	0	12
oewn-01907027-a	unpunctual	8	5.34	2.85	late	0	8	0.0	0	0	5
oewn-02590887-a	worn	43	5.34	2.85	run-down	21	44	0.48	0	9	24
oewn-00585590-a	constant	7	4.54	2.85	constant	6	7	0.86	0	0	4
oewn-00765898-a	indirect	16	4.0	2.85	indirect	2	16	0.12	0	0	5
oewn-00807541-a	dull	2	3.94	2.85	dull	0	2	0.0	0	0	2
oewn-02817730-a	symbolic	2	3.86	2.85	symbolic	0	2	0.0	0	0	1
oewn-02776278-a	missionary	2	3.83	2.85	missionary	0	2	0.0	0	0	1
oewn-02104039-a	insured	2	3.69	2.85	insured	2	2	1.0	0	0	2
oewn-03103319-a	nitrogenous	2	3.63	2.85	nitrogen-bearing	0	2	0.0	0	0	1
oewn-02910738-a	ecclesiastical	2	3.49	2.85	ecclesiastical	0	2	0.0	0	0	1
oewn-02624611-a	alphabetic	2	3.22	2.85	alphabetical	0	2	0.0	0	0	1
oewn-02908776-a	anatomic	2	3.21	2.85	anatomical	0	2	0.0	0	0	1
oewn-02908982-a	anatomic	2	3.21	2.85	anatomical	0	2	0.0	0	0	1
oewn-00545173-a	concentric	5	2.92	2.85	concentric	0	5	0.0	0	0	2
oewn-02626762-a	ambulatory	1	2.85	2.85	ambulatory	0	1	0.0	0	0	1
oewn-02691317-a	carnivorous	1	2.85	2.85	carnivorous	0	1	0.0	0	0	1
oewn-02968298-a	chromosomal	1	2.85	2.85	chromosomal	0	1	0.0	0	0	1
oewn-02715422-a	corinthian	1	2.85	2.85	corinthian	0	1	0.0	0	0	1
oewn-02855933-a	corinthian	1	2.85	2.85	corinthian	0	1	0.0	0	0	1
oewn-02776502-a	monoclonal	1	2.85	2.85	monoclonal	0	1	0.0	0	0	1
oewn-02799076-a	refractory-lined	1	2.85	2.85	refractory-lined	0	1	0.0	0	0	1
oewn-01191154-a	weighty	1	2.85	2.85	weighty	1	1	1.0	0	0	1
oewn-01078338-a	friendly	22	5.42	2.84	social	15	22	0.68	0	7	9
oewn-00914441-a	uneven	20	5.4	2.84	out of true	9	20	0.45	0	0	11
oewn-00242009-a	binaural	6	4.83	2.84	two-channel	1	6	0.17	0	0	3
oewn-00686021-a	hearing	3	4.82	2.84	hearing	2	3	0.67	0	0	2
oewn-00242448-a	monaural	5	4.74	2.84	single-channel	0	5	0.0	0	0	3
oewn-02386219-a	synchronous	19	4.49	2.84	contemporary	0	21	0.0	0	0	8
oewn-02607322-a	unshelled	2	4.36	2.84	shell-less	2	2	1.0	0	0	1
oewn-00166125-a	inattentive	15	3.98	2.84	absent	8	15	0.53	0	0	6
oewn-02019600-a	irreverent	7	3.64	2.84	disrespectful	7	7	1.0	0	0	3
oewn-03005956-a	locomotive	2	3.5	2.84	locomotive	0	2	0.0	0	0	1
oewn-00046893-a	maladaptive	4	3.36	2.84	dysfunctional	0	4	0.0	0	0	3
oewn-00815739-a	eared	7	2.84	2.84	eared	3	7	0.43	0	0	6
oewn-02916363-a	earthen	1	2.84	2.84	earthen	0	1	0.0	0	0	1
oewn-91000271-a	flappy	1	2.84	2.84	flappy	0	1	0.0	0	0	1
oewn-01548514-a	monogamous	4	2.84	2.84	monogamous	0	4	0.0	0	0	3
oewn-02922659-a	parametric	1	2.84	2.84	parametric	0	1	0.0	0	0	1
oewn-03033207-a	shouldered	1	2.84	2.84	shouldered	0	1	0.0	0	0	1
oewn-03013548-a	symphonic	1	2.84	2.84	symphonic	0	1	0.0	0	0	1
oewn-03160498-a	uncontested	1	2.84	2.84	uncontested	1	1	1.0	0	0	1
oewn-00704924-a	indefinite	7	6.47	2.83	one	3	7	0.43	0	0	6
oewn-01199079-a	helpful	20	5.3	2.83	right-hand	10	20	0.5	0	0	14
oewn-00245359-a	brunet	18	5.04	2.83	dark	2	18	0.11	0	0	9
oewn-01900483-a	unproved	4	4.87	2.83	on trial	0	4	0.0	0	0	3
oewn-02548215-a	increasing	3	4.68	2.83	increasing	0	3	0.0	0	0	3
oewn-01144030-a	awkward	12	4.33	2.83	wooden	6	12	0.5	0	0	5
oewn-01035697-a	toed	7	4.06	2.83	two-toe	2	7	0.29	0	0	4
oewn-00850938-a	optional	6	3.91	2.83	optional	3	6	0.5	0	0	4
oewn-02273647-a	insoluble	4	3.43	2.83	non-water-soluble	2	4	0.5	0	0	2
oewn-01111666-a	decentralized	7	3.4	2.83	localized	0	7	0.0	0	0	4
oewn-00789239-a	indivisible	5	3.13	2.83	inseparable	5	5	1.0	0	0	4
oewn-02520331-a	invertebrate	2	2.91	2.83	spineless	2	2	1.0	0	0	1
oewn-00093544-a	algorithmic	2	2.9	2.83	recursive	0	2	0.0	0	0	2
oewn-02887011-a	cutaneous	3	2.86	2.83	cutaneous	0	3	0.0	0	0	1
oewn-00078057-a	aground	1	2.83	2.83	aground	0	1	0.0	0	0	1
oewn-02616370-a	antiviral	1	2.83	2.83	antiviral	1	1	1.0	0	0	1
oewn-00688760-a	indecisive	1	2.83	2.83	indecisive	0	1	0.0	0	0	1
oewn-03109709-a	peninsular	1	2.83	2.83	peninsular	0	1	0.0	0	0	1
oewn-02949698-a	scriptural	1	2.83	2.83	scriptural	0	1	0.0	0	0	1
oewn-02283837-a	effervescent	13	4.62	2.82	charged	8	13	0.62	0	0	5
oewn-01340074-a	unintelligible	3	4.46	2.82	thick	1	3	0.33	0	0	2
oewn-02283378-a	unsound	5	3.81	2.82	rotten	4	5	0.8	0	0	3
oewn-01416084-a	probable	4	3.79	2.82	probable	2	4	0.5	0	0	4
oewn-00252675-a	timid	9	3.58	2.82	fearful	5	9	0.56	0	0	6
oewn-01757867-a	perishable	6	2.84	2.82	biodegradable	6	6	1.0	0	0	3
oewn-02759609-a	infantile	1	2.82	2.82	infantile	0	1	0.0	0	0	1
oewn-02790117-a	interplanetary	1	2.82	2.82	interplanetary	0	1	0.0	0	0	1
oewn-02841916-a	lymphatic	1	2.82	2.82	lymphatic	0	1	0.0	0	0	1
oewn-02877560-a	mercurial	1	2.82	2.82	mercurial	0	1	0.0	0	0	1
oewn-02789246-a	pilar	1	2.82	2.82	pilar	0	1	0.0	0	0	1
oewn-02183738-a	complex	24	5.1	2.81	involved	14	27	0.52	0	0	14
oewn-00425527-a	clean	3	4.97	2.81	clean	2	3	0.67	0	0	2
oewn-00327929-a	cellular	12	4.86	2.81	cell-like	0	12	0.0	0	0	6
oewn-00052912-a	adhesive	26	4.76	2.81	stick-on	7	28	0.25	0	0	14
oewn-01790642-a	patterned	73	4.54	2.81	checked	12	73	0.16	0	0	44
oewn-01718969-a	painted	2	4.35	2.81	painted	1	2	0.5	0	0	2
oewn-02574457-a	unwieldy	8	4.29	2.81	awkward	4	8	0.5	0	0	3
oewn-01855216-a	pretentious	25	4.25	2.81	jumped-up	17	25	0.68	0	0	10
oewn-00334249-a	afferent	6	3.68	2.81	sensory	0	6	0.0	0	0	3
oewn-00650092-a	incredulous	5	3.68	2.81	skeptical	5	5	1.0	0	0	2
oewn-00151129-a	artless	2	3.6	2.81	careless	1	2	0.5	0	0	2
oewn-00134488-a	appetizing	5	3.55	2.81	mouth-watering	5	5	1.0	0	0	2
oewn-00130539-a	postnatal	2	2.98	2.81	postpartum	0	2	0.0	0	0	1
oewn-01377715-a	unknowable	2	2.95	2.81	transcendent	1	2	0.5	0	0	2
oewn-01787064-a	impious	3	2.82	2.81	irreverent	3	3	1.0	0	0	2
oewn-03055352-a	antiquarian	1	2.81	2.81	antiquarian	0	1	0.0	0	0	1
oewn-03055451-a	antiquarian	1	2.81	2.81	antiquarian	0	1	0.0	0	0	1
oewn-02855463-a	comatose	1	2.81	2.81	comatose	0	1	0.0	0	0	1
oewn-02714981-a	corneal	1	2.81	2.81	corneal	0	1	0.0	0	0	1
oewn-02994529-a	gestational	1	2.81	2.81	gestational	0	1	0.0	0	0	1
oewn-03022172-a	vertebral	1	2.81	2.81	vertebral	0	1	0.0	0	0	1
oewn-01114727-a	generous	20	5.67	2.8	big	12	20	0.6	0	3	5
oewn-02016376-a	reverberant	18	5.54	2.8	live	9	18	0.5	0	0	10
oewn-00172851-a	attributable	7	5.35	2.8	due	5	7	0.71	0	0	4
oewn-00279417-a	bright	62	4.81	2.8	silver	26	62	0.42	0	0	20
oewn-00676724-a	handmade	9	4.76	2.8	camp-made	0	9	0.0	0	0	5
oewn-01319966-a	uninhibited	5	4.4	2.8	abandoned	2	5	0.4	0	0	5
oewn-02115945-a	sensory	2	3.68	2.8	sensory	2	2	1.0	0	0	1
oewn-00934824-a	expedient	7	3.33	2.8	advantageous	2	7	0.29	0	0	4
oewn-02625742-a	alveolar	1	2.8	2.8	alveolar	0	1	0.0	0	0	1
oewn-02625841-a	alveolar	1	2.8	2.8	alveolar	0	1	0.0	0	0	1
oewn-02639228-a	anthropogenetic	2	2.8	2.8	anthropogenic	0	2	0.0	0	0	1
oewn-02713737-a	cosmologic	2	2.8	2.8	cosmological	0	2	0.0	0	0	1
oewn-02887234-a	dermal	2	2.8	2.8	dermal	0	2	0.0	0	0	1
oewn-00440307-a	inclement	1	2.8	2.8	inclement	1	1	1.0	0	0	1
oewn-02840711-a	lingual	1	2.8	2.8	lingual	0	1	0.0	0	0	1
oewn-01394303-a	small	55	5.75	2.79	little	11	55	0.2	0	0	25
oewn-02449153-a	top	6	5.57	2.79	top	0	6	0.0	0	0	4
oewn-00405279-a	colorless	30	5.51	2.79	white	17	32	0.53	0	0	12
oewn-01403340-a	windward	3	4.87	2.79	weather	0	3	0.0	0	0	2
oewn-00660221-a	cubic	16	4.73	2.79	solid	1	16	0.06	0	0	7
oewn-00293477-a	buried	4	4.4	2.79	buried	3	4	0.75	0	0	2
oewn-01466059-a	unloved	15	4.37	2.79	rejected	9	15	0.6	0	0	7
oewn-01847916-a	unpredictable	7	4.12	2.79	occasional	4	7	0.57	0	0	5
oewn-01341768-a	unintended	9	3.82	2.79	accidental	4	9	0.44	0	0	4
oewn-02917791-a	ecological	4	3.78	2.79	ecological	0	4	0.0	0	0	1
oewn-02918091-a	ecological	2	3.78	2.79	ecological	2	2	1.0	0	0	1
oewn-01669060-a	pessimistic	6	3.62	2.79	discouraged	6	6	1.0	0	0	3
oewn-01344043-a	moderating	12	3.4	2.79	weakening	7	12	0.58	0	0	5
oewn-01124416-a	glazed	2	3.34	2.79	glazed	0	2	0.0	0	0	1
oewn-01854283-a	ostentatious	6	3.17	2.79	pretentious	4	6	0.67	0	0	3
oewn-01726274-a	excusable	2	3.14	2.79	justifiable	2	2	1.0	0	0	2
oewn-00988799-a	fastidious	2	2.95	2.79	exacting	0	2	0.0	0	0	1
oewn-01818685-a	politic	3	2.83	2.79	expedient	2	3	0.67	0	0	3
oewn-02950879-a	actuarial	1	2.79	2.79	actuarial	0	1	0.0	0	0	1
oewn-02690595-a	carcinogenic	1	2.79	2.79	carcinogenic	1	1	1.0	0	0	1
oewn-00356893-a	isometric	1	2.79	2.79	isometric	0	1	0.0	0	0	1
oewn-02839687-a	isometric	1	2.79	2.79	isometric	0	1	0.0	0	0	1
oewn-02872491-a	palatine	1	2.79	2.79	palatine	0	1	0.0	0	0	1
oewn-02872572-a	palatine	1	2.79	2.79	palatine	0	1	0.0	0	0	1
oewn-03008412-a	parabolic	2	2.79	2.79	parabolic	2	2	1.0	0	0	1
oewn-02482168-a	submersible	2	2.79	2.79	submersible	2	2	1.0	0	0	1
oewn-03161630-a	surmounted	1	2.79	2.79	surmounted	0	1	0.0	0	0	1
oewn-01636454-a	unapologetic	1	2.79	2.79	unapologetic	1	1	1.0	0	0	1
oewn-00342303-a	uncertain	7	5.37	2.78	up in the air	2	7	0.29	0	0	4
oewn-00332344-a	peripheral	7	5.0	2.78	off-base	0	7	0.0	0	0	5
oewn-00468799-a	collective	12	4.87	2.78	mass	4	12	0.33	0	0	5
oewn-00868658-a	enchanted	18	4.35	2.78	star-struck	7	18	0.39	0	0	5
oewn-00662902-a	unidimensional	2	4.03	2.78	one-dimensional	0	2	0.0	0	0	1
oewn-01198349-a	enabling	4	3.92	2.78	enabling	0	4	0.0	0	0	3
oewn-02164814-a	farsighted	9	3.74	2.78	eagle-eyed	5	9	0.56	0	0	4
oewn-00354307-a	unaltered	10	3.74	2.78	unchanged	3	10	0.3	0	0	6
oewn-01233723-a	institutionalized	2	3.13	2.78	institutionalized	0	2	0.0	0	0	1
oewn-02880379-a	haptic	3	3.1	2.78	tactile	0	3	0.0	0	0	1
oewn-00140180-a	a priori	1	2.78	2.78	a priori	1	1	1.0	0	0	1
oewn-00158655-a	associative	3	2.78	2.78	associative	3	3	1.0	0	0	2
oewn-02659403-a	aural	1	2.78	2.78	aural	0	1	0.0	0	0	1
oewn-02659552-a	aural	1	2.78	2.78	aural	0	1	0.0	0	0	1
oewn-02854701-a	caudal	1	2.78	2.78	caudal	0	1	0.0	0	0	1
oewn-02717216-a	cryogenic	1	2.78	2.78	cryogenic	0	1	0.0	0	0	1
oewn-02748125-a	grubby	1	2.78	2.78	grubby	1	1	1.0	0	0	1
oewn-01222723-a	homologous	1	2.78	2.78	homologous	0	1	0.0	0	0	1
oewn-02839449-a	interstitial	1	2.78	2.78	interstitial	0	1	0.0	0	0	1
oewn-02863641-a	jugular	1	2.78	2.78	jugular	0	1	0.0	0	0	1
oewn-01708526-a	lipped	7	2.78	2.78	lipped	1	7	0.14	0	0	5
oewn-01656475-a	onside	1	2.78	2.78	onside	0	1	0.0	0	0	1
oewn-02907474-a	parietal	1	2.78	2.78	parietal	0	1	0.0	0	0	1
oewn-03165266-a	regenerating	1	2.78	2.78	regenerating	0	1	0.0	0	0	1
oewn-00910883-a	flattering	6	4.81	2.77	becoming	6	7	0.86	0	0	4
oewn-01545800-a	unmodulated	5	4.72	2.77	flat	1	5	0.2	0	0	2
oewn-00179263-a	unpropitious	5	4.72	2.77	ill	5	5	1.0	0	0	3
oewn-02951256-a	rotatory	2	4.17	2.77	revolutionary	2	2	1.0	0	0	1
oewn-00919820-a	convertible	4	3.55	2.77	convertible	2	4	0.5	0	0	2
oewn-00562851-a	congenial	2	2.97	2.77	sociable	2	2	1.0	0	0	2
oewn-00935964-a	expendable	3	2.96	2.77	expendable	2	3	0.67	0	0	3
oewn-00703461-a	inflected	2	2.96	2.77	modulated	0	2	0.0	0	0	2
oewn-03116586-a	purgatorial	3	2.94	2.77	purging	3	3	1.0	0	0	1
oewn-01838663-a	plowed	3	2.93	2.77	plowed	2	3	0.67	0	0	2
oewn-01962882-a	recoverable	3	2.8	2.77	recoverable	2	3	0.67	0	0	3
oewn-02921819-a	astrological	1	2.77	2.77	astrological	0	1	0.0	0	0	1
oewn-03067063-a	cockney	1	2.77	2.77	cockney	0	1	0.0	0	0	1
oewn-02725980-a	dynastic	1	2.77	2.77	dynastic	0	1	0.0	0	0	1
oewn-03016547-a	enzymatic	1	2.77	2.77	enzymatic	0	1	0.0	0	0	1
oewn-02733537-a	esophageal	1	2.77	2.77	esophageal	0	1	0.0	0	0	1
oewn-01308747-a	gnostic	1	2.77	2.77	gnostic	0	1	0.0	0	0	1
oewn-01339879-a	intelligible	1	2.77	2.77	intelligible	1	1	1.0	0	0	1
oewn-01704528-a	roofed	1	2.77	2.77	roofed	1	1	1.0	0	0	1
oewn-02810620-a	squint-eyed	1	2.77	2.77	squint-eyed	1	1	1.0	0	0	1
oewn-02294026-a	unvoiced	5	5.53	2.76	hard	1	5	0.2	0	0	2
oewn-02558087-a	wet	39	4.54	2.76	wet	8	43	0.19	0	0	21
oewn-00117340-a	resentful	4	4.21	2.76	bitter	3	4	0.75	0	0	3
oewn-00539559-a	convex	16	4.17	2.76	bell-shaped	2	16	0.12	0	0	9
oewn-02357386-a	superjacent	5	3.77	2.76	incumbent	0	5	0.0	0	0	4
oewn-00875818-a	endothermic	4	3.48	2.76	heat-absorbing	0	4	0.0	0	0	2
oewn-01776577-a	permeable	3	3.37	2.76	porous	0	3	0.0	0	0	3
oewn-01333938-a	integrative	9	3.15	2.76	unifying	0	9	0.0	0	0	5
oewn-01328403-a	edifying	2	3.09	2.76	enlightening	2	2	1.0	0	0	1
oewn-01363329-a	wrinkled	3	3.0	2.76	wrinkled	1	3	0.33	0	0	2
oewn-02629821-a	anabolic	1	2.76	2.76	anabolic	0	1	0.0	0	0	1
oewn-00846453-a	forceless	4	2.76	2.76	wimpy	4	4	1.0	0	0	2
oewn-01247069-a	inhospitable	1	2.76	2.76	inhospitable	1	1	1.0	0	0	1
oewn-01173484-a	inoperable	1	2.76	2.76	inoperable	1	1	1.0	0	0	1
oewn-02914899-a	mucous	2	2.76	2.76	mucous	2	2	1.0	0	0	1
oewn-01036293-a	pigeon-toed	1	2.76	2.76	pigeon-toed	0	1	0.0	0	0	1
oewn-02034525-a	rimmed	3	2.76	2.76	red-rimmed	1	3	0.33	0	0	3
oewn-02950609-a	riparian	1	2.76	2.76	riparian	0	1	0.0	0	0	1
oewn-02498383-a	transitive	1	2.76	2.76	transitive	0	1	0.0	0	0	1
oewn-00273948-a	dark	27	5.46	2.75	black	7	28	0.25	0	0	15
oewn-00074954-a	unaffected	6	5.11	2.75	natural	4	6	0.67	0	0	5
oewn-01402332-a	caulked	4	4.83	2.75	stopped-up	1	4	0.25	0	0	3
oewn-02943260-a	mensural	3	4.25	2.75	measured	0	3	0.0	0	0	1
oewn-03056383-a	arithmetical	2	3.4	2.75	arithmetic	0	2	0.0	0	0	1
oewn-00949706-a	expansive	8	3.38	2.75	expansive	2	8	0.25	0	0	5
oewn-00164255-a	unwary	3	3.1	2.75	gullible	3	3	1.0	0	0	3
oewn-00255018-a	unbound	6	2.89	2.75	unfettered	6	6	1.0	0	0	3
oewn-00297220-a	boneless	3	2.88	2.75	boned	1	3	0.33	0	0	2
oewn-02244389-a	lubricated	2	2.88	2.75	greased	2	2	1.0	0	0	1
oewn-03026168-a	cochlear	1	2.75	2.75	cochlear	0	1	0.0	0	0	1
oewn-02929803-a	mass spectroscopic	1	2.75	2.75	mass spectroscopic	0	1	0.0	0	0	1
oewn-02894030-a	musculoskeletal	1	2.75	2.75	musculoskeletal	0	1	0.0	0	0	1
oewn-00122459-a	postmortem	2	2.75	2.75	postmortem	0	2	0.0	0	0	1
oewn-03114015-a	prismatic	1	2.75	2.75	prismatic	0	1	0.0	0	0	1
oewn-02843343-a	reptilian	1	2.75	2.75	reptilian	0	1	0.0	0	0	1
oewn-03037833-a	saponaceous	2	2.75	2.75	soapy	0	2	0.0	0	0	1
oewn-02929584-a	spectroscopic	2	2.75	2.75	spectroscopic	0	2	0.0	0	0	1
oewn-02821491-a	temperamental	1	2.75	2.75	temperamental	0	1	0.0	0	0	1
oewn-00846685-a	elastic	25	5.54	2.74	live	9	25	0.36	0	0	12
oewn-01312946-a	ingenuous	6	5.48	2.74	open	3	6	0.5	0	0	3
oewn-00724949-a	undeniable	7	4.99	2.74	positive	7	7	1.0	0	0	3
oewn-00547235-a	unconcerned	10	4.23	2.74	casual	6	10	0.6	0	0	6
oewn-01086223-a	unfruitful	6	3.73	2.74	unsuccessful	6	6	1.0	0	0	4
oewn-03074710-a	empiric	2	3.62	2.74	empirical	0	2	0.0	0	0	1
oewn-02947357-a	adjectival	2	3.34	2.74	adjective	0	2	0.0	0	0	1
oewn-01543026-a	immodest	2	3.21	2.74	indecent	2	2	1.0	0	0	2
oewn-00642378-a	inconsiderate	4	3.04	2.74	inconsiderate	4	4	1.0	0	0	2
oewn-02669117-a	balsamic	2	2.74	2.74	balsamic	0	2	0.0	0	0	1
oewn-02945403-a	dendritic	1	2.74	2.74	dendritic	0	1	0.0	0	0	1
oewn-02871063-a	eukaryotic	2	2.74	2.74	eukaryotic	2	2	1.0	0	0	1
oewn-03143853-a	zonal	2	2.74	2.74	zonal	0	2	0.0	0	0	1
oewn-02600228-a	zonal	1	2.74	2.74	zonal	0	1	0.0	0	0	1
oewn-01864034-a	private	24	6.1	2.73	one-on-one	4	27	0.15	0	0	15
oewn-02369003-a	susceptible	30	5.48	2.73	open	17	31	0.55	0	0	13
oewn-00433163-a	clear	14	5.25	2.73	clear	6	15	0.4	0	0	7
oewn-02146074-a	shapely	28	5.04	2.73	well-turned	5	28	0.18	0	0	10
oewn-00212038-a	hairless	15	4.14	2.73	smooth-faced	4	15	0.27	0	0	12
oewn-01374064-a	merited	3	4.14	2.73	deserved	3	3	1.0	0	0	2
oewn-00782517-a	mesial	4	4.05	2.73	median	0	4	0.0	0	0	3
oewn-00617613-a	convincing	4	3.97	2.73	convincing	3	4	0.75	0	0	3
oewn-80529909-a	vegan	4	3.95	2.73	vegan	3	4	0.75	0	0	2
oewn-02319224-a	crooked	35	3.92	2.73	hooked	11	35	0.31	0	0	17
oewn-82572455-a	vegetarian	4	3.78	2.73	vegetarian	3	4	0.75	0	0	2
oewn-01258879-a	wintry	7	3.51	2.73	winter-flowering	2	7	0.29	0	0	3
oewn-03085796-a	imperialistic	2	3.14	2.73	imperialist	0	2	0.0	0	0	1
oewn-02714647-a	cordless	1	2.73	2.73	cordless	1	1	1.0	0	0	1
oewn-00697410-a	de jure	1	2.73	2.73	de jure	0	1	0.0	0	0	1
oewn-02732613-a	ergonomic	1	2.73	2.73	ergonomic	0	1	0.0	0	0	1
oewn-03080666-a	glandular	1	2.73	2.73	glandular	0	1	0.0	0	0	1
oewn-02755757-a	hydroxy	1	2.73	2.73	hydroxy	0	1	0.0	0	0	1
oewn-03087226-a	italic	1	2.73	2.73	italic	0	1	0.0	0	0	1
oewn-02931777-a	ontological	1	2.73	2.73	ontological	0	1	0.0	0	0	1
oewn-02927319-a	periodontic	2	2.73	2.73	periodontal	0	2	0.0	0	0	1
oewn-02819653-a	tangential	1	2.73	2.73	tangential	0	1	0.0	0	0	1
oewn-01102083-a	unfunded	1	2.73	2.73	unfunded	0	1	0.0	0	0	1
oewn-00204829-a	forward	6	5.19	2.72	full-face	0	6	0.0	0	0	3
oewn-00933531-a	unexpected	15	5.13	2.72	out of the blue	10	15	0.67	0	0	6
oewn-01632146-a	unsavory	3	4.46	2.72	offensive	3	3	1.0	0	0	1
oewn-02310758-a	unsteady	25	3.98	2.72	shifting	17	25	0.68	0	0	14
oewn-02360857-a	unsupported	3	2.99	2.72	unsupported	1	3	0.33	0	0	3
oewn-01744879-a	unpatriotic	2	2.84	2.72	disloyal	0	2	0.0	0	0	1
oewn-03142357-a	woolen	2	2.74	2.72	woollen	0	2	0.0	0	0	1
oewn-03064741-a	carpal	1	2.72	2.72	carpal	0	1	0.0	0	0	1
oewn-02719512-a	cytoplasmic	2	2.72	2.72	cytoplasmic	0	2	0.0	0	0	1
oewn-03051922-a	dyslexic	1	2.72	2.72	dyslexic	0	1	0.0	0	0	1
oewn-00876559-a	exogenous	2	2.72	2.72	exogenous	0	2	0.0	0	0	1
oewn-02758988-a	incestuous	1	2.72	2.72	incestuous	0	1	0.0	0	0	1
oewn-02759094-a	incestuous	1	2.72	2.72	incestuous	0	1	0.0	0	0	1
oewn-00367435-a	monochromatic	2	2.72	2.72	monochromatic	0	2	0.0	0	0	1
oewn-03052039-a	monochromatic	1	2.72	2.72	monochromatic	0	1	0.0	0	0	1
oewn-02787967-a	phonological	2	2.72	2.72	phonological	0	2	0.0	0	0	1
oewn-02804947-a	secretarial	1	2.72	2.72	secretarial	0	1	0.0	0	0	1
oewn-03133664-a	systolic	1	2.72	2.72	systolic	0	1	0.0	0	0	1
oewn-02835383-a	vibrational	1	2.72	2.72	vibrational	0	1	0.0	0	0	1
oewn-02996906-a	volumetric	2	2.72	2.72	volumetric	0	2	0.0	0	0	1
oewn-02264897-a	sociable	12	5.9	2.71	good-time	6	12	0.5	0	0	7
oewn-01774367-a	persuasive	10	4.92	2.71	telling	1	10	0.1	0	0	5
oewn-01083371-a	unfrozen	6	4.91	2.71	ice-free	1	6	0.17	0	0	5
oewn-02569950-a	unwholesome	15	4.91	2.71	rich	10	15	0.67	0	0	6
oewn-02100585-a	secure	3	4.64	2.71	secure	0	3	0.0	0	0	1
oewn-01788544-a	irreligious	11	4.33	2.71	ethnic	7	11	0.64	0	0	5
oewn-01549738-a	multilingual	4	3.52	2.71	bilingual	0	4	0.0	0	0	4
oewn-01080481-a	unfriendly	7	3.5	2.71	chilly	7	7	1.0	0	0	5
oewn-02116107-a	extrasensory	5	3.47	2.71	paranormal	2	5	0.4	0	0	4
oewn-02893015-a	genitourinary	2	3.4	2.71	GU	0	2	0.0	0	0	1
oewn-03126945-a	schizoid	2	3.13	2.71	schizophrenic	0	2	0.0	0	0	1
oewn-01726477-a	inexcusable	6	3.11	2.71	unwarranted	6	6	1.0	0	0	2
oewn-00594646-a	incontinent	2	3.06	2.71	leaky	2	2	1.0	0	0	2
oewn-00800668-a	drinkable	2	2.83	2.71	potable	2	2	1.0	0	0	1
oewn-02619786-a	alabaster	2	2.71	2.71	alabaster	0	2	0.0	0	0	1
oewn-00224254-a	bellied	3	2.71	2.71	bellied	1	3	0.33	0	0	2
oewn-00224465-a	bellyless	2	2.71	2.71	flat-bellied	0	2	0.0	0	0	1
oewn-03060880-a	bladed	1	2.71	2.71	bladed	1	1	1.0	0	0	1
oewn-03061047-a	bladed	1	2.71	2.71	bladed	0	1	0.0	0	0	1
oewn-00559530-a	unenforceable	1	2.71	2.71	unenforceable	1	1	1.0	0	0	1
oewn-00761835-a	unsaturated	1	2.71	2.71	unsaturated	1	1	1.0	0	0	1
oewn-00464942-a	coastal	5	4.19	2.7	coastal	0	6	0.0	0	0	5
oewn-00560458-a	nonconductive	3	4.05	2.7	non-conducting	3	3	1.0	0	0	1
oewn-00472102-a	suppressed	7	3.6	2.7	suppressed	4	7	0.57	0	0	5
oewn-00563301-a	uncongenial	4	3.48	2.7	incompatible	4	4	1.0	0	0	2
oewn-00466228-a	inshore	3	2.98	2.7	onshore	0	3	0.0	0	0	1
oewn-02632627-a	androgynous	1	2.7	2.7	androgynous	0	1	0.0	0	0	1
oewn-03059944-a	binomial	1	2.7	2.7	binomial	0	1	0.0	0	0	1
oewn-03066383-a	citric	1	2.7	2.7	citric	0	1	0.0	0	0	1
oewn-01037390-a	forehand	2	2.7	2.7	forehand	0	2	0.0	0	0	1
oewn-02876597-a	meteoric	1	2.7	2.7	meteoric	0	1	0.0	0	0	1
oewn-02772853-a	prejudicial	2	2.7	2.7	prejudicial	0	2	0.0	0	0	1
oewn-02797121-a	putrid	1	2.7	2.7	putrid	0	1	0.0	0	0	1
oewn-03123500-a	ritualistic	1	2.7	2.7	ritualistic	1	1	1.0	0	0	1
oewn-01028212-a	inflexible	13	4.94	2.69	die-hard	7	13	0.54	0	0	6
oewn-00441328-a	stupid	42	4.94	2.69	stupid	23	42	0.55	0	6	12
oewn-01369634-a	joyous	18	4.9	2.69	gay	12	20	0.6	0	0	5
oewn-02366035-a	surprised	19	4.68	2.69	surprised	8	19	0.42	0	0	7
oewn-01326401-a	instructive	18	4.6	2.69	educational	8	18	0.44	0	0	12
oewn-02289059-a	spiritless	7	4.47	2.69	thin	7	7	1.0	0	0	6
oewn-00533547-a	discomposed	17	4.43	2.69	red-faced	10	17	0.59	0	0	7
oewn-03027102-a	epic	2	4.35	2.69	epic	2	2	1.0	0	0	1
oewn-01081990-a	frozen	9	4.32	2.69	frozen	3	9	0.33	0	0	9
oewn-00563865-a	congruent	4	4.21	2.69	identical	0	4	0.0	0	0	3
oewn-00026819-a	acid-loving	4	4.16	2.69	acid-loving	1	4	0.25	0	0	2
oewn-01777154-a	impermeable	4	3.98	2.69	water-resistant	0	4	0.0	0	0	3
oewn-02657310-a	astronomic	2	3.49	2.69	astronomical	0	2	0.0	0	0	1
oewn-00965823-a	disloyal	13	3.36	2.69	rebellious	6	13	0.46	0	0	6
oewn-01343309-a	intensifying	9	3.19	2.69	deepening	6	9	0.67	0	0	5
oewn-00564381-a	congruous	3	3.15	2.69	harmonious	3	3	1.0	0	0	2
oewn-00618080-a	unconvincing	3	3.1	2.69	flimsy	3	3	1.0	0	0	2
oewn-01720944-a	unpalatable	5	2.99	2.69	distasteful	4	5	0.8	0	0	3
oewn-01374324-a	unmerited	3	2.94	2.69	gratuitous	2	3	0.67	0	0	3
oewn-02843471-a	algal	1	2.69	2.69	algal	0	1	0.0	0	0	1
oewn-02940384-a	asymptotic	1	2.69	2.69	asymptotic	0	1	0.0	0	0	1
oewn-03145081-a	boreal	1	2.69	2.69	boreal	0	1	0.0	0	0	1
oewn-03145198-a	boreal	1	2.69	2.69	boreal	0	1	0.0	0	0	1
oewn-03035158-a	dialectic	2	2.69	2.69	dialectic	0	2	0.0	0	0	1
oewn-00681933-a	diurnal	1	2.69	2.69	diurnal	0	1	0.0	0	0	1
oewn-02760938-a	intracranial	1	2.69	2.69	intracranial	0	1	0.0	0	0	1
oewn-00887072-a	irreducible	1	2.69	2.69	irreducible	1	1	1.0	0	0	1
oewn-02899963-a	littoral	1	2.69	2.69	littoral	0	1	0.0	0	0	1
oewn-02775763-a	minty	1	2.69	2.69	minty	0	1	0.0	0	0	1
oewn-02368906-a	unsurprising	1	2.69	2.69	unsurprising	1	1	1.0	0	0	1
oewn-01522469-a	military	7	5.2	2.68	military	0	8	0.0	0	0	4
oewn-01798849-a	fancy	30	4.75	2.68	busy	9	30	0.3	0	0	16
oewn-01240770-a	unerect	27	4.72	2.68	flat	1	28	0.04	0	0	12
oewn-01349603-a	intramural	3	4.66	2.68	internal	0	3	0.0	0	0	2
oewn-00701707-a	derived	6	4.29	2.68	derived	6	6	1.0	0	0	4
oewn-01986118-a	representational	9	4.16	2.68	realistic	5	9	0.56	0	0	6
oewn-01361883-a	uninviting	3	3.36	2.68	unattractive	3	3	1.0	0	0	2
oewn-01656600-a	offside	2	3.24	2.68	offside	0	2	0.0	0	0	1
oewn-03077113-a	faecal	2	3.01	2.68	fecal	2	2	1.0	0	0	1
oewn-02737451-a	febrile	2	2.82	2.68	feverish	2	2	1.0	0	0	1
oewn-03018862-a	congestive	1	2.68	2.68	congestive	0	1	0.0	0	0	1
oewn-02763637-a	jittery	1	2.68	2.68	jittery	1	1	1.0	0	0	1
oewn-03006125-a	logarithmic	1	2.68	2.68	logarithmic	0	1	0.0	0	0	1
oewn-02946331-a	occipital	1	2.68	2.68	occipital	0	1	0.0	0	0	1
oewn-02900710-a	ophthalmic	1	2.68	2.68	ophthalmic	0	1	0.0	0	0	1
oewn-02958225-a	synergistic	1	2.68	2.68	synergistic	0	1	0.0	0	0	1
oewn-02549778-a	weaned	1	2.68	2.68	weaned	0	1	0.0	0	0	1
oewn-00708053-a	elated	14	5.75	2.67	high	5	14	0.36	0	0	6
oewn-02318575-a	straight	4	5.04	2.67	straight	0	4	0.0	0	0	4
oewn-01993342-a	unreceptive	3	4.9	2.67	closed	2	3	0.67	0	0	2
oewn-00692224-a	decorous	4	4.73	2.67	in good taste	4	4	1.0	0	0	3
oewn-00467728-a	collapsible	7	4.54	2.67	tip-up	6	7	0.86	0	0	4
oewn-01891029-a	protected	11	4.51	2.67	protected	3	11	0.27	0	0	10
oewn-02925526-a	therapeutic	2	3.85	2.67	therapeutic	0	2	0.0	0	0	1
oewn-02576745-a	unwilling	5	3.81	2.67	reluctant	4	5	0.8	0	0	3
oewn-03122391-a	responsive	2	3.7	2.67	responsive	0	2	0.0	0	0	1
oewn-02590390-a	unwoven	3	3.16	2.67	knitted	0	3	0.0	0	0	3
oewn-00267500-a	gutsy	2	2.73	2.67	gutsy	2	2	1.0	0	0	1
oewn-03058457-a	baptismal	1	2.67	2.67	baptismal	0	1	0.0	0	0	1
oewn-02672279-a	benthic	3	2.67	2.67	benthic	0	3	0.0	0	0	1
oewn-02767872-a	loopy	1	2.67	2.67	loopy	1	1	1.0	0	0	1
oewn-01533762-a	metamorphic	11	2.67	2.67	metamorphic	7	11	0.64	0	0	6
oewn-02963206-a	metamorphic	2	2.67	2.67	metamorphic	0	2	0.0	0	0	1
oewn-02894763-a	neuromuscular	1	2.67	2.67	neuromuscular	0	1	0.0	0	0	1
oewn-03007974-a	ordinal	1	2.67	2.67	ordinal	0	1	0.0	0	0	1
oewn-03131276-a	spastic	1	2.67	2.67	spastic	1	1	1.0	0	0	1
oewn-02384396-a	unsympathetic	3	2.67	2.67	unsympathetic	3	3	1.0	0	0	2
oewn-01403102-a	leeward	3	4.73	2.66	lee	0	3	0.0	0	0	2
oewn-00299633-a	cacophonous	23	4.49	2.66	rough	14	23	0.61	0	0	9
oewn-02888240-a	hypodermic	2	2.83	2.66	subcutaneous	0	2	0.0	0	0	1
oewn-00640879-a	laxative	5	2.81	2.66	cathartic	5	5	1.0	0	0	3
oewn-02995323-a	biotic	1	2.66	2.66	biotic	0	1	0.0	0	0	1
oewn-00317171-a	carpeted	1	2.66	2.66	carpeted	1	1	1.0	0	0	1
oewn-00997760-a	curable	1	2.66	2.66	curable	0	1	0.0	0	0	1
oewn-02727885-a	ectopic	1	2.66	2.66	ectopic	1	1	1.0	0	0	1
oewn-03075006-a	endoscopic	1	2.66	2.66	endoscopic	0	1	0.0	0	0	1
oewn-02913783-a	isotopic	1	2.66	2.66	isotopic	0	1	0.0	0	0	1
oewn-02850064-a	phallic	1	2.66	2.66	phallic	0	1	0.0	0	0	1
oewn-02793031-a	polymeric	1	2.66	2.66	polymeric	0	1	0.0	0	0	1
oewn-03023602-a	salivary	1	2.66	2.66	salivary	0	1	0.0	0	0	1
oewn-02488224-a	divided	42	5.18	2.65	black-and-white	4	44	0.09	0	0	27
oewn-02188427-a	insincere	22	4.63	2.65	false	11	22	0.5	0	0	9
oewn-01745141-a	peaceful	10	4.59	2.65	pacific	8	12	0.67	0	0	7
oewn-01311380-a	uninformed	14	4.45	2.65	innocent	3	14	0.21	0	0	8
oewn-02325005-a	coiled	15	4.24	2.65	wound	0	16	0.0	0	0	6
oewn-02358016-a	subjacent	2	4.17	2.65	underlying	0	2	0.0	0	0	2
oewn-02430842-a	wasteful	8	3.75	2.65	pound-foolish	3	8	0.38	0	0	4
oewn-00746491-a	dextral	4	3.6	2.65	dexter	0	4	0.0	0	0	3
oewn-02162171-a	sheathed	7	3.58	2.65	clad	4	7	0.57	0	0	5
oewn-02846539-a	residual	2	3.52	2.65	residual	0	2	0.0	0	0	1
oewn-03060085-a	biographic	2	3.38	2.65	biographical	0	2	0.0	0	0	1
oewn-01777779-a	pervious	2	3.32	2.65	receptive	0	2	0.0	0	0	2
oewn-02874246-a	visceral	2	3.26	2.65	visceral	0	2	0.0	0	0	1
oewn-01426549-a	livable	4	3.13	2.65	habitable	4	4	1.0	0	0	2
oewn-01911556-a	impure	3	2.95	2.65	impure	3	3	1.0	0	0	2
oewn-02758238-a	impressionist	2	2.85	2.65	impressionist	0	2	0.0	0	0	1
oewn-01908283-a	unpunished	3	2.85	2.65	unpunished	3	3	1.0	0	0	2
oewn-02887392-a	cuticular	4	2.8	2.65	dermal	0	4	0.0	0	0	1
oewn-03051421-a	acetic	1	2.65	2.65	acetic	0	1	0.0	0	0	1
oewn-02715990-a	covalent	1	2.65	2.65	covalent	0	1	0.0	0	0	1
oewn-02721030-a	deductive	1	2.65	2.65	deductive	0	1	0.0	0	0	1
oewn-02845747-a	octangular	2	2.65	2.65	octagonal	0	2	0.0	0	0	1
oewn-01173361-a	operable	1	2.65	2.65	operable	1	1	1.0	0	0	1
oewn-02255822-a	rifled	1	2.65	2.65	rifled	0	1	0.0	0	0	1
oewn-03156214-a	shakedown	1	2.65	2.65	shakedown	0	1	0.0	0	0	1
oewn-03024925-a	triumphal	1	2.65	2.65	triumphal	0	1	0.0	0	0	1
oewn-00623204-a	uncooperative	1	2.65	2.65	uncooperative	1	1	1.0	0	0	1
oewn-00194481-a	unwitting	1	2.65	2.65	unwitting	1	1	1.0	0	0	1
oewn-01191320-a	weightless	1	2.65	2.65	weightless	0	1	0.0	0	0	1
oewn-01347811-a	uninteresting	21	4.85	2.64	slow	13	21	0.62	0	0	7
oewn-00599413-a	discontinuous	4	3.44	2.64	disrupted	2	4	0.5	0	0	3
oewn-02286086-a	unspecialized	4	3.43	2.64	generalized	4	4	1.0	0	0	2
oewn-00209139-a	bedded	4	2.64	2.64	bedded	0	4	0.0	0	0	4
oewn-00600243-a	discontinuous	1	2.64	2.64	discontinuous	0	1	0.0	0	0	1
oewn-01726916-a	filial	2	2.64	2.64	filial	1	2	0.5	0	0	2
oewn-02895579-a	filial	1	2.64	2.64	filial	0	1	0.0	0	0	1
oewn-01436261-a	lossless	1	2.64	2.64	lossless	1	1	1.0	0	0	1
oewn-02789970-a	plantar	1	2.64	2.64	plantar	0	1	0.0	0	0	1
oewn-00130950-a	prewar	1	2.64	2.64	prewar	0	1	0.0	0	0	1
oewn-02439167-a	tongued	2	2.64	2.64	tongued	1	2	0.5	0	0	2
oewn-03154304-a	ulcerative	1	2.64	2.64	ulcerative	0	1	0.0	0	0	1
oewn-03139386-a	uric	1	2.64	2.64	uric	0	1	0.0	0	0	1
oewn-02144214-a	castrated	8	5.24	2.63	cut	2	8	0.25	0	0	4
oewn-01356074-a	protrusive	24	5.07	2.63	starting	0	24	0.0	0	0	9
oewn-02362685-a	unassisted	3	4.43	2.63	naked	2	3	0.67	0	0	3
oewn-02503629-a	upstairs	2	3.87	2.63	upstairs	0	2	0.0	0	0	1
oewn-00833035-a	inedible	3	3.57	2.63	poisonous	3	3	1.0	0	0	2
oewn-02273901-a	soluble	4	3.44	2.63	soluble	4	4	1.0	0	0	3
oewn-00690167-a	declarative	3	3.35	2.63	asserting	0	3	0.0	0	0	1
oewn-02266356-a	unsociable	3	3.13	2.63	antisocial	2	3	0.67	0	0	3
oewn-02846214-a	postmodernist	2	3.08	2.63	postmodern	0	2	0.0	0	0	1
oewn-00584163-a	discernible	2	2.97	2.63	discernible	2	2	1.0	0	0	1
oewn-02684706-a	calcareous	2	2.68	2.63	chalky	2	2	1.0	0	0	1
oewn-02688738-a	capacitive	1	2.63	2.63	capacitive	0	1	0.0	0	0	1
oewn-03069212-a	cybernetic	1	2.63	2.63	cybernetic	0	1	0.0	0	0	1
oewn-01408719-a	deciphered	1	2.63	2.63	deciphered	0	1	0.0	0	0	1
oewn-03034431-a	isolationist	2	2.63	2.63	isolationist	0	2	0.0	0	0	1
oewn-02905246-a	mammary	1	2.63	2.63	mammary	0	1	0.0	0	0	1
oewn-02772121-a	menopausal	1	2.63	2.63	menopausal	0	1	0.0	0	0	1
oewn-03024459-a	myeloid	2	2.63	2.63	myeloid	0	2	0.0	0	0	1
oewn-03024376-a	myeloid	1	2.63	2.63	myeloid	0	1	0.0	0	0	1
oewn-03024573-a	myeloid	1	2.63	2.63	myeloid	0	1	0.0	0	0	1
oewn-02788493-a	photosynthetic	1	2.63	2.63	photosynthetic	0	1	0.0	0	0	1
oewn-02418645-a	thermoplastic	1	2.63	2.63	thermoplastic	0	1	0.0	0	0	1
oewn-01901904-a	improvident	7	5.33	2.62	short	6	7	0.86	0	0	4
oewn-01914420-a	impure	16	4.75	2.62	technical grade	8	16	0.5	0	0	8
oewn-02267791-a	solid	10	4.74	2.62	dry	0	11	0.0	0	0	8
oewn-00444074-a	counterclockwise	6	4.39	2.62	left-handed	0	6	0.0	0	0	2
oewn-01025680-a	flexible	12	4.13	2.62	flexible	9	13	0.69	0	0	7
oewn-00747047-a	sinistral	4	3.6	2.62	sinister	0	4	0.0	0	0	3
oewn-01463343-a	hateful	6	3.52	2.62	hateful	6	6	1.0	0	0	3
oewn-01308884-a	agnostic	4	3.02	2.62	agnostic	2	4	0.5	0	0	2
oewn-03020393-a	coeliac	2	2.91	2.62	celiac	0	2	0.0	0	0	1
oewn-01037522-a	backhand	2	2.86	2.62	backhand	0	2	0.0	0	0	1
oewn-02391948-a	taciturn	4	2.81	2.62	buttoned-up	1	4	0.25	0	0	3
oewn-02942078-a	rabbinical	2	2.71	2.62	rabbinic	0	2	0.0	0	0	1
oewn-02968048-a	autosomal	1	2.62	2.62	autosomal	0	1	0.0	0	0	1
oewn-02704846-a	childbearing	1	2.62	2.62	childbearing	1	1	1.0	0	0	1
oewn-02860617-a	gymnastic	1	2.62	2.62	gymnastic	0	1	0.0	0	0	1
oewn-02907269-a	mnemonic	3	2.62	2.62	mnemonic	0	3	0.0	0	0	1
oewn-02112655-a	insensitive	4	5.19	2.61	dead	4	4	1.0	0	0	3
oewn-01905427-a	imprudent	7	4.56	2.61	ill-considered	6	7	0.86	0	0	4
oewn-02010821-a	restrictive	13	4.23	2.61	regulatory	2	14	0.14	0	0	7
oewn-00508211-a	compassionate	4	4.2	2.61	caring	3	4	0.75	0	0	4
oewn-01999231-a	irresolute	8	3.87	2.61	unstable	5	8	0.62	0	0	6
oewn-00316006-a	omnivorous	2	2.9	2.61	all-devouring	0	2	0.0	0	0	2
oewn-02164641-a	nearsighted	3	2.64	2.61	myopic	3	3	1.0	0	0	1
oewn-02756511-a	idiopathic	1	2.61	2.61	idiopathic	1	1	1.0	0	0	1
oewn-01642046-a	offstage	1	2.61	2.61	offstage	0	1	0.0	0	0	1
oewn-03107598-a	palatial	1	2.61	2.61	palatial	0	1	0.0	0	0	1
oewn-03121833-a	resistive	1	2.61	2.61	resistive	0	1	0.0	0	0	1
oewn-00872296-a	unencumbered	5	5.25	2.6	clear	4	5	0.8	0	0	3
oewn-02025700-a	unrhetorical	4	5.09	2.6	matter-of-fact	2	4	0.5	0	0	3
oewn-01167616-a	inharmonious	10	5.06	2.6	off-key	4	11	0.36	0	0	4
oewn-01097742-a	equipped	12	4.74	2.6	prepared	5	12	0.42	0	0	8
oewn-00068887-a	ill-advised	2	4.07	2.6	ill-advised	0	2	0.0	0	0	1
oewn-00700834-a	undefined	4	3.87	2.6	vague	0	4	0.0	0	0	2
oewn-01358404-a	extrusive	2	3.71	2.6	volcanic	0	2	0.0	0	0	2
oewn-00925835-a	unexciting	8	3.56	2.6	tame	0	8	0.0	0	0	4
oewn-02930157-a	microscopic	2	3.37	2.6	microscopic	0	2	0.0	0	0	1
oewn-01738685-a	paternal	4	3.26	2.6	paternal	3	4	0.75	0	0	3
oewn-00948979-a	plucked	2	3.18	2.6	plucked	0	2	0.0	0	0	2
oewn-00584665-a	distinguishable	3	2.87	2.6	distinguishable	3	3	1.0	0	0	3
oewn-02628525-a	amniotic	3	2.6	2.6	amniotic	0	3	0.0	0	0	1
oewn-02919111-a	astrophysical	1	2.6	2.6	astrophysical	0	1	0.0	0	0	1
oewn-02883569-a	binocular	1	2.6	2.6	binocular	0	1	0.0	0	0	1
oewn-03062599-a	bubonic	1	2.6	2.6	bubonic	0	1	0.0	0	0	1
oewn-02715580-a	costal	1	2.6	2.6	costal	0	1	0.0	0	0	1
oewn-02734459-a	evidentiary	1	2.6	2.6	evidentiary	0	1	0.0	0	0	1
oewn-01320640-a	injectable	1	2.6	2.6	injectable	1	1	1.0	0	0	1
oewn-02922425-a	mechanistic	1	2.6	2.6	mechanistic	0	1	0.0	0	0	1
oewn-02785730-a	paschal	1	2.6	2.6	paschal	0	1	0.0	0	0	1
oewn-03016209-a	percussive	1	2.6	2.6	percussive	0	1	0.0	0	0	1
oewn-02992404-a	piezoelectric	1	2.6	2.6	piezoelectric	0	1	0.0	0	0	1
oewn-02809996-a	sociopathic	1	2.6	2.6	sociopathic	0	1	0.0	0	0	1
oewn-03161854-a	unfilled	1	2.6	2.6	unfilled	0	1	0.0	0	0	1
oewn-00225758-a	maleficent	7	4.74	2.59	evil	3	7	0.43	0	0	3
oewn-00770017-a	indirect	19	4.0	2.59	indirect	9	19	0.47	0	0	10
oewn-01960289-a	unrefined	3	4.0	2.59	crude	3	3	1.0	0	0	1
oewn-00082141-a	unafraid	8	3.55	2.59	fearless	2	8	0.25	0	0	4
oewn-00900810-a	eradicable	8	3.29	2.59	removable	5	8	0.62	0	0	5
oewn-01545181-a	unmodified	3	3.27	2.59	unrestricted	3	3	1.0	0	0	3
oewn-02957308-a	pedagogical	2	3.07	2.59	pedagogical	0	2	0.0	0	0	1
oewn-02959819-a	bronchial	1	2.59	2.59	bronchial	0	1	0.0	0	0	1
oewn-02915252-a	colloidal	1	2.59	2.59	colloidal	0	1	0.0	0	0	1
oewn-02742586-a	fretted	1	2.59	2.59	fretted	0	1	0.0	0	0	1
oewn-00703096-a	inflected	1	2.59	2.59	inflected	1	1	1.0	0	0	1
oewn-00987053-a	fastidious	18	5.37	2.58	nice	11	18	0.61	0	0	7
oewn-00329026-a	noncellular	5	4.8	2.58	cell-free	3	5	0.6	0	0	3
oewn-00124949-a	aquatic	8	4.53	2.58	marine	0	9	0.0	0	0	4
oewn-00334885-a	efferent	8	4.53	2.58	motor	0	8	0.0	0	0	4
oewn-01336670-a	nonintellectual	7	4.22	2.58	anti-intellectual	4	7	0.57	0	0	4
oewn-01472592-a	magnetic	4	4.17	2.58	magnetic	1	4	0.25	0	0	2
oewn-02163090-a	shockable	2	3.95	2.58	narrow-minded	2	2	1.0	0	0	1
oewn-02842621-a	atmospheric	2	3.84	2.58	atmospheric	0	2	0.0	0	0	1
oewn-00557337-a	hypertrophied	2	3.62	2.58	enlarged	0	2	0.0	0	0	1
oewn-00485037-a	disproportionate	2	3.34	2.58	disproportionate	2	2	1.0	0	0	1
oewn-00675096-a	curtained	2	3.18	2.58	draped	1	2	0.5	0	0	2
oewn-02923999-a	pharmacological	2	2.92	2.58	pharmacological	0	2	0.0	0	0	1
oewn-03008113-a	palatal	2	2.79	2.58	palatine	0	2	0.0	0	0	1
oewn-00357450-a	mutable	2	2.75	2.58	changeable	2	2	1.0	0	0	1
oewn-02673243-a	bibliographic	2	2.69	2.58	bibliographic	0	2	0.0	0	0	1
oewn-01970783-a	repeatable	2	2.69	2.58	repeatable	0	2	0.0	0	0	1
oewn-02861017-a	epistemic	2	2.61	2.58	epistemological	0	2	0.0	0	0	1
oewn-03074897-a	endometrial	1	2.58	2.58	endometrial	0	1	0.0	0	0	1
oewn-02942540-a	sacramental	1	2.58	2.58	sacramental	0	1	0.0	0	0	1
oewn-02896496-a	subatomic	1	2.58	2.58	subatomic	0	1	0.0	0	0	1
oewn-00359063-a	uncharacteristic	1	2.58	2.58	uncharacteristic	0	1	0.0	0	0	1
oewn-00958595-a	unplayable	1	2.58	2.58	unplayable	1	1	1.0	0	0	1
oewn-02380286-a	symmetrical	20	5.99	2.57	even	3	20	0.15	0	0	10
oewn-00455759-a	clothed	43	5.09	2.57	turned out	19	44	0.43	0	0	26
oewn-02545349-a	increasing	14	4.68	2.57	increasing	6	14	0.43	0	0	11
oewn-00928883-a	inexhaustible	3	3.91	2.57	renewable	1	3	0.33	0	0	3
oewn-01562007-a	mortal	2	3.86	2.57	mortal	1	2	0.5	0	0	2
oewn-02306729-a	starchy	6	2.87	2.57	amyloid	0	6	0.0	0	0	2
oewn-02921561-a	typographic	2	2.77	2.57	typographical	0	2	0.0	0	0	1
oewn-83909192-a	cumulus	2	2.57	2.57	cumulus	0	2	0.0	0	0	1
oewn-02720653-a	cytotoxic	1	2.57	2.57	cytotoxic	0	1	0.0	0	0	1
oewn-02722028-a	despotic	2	2.57	2.57	despotic	2	2	1.0	0	0	1
oewn-02951629-a	expansionist	1	2.57	2.57	expansionist	1	1	1.0	0	0	1
oewn-03031090-a	mitral	1	2.57	2.57	mitral	0	1	0.0	0	0	1
oewn-03031223-a	mitral	1	2.57	2.57	mitral	0	1	0.0	0	0	1
oewn-02780235-a	nominative	1	2.57	2.57	nominative	0	1	0.0	0	0	1
oewn-01621827-a	obligate	1	2.57	2.57	obligate	0	1	0.0	0	0	1
oewn-00130348-a	perinatal	1	2.57	2.57	perinatal	0	1	0.0	0	0	1
oewn-02958814-a	pluralistic	1	2.57	2.57	pluralistic	0	1	0.0	0	0	1
oewn-03009248-a	promissory	1	2.57	2.57	promissory	0	1	0.0	0	0	1
oewn-03121049-a	redemptive	3	2.57	2.57	redemptive	0	3	0.0	0	0	1
oewn-02907635-a	statuary	1	2.57	2.57	statuary	1	1	1.0	0	0	1
oewn-03131844-a	stereoscopic	1	2.57	2.57	stereoscopic	0	1	0.0	0	0	1
oewn-03131991-a	stereoscopic	1	2.57	2.57	stereoscopic	0	1	0.0	0	0	1
oewn-01261689-a	human	15	5.35	2.56	human	2	15	0.13	0	0	8
oewn-02018906-a	reverent	8	4.46	2.56	awful	3	8	0.38	0	0	4
oewn-00309391-a	uncared-for	4	3.78	2.56	neglected	0	4	0.0	0	0	3
oewn-00006354-a	absorbent	13	3.74	2.56	thirsty	5	13	0.38	0	0	8
oewn-01276253-a	unidentifiable	7	3.47	2.56	elusive	7	7	1.0	0	0	6
oewn-00556119-a	discordant	7	3.45	2.56	at variance	7	7	1.0	0	0	3
oewn-00403220-a	unstained	2	3.33	2.56	untreated	2	2	1.0	0	0	2
oewn-03149892-a	osseous	3	3.25	2.56	bony	0	3	0.0	0	0	1
oewn-01631640-a	inoffensive	3	3.06	2.56	innocuous	3	3	1.0	0	0	2
oewn-01767094-a	inadmissible	2	2.77	2.56	inadmissible	2	2	1.0	0	0	2
oewn-02690205-a	carbonyl	2	2.56	2.56	carbonyl	0	2	0.0	0	0	1
oewn-02930588-a	conspiratorial	2	2.56	2.56	conspiratorial	0	2	0.0	0	0	1
oewn-01020236-a	fissile	1	2.56	2.56	fissile	1	1	1.0	0	0	1
oewn-01632738-a	inoffensive	4	2.56	2.56	inoffensive	4	4	1.0	0	0	2
oewn-02889451-a	maxillary	1	2.56	2.56	maxillary	0	1	0.0	0	0	1
oewn-03113124-a	postural	1	2.56	2.56	postural	0	1	0.0	0	0	1
oewn-03116753-a	puritanical	1	2.56	2.56	puritanical	0	1	0.0	0	0	1
oewn-02920830-a	rationalist	1	2.56	2.56	rationalist	0	1	0.0	0	0	1
oewn-02907749-a	tubal	1	2.56	2.56	tubal	0	1	0.0	0	0	1
oewn-00235034-a	bidirectional	5	5.75	2.55	two-way	0	5	0.0	0	0	4
oewn-00698972-a	defiant	7	3.99	2.55	resistant	5	7	0.71	0	0	4
oewn-01097016-a	rigged	5	3.63	2.55	rigged	0	5	0.0	0	0	4
oewn-02544012-a	coldhearted	2	3.28	2.55	brittle	1	2	0.5	0	0	2
oewn-01357773-a	igneous	2	2.81	2.55	igneous	0	2	0.0	0	0	1
oewn-02737165-a	ferric	2	2.79	2.55	ferrous	0	2	0.0	0	0	1
oewn-03133062-a	sulphuric	2	2.75	2.55	sulfuric	0	2	0.0	0	0	1
oewn-01520915-a	uninvolved	2	2.74	2.55	unconcerned	1	2	0.5	0	0	2
oewn-00002956-a	abducent	2	2.55	2.55	abducting	0	2	0.0	0	0	1
oewn-02669540-a	barometric	2	2.55	2.55	barometric	0	2	0.0	0	0	1
oewn-00612448-a	conformist	1	2.55	2.55	conformist	1	1	1.0	0	0	1
oewn-02728992-a	electromechanical	1	2.55	2.55	electromechanical	0	1	0.0	0	0	1
oewn-00947656-a	extensile	6	2.55	2.55	extensible	4	6	0.67	0	0	3
oewn-02748215-a	guttural	1	2.55	2.55	guttural	0	1	0.0	0	0	1
oewn-02607430-a	jawed	3	2.55	2.55	jawed	0	3	0.0	0	0	3
oewn-02878893-a	murine	1	2.55	2.55	murine	0	1	0.0	0	0	1
oewn-02994034-a	necrotic	1	2.55	2.55	necrotic	0	1	0.0	0	0	1
oewn-02958990-a	pleural	1	2.55	2.55	pleural	0	1	0.0	0	0	1
oewn-03105565-a	subjunctive	1	2.55	2.55	subjunctive	0	1	0.0	0	0	1
oewn-01326286-a	uninspiring	1	2.55	2.55	uninspiring	0	1	0.0	0	0	1
oewn-02094868-a	unwrapped	1	2.55	2.55	unwrapped	1	1	1.0	0	0	1
oewn-01156249-a	soft	34	4.68	2.54	soft	4	34	0.12	0	0	16
oewn-01477656-a	manageable	7	4.6	2.54	directed	7	7	1.0	0	0	5
oewn-01479138-a	manly	4	4.26	2.54	man-sized	4	4	1.0	0	0	2
oewn-00799602-a	theatrical	6	3.68	2.54	theatrical	4	6	0.67	0	0	4
oewn-01184239-a	earthly	10	3.63	2.54	temporal	2	10	0.2	0	0	7
oewn-01971192-a	repetitive	4	3.56	2.54	repetitive	4	4	1.0	0	0	2
oewn-02737745-a	fiber-optic	4	3.51	2.54	fiber-optic	0	4	0.0	0	0	1
oewn-00647394-a	uncreative	5	3.43	2.54	sterile	5	5	1.0	0	0	2
oewn-02566157-a	hydrous	2	3.27	2.54	hydrated	0	2	0.0	0	0	1
oewn-02844577-a	parasitic	2	3.27	2.54	parasitic	0	2	0.0	0	0	1
oewn-00665874-a	uncut	3	3.25	2.54	uncut	1	3	0.33	0	0	3
oewn-02104309-a	uninsured	2	3.23	2.54	uninsured	1	2	0.5	0	0	2
oewn-02520662-a	inviolable	3	3.11	2.54	untouchable	3	3	1.0	0	0	2
oewn-02617715-a	aeronautical	2	3.09	2.54	aeronautical	0	2	0.0	0	0	1
oewn-01972701-a	rhymed	6	2.96	2.54	rhyming	0	6	0.0	0	0	4
oewn-02988226-a	epidemiologic	2	2.87	2.54	epidemiological	0	2	0.0	0	0	1
oewn-02664090-a	axiomatic	3	2.54	2.54	axiomatic	0	3	0.0	0	0	1
oewn-02899502-a	multilevel	1	2.54	2.54	multilevel	0	1	0.0	0	0	1
oewn-02788355-a	photometric	2	2.54	2.54	photometric	0	2	0.0	0	0	1
oewn-03112068-a	polygonal	1	2.54	2.54	polygonal	0	1	0.0	0	0	1
oewn-01995248-a	unreserved	1	2.54	2.54	unreserved	1	1	1.0	0	0	1
oewn-00803819-a	dull	6	3.94	2.53	dull	4	6	0.67	0	0	5
oewn-02100773-a	insecure	3	3.72	2.53	insecure	0	3	0.0	0	0	3
oewn-01731671-a	passionless	3	3.2	2.53	platonic	3	3	1.0	0	0	3
oewn-01563877-a	motorized	5	3.12	2.53	motorized	0	5	0.0	0	0	3
oewn-01563305-a	unmotivated	6	2.86	2.53	wanton	3	6	0.5	0	0	3
oewn-03054687-a	prenuptial	3	2.74	2.53	premarital	0	3	0.0	0	0	1
oewn-02718486-a	cuneiform	1	2.53	2.53	cuneiform	0	1	0.0	0	0	1
oewn-02931046-a	econometric	1	2.53	2.53	econometric	0	1	0.0	0	0	1
oewn-03075273-a	entomological	2	2.53	2.53	entomological	0	2	0.0	0	0	1
oewn-02961925-a	funerary	1	2.53	2.53	funerary	0	1	0.0	0	0	1
oewn-02839008-a	hydrostatic	1	2.53	2.53	hydrostatic	0	1	0.0	0	0	1
oewn-00270760-a	landless	1	2.53	2.53	landless	0	1	0.0	0	0	1
oewn-03003749-a	simian	1	2.53	2.53	simian	0	1	0.0	0	0	1
oewn-03022061-a	vestibular	1	2.53	2.53	vestibular	0	1	0.0	0	0	1
oewn-01955971-a	unrefined	30	5.33	2.52	low	12	30	0.4	0	5	13
oewn-01400130-a	unleaded	4	5.06	2.52	lead-free	4	4	1.0	0	0	2
oewn-02424186-a	thick	24	4.96	2.52	heavy	3	24	0.12	0	0	11
oewn-02454704-a	tough	15	4.77	2.52	tough	9	16	0.56	0	0	7
oewn-00515724-a	complaining	7	4.12	2.52	complaining	6	7	0.86	0	0	3
oewn-00075743-a	affirmative	4	3.57	2.52	affirmative	4	4	1.0	0	0	2
oewn-00887249-a	enlightened	2	3.49	2.52	enlightened	2	2	1.0	0	0	2
oewn-02364986-a	unsupportive	5	3.48	2.52	contradictory	5	5	1.0	0	0	3
oewn-01672503-a	disordered	2	2.98	2.52	disordered	2	2	1.0	0	0	1
oewn-00874802-a	autogamous	5	2.92	2.52	self-fertilized	0	5	0.0	0	0	2
oewn-02161837-a	sheared	2	2.53	2.52	shorn	0	2	0.0	0	0	1
oewn-02699849-a	cerebrospinal	1	2.52	2.52	cerebrospinal	0	1	0.0	0	0	1
oewn-03001622-a	curatorial	1	2.52	2.52	curatorial	0	1	0.0	0	0	1
oewn-02858255-a	doric	1	2.52	2.52	doric	0	1	0.0	0	0	1
oewn-02736086-a	factorial	1	2.52	2.52	factorial	0	1	0.0	0	0	1
oewn-02889214-a	mandibular	2	2.52	2.52	mandibular	0	2	0.0	0	0	1
oewn-02065085-a	masochistic	1	2.52	2.52	masochistic	1	1	1.0	0	0	1
oewn-02878787-a	mucosal	1	2.52	2.52	mucosal	0	1	0.0	0	0	1
oewn-03012520-a	peritoneal	1	2.52	2.52	peritoneal	0	1	0.0	0	0	1
oewn-03124832-a	sacral	1	2.52	2.52	sacral	0	1	0.0	0	0	1
oewn-00176980-a	subsonic	1	2.52	2.52	subsonic	0	1	0.0	0	0	1
oewn-01660842-a	unspaced	2	2.52	2.52	unleaded	1	2	0.5	0	0	2
oewn-01488294-a	womanly	4	3.91	2.51	feminine	0	4	0.0	0	0	3
oewn-00638296-a	incorrigible	6	3.16	2.51	uncontrollable	6	6	1.0	0	0	3
oewn-00841835-a	effortless	4	3.14	2.51	effortless	3	4	0.75	0	0	3
oewn-00713189-a	unbreakable	5	3.13	2.51	unbreakable	5	5	1.0	0	0	3
oewn-00968095-a	infallible	6	3.02	2.51	infallible	6	6	1.0	0	0	3
oewn-00297963-a	unbuttoned	3	2.82	2.51	open-collared	1	3	0.33	0	0	2
oewn-03031350-a	follicular	1	2.51	2.51	follicular	0	1	0.0	0	0	1
oewn-01785788-a	monotheistic	1	2.51	2.51	monotheistic	1	1	1.0	0	0	1
oewn-01881659-a	prognathous	4	2.51	2.51	lantern-jawed	1	4	0.25	0	0	2
oewn-02956339-a	trophic	1	2.51	2.51	trophic	0	1	0.0	0	0	1
oewn-03156722-a	wiry	1	2.51	2.51	wiry	0	1	0.0	0	0	1
oewn-00056242-a	adorned	49	4.84	2.5	raised	17	52	0.33	0	0	28
oewn-02408123-a	tasteless	15	4.72	2.5	flat	10	15	0.67	0	0	4
oewn-01032659-a	unadaptable	4	3.75	2.5	rigid	3	4	0.75	0	0	2
oewn-01161960-a	softhearted	2	3.64	2.5	soft-boiled	2	2	1.0	0	0	1
oewn-00002312-a	abaxial	2	3.45	2.5	dorsal	0	2	0.0	0	0	1
oewn-00209821-a	stratified	10	3.45	2.5	layered	0	10	0.0	0	0	5
oewn-02961268-a	morphologic	2	3.15	2.5	morphological	0	2	0.0	0	0	1
oewn-03112208-a	polynomial	2	3.11	2.5	polynomial	0	2	0.0	0	0	1
oewn-02868982-a	phonetic	2	3.02	2.5	phonetic	0	2	0.0	0	0	1
oewn-01675401-a	unorganized	5	2.98	2.5	unincorporated	5	5	1.0	0	0	4
oewn-03052845-a	anemic	2	2.76	2.5	anemic	2	2	1.0	0	0	1
oewn-00659885-a	crystallized	2	2.7	2.5	crystallized	0	2	0.0	0	0	1
oewn-03111199-a	phosphorous	2	2.51	2.5	phosphorous	0	2	0.0	0	0	1
oewn-03152543-a	anaphylactic	1	2.5	2.5	anaphylactic	0	1	0.0	0	0	1
oewn-02653871-a	articular	2	2.5	2.5	articular	0	2	0.0	0	0	1
oewn-03092184-a	lenten	1	2.5	2.5	lenten	1	1	1.0	0	0	1
oewn-02923070-a	nihilistic	1	2.5	2.5	nihilistic	0	1	0.0	0	0	1
oewn-03111385-a	pineal	1	2.5	2.5	pineal	0	1	0.0	0	0	1
oewn-02773828-a	postmenopausal	1	2.5	2.5	postmenopausal	0	1	0.0	0	0	1
oewn-00162541-a	unstuck	1	2.5	2.5	unstuck	1	1	1.0	0	0	1
oewn-01425429-a	live	4	5.54	2.49	live	0	4	0.0	0	0	2
oewn-01690037-a	disorienting	5	4.27	2.49	stunning	4	5	0.8	0	0	5
oewn-03013035-a	canonic	2	3.32	2.49	canonical	0	2	0.0	0	0	1
oewn-03013161-a	canonic	2	3.32	2.49	canonical	2	2	1.0	0	0	1
oewn-01738231-a	unparented	5	3.17	2.49	orphaned	5	5	1.0	0	0	4
oewn-00917218-a	deciduous	4	3.01	2.49	deciduous	0	4	0.0	0	0	2
oewn-03004870-a	geodetic	3	2.58	2.49	geodetic	0	3	0.0	0	0	1
oewn-02734156-a	estuarine	2	2.49	2.49	estuarine	0	2	0.0	0	0	1
oewn-01603696-a	hypertensive	1	2.49	2.49	hypertensive	0	1	0.0	0	0	1
oewn-03097904-a	metatarsal	1	2.49	2.49	metatarsal	0	1	0.0	0	0	1
oewn-03012116-a	osmotic	1	2.49	2.49	osmotic	0	1	0.0	0	0	1
oewn-00474047-a	reportable	1	2.49	2.49	reportable	0	1	0.0	0	0	1
oewn-02142650-a	sexual	5	4.82	2.48	sexual	1	5	0.2	0	0	5
oewn-01296281-a	disinclined	9	4.7	2.48	afraid	3	9	0.33	0	0	4
oewn-01481933-a	androgynous	11	3.7	2.48	bisexual	3	11	0.27	0	0	7
oewn-00724357-a	undemonstrative	4	3.44	2.48	restrained	4	4	1.0	0	0	2
oewn-00319840-a	censored	2	3.38	2.48	censored	0	2	0.0	0	0	2
oewn-01737910-a	unborn	2	3.37	2.48	unborn	0	2	0.0	0	0	2
oewn-02737282-a	feudal	2	3.36	2.48	feudal	0	2	0.0	0	0	1
oewn-02313760-a	stemless	2	3.21	2.48	stemmed	1	2	0.5	0	0	2
oewn-02909373-a	tectonic	2	3.13	2.48	tectonic	0	2	0.0	0	0	1
oewn-02480006-a	underhand	3	2.49	2.48	underhand	0	3	0.0	0	0	1
oewn-01364023-a	anisotropic	3	2.48	2.48	anisotropic	1	3	0.33	0	0	2
oewn-02728744-a	electrolytic	1	2.48	2.48	electrolytic	0	1	0.0	0	0	1
oewn-02728867-a	electrolytic	1	2.48	2.48	electrolytic	0	1	0.0	0	0	1
oewn-02764496-a	juridical	2	2.48	2.48	juridical	0	2	0.0	0	0	1
oewn-03022544-a	limbic	1	2.48	2.48	limbic	0	1	0.0	0	0	1
oewn-01359363-a	noninvasive	1	2.48	2.48	noninvasive	1	1	1.0	0	0	1
oewn-03107905-a	paralytic	2	2.48	2.48	paralytic	0	2	0.0	0	0	1
oewn-03112378-a	porcine	1	2.48	2.48	porcine	0	1	0.0	0	0	1
oewn-02246206-a	rough	62	5.31	2.47	saw-like	29	63	0.46	0	0	29
oewn-00130175-a	prenatal	3	3.16	2.47	prenatal	0	3	0.0	0	0	1
oewn-00182673-a	heterogenous	2	3.08	2.47	heterogeneous	0	2	0.0	0	0	1
oewn-00207797-a	barreled	2	2.63	2.47	barreled	0	2	0.0	0	0	1
oewn-00797832-a	double-barreled	2	2.63	2.47	double-barreled	0	2	0.0	0	0	1
oewn-00797701-a	single-barreled	2	2.63	2.47	single-barreled	0	2	0.0	0	0	1
oewn-02698559-a	centigrade	1	2.47	2.47	centigrade	0	1	0.0	0	0	1
oewn-02699570-a	cerebellar	1	2.47	2.47	cerebellar	0	1	0.0	0	0	1
oewn-02716664-a	crustal	1	2.47	2.47	crustal	0	1	0.0	0	0	1
oewn-03005099-a	heraldic	2	2.47	2.47	heraldic	0	2	0.0	0	0	1
oewn-01204248-a	homozygous	1	2.47	2.47	homozygous	0	1	0.0	0	0	1
oewn-02991540-a	hydrodynamic	1	2.47	2.47	hydrodynamic	0	1	0.0	0	0	1
oewn-03030997-a	mitotic	1	2.47	2.47	mitotic	0	1	0.0	0	0	1
oewn-02798034-a	ratty	1	2.47	2.47	ratty	0	1	0.0	0	0	1
oewn-02799475-a	revenant	1	2.47	2.47	revenant	0	1	0.0	0	0	1
oewn-02883958-a	sociocultural	1	2.47	2.47	sociocultural	0	1	0.0	0	0	1
oewn-03002287-a	theocratic	1	2.47	2.47	theocratic	0	1	0.0	0	0	1
oewn-02825817-a	thermoelectric	2	2.47	2.47	thermoelectric	2	2	1.0	0	0	1
oewn-03140140-a	vestal	1	2.47	2.47	vestal	0	1	0.0	0	0	1
oewn-02835861-a	virginal	1	2.47	2.47	virginal	1	1	1.0	0	0	1
oewn-02835999-a	vitreous	1	2.47	2.47	vitreous	0	1	0.0	0	0	1
oewn-02836152-a	vitreous	1	2.47	2.47	vitreous	0	1	0.0	0	0	1
oewn-02147907-a	unshapely	22	3.63	2.46	distorted	4	22	0.18	0	0	12
oewn-02251550-a	furrowed	6	3.6	2.46	rugged	2	6	0.33	0	0	4
oewn-02338328-a	insubordinate	6	3.36	2.46	rebellious	5	6	0.83	0	0	5
oewn-03163133-a	oxidized	2	2.88	2.46	oxidized	0	2	0.0	0	0	1
oewn-02739918-a	flaky	2	2.87	2.46	flaky	0	2	0.0	0	0	1
oewn-02750977-a	hemorrhagic	2	2.81	2.46	hemorrhagic	0	2	0.0	0	0	1
oewn-00625237-a	incorrupt	5	2.81	2.46	antiseptic	4	6	0.67	0	0	5
oewn-03010698-a	bicentennial	2	2.8	2.46	bicentennial	0	2	0.0	0	0	1
oewn-00760953-a	unsaturated	3	2.71	2.46	unsaturated	0	3	0.0	0	0	3
oewn-03101721-a	paleolithic	2	2.59	2.46	paleolithic	0	2	0.0	0	0	1
oewn-02669859-a	basaltic	1	2.46	2.46	basaltic	0	1	0.0	0	0	1
oewn-02674655-a	biliary	1	2.46	2.46	biliary	0	1	0.0	0	0	1
oewn-01151125-a	diploid	1	2.46	2.46	diploid	0	1	0.0	0	0	1
oewn-02882651-a	elysian	1	2.46	2.46	elysian	0	1	0.0	0	0	1
oewn-02746915-a	glial	1	2.46	2.46	glial	0	1	0.0	0	0	1
oewn-03015866-a	idiomatic	2	2.46	2.46	idiomatic	0	2	0.0	0	0	1
oewn-02842481-a	magisterial	1	2.46	2.46	magisterial	0	1	0.0	0	0	1
oewn-02925050-a	psychometric	1	2.46	2.46	psychometric	0	1	0.0	0	0	1
oewn-03156397-a	sidearm	1	2.46	2.46	sidearm	0	1	0.0	0	0	1
oewn-02462546-a	untraceable	1	2.46	2.46	untraceable	1	1	1.0	0	0	1
oewn-01526495-a	mobile	26	4.85	2.45	mobile	7	26	0.27	0	0	17
oewn-01275507-a	identifiable	9	4.0	2.45	distinctive	4	9	0.44	0	0	6
oewn-00158105-a	unassertive	5	3.8	2.45	retiring	1	5	0.2	0	0	3
oewn-00009065-a	abstemious	7	3.37	2.45	spartan	6	7	0.86	0	0	3
oewn-00680812-a	cyclic	4	3.16	2.45	cyclic	0	4	0.0	0	0	2
oewn-00880298-a	exportable	2	3.06	2.45	marketable	2	2	1.0	0	0	2
oewn-00723740-a	demonstrative	6	2.98	2.45	gushing	1	6	0.17	0	0	3
oewn-02723006-a	diastolic	1	2.45	2.45	diastolic	0	1	0.0	0	0	1
oewn-03033517-a	etymological	1	2.45	2.45	etymological	0	1	0.0	0	0	1
oewn-02934594-a	evangelistic	1	2.45	2.45	evangelistic	0	1	0.0	0	0	1
oewn-01353724-a	extrospective	2	2.45	2.45	extroverted	0	2	0.0	0	0	1
oewn-02758439-a	impressionistic	1	2.45	2.45	impressionistic	0	1	0.0	0	0	1
oewn-02715874-a	intertidal	1	2.45	2.45	intertidal	0	1	0.0	0	0	1
oewn-02927128-a	orthodontic	1	2.45	2.45	orthodontic	0	1	0.0	0	0	1
oewn-03031469-a	philological	1	2.45	2.45	philological	0	1	0.0	0	0	1
oewn-02819203-a	synoptic	1	2.45	2.45	synoptic	0	1	0.0	0	0	1
oewn-00680581-a	acyclic	3	4.59	2.44	open-chain	0	3	0.0	0	0	2
oewn-02588673-a	unworldly	14	4.4	2.44	spiritual	3	14	0.21	0	0	5
oewn-01718378-a	unpainted	6	4.18	2.44	bare	6	6	1.0	0	0	4
oewn-00009997-a	gluttonous	18	3.75	2.44	greedy	4	19	0.21	0	6	7
oewn-02013324-a	reticulate	21	3.25	2.44	interconnected	2	21	0.1	0	0	8
oewn-00776668-a	indiscreet	6	2.97	2.44	talkative	5	6	0.83	0	0	3
oewn-02549547-a	deflationary	1	2.44	2.44	deflationary	0	1	0.0	0	0	1
oewn-02740548-a	fluvial	1	2.44	2.44	fluvial	0	1	0.0	0	0	1
oewn-02869175-a	phonemic	1	2.44	2.44	phonemic	0	1	0.0	0	0	1
oewn-03114180-a	prefectural	1	2.44	2.44	prefectural	0	1	0.0	0	0	1
oewn-02848030-a	radiographic	1	2.44	2.44	radiographic	0	1	0.0	0	0	1
oewn-02852661-a	sciatic	1	2.44	2.44	sciatic	0	1	0.0	0	0	1
oewn-02852804-a	sciatic	1	2.44	2.44	sciatic	1	1	1.0	0	0	1
oewn-00161240-a	sessile	1	2.44	2.44	sessile	1	1	1.0	0	0	1
oewn-03134301-a	tabular	1	2.44	2.44	tabular	0	1	0.0	0	0	1
oewn-02923831-a	trigonometric	1	2.44	2.44	trigonometric	0	1	0.0	0	0	1
oewn-01719227-a	unpainted	2	2.44	2.44	unpainted	1	2	0.5	0	0	2
oewn-02484149-a	nonunion	6	5.48	2.43	open	5	6	0.83	0	0	3
oewn-00711461-a	breakable	12	5.33	2.43	short	7	12	0.58	0	0	7
oewn-01419359-a	lineal	7	4.91	2.43	direct	0	7	0.0	0	0	4
oewn-00661426-a	linear	7	4.12	2.43	linear	0	7	0.0	0	0	5
oewn-01271536-a	humorless	6	3.86	2.43	po-faced	6	6	1.0	0	0	4
oewn-00927234-a	inculpatory	19	3.74	2.43	accusing	10	19	0.53	0	0	7
oewn-01493085-a	immature	14	3.66	2.43	immature	0	14	0.0	0	0	10
oewn-00898050-a	unbalanced	3	3.21	2.43	unbalanced	0	3	0.0	0	0	2
oewn-00267851-a	gutless	4	2.91	2.43	spineless	0	4	0.0	0	0	1
oewn-02924741-a	psychoanalytical	2	2.82	2.43	psychoanalytic	0	2	0.0	0	0	1
oewn-00439592-a	inclement	2	2.8	2.43	inclement	1	2	0.5	0	0	2
oewn-02618025-a	affine	1	2.43	2.43	affine	0	1	0.0	0	0	1
oewn-01223158-a	autologous	1	2.43	2.43	autologous	0	1	0.0	0	0	1
oewn-03065956-a	catatonic	1	2.43	2.43	catatonic	0	1	0.0	0	0	1
oewn-02721174-a	deliverable	1	2.43	2.43	deliverable	1	1	1.0	0	0	1
oewn-02959265-a	labyrinthine	1	2.43	2.43	labyrinthine	0	1	0.0	0	0	1
oewn-02893299-a	laryngeal	1	2.43	2.43	laryngeal	0	1	0.0	0	0	1
oewn-02795679-a	professorial	1	2.43	2.43	professorial	0	1	0.0	0	0	1
oewn-00989218-a	fat	31	4.96	2.42	heavy	7	31	0.23	0	5	12
oewn-02449895-a	bottom	6	4.84	2.42	bottom	4	6	0.67	0	0	4
oewn-00060656-a	unadorned	8	4.43	2.42	plain	2	8	0.25	0	0	3
oewn-00436553-a	radiopaque	2	3.36	2.42	radio-opaque	2	2	1.0	0	0	1
oewn-02451286-a	topless	2	3.36	2.42	topless	0	2	0.0	0	0	2
oewn-00243278-a	bipedal	3	3.3	2.42	two-footed	0	3	0.0	0	0	1
oewn-02793173-a	pompous	2	3.06	2.42	pompous	0	2	0.0	0	0	1
oewn-00163348-a	detachable	2	2.93	2.42	detachable	2	2	1.0	0	0	2
oewn-03120791-a	recessionary	2	2.91	2.42	recessive	0	2	0.0	0	0	1
oewn-02762505-a	ischemic	2	2.87	2.42	ischemic	0	2	0.0	0	0	1
oewn-02801298-a	aquicultural	3	2.42	2.42	hydroponic	0	3	0.0	0	0	1
oewn-02648381-a	arbitral	2	2.42	2.42	arbitral	0	2	0.0	0	0	1
oewn-02711053-a	colonic	1	2.42	2.42	colonic	0	1	0.0	0	0	1
oewn-00868388-a	employable	1	2.42	2.42	employable	1	1	1.0	0	0	1
oewn-02742795-a	frictional	1	2.42	2.42	frictional	0	1	0.0	0	0	1
oewn-02870310-a	litigious	1	2.42	2.42	litigious	0	1	0.0	0	0	1
oewn-02842157-a	lymphoid	1	2.42	2.42	lymphoid	1	1	1.0	0	0	1
oewn-02920081-a	neuropsychological	1	2.42	2.42	neuropsychological	0	1	0.0	0	0	1
oewn-03115497-a	propulsive	1	2.42	2.42	propulsive	0	1	0.0	0	0	1
oewn-00780481-a	returnable	2	2.42	2.42	returnable	1	2	0.5	0	0	2
oewn-02173903-a	simple	55	5.08	2.41	simple	30	55	0.55	0	0	33
oewn-00317724-a	clinker-built	6	3.81	2.41	lap-streak	0	6	0.0	0	0	1
oewn-01926330-a	noisy	23	3.67	2.41	noisy	8	23	0.35	0	8	13
oewn-01235171-a	inconsolable	4	3.17	2.41	desolate	4	4	1.0	0	0	2
oewn-02927852-a	geriatric	2	2.95	2.41	geriatric	0	2	0.0	0	0	1
oewn-02891861-a	syntactic	2	2.82	2.41	syntactic	0	2	0.0	0	0	1
oewn-02385130-a	unsympathetic	4	2.67	2.41	unsympathetic	4	4	1.0	0	0	1
oewn-02021929-a	awed	4	2.63	2.41	awed	4	4	1.0	0	0	2
oewn-01742995-a	patronized	2	2.46	2.41	patronized	0	2	0.0	0	0	1
oewn-02566320-a	anhydrous	1	2.41	2.41	anhydrous	0	1	0.0	0	0	1
oewn-02665885-a	axillary	1	2.41	2.41	axillary	0	1	0.0	0	0	1
oewn-02729980-a	elegiac	1	2.41	2.41	elegiac	0	1	0.0	0	0	1
oewn-02894142-a	intramuscular	1	2.41	2.41	intramuscular	0	1	0.0	0	0	1
oewn-03006881-a	marsupial	1	2.41	2.41	marsupial	0	1	0.0	0	0	1
oewn-02781762-a	one-humped	2	2.41	2.41	one-humped	0	2	0.0	0	0	1
oewn-02866642-a	polyphonic	2	2.41	2.41	polyphonic	2	2	1.0	0	0	1
oewn-02867009-a	polyphonic	1	2.41	2.41	polyphonic	0	1	0.0	0	0	1
oewn-02826074-a	tibial	1	2.41	2.41	tibial	0	1	0.0	0	0	1
oewn-02830414-a	two-humped	2	2.41	2.41	double-humped	0	2	0.0	0	0	1
oewn-02894903-a	nephritic	2	3.44	2.4	renal	0	2	0.0	0	0	1
oewn-00233826-a	bettering	8	3.29	2.4	corrective	3	8	0.38	0	0	5
oewn-01849016-a	unpremeditated	2	3.27	2.4	impulsive	1	2	0.5	0	0	2
oewn-02400435-a	intangible	2	3.22	2.4	intangible	2	2	1.0	0	0	1
oewn-02741040-a	formalistic	3	2.84	2.4	formalized	3	3	1.0	0	0	1
oewn-03084394-a	homeopathic	2	2.83	2.4	homeopathic	0	2	0.0	0	0	1
oewn-01505874-a	tuneful	2	2.58	2.4	melodious	2	2	1.0	0	0	1
oewn-03150713-a	absolutist	2	2.4	2.4	absolutist	0	2	0.0	0	0	1
oewn-00747753-a	adiabatic	1	2.4	2.4	adiabatic	1	1	1.0	0	0	1
oewn-03032708-a	cubist	2	2.4	2.4	cubist	0	2	0.0	0	0	1
oewn-03069354-a	cyclonic	3	2.4	2.4	cyclonic	0	3	0.0	0	0	1
oewn-03069628-a	cyclonic	3	2.4	2.4	cyclonic	0	3	0.0	0	0	1
oewn-00120685-a	enlivened	2	2.4	2.4	enlivened	2	2	1.0	0	0	2
oewn-01294357-a	inboard	1	2.4	2.4	inboard	0	1	0.0	0	0	1
oewn-02765099-a	labial	1	2.4	2.4	labial	0	1	0.0	0	0	1
oewn-02765189-a	labial	1	2.4	2.4	labial	0	1	0.0	0	0	1
oewn-02764784-a	leaden	1	2.4	2.4	leaden	0	1	0.0	0	0	1
oewn-02770682-a	mealy	1	2.4	2.4	mealy	0	1	0.0	0	0	1
oewn-01503281-a	meatless	1	2.4	2.4	meatless	1	1	1.0	0	0	1
oewn-03098031-a	methylated	1	2.4	2.4	methylated	0	1	0.0	0	0	1
oewn-01909591-a	rehabilitative	1	2.4	2.4	rehabilitative	1	1	1.0	0	0	1
oewn-00651838-a	uncritical	1	2.4	2.4	uncritical	1	1	1.0	0	0	1
oewn-01472431-a	unmade	1	2.4	2.4	unmade	1	1	1.0	0	0	1
oewn-02480209-a	overhand	4	4.59	2.39	round-arm	0	4	0.0	0	0	2
oewn-00298907-a	socialistic	8	4.56	2.39	state-controlled	0	8	0.0	0	0	3
oewn-00302637-a	incalculable	16	4.16	2.39	infinite	2	16	0.12	0	0	4
oewn-00178121-a	inauspicious	3	4.12	2.39	unfortunate	3	3	1.0	0	0	2
oewn-02242526-a	slippery	11	3.87	2.39	sliding	2	11	0.18	0	0	8
oewn-02159120-a	unformed	6	2.95	2.39	amorphous	4	6	0.67	0	0	3
oewn-02875006-a	carbonaceous	4	2.92	2.39	carboniferous	0	4	0.0	0	0	1
oewn-02092278-a	unscientific	2	2.75	2.39	unscientific	1	2	0.5	0	0	2
oewn-02985278-a	abyssal	1	2.39	2.39	abyssal	0	1	0.0	0	0	1
oewn-02651154-a	areal	1	2.39	2.39	areal	0	1	0.0	0	0	1
oewn-00099786-a	artesian	1	2.39	2.39	artesian	0	1	0.0	0	0	1
oewn-02709037-a	clonal	1	2.39	2.39	clonal	0	1	0.0	0	0	1
oewn-00568064-a	conjunct	1	2.39	2.39	conjunct	0	1	0.0	0	0	1
oewn-03074159-a	ducal	1	2.39	2.39	ducal	1	1	1.0	0	0	1
oewn-02935741-a	evaporative	1	2.39	2.39	evaporative	1	1	1.0	0	0	1
oewn-02757327-a	immunosuppressive	1	2.39	2.39	immunosuppressive	0	1	0.0	0	0	1
oewn-01109313-a	nonspecific	1	2.39	2.39	nonspecific	0	1	0.0	0	0	1
oewn-02949573-a	runic	1	2.39	2.39	runic	0	1	0.0	0	0	1
oewn-02847932-a	ulnar	1	2.39	2.39	ulnar	0	1	0.0	0	0	1
oewn-02832312-a	urethral	1	2.39	2.39	urethral	0	1	0.0	0	0	1
oewn-01543810-a	immodest	4	5.44	2.38	important	1	4	0.25	0	0	3
oewn-00119049-a	inanimate	4	4.99	2.38	non-living	3	4	0.75	0	0	2
oewn-02322682-a	curved	32	3.92	2.38	hooked	0	32	0.0	0	0	15
oewn-02001040-a	respectful	5	3.71	2.38	respectful	5	5	1.0	0	0	3
oewn-00554535-a	coordinating	2	3.59	2.38	coordinating	0	2	0.0	0	0	1
oewn-01430630-a	endemic	3	3.37	2.38	endemic	2	3	0.67	0	0	2
oewn-01720680-a	palatable	2	3.06	2.38	palatable	2	2	1.0	0	0	1
oewn-03076288-a	ethnographic	2	2.99	2.38	ethnographic	0	2	0.0	0	0	1
oewn-01291153-a	unnoticeable	2	2.65	2.38	unobtrusive	2	2	1.0	0	0	2
oewn-02941700-a	cationic	1	2.38	2.38	cationic	0	1	0.0	0	0	1
oewn-02735495-a	existentialist	1	2.38	2.38	existentialist	0	1	0.0	0	0	1
oewn-02944567-a	intrauterine	1	2.38	2.38	intrauterine	0	1	0.0	0	0	1
oewn-01264600-a	subhuman	2	2.38	2.38	subhuman	1	2	0.5	0	0	2
oewn-02826692-a	tinny	1	2.38	2.38	tinny	0	1	0.0	0	0	1
oewn-02026235-a	rhythmical	18	4.25	2.37	measured	11	18	0.61	0	0	9
oewn-01743427-a	packaged	3	3.52	2.37	packaged	0	3	0.0	0	0	2
oewn-01695526-a	unorthodox	9	3.16	2.37	unorthodox	6	9	0.67	0	0	5
oewn-01294880-a	inbred	2	2.9	2.37	inbred	0	2	0.0	0	0	2
oewn-00854282-a	inelegant	5	2.9	2.37	homely	5	5	1.0	0	0	3
oewn-03153782-a	streptococcal	3	2.73	2.37	strep	0	3	0.0	0	0	1
oewn-00255849-a	untied	2	2.73	2.37	untied	0	2	0.0	0	0	1
oewn-03083793-a	histological	2	2.58	2.37	histological	0	2	0.0	0	0	1
oewn-02942658-a	theist	3	2.53	2.37	theistic	0	3	0.0	0	0	1
oewn-02578841-a	wingless	4	2.47	2.37	flightless	1	4	0.25	0	0	3
oewn-02658622-a	attentional	1	2.37	2.37	attentional	0	1	0.0	0	0	1
oewn-02681116-a	brassy	2	2.37	2.37	brassy	0	2	0.0	0	0	1
oewn-02755019-a	humic	1	2.37	2.37	humic	0	1	0.0	0	0	1
oewn-02908292-a	iambic	1	2.37	2.37	iambic	0	1	0.0	0	0	1
oewn-03162312-a	malted	1	2.37	2.37	malted	1	1	1.0	0	0	1
oewn-02889672-a	maxillofacial	1	2.37	2.37	maxillofacial	0	1	0.0	0	0	1
oewn-00612640-a	nonconformist	2	2.37	2.37	nonconformist	2	2	1.0	0	0	1
oewn-02303542-a	nonstandard	1	2.37	2.37	nonstandard	1	1	1.0	0	0	1
oewn-03114837-a	processional	1	2.37	2.37	processional	0	1	0.0	0	0	1
oewn-03114977-a	processional	1	2.37	2.37	processional	0	1	0.0	0	0	1
oewn-03115918-a	puerile	1	2.37	2.37	puerile	0	1	0.0	0	0	1
oewn-02805077-a	secretory	1	2.37	2.37	secretory	0	1	0.0	0	0	1
oewn-02550461-a	weedy	1	2.37	2.37	weedy	1	1	1.0	0	0	1
oewn-01665283-a	nonoperational	2	3.63	2.36	inactive	2	2	1.0	0	0	1
oewn-02718019-a	ctenoid	2	3.52	2.36	comb-like	0	2	0.0	0	0	1
oewn-01424552-a	illiterate	6	3.37	2.36	illiterate	4	7	0.57	0	0	6
oewn-01764644-a	revocable	5	3.32	2.36	reversible	5	5	1.0	0	0	3
oewn-02859273-a	fiduciary	2	3.05	2.36	fiduciary	0	2	0.0	0	0	1
oewn-02690390-a	carboxyl	2	2.55	2.36	carboxylic	0	2	0.0	0	0	1
oewn-03060250-a	bituminous	1	2.36	2.36	bituminous	0	1	0.0	0	0	1
oewn-03064368-a	cantonal	1	2.36	2.36	cantonal	0	1	0.0	0	0	1
oewn-02699993-a	cerebrovascular	1	2.36	2.36	cerebrovascular	0	1	0.0	0	0	1
oewn-02851213-a	clitoral	2	2.36	2.36	clitoral	0	2	0.0	0	0	1
oewn-02996343-a	corporatist	1	2.36	2.36	corporatist	0	1	0.0	0	0	1
oewn-01204458-a	heterozygous	1	2.36	2.36	heterozygous	1	1	1.0	0	0	1
oewn-02945553-a	iliac	1	2.36	2.36	iliac	0	1	0.0	0	0	1
oewn-01374838-a	keyless	1	2.36	2.36	keyless	1	1	1.0	0	0	1
oewn-01549594-a	monolingual	1	2.36	2.36	monolingual	0	1	0.0	0	0	1
oewn-02802904-a	sartorial	1	2.36	2.36	sartorial	0	1	0.0	0	0	1
oewn-02803038-a	sartorial	1	2.36	2.36	sartorial	0	1	0.0	0	0	1
oewn-02095101-a	seaworthy	1	2.36	2.36	seaworthy	1	1	1.0	0	0	1
oewn-03136895-a	thespian	1	2.36	2.36	thespian	0	1	0.0	0	0	1
oewn-00850845-a	unassigned	1	2.36	2.36	unassigned	1	1	1.0	0	0	1
oewn-00199168-a	back	7	6.04	2.35	back	0	7	0.0	0	0	3
oewn-01929162-a	quiet	3	4.65	2.35	quiet	3	3	1.0	0	0	3
oewn-00020824-a	accommodating	4	3.25	2.35	accommodating	4	4	1.0	0	0	2
oewn-00161000-a	pedunculate	2	3.21	2.35	stalked	0	2	0.0	0	0	1
oewn-02115639-a	desensitizing	3	2.9	2.35	numbing	3	3	1.0	0	0	2
oewn-03034253-a	propagandist	2	2.69	2.35	propagandist	2	2	1.0	0	0	1
oewn-00691858-a	undeclared	3	2.67	2.35	undeclared	3	3	1.0	0	0	3
oewn-00873611-a	unburdened	2	2.6	2.35	unencumbered	2	2	1.0	0	0	2
oewn-02710528-a	collegial	1	2.35	2.35	collegial	1	1	1.0	0	0	1
oewn-02752960-a	hieroglyphic	2	2.35	2.35	hieroglyphic	0	2	0.0	0	0	1
oewn-02753157-a	hieroglyphic	2	2.35	2.35	hieroglyphic	0	2	0.0	0	0	1
oewn-03106197-a	interrogative	1	2.35	2.35	interrogative	0	1	0.0	0	0	1
oewn-01436142-a	lossy	1	2.35	2.35	lossy	1	1	1.0	0	0	1
oewn-03094173-a	malarial	1	2.35	2.35	malarial	1	1	1.0	0	0	1
oewn-03023366-a	neuropsychiatric	1	2.35	2.35	neuropsychiatric	0	1	0.0	0	0	1
oewn-03165664-a	shrieked	1	2.35	2.35	shrieked	1	1	1.0	0	0	1
oewn-02819371-a	synovial	1	2.35	2.35	synovial	0	1	0.0	0	0	1
oewn-03160148-a	uncollected	2	2.35	2.35	uncollected	2	2	1.0	0	0	1
oewn-02503378-a	upstage	1	2.35	2.35	upstage	0	1	0.0	0	0	1
oewn-00019912-a	inaccessible	17	4.94	2.34	out of reach	5	17	0.29	0	0	5
oewn-02471847-a	trustful	5	3.72	2.34	trusting	5	5	1.0	0	0	3
oewn-02946867-a	intestinal	3	3.32	2.34	intestinal	0	3	0.0	0	0	1
oewn-00269735-a	crystalline	5	3.24	2.34	crystalline	0	5	0.0	0	0	4
oewn-02462377-a	traceable	2	2.8	2.34	traceable	2	2	1.0	0	0	1
oewn-02648772-a	arborical	4	2.34	2.34	arboreal	0	4	0.0	0	0	1
oewn-02164349-a	calced	2	2.34	2.34	shod	0	2	0.0	0	0	1
oewn-02723546-a	differentiable	1	2.34	2.34	differentiable	0	1	0.0	0	0	1
oewn-02741797-a	fossiliferous	1	2.34	2.34	fossiliferous	0	1	0.0	0	0	1
oewn-02894247-a	neuroendocrine	1	2.34	2.34	neuroendocrine	0	1	0.0	0	0	1
oewn-03108092-a	parenteral	1	2.34	2.34	parenteral	0	1	0.0	0	0	1
oewn-03108204-a	parenteral	1	2.34	2.34	parenteral	0	1	0.0	0	0	1
oewn-03008607-a	pharyngeal	1	2.34	2.34	pharyngeal	0	1	0.0	0	0	1
oewn-02296082-a	syllabic	1	2.34	2.34	syllabic	0	1	0.0	0	0	1
oewn-02297997-a	syllabic	1	2.34	2.34	syllabic	0	1	0.0	0	0	1
oewn-02817388-a	syllabic	1	2.34	2.34	syllabic	0	1	0.0	0	0	1
oewn-02817544-a	syllabic	1	2.34	2.34	syllabic	0	1	0.0	0	0	1
oewn-03136325-a	theosophical	1	2.34	2.34	theosophical	0	1	0.0	0	0	1
oewn-02376904-a	sweet	6	4.91	2.33	sweet	0	6	0.0	0	0	3
oewn-01725294-a	pardonable	6	4.62	2.33	minor	4	7	0.57	0	0	4
oewn-00576056-a	desecrated	4	3.91	2.33	violated	1	4	0.25	0	0	3
oewn-00515090-a	noncompetitive	5	3.86	2.33	cooperative	2	5	0.4	0	0	4
oewn-01150547-a	ungrateful	4	3.33	2.33	ungrateful	4	4	1.0	0	0	2
oewn-01985067-a	unmindful	5	3.22	2.33	mindless	5	5	1.0	0	0	2
oewn-02943671-a	epithelial	2	3.06	2.33	epithelial	0	2	0.0	0	0	1
oewn-00668792-a	incurious	4	3.02	2.33	uninterested	4	4	1.0	0	0	3
oewn-01043921-a	forgettable	2	2.87	2.33	forgettable	2	2	1.0	0	0	2
oewn-02994161-a	hypothalamic	1	2.33	2.33	hypothalamic	0	1	0.0	0	0	1
oewn-03099007-a	mongoloid	1	2.33	2.33	mongoloid	1	1	1.0	0	0	1
oewn-03099367-a	mongoloid	1	2.33	2.33	mongoloid	0	1	0.0	0	0	1
oewn-02812572-a	sportive	1	2.33	2.33	sportive	1	1	1.0	0	0	1
oewn-02819951-a	taurine	1	2.33	2.33	taurine	0	1	0.0	0	0	1
oewn-00051167-a	unaddressed	1	2.33	2.33	unaddressed	0	1	0.0	0	0	1
oewn-00868518-a	unemployable	1	2.33	2.33	unemployable	1	1	1.0	0	0	1
oewn-00066400-a	adventurous	9	4.16	2.32	sporting	6	9	0.67	0	0	4
oewn-00905804-a	inessential	7	3.82	2.32	accidental	6	7	0.86	0	0	4
oewn-00793641-a	servile	10	3.25	2.32	submissive	3	10	0.3	0	0	5
oewn-02661949-a	autobiographical	2	3.14	2.32	autobiographical	0	2	0.0	0	0	1
oewn-02662173-a	autobiographical	2	3.14	2.32	autobiographical	0	2	0.0	0	0	1
oewn-02881967-a	angelic	2	3.13	2.32	angelic	0	2	0.0	0	0	1
oewn-00320160-a	uncensored	2	3.01	2.32	uncensored	2	2	1.0	0	0	2
oewn-01640899-a	unestablished	3	2.85	2.32	unrecognized	3	3	1.0	0	0	2
oewn-02274356-a	insoluble	5	2.83	2.32	insoluble	5	5	1.0	0	0	2
oewn-02929007-a	obstetric	2	2.57	2.32	obstetric	0	2	0.0	0	0	1
oewn-02720779-a	czarist	5	2.51	2.32	tsarist	0	5	0.0	0	0	1
oewn-02634503-a	animalistic	1	2.32	2.32	animalistic	0	1	0.0	0	0	1
oewn-02666136-a	axonal	1	2.32	2.32	axonal	0	1	0.0	0	0	1
oewn-02716308-a	cross-pollinating	1	2.32	2.32	cross-pollinating	0	1	0.0	0	0	1
oewn-02725783-a	dumpy	1	2.32	2.32	dumpy	0	1	0.0	0	0	1
oewn-02746548-a	gingival	1	2.32	2.32	gingival	0	1	0.0	0	0	1
oewn-02750824-a	hemispherical	1	2.32	2.32	hemispherical	0	1	0.0	0	0	1
oewn-02756875-a	immunocompromised	1	2.32	2.32	immunocompromised	1	1	1.0	0	0	1
oewn-02498585-a	intransitive	1	2.32	2.32	intransitive	1	1	1.0	0	0	1
oewn-02842028-a	lymphocytic	1	2.32	2.32	lymphocytic	0	1	0.0	0	0	1
oewn-02806085-a	self-pollinating	1	2.32	2.32	self-pollinating	0	1	0.0	0	0	1
oewn-02960321-a	trapezoidal	1	2.32	2.32	trapezoidal	0	1	0.0	0	0	1
oewn-01484820-a	unbranded	1	2.32	2.32	unbranded	1	1	1.0	0	0	1
oewn-01421051-a	unlined	1	2.32	2.32	unlined	1	1	1.0	0	0	1
oewn-02583261-a	wooded	19	3.82	2.31	woody	7	20	0.35	0	0	13
oewn-01686267-a	disarranged	4	3.8	2.31	disturbed	2	4	0.5	0	0	4
oewn-02085141-a	satiate	5	2.97	2.31	jaded	0	5	0.0	0	0	3
oewn-00357728-a	immutable	2	2.85	2.31	immutable	2	2	1.0	0	0	1
oewn-01768106-a	permissive	2	2.77	2.31	permissive	0	2	0.0	0	0	2
oewn-00050303-a	subtractive	3	2.75	2.31	reductive	3	3	1.0	0	0	3
oewn-03053150-a	ablative	1	2.31	2.31	ablative	0	1	0.0	0	0	1
oewn-02941568-a	anionic	1	2.31	2.31	anionic	0	1	0.0	0	0	1
oewn-02679830-a	brachial	1	2.31	2.31	brachial	0	1	0.0	0	0	1
oewn-02692513-a	cartilaginous	1	2.31	2.31	cartilaginous	0	1	0.0	0	0	1
oewn-02714741-a	coreferential	2	2.31	2.31	co-referent	0	2	0.0	0	0	1
oewn-02889984-a	interfacial	1	2.31	2.31	interfacial	0	1	0.0	0	0	1
oewn-01432882-a	legless	1	2.31	2.31	legless	1	1	1.0	0	0	1
oewn-02913613-a	macromolecular	1	2.31	2.31	macromolecular	0	1	0.0	0	0	1
oewn-03039979-a	peripatetic	1	2.31	2.31	peripatetic	0	1	0.0	0	0	1
oewn-02806865-a	semiotic	2	2.31	2.31	semiotic	0	2	0.0	0	0	1
oewn-00502614-a	uncommunicative	18	5.36	2.3	close	6	18	0.33	0	0	7
oewn-00652608-a	critical	5	4.83	2.3	critical	5	5	1.0	0	0	3
oewn-02543370-a	cold-blooded	5	3.33	2.3	cold-blooded	1	5	0.2	0	0	2
oewn-01306711-a	infernal	4	3.0	2.3	infernal	0	4	0.0	0	0	2
oewn-01873452-a	consumptive	5	2.85	2.3	exploitative	0	6	0.0	0	0	4
oewn-81031470-a	extractive	2	2.57	2.3	extractive	0	2	0.0	0	0	2
oewn-85788493-a	extractive	2	2.57	2.3	extractive	0	2	0.0	0	0	2
oewn-02661719-a	authorial	2	2.3	2.3	authorial	0	2	0.0	0	0	1
oewn-02682500-a	buccal	1	2.3	2.3	buccal	0	1	0.0	0	0	1
oewn-02702417-a	chauvinistic	1	2.3	2.3	chauvinistic	0	1	0.0	0	0	1
oewn-02732923-a	eruptive	1	2.3	2.3	eruptive	1	1	1.0	0	0	1
oewn-03014731-a	ferromagnetic	1	2.3	2.3	ferromagnetic	0	1	0.0	0	0	1
oewn-02743002-a	frictionless	1	2.3	2.3	frictionless	0	1	0.0	0	0	1
oewn-02902075-a	montane	1	2.3	2.3	montane	0	1	0.0	0	0	1
oewn-02921265-a	orthographic	1	2.3	2.3	orthographic	0	1	0.0	0	0	1
oewn-02838675-a	photoelectric	2	2.3	2.3	photoelectric	0	2	0.0	0	0	1
oewn-02991138-a	reductionist	1	2.3	2.3	reductionist	0	1	0.0	0	0	1
oewn-02814402-a	steroidal	1	2.3	2.3	steroidal	0	1	0.0	0	0	1
oewn-02815214-a	subdural	1	2.3	2.3	subdural	0	1	0.0	0	0	1
oewn-02955426-a	tracheal	1	2.3	2.3	tracheal	0	1	0.0	0	0	1
oewn-01555818-a	unprincipled	1	2.3	2.3	unprincipled	0	1	0.0	0	0	1
oewn-02907944-a	velar	1	2.3	2.3	velar	0	1	0.0	0	0	1
oewn-02997336-a	yogistic	2	2.3	2.3	yogic	0	2	0.0	0	0	1
oewn-01497045-a	green	5	5.13	2.29	green	5	5	1.0	0	0	2
oewn-00644662-a	impolite	11	4.25	2.29	rude	7	11	0.64	0	0	5
oewn-01704867-a	leafy	43	4.22	2.29	leaf-like	8	43	0.19	0	0	23
oewn-00649435-a	credulous	4	3.77	2.29	credible	4	4	1.0	0	0	4
oewn-01471597-a	unlucky	4	3.63	2.29	unlucky	4	4	1.0	0	0	2
oewn-00947206-a	inexpressible	8	3.12	2.29	unspeakable	0	8	0.0	0	0	2
oewn-00416521-a	unclassified	4	2.79	2.29	unclassified	4	4	1.0	0	0	2
oewn-03041087-a	cesarean	4	2.59	2.29	caesarean	0	4	0.0	0	0	1
oewn-02757062-a	immunological	2	2.55	2.29	immunological	0	2	0.0	0	0	1
oewn-02838045-a	voltaic	2	2.37	2.29	galvanic	0	2	0.0	0	0	1
oewn-03064175-a	cannibalistic	1	2.29	2.29	cannibalistic	1	1	1.0	0	0	1
oewn-02725314-a	distributional	1	2.29	2.29	distributional	0	1	0.0	0	0	1
oewn-02958589-a	dualistic	1	2.29	2.29	dualistic	0	1	0.0	0	0	1
oewn-01150936-a	haploid	3	2.29	2.29	haploid	0	3	0.0	0	0	1
oewn-03093109-a	lithographic	1	2.29	2.29	lithographic	0	1	0.0	0	0	1
oewn-03006547-a	marly	1	2.29	2.29	marly	0	1	0.0	0	0	1
oewn-02786406-a	peaty	1	2.29	2.29	peaty	1	1	1.0	0	0	1
oewn-03030628-a	proteolytic	1	2.29	2.29	proteolytic	0	1	0.0	0	0	1
oewn-03128059-a	serous	1	2.29	2.29	serous	0	1	0.0	0	0	1
oewn-01402953-a	unleavened	2	2.29	2.29	unleavened	0	2	0.0	0	0	1
oewn-02479427-a	atypical	4	3.12	2.28	atypical	4	4	1.0	0	0	2
oewn-03158967-a	vegetational	3	2.92	2.28	vegetative	0	3	0.0	0	0	1
oewn-01123068-a	untalented	2	2.37	2.28	talentless	2	2	1.0	0	0	1
oewn-00234855-a	bicameral	1	2.28	2.28	bicameral	0	1	0.0	0	0	1
oewn-03080507-a	gladiatorial	1	2.28	2.28	gladiatorial	0	1	0.0	0	0	1
oewn-03022756-a	parasympathetic	1	2.28	2.28	parasympathetic	0	1	0.0	0	0	1
oewn-02608096-a	skinless	1	2.28	2.28	skinless	0	1	0.0	0	0	1
oewn-02809629-a	soft-finned	1	2.28	2.28	soft-finned	0	1	0.0	0	0	1
oewn-02267573-a	soled	1	2.28	2.28	soled	1	1	1.0	0	0	1
oewn-02811860-a	splashy	1	2.28	2.28	splashy	0	1	0.0	0	0	1
oewn-02459713-a	nontoxic	6	3.56	2.27	non-poisonous	2	6	0.33	0	0	4
oewn-00630251-a	immaterial	4	3.22	2.27	intangible	4	4	1.0	0	0	2
oewn-02598414-a	unworthy	4	3.2	2.27	unworthy	4	5	0.8	0	0	4
oewn-02150007-a	breasted	2	3.0	2.27	breasted	0	2	0.0	0	0	2
oewn-02023215-a	unrewarding	5	2.61	2.27	thankless	5	5	1.0	0	0	3
oewn-02928282-a	gynecological	3	2.46	2.27	gynecological	0	3	0.0	0	0	1
oewn-01548336-a	polyphonic	2	2.41	2.27	polyphonic	0	2	0.0	0	0	1
oewn-02638344-a	anoxic	1	2.27	2.27	anoxic	1	1	1.0	0	0	1
oewn-02733366-a	eschatological	1	2.27	2.27	eschatological	0	1	0.0	0	0	1
oewn-01402752-a	leavened	1	2.27	2.27	leavened	0	1	0.0	0	0	1
oewn-01742584-a	matriarchal	3	2.27	2.27	matriarchal	0	3	0.0	0	0	3
oewn-02871272-a	prokaryotic	2	2.27	2.27	prokaryotic	2	2	1.0	0	0	1
oewn-02881619-a	suborbital	2	2.27	2.27	suborbital	0	2	0.0	0	0	1
oewn-02990988-a	suborbital	1	2.27	2.27	suborbital	0	1	0.0	0	0	1
oewn-00295041-a	idle	12	4.24	2.26	lazy	5	12	0.42	0	6	6
oewn-00343148-a	certified	4	4.23	2.26	certified	4	4	1.0	0	0	4
oewn-02793891-a	pragmatic	2	3.49	2.26	pragmatic	0	2	0.0	0	0	1
oewn-03163722-a	penciled	2	2.31	2.26	penciled	0	2	0.0	0	0	1
oewn-02730608-a	elfin	1	2.26	2.26	elfin	0	1	0.0	0	0	1
oewn-02734902-a	exegetic	2	2.26	2.26	exegetical	0	2	0.0	0	0	1
oewn-01574200-a	intrastate	1	2.26	2.26	intrastate	0	1	0.0	0	0	1
oewn-02779043-a	neoplastic	1	2.26	2.26	neoplastic	0	1	0.0	0	0	1
oewn-03118518-a	pyrrhic	1	2.26	2.26	pyrrhic	0	1	0.0	0	0	1
oewn-03118742-a	pyrrhic	1	2.26	2.26	pyrrhic	0	1	0.0	0	0	1
oewn-03118907-a	pyrrhic	1	2.26	2.26	pyrrhic	0	1	0.0	0	0	1
oewn-03147605-a	shambolic	1	2.26	2.26	shambolic	1	1	1.0	0	0	1
oewn-02393411-a	tactless	2	2.26	2.26	tactless	0	2	0.0	0	0	1
oewn-02921387-a	telegraphic	1	2.26	2.26	telegraphic	0	1	0.0	0	0	1
oewn-01432232-a	unguided	1	2.26	2.26	unguided	1	1	1.0	0	0	1
oewn-00985793-a	slow	9	4.85	2.25	slow	4	9	0.44	0	0	9
oewn-00314284-a	carnivorous	7	4.42	2.25	meat-eating	0	7	0.0	0	0	4
oewn-00742817-a	indeterminable	6	3.68	2.25	unpredictable	6	6	1.0	0	0	4
oewn-00469904-a	distributive	15	3.39	2.25	pervasive	1	15	0.07	0	0	7
oewn-01355743-a	unintrusive	2	3.33	2.25	not intrusive	2	2	1.0	0	0	1
oewn-02731220-a	epenthetic	2	3.27	2.25	parasitic	0	2	0.0	0	0	1
oewn-00101395-a	alphabetic	5	3.22	2.25	alphabetical	0	5	0.0	0	0	3
oewn-02163351-a	shod	9	3.2	2.25	booted	5	9	0.56	0	0	6
oewn-00335600-a	centralizing	6	3.15	2.25	unifying	0	6	0.0	0	0	3
oewn-00002527-a	adaxial	2	3.06	2.25	ventral	0	2	0.0	0	0	1
oewn-02602330-a	re-entrant	2	2.94	2.25	re-entrant	0	2	0.0	0	0	1
oewn-02674772-a	bilious	2	2.46	2.25	biliary	0	2	0.0	0	0	1
oewn-03052360-a	ambassadorial	1	2.25	2.25	ambassadorial	0	1	0.0	0	0	1
oewn-02645220-a	apoplectic	1	2.25	2.25	apoplectic	0	1	0.0	0	0	1
oewn-02741597-a	formulary	1	2.25	2.25	formulary	0	1	0.0	0	0	1
oewn-01122331-a	geocentric	1	2.25	2.25	geocentric	0	1	0.0	0	0	1
oewn-03032973-a	hyoid	1	2.25	2.25	hyoid	0	1	0.0	0	0	1
oewn-01506186-a	membered	9	2.25	2.25	eight-membered	0	9	0.0	0	0	9
oewn-00351171-a	modifiable	1	2.25	2.25	modifiable	1	1	1.0	0	0	1
oewn-03000018-a	nativist	2	2.25	2.25	nativist	0	2	0.0	0	0	1
oewn-03000261-a	nativist	2	2.25	2.25	nativist	0	2	0.0	0	0	1
oewn-03106385-a	ornithological	1	2.25	2.25	ornithological	0	1	0.0	0	0	1
oewn-03018362-a	philatelic	2	2.25	2.25	philatelic	0	2	0.0	0	0	1
oewn-00886853-a	reducible	1	2.25	2.25	reducible	1	1	1.0	0	0	1
oewn-02828586-a	toroidal	1	2.25	2.25	toroidal	0	1	0.0	0	0	1
oewn-02433027-a	untidy	30	3.87	2.24	messy	17	30	0.57	0	4	12
oewn-00880044-a	disenfranchised	4	2.9	2.24	disenfranchised	4	4	1.0	0	0	1
oewn-00357221-a	ionized	2	2.62	2.24	ionized	2	2	1.0	0	0	1
oewn-00614561-a	nontraditional	2	2.6	2.24	nontraditional	2	2	1.0	0	0	1
oewn-02033433-a	moneyed	2	2.41	2.24	moneyed	0	2	0.0	0	0	1
oewn-02602102-a	contralateral	1	2.24	2.24	contralateral	0	1	0.0	0	0	1
oewn-03076452-a	ethnological	2	2.24	2.24	ethnological	0	2	0.0	0	0	1
oewn-02741409-a	formic	1	2.24	2.24	formic	0	1	0.0	0	0	1
oewn-02741506-a	formic	1	2.24	2.24	formic	0	1	0.0	0	0	1
oewn-02946213-a	hemispheric	1	2.24	2.24	hemispheric	0	1	0.0	0	0	1
oewn-02760029-a	inguinal	1	2.24	2.24	inguinal	0	1	0.0	0	0	1
oewn-02912430-a	intermolecular	1	2.24	2.24	intermolecular	0	1	0.0	0	0	1
oewn-02841734-a	lithic	1	2.24	2.24	lithic	0	1	0.0	0	0	1
oewn-02841839-a	lithic	1	2.24	2.24	lithic	0	1	0.0	0	0	1
oewn-03096822-a	megalithic	1	2.24	2.24	megalithic	0	1	0.0	0	0	1
oewn-03101409-a	mesolithic	1	2.24	2.24	mesolithic	0	1	0.0	0	0	1
oewn-02895109-a	neurotoxic	1	2.24	2.24	neurotoxic	0	1	0.0	0	0	1
oewn-02849921-a	pneumococcal	1	2.24	2.24	pneumococcal	0	1	0.0	0	0	1
oewn-02815338-a	sublingual	1	2.24	2.24	sublingual	1	1	1.0	0	0	1
oewn-02262727-a	unseeded	1	2.24	2.24	unseeded	1	1	1.0	0	0	1
oewn-02221493-a	unsinkable	1	2.24	2.24	unsinkable	1	1	1.0	0	0	1
oewn-03141316-a	voyeuristic	2	2.24	2.24	voyeuristic	0	2	0.0	0	0	1
oewn-00585227-a	indistinguishable	2	3.16	2.23	indistinguishable	2	2	1.0	0	0	1
oewn-02448786-a	toothless	5	2.96	2.23	toothless	1	5	0.2	0	0	3
oewn-00258328-a	unbound	2	2.85	2.23	unbound	2	2	1.0	0	0	2
oewn-01417087-a	limbed	5	2.8	2.23	flipper-like	0	5	0.0	0	0	5
oewn-02587095-a	nonwoody	4	2.79	2.23	herbaceous	3	4	0.75	0	0	3
oewn-02955664-a	transdermal	4	2.47	2.23	percutaneous	0	4	0.0	0	0	1
oewn-02640076-a	anticlimactic	2	2.23	2.23	anticlimactic	0	2	0.0	0	0	1
oewn-02497584-a	anticlimactic	1	2.23	2.23	anticlimactic	0	1	0.0	0	0	1
oewn-02705521-a	chirpy	1	2.23	2.23	chirpy	1	1	1.0	0	0	1
oewn-00061228-a	cholinergic	1	2.23	2.23	cholinergic	0	1	0.0	0	0	1
oewn-02418089-a	extraterritorial	2	2.23	2.23	extraterritorial	0	2	0.0	0	0	1
oewn-02859543-a	funicular	1	2.23	2.23	funicular	0	1	0.0	0	0	1
oewn-02751904-a	homonymic	2	2.23	2.23	homonymous	0	2	0.0	0	0	1
oewn-03095825-a	manorial	1	2.23	2.23	manorial	0	1	0.0	0	0	1
oewn-02132982-a	nonresident	1	2.23	2.23	nonresident	1	1	1.0	0	0	1
oewn-02814563-a	nonsteroidal	1	2.23	2.23	nonsteroidal	1	1	1.0	0	0	1
oewn-02724877-a	omnidirectional	1	2.23	2.23	omnidirectional	0	1	0.0	0	0	1
oewn-02949822-a	pentatonic	1	2.23	2.23	pentatonic	0	1	0.0	0	0	1
oewn-02789750-a	planktonic	1	2.23	2.23	planktonic	0	1	0.0	0	0	1
oewn-02803374-a	scapular	1	2.23	2.23	scapular	0	1	0.0	0	0	1
oewn-00637476-a	uncorrected	2	2.23	2.23	uncorrected	2	2	1.0	0	0	2
oewn-01570420-a	mown	3	5.24	2.22	cut	1	3	0.33	0	0	2
oewn-02129139-a	playful	26	4.02	2.22	arch	17	26	0.65	0	0	8
oewn-01061474-a	odorless	5	3.32	2.22	non-aromatic	4	5	0.8	0	0	3
oewn-00278872-a	moonlit	2	2.63	2.22	moonlit	0	2	0.0	0	0	1
oewn-03165565-a	sanitized	2	2.57	2.22	sanitized	2	2	1.0	0	0	1
oewn-02846030-a	expressionist	2	2.53	2.22	expressionist	0	2	0.0	0	0	1
oewn-02949480-a	choreographic	1	2.22	2.22	choreographic	0	1	0.0	0	0	1
oewn-00410966-a	diatonic	1	2.22	2.22	diatonic	0	1	0.0	0	0	1
oewn-01428173-a	loamy	1	2.22	2.22	loamy	0	1	0.0	0	0	1
oewn-03031977-a	patristic	2	2.22	2.22	patristic	0	2	0.0	0	0	1
oewn-03122620-a	retentive	1	2.22	2.22	retentive	0	1	0.0	0	0	1
oewn-02585768-a	woody	11	4.33	2.21	wooden	0	11	0.0	0	0	9
oewn-00725554-a	denotative	8	3.88	2.21	naming	2	8	0.25	0	0	6
oewn-00327334-a	incautious	7	3.27	2.21	impulsive	6	7	0.86	0	0	2
oewn-00869355-a	disenchanted	4	3.18	2.21	disillusioned	3	4	0.75	0	0	3
oewn-01413762-a	unalike	2	3.01	2.21	dissimilar	2	2	1.0	0	0	1
oewn-02286487-a	spinous	2	2.64	2.21	spiny	2	2	1.0	0	0	1
oewn-02690979-a	cardiopulmonary	2	2.49	2.21	cardiopulmonary	0	2	0.0	0	0	1
oewn-00658468-a	uncrowned	2	2.47	2.21	uncapped	1	2	0.5	0	0	2
oewn-02632510-a	androgenic	1	2.21	2.21	androgenic	0	1	0.0	0	0	1
oewn-02640538-a	antigenic	1	2.21	2.21	antigenic	0	1	0.0	0	0	1
oewn-02657828-a	atherosclerotic	1	2.21	2.21	atherosclerotic	0	1	0.0	0	0	1
oewn-03009140-a	aversive	1	2.21	2.21	aversive	1	1	1.0	0	0	1
oewn-02677235-a	biosynthetic	1	2.21	2.21	biosynthetic	0	1	0.0	0	0	1
oewn-02682622-a	bulimic	1	2.21	2.21	bulimic	1	1	1.0	0	0	1
oewn-00949616-a	fingerless	1	2.21	2.21	fingerless	1	1	1.0	0	0	1
oewn-02703552-a	photochemical	1	2.21	2.21	photochemical	0	1	0.0	0	0	1
oewn-00646138-a	sidereal	1	2.21	2.21	sidereal	0	1	0.0	0	0	1
oewn-02808231-a	sidereal	1	2.21	2.21	sidereal	0	1	0.0	0	0	1
oewn-02831334-a	unicellular	1	2.21	2.21	unicellular	0	1	0.0	0	0	1
oewn-02793621-a	positivist	3	4.99	2.2	positive	0	3	0.0	0	0	1
oewn-01161527-a	hardhearted	7	3.77	2.2	flint	2	7	0.29	0	0	2
oewn-00126191-a	amphibious	3	3.06	2.2	amphibious	0	3	0.0	0	0	2
oewn-03016360-a	waxen	2	2.71	2.2	waxy	0	2	0.0	0	0	1
oewn-02704270-a	chemotherapeutic	2	2.2	2.2	chemotherapeutic	0	2	0.0	0	0	1
oewn-02856470-a	ciliary	1	2.2	2.2	ciliary	0	1	0.0	0	0	1
oewn-03021102-a	glomerular	1	2.2	2.2	glomerular	0	1	0.0	0	0	1
oewn-01224771-a	hipped	1	2.2	2.2	hipped	0	1	0.0	0	0	1
oewn-02411754-a	intemperate	1	2.2	2.2	intemperate	0	1	0.0	0	0	1
oewn-02768896-a	lupine	1	2.2	2.2	lupine	0	1	0.0	0	0	1
oewn-02961491-a	occlusive	1	2.2	2.2	occlusive	1	1	1.0	0	0	1
oewn-02919838-a	peptic	1	2.2	2.2	peptic	0	1	0.0	0	0	1
oewn-03135102-a	telephonic	1	2.2	2.2	telephonic	0	1	0.0	0	0	1
oewn-01704435-a	uncoated	1	2.2	2.2	uncoated	1	1	1.0	0	0	1
oewn-03157624-a	zoonotic	1	2.2	2.2	zoonotic	0	1	0.0	0	0	1
oewn-01186291-a	indigestible	6	4.96	2.19	heavy	6	6	1.0	0	0	6
oewn-01689086-a	orienting	8	3.73	2.19	positioning	0	8	0.0	0	0	5
oewn-02542980-a	warm-blooded	4	3.32	2.19	warm-blooded	0	4	0.0	0	0	2
oewn-00745042-a	indeterminate	2	2.88	2.19	indeterminate	1	2	0.5	0	0	2
oewn-03097722-a	metallurgical	2	2.85	2.19	metallurgical	0	2	0.0	0	0	1
oewn-02346397-a	sugarless	4	2.53	2.19	unsweetened	3	4	0.75	0	0	3
oewn-03075126-a	enteric	2	2.34	2.19	enteric	0	2	0.0	0	0	1
oewn-02666648-a	azo	1	2.19	2.19	azo	0	1	0.0	0	0	1
oewn-02700710-a	cetacean	2	2.19	2.19	cetacean	0	2	0.0	0	0	1
oewn-00906671-a	dispensable	1	2.19	2.19	dispensable	1	1	1.0	0	0	1
oewn-03097000-a	membranous	1	2.19	2.19	membranous	0	1	0.0	0	0	1
oewn-03020984-a	mesenteric	1	2.19	2.19	mesenteric	0	1	0.0	0	0	1
oewn-01785901-a	polytheistic	1	2.19	2.19	polytheistic	1	1	1.0	0	0	1
oewn-03037758-a	semi-tuberous	1	2.19	2.19	semi-tuberous	0	1	0.0	0	0	1
oewn-03037609-a	tuberous	1	2.19	2.19	tuberous	0	1	0.0	0	0	1
oewn-01839509-a	uncultivated	3	2.19	2.19	uncultivated	2	3	0.67	0	0	2
oewn-01349986-a	extramural	6	5.25	2.18	outside	0	6	0.0	0	0	5
oewn-00887528-a	unenlightened	3	5.04	2.18	dark	3	3	1.0	0	0	2
oewn-00029456-a	acquisitive	17	3.75	2.18	greedy	5	17	0.29	0	0	8
oewn-01219127-a	imitative	7	3.49	2.18	mimic	6	7	0.86	0	0	6
oewn-02740075-a	fleshy	2	2.99	2.18	fleshy	0	2	0.0	0	0	1
oewn-03145334-a	axillary	2	2.41	2.18	axillary	0	2	0.0	0	0	1
oewn-02931634-a	ahistorical	1	2.18	2.18	ahistorical	1	1	1.0	0	0	1
oewn-00148054-a	armless	1	2.18	2.18	armless	0	1	0.0	0	0	1
oewn-02636711-a	hermeneutic	1	2.18	2.18	hermeneutic	0	1	0.0	0	0	1
oewn-02715719-a	intercostal	1	2.18	2.18	intercostal	0	1	0.0	0	0	1
oewn-02453962-a	intestate	1	2.18	2.18	intestate	1	1	1.0	0	0	1
oewn-02771592-a	medullary	1	2.18	2.18	medullary	0	1	0.0	0	0	1
oewn-02771712-a	medullary	1	2.18	2.18	medullary	0	1	0.0	0	0	1
oewn-02771825-a	medullary	1	2.18	2.18	medullary	0	1	0.0	0	0	1
oewn-02676999-a	neurobiological	1	2.18	2.18	neurobiological	0	1	0.0	0	0	1
oewn-02810418-a	somatosensory	1	2.18	2.18	somatosensory	0	1	0.0	0	0	1
oewn-02585446-a	unwooded	4	2.18	2.18	treeless	3	4	0.75	0	0	3
oewn-02124512-a	adulterating	4	5.08	2.17	foreign	2	4	0.5	0	0	2
oewn-02178581-a	compound	42	4.18	2.17	compound	26	42	0.62	0	0	27
oewn-01332090-a	blended	4	3.5	2.17	blended	0	4	0.0	0	0	3
oewn-01464377-a	disliked	4	3.41	2.17	disliked	4	4	1.0	0	0	3
oewn-02879986-a	auditory	3	3.25	2.17	auditory	0	3	0.0	0	0	1
oewn-02870589-a	apostolic	2	3.21	2.17	apostolic	0	2	0.0	0	0	1
oewn-00133456-a	ventral	2	3.06	2.17	ventral	0	2	0.0	0	0	2
oewn-01020466-a	fissionable	2	2.56	2.17	fissile	2	2	1.0	0	0	1
oewn-01228771-a	untruthful	2	2.28	2.17	untruthful	1	2	0.5	0	0	2
oewn-00317469-a	carvel-built	2	2.19	2.17	carvel-built	0	2	0.0	0	0	2
oewn-00056005-a	adoptable	1	2.17	2.17	adoptable	1	1	1.0	0	0	1
oewn-03056573-a	armorial	1	2.17	2.17	armorial	0	1	0.0	0	0	1
oewn-00907385-a	estimable	1	2.17	2.17	estimable	1	1	1.0	0	0	1
oewn-01294070-a	exaugural	2	2.17	2.17	valedictory	1	2	0.5	0	0	2
oewn-02892228-a	glottal	1	2.17	2.17	glottal	0	1	0.0	0	0	1
oewn-01122691-a	heliocentric	1	2.17	2.17	heliocentric	0	1	0.0	0	0	1
oewn-00516642-a	incompressible	1	2.17	2.17	incompressible	1	1	1.0	0	0	1
oewn-03071519-a	interdepartmental	1	2.17	2.17	interdepartmental	0	1	0.0	0	0	1
oewn-03014125-a	paramagnetic	1	2.17	2.17	paramagnetic	0	1	0.0	0	0	1
oewn-03113735-a	prepositional	1	2.17	2.17	prepositional	0	1	0.0	0	0	1
oewn-02845225-a	quadrangular	1	2.17	2.17	quadrangular	0	1	0.0	0	0	1
oewn-02804337-a	sclerotic	2	2.17	2.17	sclerotic	0	2	0.0	0	0	1
oewn-02804218-a	sclerotic	1	2.17	2.17	sclerotic	0	1	0.0	0	0	1
oewn-03134591-a	tannic	1	2.17	2.17	tannic	1	1	1.0	0	0	1
oewn-02965877-a	totemic	1	2.17	2.17	totemic	0	1	0.0	0	0	1
oewn-02845131-a	triangulate	1	2.17	2.17	triangulate	1	1	1.0	0	0	1
oewn-02833168-a	valedictory	1	2.17	2.17	valedictory	0	1	0.0	0	0	1
oewn-02317021-a	stimulative	11	3.61	2.16	irritating	5	11	0.45	0	0	6
oewn-01263095-a	nonhuman	9	3.27	2.16	inhuman	1	9	0.11	0	0	5
oewn-02890577-a	menstrual	2	3.22	2.16	menstrual	0	2	0.0	0	0	1
oewn-00366879-a	chondritic	2	3.01	2.16	granular	0	2	0.0	0	0	1
oewn-01551387-a	monotonic	4	2.77	2.16	monotone	2	4	0.5	0	0	3
oewn-03100835-a	nebular	2	2.75	2.16	nebulous	0	2	0.0	0	0	1
oewn-00121844-a	onymous	4	2.7	2.16	binomial	0	4	0.0	0	0	3
oewn-00008753-a	absorbable	1	2.16	2.16	absorbable	1	1	1.0	0	0	1
oewn-00681144-a	acyclic	1	2.16	2.16	acyclic	0	1	0.0	0	0	1
oewn-02865142-a	dyadic	1	2.16	2.16	dyadic	0	1	0.0	0	0	1
oewn-02750721-a	hemodynamic	1	2.16	2.16	hemodynamic	0	1	0.0	0	0	1
oewn-03097430-a	meritocratic	1	2.16	2.16	meritocratic	0	1	0.0	0	0	1
oewn-02877245-a	metastable	1	2.16	2.16	metastable	0	1	0.0	0	0	1
oewn-03098140-a	milch	1	2.16	2.16	milch	1	1	1.0	0	0	1
oewn-02784502-a	paradigmatic	1	2.16	2.16	paradigmatic	0	1	0.0	0	0	1
oewn-02976960-a	paradigmatic	1	2.16	2.16	paradigmatic	0	1	0.0	0	0	1
oewn-02977097-a	paradigmatic	1	2.16	2.16	paradigmatic	0	1	0.0	0	0	1
oewn-02872161-a	patellar	1	2.16	2.16	patellar	0	1	0.0	0	0	1
oewn-02814699-a	stoichiometric	1	2.16	2.16	stoichiometric	0	1	0.0	0	0	1
oewn-01838944-a	unplowed	5	3.22	2.15	unbroken	4	5	0.8	0	0	3
oewn-00901582-a	ineradicable	7	2.82	2.15	indelible	5	7	0.71	0	0	4
oewn-01223311-a	homologous	3	2.78	2.15	homologous	2	3	0.67	0	0	2
oewn-03163434-a	pasteurized	2	2.49	2.15	pasteurized	0	2	0.0	0	0	1
oewn-00241789-a	bimodal	1	2.15	2.15	bimodal	0	1	0.0	0	0	1
oewn-02683759-a	cadastral	1	2.15	2.15	cadastral	0	1	0.0	0	0	1
oewn-03146958-a	ethnocentric	1	2.15	2.15	ethnocentric	0	1	0.0	0	0	1
oewn-03082963-a	gyroscopic	1	2.15	2.15	gyroscopic	1	1	1.0	0	0	1
oewn-02942409-a	idolatrous	1	2.15	2.15	idolatrous	0	1	0.0	0	0	1
oewn-02696683-a	intercellular	1	2.15	2.15	intercellular	0	1	0.0	0	0	1
oewn-02761149-a	intervertebral	1	2.15	2.15	intervertebral	0	1	0.0	0	0	1
oewn-03005725-a	lacustrine	1	2.15	2.15	lacustrine	0	1	0.0	0	0	1
oewn-01449348-a	lidded	1	2.15	2.15	lidded	1	1	1.0	0	0	1
oewn-02998449-a	mutagenic	1	2.15	2.15	mutagenic	1	1	1.0	0	0	1
oewn-03103656-a	nodular	1	2.15	2.15	nodular	1	1	1.0	0	0	1
oewn-01666975-a	opposable	2	2.15	2.15	opposable	2	2	1.0	0	0	1
oewn-02919679-a	seismological	2	2.15	2.15	seismological	0	2	0.0	0	0	1
oewn-03033380-a	shrubby	3	2.15	2.15	shrubby	0	3	0.0	0	0	1
oewn-00360942-a	uncharitable	1	2.15	2.15	uncharitable	0	1	0.0	0	0	1
oewn-02485004-a	unipolar	1	2.15	2.15	unipolar	0	1	0.0	0	0	1
oewn-00094128-a	alienable	7	3.22	2.14	negotiable	0	7	0.0	0	0	3
oewn-00474982-a	combustible	11	3.17	2.14	flammable	7	11	0.64	0	0	6
oewn-01069759-a	unfree	3	2.45	2.14	servile	0	3	0.0	0	0	3
oewn-02462089-a	table d'hote	2	2.2	2.14	prix fixe	0	2	0.0	0	0	1
oewn-00571354-a	conquerable	6	2.14	2.14	beatable	2	6	0.33	0	0	3
oewn-02919960-a	duodenal	1	2.14	2.14	duodenal	0	1	0.0	0	0	1
oewn-02725878-a	dural	1	2.14	2.14	dural	0	1	0.0	0	0	1
oewn-02726685-a	eugenic	1	2.14	2.14	eugenic	1	1	1.0	0	0	1
oewn-01224173-a	gabled	1	2.14	2.14	gabled	0	1	0.0	0	0	1
oewn-02751786-a	homeostatic	1	2.14	2.14	homeostatic	0	1	0.0	0	0	1
oewn-02912280-a	intramolecular	1	2.14	2.14	intramolecular	0	1	0.0	0	0	1
oewn-02906920-a	masted	1	2.14	2.14	masted	1	1	1.0	0	0	1
oewn-03097595-a	metacarpal	1	2.14	2.14	metacarpal	0	1	0.0	0	0	1
oewn-00243003-a	mononuclear	2	2.14	2.14	mononuclear	0	2	0.0	0	0	1
oewn-02922801-a	nonparametric	1	2.14	2.14	nonparametric	1	1	1.0	0	0	1
oewn-02867743-a	pericardial	2	2.14	2.14	pericardial	0	2	0.0	0	0	1
oewn-03165766-a	sintered	1	2.14	2.14	sintered	0	1	0.0	0	0	1
oewn-02853866-a	sociolinguistic	1	2.14	2.14	sociolinguistic	0	1	0.0	0	0	1
oewn-02897094-a	subclinical	1	2.14	2.14	subclinical	0	1	0.0	0	0	1
oewn-03003094-a	teleological	1	2.14	2.14	teleological	0	1	0.0	0	0	1
oewn-01101847-a	unfurnished	1	2.14	2.14	unfurnished	0	1	0.0	0	0	1
oewn-03141583-a	weatherly	1	2.14	2.14	weatherly	0	1	0.0	0	0	1
oewn-01400390-a	leaky	9	3.37	2.13	porous	2	9	0.22	0	0	5
oewn-01953528-a	nonreciprocal	5	3.31	2.13	unanswered	4	5	0.8	0	0	3
oewn-02919354-a	thermodynamic	2	2.93	2.13	thermodynamic	0	2	0.0	0	0	1
oewn-02883370-a	conjugal	2	2.65	2.13	conjugal	0	2	0.0	0	0	1
oewn-01344973-a	interspecies	2	2.2	2.13	interspecies	2	2	1.0	0	0	1
oewn-02947572-a	adverbial	1	2.13	2.13	adverbial	0	1	0.0	0	0	1
oewn-02992128-a	cometary	2	2.13	2.13	cometary	0	2	0.0	0	0	1
oewn-02866855-a	contrapuntal	1	2.13	2.13	contrapuntal	0	1	0.0	0	0	1
oewn-00879918-a	enfranchised	1	2.13	2.13	enfranchised	0	1	0.0	0	0	1
oewn-01622011-a	facultative	1	2.13	2.13	facultative	0	1	0.0	0	0	1
oewn-02736188-a	facultative	1	2.13	2.13	facultative	0	1	0.0	0	0	1
oewn-02880719-a	octal	1	2.13	2.13	octal	0	1	0.0	0	0	1
oewn-02867940-a	perineal	1	2.13	2.13	perineal	0	1	0.0	0	0	1
oewn-02703923-a	physicochemical	1	2.13	2.13	physicochemical	0	1	0.0	0	0	1
oewn-01565957-a	unmoving	2	2.13	2.13	unmoving	2	2	1.0	0	0	2
oewn-02654828-a	ascetic	2	2.81	2.12	ascetic	0	2	0.0	0	0	1
oewn-03076632-a	euclidian	2	2.79	2.12	euclidean	0	2	0.0	0	0	1
oewn-00911537-a	unflattering	2	2.76	2.12	unflattering	2	2	1.0	0	0	1
oewn-02639827-a	anticancer	4	2.44	2.12	anticancer	4	4	1.0	0	0	1
oewn-02631280-a	anamorphic	1	2.12	2.12	anamorphic	0	1	0.0	0	0	1
oewn-02631409-a	anamorphic	1	2.12	2.12	anamorphic	0	1	0.0	0	0	1
oewn-02855059-a	cephalic	1	2.12	2.12	cephalic	0	1	0.0	0	0	1
oewn-90019731-a	glowy	1	2.12	2.12	glowy	0	1	0.0	0	0	1
oewn-02861886-a	humoral	1	2.12	2.12	humoral	0	1	0.0	0	0	1
oewn-02762894-a	isthmian	1	2.12	2.12	isthmian	0	1	0.0	0	0	1
oewn-02792912-a	polyhedral	1	2.12	2.12	polyhedral	0	1	0.0	0	0	1
oewn-03109553-a	scrotal	1	2.12	2.12	scrotal	0	1	0.0	0	0	1
oewn-02905688-a	sensorimotor	1	2.12	2.12	sensorimotor	0	1	0.0	0	0	1
oewn-03131605-a	spiny-finned	1	2.12	2.12	spiny-finned	0	1	0.0	0	0	1
oewn-00643305-a	discourteous	10	5.33	2.11	short	5	10	0.5	0	0	5
oewn-00017820-a	acceptable	5	4.27	2.11	acceptable	5	5	1.0	0	0	4
oewn-00909127-a	complimentary	8	3.6	2.11	praising	4	8	0.5	0	0	3
oewn-02163994-a	unshod	6	3.39	2.11	barefoot	1	6	0.17	0	0	3
oewn-02392399-a	voluble	7	3.16	2.11	gabby	1	7	0.14	0	0	2
oewn-01547032-a	monoecious	10	2.53	2.11	polygamous	0	10	0.0	0	0	5
oewn-00352328-a	unadjusted	2	2.12	2.11	maladjusted	2	2	1.0	0	0	2
oewn-02658726-a	attitudinal	1	2.11	2.11	attitudinal	0	1	0.0	0	0	1
oewn-00181659-a	autochthonous	1	2.11	2.11	autochthonous	0	1	0.0	0	0	1
oewn-02734048-a	estrogenic	1	2.11	2.11	estrogenic	0	1	0.0	0	0	1
oewn-00367105-a	monoclinic	1	2.11	2.11	monoclinic	0	1	0.0	0	0	1
oewn-00129954-a	prehensile	1	2.11	2.11	prehensile	0	1	0.0	0	0	1
oewn-02814962-a	subarctic	1	2.11	2.11	subarctic	0	1	0.0	0	0	1
oewn-90004941-a	tatted	1	2.11	2.11	tatted	0	1	0.0	0	0	1
oewn-02832994-a	vagal	2	2.11	2.11	vagal	0	2	0.0	0	0	1
oewn-03021936-a	vesicular	1	2.11	2.11	vesicular	0	1	0.0	0	0	1
oewn-02519350-a	unventilated	9	5.36	2.1	close	5	9	0.56	0	0	5
oewn-00949257-a	fingered	3	3.08	2.1	fingered	1	3	0.33	0	0	2
oewn-02853070-a	bovine	2	3.01	2.1	bovine	0	2	0.0	0	0	1
oewn-00876421-a	endogenous	2	2.99	2.1	endogenous	0	2	0.0	0	0	1
oewn-02694742-a	categorical	2	2.88	2.1	categorical	0	2	0.0	0	0	1
oewn-00352919-a	maladjusted	3	2.12	2.1	maladjusted	3	3	1.0	0	0	2
oewn-03156813-a	WYSIWYG	1	2.1	2.1	WYSIWYG	0	1	0.0	0	0	1
oewn-02676202-a	biogenic	1	2.1	2.1	biogenic	0	1	0.0	0	0	1
oewn-03071093-a	damascene	1	2.1	2.1	damascene	0	1	0.0	0	0	1
oewn-02774195-a	meiotic	1	2.1	2.1	meiotic	0	1	0.0	0	0	1
oewn-02998609-a	mutational	1	2.1	2.1	mutational	0	1	0.0	0	0	1
oewn-02917372-a	psychogenetic	2	2.1	2.1	psychogenic	2	2	1.0	0	0	1
oewn-02956457-a	tympanic	1	2.1	2.1	tympanic	0	1	0.0	0	0	1
oewn-02956539-a	tympanic	1	2.1	2.1	tympanic	0	1	0.0	0	0	1
oewn-01916099-a	uncontaminated	1	2.1	2.1	uncontaminated	1	1	1.0	0	0	1
oewn-03142005-a	wheaten	3	3.99	2.09	whole-wheat	0	3	0.0	0	0	1
oewn-00046329-a	adaptive	6	3.61	2.09	adaptive	5	6	0.83	0	0	4
oewn-01036379-a	splayfooted	5	3.28	2.09	flat-footed	0	5	0.0	0	0	3
oewn-01972213-a	unrequested	4	3.2	2.09	unsolicited	3	4	0.75	0	0	3
oewn-02014604-a	retractile	2	2.94	2.09	retractable	2	2	1.0	0	0	2
oewn-02664356-a	axiomatic	2	2.54	2.09	axiomatic	0	2	0.0	0	0	1
oewn-00135472-a	unapproachable	3	2.34	2.09	unapproachable	3	3	1.0	0	0	2
oewn-02622948-a	allergenic	1	2.09	2.09	allergenic	0	1	0.0	0	0	1
oewn-03056891-a	asphyxiated	1	2.09	2.09	asphyxiated	1	1	1.0	0	0	1
oewn-02920964-a	calligraphic	2	2.09	2.09	calligraphic	0	2	0.0	0	0	1
oewn-03021579-a	eosinophilic	1	2.09	2.09	eosinophilic	0	1	0.0	0	0	1
oewn-01603810-a	hypotensive	1	2.09	2.09	hypotensive	1	1	1.0	0	0	1
oewn-81879322-a	metrosexual	1	2.09	2.09	metrosexual	0	1	0.0	0	0	1
oewn-02794452-a	precancerous	1	2.09	2.09	precancerous	1	1	1.0	0	0	1
oewn-03018021-a	providential	1	2.09	2.09	providential	0	1	0.0	0	0	1
oewn-02898275-a	psychosexual	1	2.09	2.09	psychosexual	0	1	0.0	0	0	1
oewn-02800744-a	ruminant	1	2.09	2.09	ruminant	0	1	0.0	0	0	1
oewn-03126721-a	schismatic	2	2.09	2.09	schismatic	0	2	0.0	0	0	1
oewn-03153981-a	subclavian	1	2.09	2.09	subclavian	0	1	0.0	0	0	1
oewn-02577356-a	winged	16	4.18	2.08	wing-shaped	1	16	0.06	0	0	11
oewn-01604114-a	paranormal	7	3.8	2.08	psychic	2	7	0.29	0	0	5
oewn-02954295-a	phylogenetic	2	2.87	2.08	phylogenetic	0	2	0.0	0	0	1
oewn-02863150-a	igneous	3	2.81	2.08	igneous	0	3	0.0	0	0	1
oewn-00255481-a	unlaced	2	2.73	2.08	untied	0	2	0.0	0	0	1
oewn-02953684-a	phenotypical	2	2.68	2.08	phenotypic	0	2	0.0	0	0	1
oewn-02927543-a	dermatologic	2	2.16	2.08	dermatological	0	2	0.0	0	0	1
oewn-02857628-a	antediluvian	2	2.08	2.08	antediluvian	0	2	0.0	0	0	1
oewn-02642245-a	anxiolytic	1	2.08	2.08	anxiolytic	1	1	1.0	0	0	1
oewn-02447392-a	atonal	2	2.08	2.08	atonal	2	2	1.0	0	0	1
oewn-02699106-a	cephalopod	2	2.08	2.08	cephalopod	0	2	0.0	0	0	1
oewn-02999378-a	chromatographic	2	2.08	2.08	chromatographic	0	2	0.0	0	0	1
oewn-02022617-a	counterrevolutionary	1	2.08	2.08	counterrevolutionary	1	1	1.0	0	0	1
oewn-02856756-a	counterrevolutionary	1	2.08	2.08	counterrevolutionary	1	1	1.0	0	0	1
oewn-02724104-a	dimorphic	2	2.08	2.08	dimorphic	0	2	0.0	0	0	1
oewn-02744251-a	gastroesophageal	1	2.08	2.08	gastroesophageal	0	1	0.0	0	0	1
oewn-00564291-a	incongruent	1	2.08	2.08	incongruent	1	1	1.0	0	0	1
oewn-02894416-a	neurogenic	1	2.08	2.08	neurogenic	0	1	0.0	0	0	1
oewn-02845615-a	pentangular	2	2.08	2.08	pentagonal	0	2	0.0	0	0	1
oewn-02810700-a	squinty	1	2.08	2.08	squinty	1	1	1.0	0	0	1
oewn-02828938-a	tortious	1	2.08	2.08	tortious	1	1	1.0	0	0	1
oewn-00293738-a	unburied	1	2.08	2.08	unburied	1	1	1.0	0	0	1
oewn-03157785-a	zygomatic	1	2.08	2.08	zygomatic	0	1	0.0	0	0	1
oewn-02946452-a	pneumonic	3	3.5	2.07	pulmonary	0	3	0.0	0	0	1
oewn-01206990-a	nonhierarchical	5	2.57	2.07	unranked	3	5	0.6	0	0	2
oewn-02987385-a	gastronomic	2	2.47	2.07	gastronomic	0	2	0.0	0	0	1
oewn-02660788-a	aurous	2	2.07	2.07	auric	0	2	0.0	0	0	1
oewn-03016069-a	dialectal	1	2.07	2.07	dialectal	0	1	0.0	0	0	1
oewn-02946622-a	pneumonic	1	2.07	2.07	pneumonic	1	1	1.0	0	0	1
oewn-02794991-a	premenstrual	1	2.07	2.07	premenstrual	0	1	0.0	0	0	1
oewn-02948770-a	pronominal	1	2.07	2.07	pronominal	0	1	0.0	0	0	1
oewn-91001361-a	punny	1	2.07	2.07	punny	0	1	0.0	0	0	1
oewn-03134811-a	tarsal	1	2.07	2.07	tarsal	0	1	0.0	0	0	1
oewn-02069203-a	salable	7	3.06	2.06	marketable	5	8	0.62	0	0	3
oewn-01354239-a	extroversive	9	2.57	2.06	extrovert	1	9	0.11	0	0	3
oewn-02601403-a	webbed	2	2.53	2.06	webbed	0	2	0.0	0	0	2
oewn-02783465-a	paleontological	2	2.25	2.06	paleontological	0	2	0.0	0	0	1
oewn-00997560-a	nonfatal	2	2.17	2.06	nonlethal	2	2	1.0	0	0	2
oewn-02660411-a	auroral	2	2.06	2.06	auroral	0	2	0.0	0	0	1
oewn-02660578-a	auroral	1	2.06	2.06	auroral	0	1	0.0	0	0	1
oewn-02689414-a	capsular	1	2.06	2.06	capsular	0	1	0.0	0	0	1
oewn-02689587-a	capsular	1	2.06	2.06	capsular	0	1	0.0	0	0	1
oewn-00627874-a	inconsiderable	1	2.06	2.06	inconsiderable	0	1	0.0	0	0	1
oewn-00113826-a	inflectional	1	2.06	2.06	inflectional	0	1	0.0	0	0	1
oewn-02774931-a	microeconomic	1	2.06	2.06	microeconomic	0	1	0.0	0	0	1
oewn-00278997-a	moonless	1	2.06	2.06	moonless	1	1	1.0	0	0	1
oewn-02795123-a	presentational	1	2.06	2.06	presentational	0	1	0.0	0	0	1
oewn-02925183-a	psychomotor	1	2.06	2.06	psychomotor	0	1	0.0	0	0	1
oewn-03136764-a	thermostatic	1	2.06	2.06	thermostatic	0	1	0.0	0	0	1
oewn-02955572-a	tractive	1	2.06	2.06	tractive	0	1	0.0	0	0	1
oewn-01963345-a	unrecoverable	5	5.39	2.05	lost	5	5	1.0	0	0	3
oewn-00560039-a	conductive	3	3.06	2.05	conductive	3	3	1.0	0	0	2
oewn-02120729-a	unsanitary	4	2.7	2.05	unsanitary	4	4	1.0	0	0	2
oewn-02933066-a	romish	5	2.07	2.05	popish	0	5	0.0	0	0	1
oewn-02606144-a	allogeneic	1	2.05	2.05	allogeneic	0	1	0.0	0	0	1
oewn-03084538-a	allopathic	1	2.05	2.05	allopathic	0	1	0.0	0	0	1
oewn-03058774-a	bardic	1	2.05	2.05	bardic	0	1	0.0	0	0	1
oewn-02886004-a	chorionic	1	2.05	2.05	chorionic	0	1	0.0	0	0	1
oewn-00911705-a	euphemistic	1	2.05	2.05	euphemistic	1	1	1.0	0	0	1
oewn-02743770-a	garlicky	1	2.05	2.05	garlicky	0	1	0.0	0	0	1
oewn-02747012-a	gluteal	1	2.05	2.05	gluteal	0	1	0.0	0	0	1
oewn-01163075-a	nonalcoholic	1	2.05	2.05	nonalcoholic	0	1	0.0	0	0	1
oewn-00487581-a	noncommissioned	1	2.05	2.05	noncommissioned	0	1	0.0	0	0	1
oewn-02782551-a	oropharyngeal	1	2.05	2.05	oropharyngeal	0	1	0.0	0	0	1
oewn-02867590-a	oxalic	1	2.05	2.05	oxalic	0	1	0.0	0	0	1
oewn-02785512-a	parotid	1	2.05	2.05	parotid	0	1	0.0	0	0	1
oewn-03018753-a	sternal	1	2.05	2.05	sternal	0	1	0.0	0	0	1
oewn-02815077-a	subcortical	1	2.05	2.05	subcortical	0	1	0.0	0	0	1
oewn-03144228-a	zodiacal	1	2.05	2.05	zodiacal	0	1	0.0	0	0	1
oewn-01160432-a	soft	9	4.68	2.04	soft	0	9	0.0	0	0	3
oewn-01326048-a	inspiring	3	4.04	2.04	inspiring	3	3	1.0	0	0	2
oewn-00832318-a	edible	11	3.95	2.04	vegan	5	11	0.45	0	0	6
oewn-01887795-a	prophetic	26	3.54	2.04	second-sighted	5	26	0.19	0	0	9
oewn-01479461-a	unmanly	11	3.23	2.04	sissy	3	11	0.27	0	0	3
oewn-02940529-a	subtropical	4	2.92	2.04	subtropical	0	4	0.0	0	0	1
oewn-01531194-a	irremovable	2	2.77	2.04	tenured	2	2	1.0	0	0	2
oewn-00159672-a	unattached	5	2.68	2.04	unattached	5	5	1.0	0	0	2
oewn-01748158-a	impenitent	3	2.61	2.04	unrepentant	3	3	1.0	0	0	1
oewn-00920727-a	exchangeable	7	2.6	2.04	vicarious	6	7	0.86	0	0	5
oewn-01744236-a	unpaved	2	2.44	2.04	unpaved	2	2	1.0	0	0	2
oewn-03076921-a	fatalist	2	2.28	2.04	fatalistic	2	2	1.0	0	0	1
oewn-02671356-a	behavioristic	4	2.27	2.04	behaviorist	0	4	0.0	0	0	1
oewn-02736500-a	fanged	1	2.04	2.04	fanged	0	1	0.0	0	0	1
oewn-02986894-a	gonadal	1	2.04	2.04	gonadal	0	1	0.0	0	0	1
oewn-02997094-a	hypothermic	1	2.04	2.04	hypothermic	0	1	0.0	0	0	1
oewn-02605570-a	invertible	1	2.04	2.04	invertible	0	1	0.0	0	0	1
oewn-02840123-a	lapidary	1	2.04	2.04	lapidary	0	1	0.0	0	0	1
oewn-02920200-a	neurophysiological	1	2.04	2.04	neurophysiological	0	1	0.0	0	0	1
oewn-02605672-a	non-invertible	1	2.04	2.04	non-invertible	1	1	1.0	0	0	1
oewn-02852563-a	sigmoid	1	2.04	2.04	sigmoid	0	1	0.0	0	0	1
oewn-00257319-a	untangled	4	2.98	2.03	loosened	0	4	0.0	0	0	2
oewn-02731337-a	epidural	2	2.9	2.03	epidural	0	2	0.0	0	0	1
oewn-02614960-a	adrenergic	2	2.44	2.03	adrenergic	0	2	0.0	0	0	1
oewn-02639434-a	anthropometric	2	2.03	2.03	anthropometric	0	2	0.0	0	0	1
oewn-02671042-a	bathymetric	2	2.03	2.03	bathymetric	0	2	0.0	0	0	1
oewn-02720177-a	cytogenetic	2	2.03	2.03	cytogenetic	0	2	0.0	0	0	1
oewn-00958155-a	eyeless	1	2.03	2.03	eyeless	1	1	1.0	0	0	1
oewn-02785611-a	paroxysmal	1	2.03	2.03	paroxysmal	0	1	0.0	0	0	1
oewn-02948445-a	phrasal	1	2.03	2.03	phrasal	0	1	0.0	0	0	1
oewn-02822367-a	tendril-climbing	1	2.03	2.03	tendril-climbing	0	1	0.0	0	0	1
oewn-02823777-a	testamentary	1	2.03	2.03	testamentary	0	1	0.0	0	0	1
oewn-00234945-a	unicameral	1	2.03	2.03	unicameral	0	1	0.0	0	0	1
oewn-03139861-a	valvular	1	2.03	2.03	valvular	0	1	0.0	0	0	1
oewn-01358055-a	intrusive	3	3.33	2.02	intrusive	0	3	0.0	0	0	2
oewn-02429304-a	thoughtless	6	3.04	2.02	inconsiderate	4	6	0.67	0	0	3
oewn-00344599-a	evitable	4	2.97	2.02	avoidable	4	4	1.0	0	0	1
oewn-02608266-a	flowerless	3	2.97	2.02	spore-bearing	1	3	0.33	0	0	2
oewn-02093502-a	unconscientious	3	2.76	2.02	unconscionable	3	3	1.0	0	0	2
oewn-01964264-a	unregenerate	9	2.73	2.02	obstinate	2	9	0.22	0	0	4
oewn-00631987-a	unbodied	4	2.45	2.02	formless	4	4	1.0	0	0	3
oewn-00742137-a	determinable	5	2.39	2.02	definable	5	5	1.0	0	0	4
oewn-01224390-a	hipped	2	2.2	2.02	hipped	0	2	0.0	0	0	2
oewn-01145865-a	ungracious	3	2.19	2.02	churlish	3	3	1.0	0	0	3
oewn-02928783-a	hematologic	3	2.11	2.02	hematologic	0	3	0.0	0	0	1
oewn-02622817-a	allelic	2	2.02	2.02	allelic	0	2	0.0	0	0	1
oewn-02631765-a	anarchistic	1	2.02	2.02	anarchistic	0	1	0.0	0	0	1
oewn-02926053-a	bacteriological	2	2.02	2.02	bacteriological	0	2	0.0	0	0	1
oewn-02711528-a	commensal	1	2.02	2.02	commensal	0	1	0.0	0	0	1
oewn-02740193-a	flinty	1	2.02	2.02	flinty	1	1	1.0	0	0	1
oewn-03053519-a	inquisitorial	1	2.02	2.02	inquisitorial	0	1	0.0	0	0	1
oewn-01350783-a	intra vires	1	2.02	2.02	intra vires	0	1	0.0	0	0	1
oewn-02601999-a	ipsilateral	1	2.02	2.02	ipsilateral	0	1	0.0	0	0	1
oewn-00898273-a	isotonic	2	2.02	2.02	isotonic	0	2	0.0	0	0	1
oewn-00357061-a	isotonic	1	2.02	2.02	isotonic	0	1	0.0	0	0	1
oewn-02839979-a	isotonic	1	2.02	2.02	isotonic	0	1	0.0	0	0	1
oewn-02913320-a	microelectronic	1	2.02	2.02	microelectronic	0	1	0.0	0	0	1
oewn-03008837-a	prosodic	1	2.02	2.02	prosodic	0	1	0.0	0	0	1
oewn-02925351-a	psychotherapeutic	1	2.02	2.02	psychotherapeutic	0	1	0.0	0	0	1
oewn-02960229-a	rhombic	1	2.02	2.02	rhombic	0	1	0.0	0	0	1
oewn-02802307-a	sadomasochistic	1	2.02	2.02	sadomasochistic	0	1	0.0	0	0	1
oewn-02656145-a	stomatal	2	2.02	2.02	stomatal	0	2	0.0	0	0	1
oewn-02656346-a	stomatal	2	2.02	2.02	stomatal	0	2	0.0	0	0	1
oewn-02463135-a	trackless	1	2.02	2.02	trackless	0	1	0.0	0	0	1
oewn-02476222-a	tubeless	1	2.02	2.02	tubeless	0	1	0.0	0	0	1
oewn-01350931-a	ultra vires	1	2.02	2.02	ultra vires	0	1	0.0	0	0	1
oewn-01835223-a	unpowered	1	2.02	2.02	unpowered	1	1	1.0	0	0	1
oewn-02103493-a	unfastened	7	3.76	2.01	unlocked	7	7	1.0	0	0	3
oewn-00243422-a	quadrupedal	3	3.3	2.01	four-footed	0	3	0.0	0	0	1
oewn-01903854-a	unprovocative	4	2.84	2.01	disarming	2	4	0.5	0	0	3
oewn-02843703-a	fungicidal	2	2.51	2.01	antifungal	2	2	1.0	0	0	1
oewn-02783873-a	palmar	2	2.24	2.01	palmar	0	2	0.0	0	0	1
oewn-01293456-a	uncleared	2	2.24	2.01	unimproved	1	2	0.5	0	0	2
oewn-01377508-a	knowable	4	2.23	2.01	knowable	4	4	1.0	0	0	1
oewn-03060625-a	bivariate	1	2.01	2.01	bivariate	0	1	0.0	0	0	1
oewn-02729581-a	electrophoretic	2	2.01	2.01	electrophoretic	0	2	0.0	0	0	1
oewn-02772603-a	provencal	1	2.01	2.01	provencal	0	1	0.0	0	0	1
oewn-02822020-a	spatiotemporal	1	2.01	2.01	spatiotemporal	0	1	0.0	0	0	1
oewn-02476139-a	tubed	1	2.01	2.01	tubed	0	1	0.0	0	0	1
oewn-01100582-a	unframed	1	2.01	2.01	unframed	1	1	1.0	0	0	1
oewn-00566527-a	disjunctive	8	4.71	2.0	alternative	1	9	0.11	0	0	7
oewn-02028753-a	ribbed	3	2.92	2.0	ribbed	1	3	0.33	0	0	3
oewn-00302053-a	calculable	7	2.51	2.0	countable	1	7	0.14	0	0	3
oewn-02621020-a	alchemic	2	2.5	2.0	alchemical	0	2	0.0	0	0	1
oewn-02866070-a	polymorphic	2	2.43	2.0	polymorphic	0	2	0.0	0	0	1
oewn-02866388-a	polymorphous	2	2.43	2.0	polymorphic	0	2	0.0	0	0	1
oewn-02807534-a	septal	2	2.35	2.0	septal	0	2	0.0	0	0	1
oewn-02856264-a	ciliary	3	2.2	2.0	ciliary	0	3	0.0	0	0	1
oewn-02856129-a	ciliary	2	2.2	2.0	ciliary	0	2	0.0	0	0	1
oewn-02709250-a	cloven-hoofed	2	2.15	2.0	cloven-footed	0	2	0.0	0	0	1
oewn-02613736-a	adamantine	1	2.0	2.0	adamantine	0	1	0.0	0	0	1
oewn-00061347-a	anticholinergic	1	2.0	2.0	anticholinergic	0	1	0.0	0	0	1
oewn-02670438-a	basilar	2	2.0	2.0	basilar	0	2	0.0	0	0	1
oewn-02781171-a	numinous	1	2.0	2.0	numinous	0	1	0.0	0	0	1
oewn-02796909-a	pupillary	1	2.0	2.0	pupillary	0	1	0.0	0	0	1
oewn-02498770-a	translatable	1	2.0	2.0	translatable	0	1	0.0	0	0	1
oewn-00412558-a	unchristian	5	2.0	2.0	unchristian	5	5	1.0	0	0	3
oewn-02105416-a	unseductive	3	2.0	2.0	uninviting	1	3	0.33	0	0	2
oewn-02437994-a	uncombed	3	2.64	1.99	unkempt	1	3	0.33	0	0	3
oewn-02142260-a	unsexy	3	2.31	1.99	sexless	4	4	1.0	0	0	4
oewn-02529227-a	oviparous	2	2.24	1.99	broody	0	2	0.0	0	0	2
oewn-02499163-a	ungulate	5	2.11	1.99	hoofed	0	5	0.0	0	0	2
oewn-02993534-a	catechetical	2	1.99	1.99	catechetical	0	2	0.0	0	0	1
oewn-03109146-a	patronymic	1	1.99	1.99	patronymic	0	1	0.0	0	0	1
oewn-02034987-a	rimless	1	1.99	1.99	rimless	0	1	0.0	0	0	1
oewn-01704746-a	roofless	1	1.99	1.99	roofless	1	1	1.0	0	0	1
oewn-02955291-a	trabecular	2	1.99	1.99	trabecular	0	2	0.0	0	0	1
oewn-03138067-a	trivalent	1	1.99	1.99	trivalent	0	1	0.0	0	0	1
oewn-01124160-a	unglazed	2	1.99	1.99	unglazed	1	2	0.5	0	0	2
oewn-01124528-a	unglazed	2	1.99	1.99	unglazed	2	2	1.0	0	0	1
oewn-01185568-a	digestible	4	5.33	1.98	light	2	4	0.5	0	0	4
oewn-02484767-a	multiparous	3	2.71	1.98	twinning	0	3	0.0	0	0	2
oewn-03019038-a	hemolytic	2	2.33	1.98	hemolytic	2	2	1.0	0	0	1
oewn-00942070-a	explicable	3	2.28	1.98	explainable	3	3	1.0	0	0	2
oewn-03060476-a	bivalent	2	2.26	1.98	divalent	0	2	0.0	0	0	1
oewn-02781553-a	oligarchic	2	2.18	1.98	oligarchic	0	2	0.0	0	0	1
oewn-00105822-a	unambitious	3	2.0	1.98	unambitious	3	3	1.0	0	0	2
oewn-02657086-a	astronautic	2	1.98	1.98	astronautical	0	2	0.0	0	0	1
oewn-02659693-a	auricular	1	1.98	1.98	auricular	0	1	0.0	0	0	1
oewn-02659830-a	auricular	1	1.98	1.98	auricular	0	1	0.0	0	0	1
oewn-02860142-a	extragalactic	1	1.98	1.98	extragalactic	0	1	0.0	0	0	1
oewn-02663582-a	heterotrophic	1	1.98	1.98	heterotrophic	1	1	1.0	0	0	1
oewn-02760462-a	insecticidal	1	1.98	1.98	insecticidal	0	1	0.0	0	0	1
oewn-02839367-a	interlocutory	1	1.98	1.98	interlocutory	0	1	0.0	0	0	1
oewn-00412086-a	christian	4	4.88	1.97	christian	3	4	0.75	0	0	3
oewn-00717424-a	beseeching	12	3.53	1.97	pleading	4	12	0.33	0	0	7
oewn-02365671-a	insurmountable	4	3.03	1.97	insurmountable	4	4	1.0	0	0	2
oewn-00565913-a	conjunctive	3	3.01	1.97	connective	1	3	0.33	0	0	3
oewn-02964151-a	universalistic	2	2.63	1.97	universalist	2	2	1.0	0	0	1
oewn-01289543-a	unimpressive	2	2.55	1.97	unimpressive	2	2	1.0	0	0	2
oewn-02899045-a	coital	2	2.09	1.97	coital	0	2	0.0	0	0	1
oewn-00140394-a	a posteriori	1	1.97	1.97	a posteriori	0	1	0.0	0	0	1
oewn-02672725-a	benzoic	1	1.97	1.97	benzoic	0	1	0.0	0	0	1
oewn-02693436-a	catabolic	2	1.97	1.97	catabolic	2	2	1.0	0	0	1
oewn-02637412-a	cathodic	1	1.97	1.97	cathodic	0	1	0.0	0	0	1
oewn-01212442-a	ceilinged	4	1.97	1.97	ceilinged	2	4	0.5	0	0	4
oewn-02711351-a	colorimetric	2	1.97	1.97	colorimetric	0	2	0.0	0	0	1
oewn-02734786-a	excretory	1	1.97	1.97	excretory	0	1	0.0	0	0	1
oewn-02880198-a	gustatory	3	1.97	1.97	gustatory	0	3	0.0	0	0	1
oewn-00316280-a	insectivorous	3	1.97	1.97	insectivorous	0	3	0.0	0	0	3
oewn-02778022-a	nasopharyngeal	1	1.97	1.97	nasopharyngeal	0	1	0.0	0	0	1
oewn-03111006-a	phonic	1	1.97	1.97	phonic	0	1	0.0	0	0	1
oewn-03111095-a	phonic	1	1.97	1.97	phonic	0	1	0.0	0	0	1
oewn-00473168-a	publishable	1	1.97	1.97	publishable	1	1	1.0	0	0	1
oewn-02991792-a	rheologic	2	1.97	1.97	rheological	0	2	0.0	0	0	1
oewn-02832414-a	urogenital	1	1.97	1.97	urogenital	0	1	0.0	0	0	1
oewn-00357322-a	nonionized	5	2.75	1.96	unionized	5	5	1.0	0	0	1
oewn-00690440-a	interrogative	2	2.35	1.96	interrogative	0	2	0.0	0	0	1
oewn-01371108-a	joyless	5	2.34	1.96	joyless	4	5	0.8	0	0	4
oewn-02704984-a	chimeric	3	2.2	1.96	chimeric	0	3	0.0	0	0	1
oewn-02777241-a	mousy	2	2.01	1.96	mousy	2	2	1.0	0	0	1
oewn-02949057-a	cruciferous	1	1.96	1.96	cruciferous	0	1	0.0	0	0	1
oewn-00741517-a	destructible	3	1.96	1.96	destructible	2	3	0.67	0	0	3
oewn-02896253-a	diatomic	1	1.96	1.96	diatomic	0	1	0.0	0	0	1
oewn-02916086-a	latitudinal	1	1.96	1.96	latitudinal	0	1	0.0	0	0	1
oewn-03006669-a	mesonic	2	1.96	1.96	mesic	0	2	0.0	0	0	1
oewn-02900461-a	nonsurgical	1	1.96	1.96	nonsurgical	0	1	0.0	0	0	1
oewn-02784673-a	paramedical	1	1.96	1.96	paramedical	0	1	0.0	0	0	1
oewn-02807677-a	sepulchral	1	1.96	1.96	sepulchral	0	1	0.0	0	0	1
oewn-00756614-a	statesmanlike	2	1.96	1.96	statesmanlike	2	2	1.0	0	0	1
oewn-02476464-a	untucked	1	1.96	1.96	untucked	1	1	1.0	0	0	1
oewn-00779459-a	undiscriminating	6	3.0	1.95	indiscriminate	1	6	0.17	0	0	5
oewn-02654324-a	artiodactyl	3	2.83	1.95	even-toed	0	3	0.0	0	0	1
oewn-02755492-a	hydrographic	2	2.66	1.95	hydrographic	0	2	0.0	0	0	1
oewn-00141810-a	columned	7	2.4	1.95	columnar	0	8	0.0	0	0	6
oewn-02634731-a	animist	2	2.0	1.95	animist	0	2	0.0	0	0	1
oewn-02618661-a	agonistic	1	1.95	1.95	agonistic	0	1	0.0	0	0	1
oewn-02661008-a	austenitic	1	1.95	1.95	austenitic	0	1	0.0	0	0	1
oewn-03033863-a	epiphytic	1	1.95	1.95	epiphytic	0	1	0.0	0	0	1
oewn-02737081-a	fermentable	1	1.95	1.95	fermentable	1	1	1.0	0	0	1
oewn-00584515-a	indiscernible	1	1.95	1.95	indiscernible	1	1	1.0	0	0	1
oewn-02768994-a	luteal	1	1.95	1.95	luteal	0	1	0.0	0	0	1
oewn-01041087-a	nonnative	1	1.95	1.95	nonnative	1	1	1.0	0	0	1
oewn-00487240-a	nonresidential	1	1.95	1.95	nonresidential	0	1	0.0	0	0	1
oewn-03111483-a	piratical	1	1.95	1.95	piratical	0	1	0.0	0	0	1
oewn-03111641-a	piratical	1	1.95	1.95	piratical	0	1	0.0	0	0	1
oewn-02808527-a	siliceous	2	1.95	1.95	siliceous	0	2	0.0	0	0	1
oewn-03132349-a	stipendiary	1	1.95	1.95	stipendiary	1	1	1.0	0	0	1
oewn-03133523-a	syphilitic	1	1.95	1.95	syphilitic	0	1	0.0	0	0	1
oewn-02884346-a	transcultural	1	1.95	1.95	transcultural	0	1	0.0	0	0	1
oewn-03166797-a	transpiring	1	1.95	1.95	transpiring	0	1	0.0	0	0	1
oewn-02833540-a	valent	1	1.95	1.95	valent	0	1	0.0	0	0	1
oewn-02960848-a	geomorphologic	5	4.18	1.94	structural	0	5	0.0	0	0	1
oewn-00657852-a	uncrowned	3	3.47	1.94	quasi-royal	1	3	0.33	0	0	2
oewn-01001023-a	feathered	15	3.26	1.94	fledged	6	18	0.33	0	0	12
oewn-00697733-a	indefeasible	3	2.69	1.94	inalienable	3	3	1.0	0	0	2
oewn-02706502-a	chordal	1	1.94	1.94	chordal	0	1	0.0	0	0	1
oewn-02931176-a	criminological	1	1.94	1.94	criminological	0	1	0.0	0	0	1
oewn-01554795-a	licit	1	1.94	1.94	licit	1	1	1.0	0	0	1
oewn-00130801-a	postprandial	1	1.94	1.94	postprandial	0	1	0.0	0	0	1
oewn-02307782-a	starless	1	1.94	1.94	starless	1	1	1.0	0	0	1
oewn-02845365-a	tetragonal	1	1.94	1.94	tetragonal	0	1	0.0	0	0	1
oewn-00343800-a	uncertified	1	1.94	1.94	uncertified	1	1	1.0	0	0	1
oewn-01884457-a	unpronounceable	1	1.94	1.94	unpronounceable	1	1	1.0	0	0	1
oewn-03157135-a	yeasty	2	1.94	1.94	yeasty	0	2	0.0	0	0	1
oewn-02374768-a	nonexempt	4	3.89	1.93	liable	3	4	0.75	0	0	4
oewn-00593083-a	contestable	6	3.13	1.93	debatable	6	6	1.0	0	0	4
oewn-01382770-a	unlabeled	3	2.21	1.93	unlabeled	3	3	1.0	0	0	1
oewn-02639084-a	anthropic	2	1.93	1.93	anthropic	0	2	0.0	0	0	1
oewn-02774596-a	meridional	1	1.93	1.93	meridional	0	1	0.0	0	0	1
oewn-03012376-a	oracular	1	1.93	1.93	oracular	0	1	0.0	0	0	1
oewn-01738116-a	parented	1	1.93	1.93	parented	0	1	0.0	0	0	1
oewn-02773098-a	premenopausal	1	1.93	1.93	premenopausal	0	1	0.0	0	0	1
oewn-01970119-a	rentable	1	1.93	1.93	rentable	1	1	1.0	0	0	1
oewn-02829539-a	tubercular	1	1.93	1.93	tubercular	1	1	1.0	0	0	1
oewn-02829690-a	tubercular	1	1.93	1.93	tubercular	1	1	1.0	0	0	1
oewn-02829897-a	tubercular	1	1.93	1.93	tubercular	0	1	0.0	0	0	1
oewn-01278505-a	unimpaired	1	1.93	1.93	unimpaired	1	1	1.0	0	0	1
oewn-01497888-a	unseasonable	1	1.93	1.93	unseasonable	1	1	1.0	0	0	1
oewn-02232929-a	unsized	2	1.93	1.93	unsorted	2	2	1.0	0	0	2
oewn-01575285-a	natural	4	5.11	1.92	natural	4	4	1.0	0	0	2
oewn-03109409-a	penile	2	2.67	1.92	penile	0	2	0.0	0	0	1
oewn-02794218-a	preclinical	2	2.61	1.92	preclinical	2	2	1.0	0	0	1
oewn-00477739-a	unlighted	3	2.44	1.92	unlit	3	3	1.0	0	0	2
oewn-02815971-a	sulfurous	2	2.01	1.92	sulphurous	0	2	0.0	0	0	1
oewn-02990573-a	otic	2	1.98	1.92	auricular	0	2	0.0	0	0	1
oewn-02762139-a	nonionic	2	1.96	1.92	nonionic	0	2	0.0	0	0	1
oewn-00110072-a	anadromous	1	1.92	1.92	anadromous	0	1	0.0	0	0	1
oewn-03146805-a	anthropocentric	1	1.92	1.92	anthropocentric	0	1	0.0	0	0	1
oewn-91000581-a	bitey	1	1.92	1.92	bitey	0	1	0.0	0	0	1
oewn-03000927-a	conspecific	1	1.92	1.92	conspecific	0	1	0.0	0	0	1
oewn-02747332-a	granulomatous	1	1.92	1.92	granulomatous	0	1	0.0	0	0	1
oewn-02843267-a	piscine	1	1.92	1.92	piscine	0	1	0.0	0	0	1
oewn-02796812-a	pubertal	1	1.92	1.92	pubertal	0	1	0.0	0	0	1
oewn-02095231-a	unseaworthy	1	1.92	1.92	unseaworthy	1	1	1.0	0	0	1
oewn-00483212-a	commensurate	6	3.04	1.91	proportionate	0	6	0.0	0	0	4
oewn-00225394-a	beneficent	2	2.19	1.91	beneficent	2	2	1.0	0	0	2
oewn-01488809-a	unwomanly	5	2.09	1.91	mannish	1	5	0.2	0	0	4
oewn-01498329-a	unseasoned	2	2.03	1.91	unseasoned	2	2	1.0	0	0	2
oewn-02095343-a	airworthy	1	1.91	1.91	airworthy	0	1	0.0	0	0	1
oewn-02631663-a	anaplastic	1	1.91	1.91	anaplastic	0	1	0.0	0	0	1
oewn-01547800-a	dioecious	2	1.91	1.91	dioecious	0	2	0.0	0	0	1
oewn-03073685-a	domiciliary	1	1.91	1.91	domiciliary	0	1	0.0	0	0	1
oewn-02503545-a	downstage	1	1.91	1.91	downstage	0	1	0.0	0	0	1
oewn-02959136-a	hilar	1	1.91	1.91	hilar	0	1	0.0	0	0	1
oewn-00898419-a	hypertonic	1	1.91	1.91	hypertonic	0	1	0.0	0	0	1
oewn-02417089-a	hypertonic	1	1.91	1.91	hypertonic	0	1	0.0	0	0	1
oewn-02772023-a	meningeal	1	1.91	1.91	meningeal	0	1	0.0	0	0	1
oewn-02961601-a	ohmic	1	1.91	1.91	ohmic	0	1	0.0	0	0	1
oewn-02792053-a	plutocratic	2	1.91	1.91	plutocratic	0	2	0.0	0	0	1
oewn-02864790-a	stearic	1	1.91	1.91	stearic	0	1	0.0	0	0	1
oewn-03136454-a	thermionic	1	1.91	1.91	thermionic	0	1	0.0	0	0	1
oewn-01616581-a	obedient	6	3.19	1.9	obedient	6	6	1.0	0	0	4
oewn-00494016-a	hydrophilic	2	2.51	1.9	hydrophilic	0	2	0.0	0	0	2
oewn-02923189-a	spiritualistic	2	2.44	1.9	spiritualist	0	2	0.0	0	0	1
oewn-01431454-a	hatted	2	2.08	1.9	hatted	1	2	0.5	0	0	2
oewn-02702681-a	chelate	1	1.9	1.9	chelate	0	1	0.0	0	0	1
oewn-02295368-a	consonantal	1	1.9	1.9	consonantal	1	1	1.0	0	0	1
oewn-02712945-a	consonantal	1	1.9	1.9	consonantal	0	1	0.0	0	0	1
oewn-02965519-a	dipolar	1	1.9	1.9	dipolar	0	1	0.0	0	0	1
oewn-02926694-a	exocrine	1	1.9	1.9	exocrine	0	1	0.0	0	0	1
oewn-03122260-a	expiratory	1	1.9	1.9	expiratory	0	1	0.0	0	0	1
oewn-03081658-a	greenside	1	1.9	1.9	greenside	0	1	0.0	0	0	1
oewn-02840596-a	leprous	1	1.9	1.9	leprous	0	1	0.0	0	0	1
oewn-02864319-a	mastoid	2	1.9	1.9	mastoid	0	2	0.0	0	0	1
oewn-02864419-a	mastoid	1	1.9	1.9	mastoid	0	1	0.0	0	0	1
oewn-01546656-a	monoclinous	2	1.9	1.9	hermaphroditic	0	2	0.0	0	0	2
oewn-00652427-a	nonjudgmental	1	1.9	1.9	nonjudgmental	0	1	0.0	0	0	1
oewn-02783276-a	packable	1	1.9	1.9	packable	1	1	1.0	0	0	1
oewn-02879424-a	proprioceptive	1	1.9	1.9	proprioceptive	0	1	0.0	0	0	1
oewn-02851725-a	succinic	1	1.9	1.9	succinic	0	1	0.0	0	0	1
oewn-02385377-a	sympatric	1	1.9	1.9	sympatric	0	1	0.0	0	0	1
oewn-00800773-a	undrinkable	1	1.9	1.9	undrinkable	1	1	1.0	0	0	1
oewn-01739724-a	wifely	3	1.9	1.9	wifely	0	3	0.0	0	0	1
oewn-01221012-a	high-rise	6	4.76	1.89	high-rise	0	6	0.0	0	0	3
oewn-00335988-a	decentralizing	3	2.97	1.89	centrifugal	1	3	0.33	0	0	2
oewn-02692618-a	cartographic	2	2.46	1.89	cartographic	0	2	0.0	0	0	1
oewn-02649844-a	archdiocesan	1	1.89	1.89	archdiocesan	0	1	0.0	0	0	1
oewn-02675059-a	bimetallistic	2	1.89	1.89	bimetallic	0	2	0.0	0	0	1
oewn-02828052-a	clonic	1	1.89	1.89	clonic	0	1	0.0	0	0	1
oewn-00114056-a	derivational	1	1.89	1.89	derivational	1	1	1.0	0	0	1
oewn-02926820-a	endodontic	1	1.89	1.89	endodontic	0	1	0.0	0	0	1
oewn-00174254-a	predicative	1	1.89	1.89	predicative	0	1	0.0	0	0	1
oewn-03148523-a	striate	1	1.89	1.89	striate	1	1	1.0	0	0	1
oewn-00554838-a	subordinating	2	1.89	1.89	subordinating	0	2	0.0	0	0	1
oewn-00361315-a	unchartered	1	1.89	1.89	unchartered	0	1	0.0	0	0	1
oewn-01308562-a	uninformative	2	1.89	1.89	uninformative	2	2	1.0	0	0	2
oewn-03026626-a	flagellate	4	3.38	1.88	lash-like	0	4	0.0	0	0	1
oewn-02261411-a	ungregarious	4	2.7	1.88	tufted	1	4	0.25	0	0	2
oewn-01399805-a	leaded	3	2.64	1.88	leaded	0	3	0.0	0	0	2
oewn-02716896-a	crustaceous	2	2.56	1.88	crustacean	0	2	0.0	0	0	1
oewn-02888435-a	hypoglycemic	2	2.23	1.88	hypoglycemic	0	2	0.0	0	0	1
oewn-02942867-a	deist	2	2.12	1.88	deist	0	2	0.0	0	0	1
oewn-02899599-a	multiphase	2	2.1	1.88	multiphase	0	2	0.0	0	0	1
oewn-02647462-a	arachnoid	5	1.95	1.88	spidery	0	5	0.0	0	0	1
oewn-03051511-a	actinic	1	1.88	1.88	actinic	0	1	0.0	0	0	1
oewn-00131353-a	anterograde	1	1.88	1.88	anterograde	0	1	0.0	0	0	1
oewn-03020868-a	atrophic	1	1.88	1.88	atrophic	0	1	0.0	0	0	1
oewn-02666543-a	azimuthal	1	1.88	1.88	azimuthal	0	1	0.0	0	0	1
oewn-03159804-a	cantering	1	1.88	1.88	cantering	0	1	0.0	0	0	1
oewn-02698753-a	centralist	2	1.88	1.88	centralist	0	2	0.0	0	0	1
oewn-02746212-a	geostrategic	1	1.88	1.88	geostrategic	0	1	0.0	0	0	1
oewn-02760137-a	inhalant	1	1.88	1.88	inhalant	0	1	0.0	0	0	1
oewn-02780583-a	nosocomial	1	1.88	1.88	nosocomial	0	1	0.0	0	0	1
oewn-02901693-a	transoceanic	1	1.88	1.88	transoceanic	0	1	0.0	0	0	1
oewn-02498990-a	untranslatable	1	1.88	1.88	untranslatable	1	1	1.0	0	0	1
oewn-03141158-a	vocative	1	1.88	1.88	vocative	0	1	0.0	0	0	1
oewn-02910918-a	priestly	4	2.92	1.87	priestly	0	4	0.0	0	0	1
oewn-01426871-a	unlivable	3	2.71	1.87	uninhabitable	3	3	1.0	0	0	2
oewn-00920321-a	inconvertible	4	2.36	1.87	irredeemable	4	4	1.0	0	0	2
oewn-00799050-a	undramatic	2	2.12	1.87	unspectacular	2	2	1.0	0	0	2
oewn-02418952-a	thermosetting	2	1.89	1.87	thermosetting	0	2	0.0	0	0	1
oewn-02625362-a	altitudinal	1	1.87	1.87	altitudinal	0	1	0.0	0	0	1
oewn-02652909-a	arteriovenous	1	1.87	1.87	arteriovenous	0	1	0.0	0	0	1
oewn-02715197-a	correlational	1	1.87	1.87	correlational	0	1	0.0	0	0	1
oewn-02887664-a	ectodermal	2	1.87	1.87	ectodermal	0	2	0.0	0	0	1
oewn-00210671-a	ferned	4	1.87	1.87	ferny	5	5	1.0	0	0	3
oewn-02751403-a	heterodyne	1	1.87	1.87	heterodyne	0	1	0.0	0	0	1
oewn-02752793-a	hieratic	1	1.87	1.87	hieratic	0	1	0.0	0	0	1
oewn-02995171-a	macrobiotic	1	1.87	1.87	macrobiotic	0	1	0.0	0	0	1
oewn-03134964-a	tartaric	1	1.87	1.87	tartaric	0	1	0.0	0	0	1
oewn-02822847-a	tentacled	1	1.87	1.87	tentacled	0	1	0.0	0	0	1
oewn-02131124-a	unselected	1	1.87	1.87	unselected	1	1	1.0	0	0	1
oewn-00985009-a	fast	7	5.13	1.86	fast	0	7	0.0	0	0	7
oewn-00724601-a	deniable	6	3.78	1.86	questionable	1	6	0.17	0	0	3
oewn-01562296-a	immortal	6	3.77	1.86	immortal	4	6	0.67	0	0	4
oewn-02270298-a	gaseous	18	3.04	1.86	evaporated	1	18	0.06	0	0	7
oewn-00026628-a	amphoteric	2	1.86	1.86	amphoteric	2	2	1.0	0	0	1
oewn-02654097-a	articulatory	2	1.86	1.86	articulatory	0	2	0.0	0	0	1
oewn-00568227-a	disjunct	1	1.86	1.86	disjunct	0	1	0.0	0	0	1
oewn-02760862-a	intracerebral	1	1.86	1.86	intracerebral	0	1	0.0	0	0	1
oewn-00367606-a	polychromatic	1	1.86	1.86	polychromatic	0	1	0.0	0	0	1
oewn-03116042-a	pugilistic	1	1.86	1.86	pugilistic	0	1	0.0	0	0	1
oewn-02905579-a	sensorineural	1	1.86	1.86	sensorineural	0	1	0.0	0	0	1
oewn-02816921-a	surficial	1	1.86	1.86	surficial	0	1	0.0	0	0	1
oewn-02385754-a	synchronic	1	1.86	1.86	synchronic	0	1	0.0	0	0	1
oewn-02988528-a	quantal	2	2.27	1.85	quantized	0	2	0.0	0	0	1
oewn-00948414-a	inextricable	2	2.06	1.85	inextricable	2	2	1.0	0	0	2
oewn-02617604-a	aeromedical	1	1.85	1.85	aeromedical	0	1	0.0	0	0	1
oewn-01685495-a	atomistic	2	1.85	1.85	atomistic	0	2	0.0	0	0	1
oewn-02658393-a	atrioventricular	2	1.85	1.85	atrioventricular	0	2	0.0	0	0	1
oewn-02683237-a	butyric	1	1.85	1.85	butyric	0	1	0.0	0	0	1
oewn-01223728-a	heterologous	3	1.85	1.85	heterologous	3	3	1.0	0	0	1
oewn-01222982-a	heterologous	1	1.85	1.85	heterologous	0	1	0.0	0	0	1
oewn-02876300-a	millenarian	2	1.85	1.85	millenarian	2	2	1.0	0	0	1
oewn-01551998-a	monovalent	1	1.85	1.85	monovalent	1	1	1.0	0	0	1
oewn-02793331-a	popliteal	1	1.85	1.85	popliteal	0	1	0.0	0	0	1
oewn-02864625-a	saurian	2	1.85	1.85	saurian	0	2	0.0	0	0	1
oewn-02822919-a	teratogenic	1	1.85	1.85	teratogenic	0	1	0.0	0	0	1
oewn-00562718-a	uncrowded	1	1.85	1.85	uncrowded	1	1	1.0	0	0	1
oewn-02464103-a	untrimmed	3	3.25	1.84	uncut	0	3	0.0	0	0	2
oewn-00173823-a	attributive	3	1.84	1.84	attributive	0	3	0.0	0	0	2
oewn-03072187-a	demagogic	2	1.84	1.84	demagogic	0	2	0.0	0	0	1
oewn-03003961-a	embolic	1	1.84	1.84	embolic	0	1	0.0	0	0	1
oewn-02953879-a	genotypical	2	1.84	1.84	genotypic	0	2	0.0	0	0	1
oewn-01427111-a	liveried	1	1.84	1.84	liveried	1	1	1.0	0	0	1
oewn-02879227-a	musicological	1	1.84	1.84	musicological	0	1	0.0	0	0	1
oewn-03135229-a	terminological	1	1.84	1.84	terminological	0	1	0.0	0	0	1
oewn-02884861-a	transuranic	1	1.84	1.84	transuranic	0	1	0.0	0	0	1
oewn-01479992-a	male	6	4.89	1.83	male	3	8	0.38	0	0	6
oewn-01874252-a	unreproducible	4	2.67	1.83	inimitable	4	4	1.0	0	0	3
oewn-02028263-a	unrhythmical	6	1.86	1.83	unmeasured	5	6	0.83	0	0	4
oewn-02735044-a	exilic	1	1.83	1.83	exilic	0	1	0.0	0	0	1
oewn-02777882-a	narcoleptic	1	1.83	1.83	narcoleptic	1	1	1.0	0	0	1
oewn-02530133-a	nonvolatile	3	1.83	1.83	nonvolatile	0	3	0.0	0	0	1
oewn-02798451-a	recoilless	1	1.83	1.83	recoilless	0	1	0.0	0	0	1
oewn-01971021-a	unrepeatable	2	1.83	1.83	unrepeatable	2	2	1.0	0	0	1
oewn-02608907-a	transvestic	2	2.63	1.82	transvestite	2	2	1.0	0	0	1
oewn-01836664-a	placental	2	2.61	1.82	placental	0	2	0.0	0	0	2
oewn-00653373-a	uncritical	2	2.4	1.82	uncritical	0	2	0.0	0	0	1
oewn-03118303-a	pyrotechnic	2	2.37	1.82	pyrotechnic	0	2	0.0	0	0	1
oewn-02999228-a	serologic	2	2.03	1.82	serological	0	2	0.0	0	0	1
oewn-02638754-a	antennal	2	1.82	1.82	antennal	0	2	0.0	0	0	1
oewn-02665253-a	avuncular	1	1.82	1.82	avuncular	0	1	0.0	0	0	1
oewn-02665357-a	avuncular	1	1.82	1.82	avuncular	1	1	1.0	0	0	1
oewn-03086515-a	intertribal	1	1.82	1.82	intertribal	0	1	0.0	0	0	1
oewn-02839573-a	isomeric	1	1.82	1.82	isomeric	0	1	0.0	0	0	1
oewn-01417654-a	limbless	2	1.82	1.82	limbless	0	2	0.0	0	0	2
oewn-02929928-a	mass-spectrometric	1	1.82	1.82	mass-spectrometric	0	1	0.0	0	0	1
oewn-03023885-a	nilpotent	1	1.82	1.82	nilpotent	0	1	0.0	0	0	1
oewn-02929445-a	spectrometric	1	1.82	1.82	spectrometric	0	1	0.0	0	0	1
oewn-02833868-a	valved	1	1.82	1.82	valved	0	1	0.0	0	0	1
oewn-02253147-a	rough	32	4.49	1.81	rough	17	34	0.5	0	0	20
oewn-00511660-a	immiscible	4	3.48	1.81	incompatible	4	4	1.0	0	0	2
oewn-01820414-a	nonpolitical	3	2.77	1.81	apolitical	2	3	0.67	0	0	2
oewn-02839802-a	isomorphous	2	2.48	1.81	isomorphic	0	2	0.0	0	0	1
oewn-02383265-a	zygomorphic	3	2.36	1.81	bilaterally symmetrical	0	3	0.0	0	0	1
oewn-02740663-a	foliate	2	1.84	1.81	foliate	0	2	0.0	0	0	1
oewn-02712835-a	conjunctival	1	1.81	1.81	conjunctival	0	1	0.0	0	0	1
oewn-02722335-a	diamagnetic	1	1.81	1.81	diamagnetic	0	1	0.0	0	0	1
oewn-02849690-a	photic	1	1.81	1.81	photic	0	1	0.0	0	0	1
oewn-03165860-a	sluicing	1	1.81	1.81	sluicing	0	1	0.0	0	0	1
oewn-02813517-a	staphylococcal	1	1.81	1.81	staphylococcal	0	1	0.0	0	0	1
oewn-02543785-a	warmhearted	1	1.81	1.81	warmhearted	0	1	0.0	0	0	1
oewn-00576723-a	conservative	10	4.61	1.8	conservative	2	10	0.2	0	0	6
oewn-01803544-a	unstudied	3	3.45	1.8	candid	2	3	0.67	0	0	2
oewn-01530701-a	removable	4	3.29	1.8	removable	3	4	0.75	0	0	3
oewn-00684825-a	undatable	3	3.04	1.8	undated	4	4	1.0	0	0	3
oewn-02717427-a	cryptanalytic	5	2.73	1.8	cryptographic	0	5	0.0	0	0	1
oewn-02702842-a	chelate	2	1.9	1.8	chelate	2	2	1.0	0	0	1
oewn-02641148-a	antipodal	2	1.89	1.8	antipodean	0	2	0.0	0	0	1
oewn-02613957-a	adenoid	1	1.8	1.8	adenoid	0	1	0.0	0	0	1
oewn-02729129-a	electromotive	1	1.8	1.8	electromotive	0	1	0.0	0	0	1
oewn-02731451-a	epigastric	1	1.8	1.8	epigastric	0	1	0.0	0	0	1
oewn-02731554-a	epigastric	1	1.8	1.8	epigastric	0	1	0.0	0	0	1
oewn-02766073-a	leonine	1	1.8	1.8	leonine	0	1	0.0	0	0	1
oewn-03051162-a	puerperal	1	1.8	1.8	puerperal	0	1	0.0	0	0	1
oewn-03120911-a	recessional	1	1.8	1.8	recessional	0	1	0.0	0	0	1
oewn-02882150-a	seraphic	2	1.8	1.8	seraphic	0	2	0.0	0	0	1
oewn-01663240-a	unenclosed	5	5.48	1.79	open	2	5	0.4	0	0	4
oewn-00834256-a	uneducated	11	4.05	1.79	ignorant	7	12	0.58	0	0	6
oewn-01431155-a	gloved	2	2.56	1.79	gloved	2	2	1.0	0	0	2
oewn-00786516-a	unfocused	2	2.53	1.79	unfocused	2	2	1.0	0	0	1
oewn-03165372-a	ridged	4	2.51	1.79	keeled	0	4	0.0	0	0	1
oewn-02811979-a	splenic	3	2.17	1.79	splenic	3	3	1.0	0	0	1
oewn-02874079-a	nucleated	2	1.96	1.79	nucleated	0	2	0.0	0	0	1
oewn-00684686-a	datable	2	1.94	1.79	datable	0	2	0.0	0	0	1
oewn-02942988-a	pantheist	2	1.84	1.79	pantheistic	0	2	0.0	0	0	1
oewn-01977529-a	aperiodic	4	1.79	1.79	aperiodic	2	4	0.5	0	0	3
oewn-03069906-a	cyclopean	1	1.79	1.79	cyclopean	0	1	0.0	0	0	1
oewn-00903771-a	exoteric	1	1.79	1.79	exoteric	1	1	1.0	0	0	1
oewn-02862829-a	icosahedral	1	1.79	1.79	icosahedral	0	1	0.0	0	0	1
oewn-03122135-a	inspiratory	1	1.79	1.79	inspiratory	0	1	0.0	0	0	1
oewn-02760743-a	interlinear	2	1.79	1.79	interlinear	0	2	0.0	0	0	1
oewn-02954106-a	ontogenetic	1	1.79	1.79	ontogenetic	0	1	0.0	0	0	1
oewn-01552128-a	polyvalent	1	1.79	1.79	polyvalent	1	1	1.0	0	0	1
oewn-02797897-a	rationalistic	1	1.79	1.79	rationalistic	0	1	0.0	0	0	1
oewn-02575276-a	wigged	4	1.79	1.79	wigged	1	4	0.25	0	0	3
oewn-02161232-a	unshaven	13	3.34	1.78	bearded	0	13	0.0	0	0	5
oewn-02296400-a	syllabic	8	2.34	1.78	syllabic	1	8	0.12	0	0	8
oewn-00744659-a	determinate	2	2.33	1.78	determinate	1	2	0.5	0	0	2
oewn-00321745-a	acaudate	4	1.78	1.78	tailless	4	4	1.0	0	0	2
oewn-02624382-a	allylic	1	1.78	1.78	allylic	0	1	0.0	0	0	1
oewn-02679928-a	brachiopod	2	1.78	1.78	brachiopod	0	2	0.0	0	0	1
oewn-02697176-a	cementitious	1	1.78	1.78	cementitious	0	1	0.0	0	0	1
oewn-02723139-a	dicarboxylic	1	1.78	1.78	dicarboxylic	0	1	0.0	0	0	1
oewn-02860360-a	gnomic	1	1.78	1.78	gnomic	0	1	0.0	0	0	1
oewn-02764640-a	jurisprudential	1	1.78	1.78	jurisprudential	0	1	0.0	0	0	1
oewn-03117028-a	pyloric	1	1.78	1.78	pyloric	0	1	0.0	0	0	1
oewn-03121613-a	residuary	1	1.78	1.78	residuary	0	1	0.0	0	0	1
oewn-00042063-a	stative	1	1.78	1.78	stative	0	1	0.0	0	0	1
oewn-01429248-a	epidemic	8	3.8	1.77	epidemic	5	8	0.62	0	0	5
oewn-02426691-a	thinkable	8	3.27	1.77	imaginable	1	8	0.12	0	0	4
oewn-01819370-a	impolitic	3	3.09	1.77	unwise	3	3	1.0	0	0	2
oewn-00160763-a	sessile	2	2.44	1.77	sessile	0	2	0.0	0	0	1
oewn-00979314-a	styleless	3	2.41	1.77	dowdy	0	3	0.0	0	0	2
oewn-03062275-a	boric	2	2.31	1.77	boric	0	2	0.0	0	0	1
oewn-02852419-a	sigmoid	2	2.04	1.77	sigmoid	0	2	0.0	0	0	1
oewn-01547939-a	monophonic	4	1.86	1.77	monophonic	0	4	0.0	0	0	3
oewn-02885357-a	avascular	1	1.77	1.77	avascular	0	1	0.0	0	0	1
oewn-02762661-a	isentropic	1	1.77	1.77	isentropic	0	1	0.0	0	0	1
oewn-02805366-a	sectorial	1	1.77	1.77	sectorial	0	1	0.0	0	0	1
oewn-00279284-a	unbridgeable	1	1.77	1.77	unbridgeable	0	1	0.0	0	0	1
oewn-02116832-a	unsent	1	1.77	1.77	unsent	1	1	1.0	0	0	1
oewn-02673099-a	biaxial	3	1.76	1.76	biaxial	0	3	0.0	0	0	1
oewn-02680755-a	branchial	1	1.76	1.76	branchial	0	1	0.0	0	0	1
oewn-02844864-a	cyanobacterial	2	1.76	1.76	cyanobacterial	0	2	0.0	0	0	1
oewn-02765962-a	leguminous	1	1.76	1.76	leguminous	1	1	1.0	0	0	1
oewn-02945029-a	monozygotic	1	1.76	1.76	monozygotic	0	1	0.0	0	0	1
oewn-02868061-a	peroneal	1	1.76	1.76	peroneal	0	1	0.0	0	0	1
oewn-02787383-a	phagocytic	1	1.76	1.76	phagocytic	1	1	1.0	0	0	1
oewn-02985085-a	tragicomic	1	1.76	1.76	tragicomic	0	1	0.0	0	0	1
oewn-00559863-a	unenforced	1	1.76	1.76	unenforced	1	1	1.0	0	0	1
oewn-00289675-a	unreconstructed	1	1.76	1.76	unreconstructed	0	1	0.0	0	0	1
oewn-03155170-a	vasomotor	1	1.76	1.76	vasomotor	0	1	0.0	0	0	1
oewn-01299595-a	deductive	4	2.65	1.75	deductive	3	6	0.5	0	0	5
oewn-02091684-a	unscholarly	3	2.31	1.75	unlearned	1	3	0.33	0	0	3
oewn-00935636-a	inexpedient	2	2.2	1.75	inadvisable	2	2	1.0	0	0	2
oewn-02903121-a	protozoal	3	2.1	1.75	protozoan	0	3	0.0	0	0	1
oewn-00692748-a	indecorous	2	1.92	1.75	indelicate	2	2	1.0	0	0	1
oewn-02676347-a	biogeographic	2	1.87	1.75	biogeographic	0	2	0.0	0	0	1
oewn-01550516-a	polyvalent	2	1.79	1.75	polyvalent	2	2	1.0	0	0	1
oewn-01993565-a	reconcilable	3	1.79	1.75	resolvable	3	3	1.0	0	0	3
oewn-02655693-a	associational	1	1.75	1.75	associational	0	1	0.0	0	0	1
oewn-00946570-a	expressible	5	1.83	1.74	representable	4	5	0.8	0	0	4
oewn-00323219-a	acaulescent	2	1.74	1.74	stemless	2	2	1.0	0	0	1
oewn-02640819-a	antinomian	1	1.74	1.74	antinomian	0	1	0.0	0	0	1
oewn-02616203-a	antisatellite	2	1.74	1.74	ASAT	0	2	0.0	0	0	1
oewn-00099382-a	apocrine	1	1.74	1.74	apocrine	0	1	0.0	0	0	1
oewn-02650546-a	archiepiscopal	2	1.74	1.74	archiepiscopal	0	2	0.0	0	0	1
oewn-02888617-a	hypovolemic	2	1.74	1.74	hypovolemic	0	2	0.0	0	0	1
oewn-02888807-a	intradermal	3	1.74	1.74	intradermal	0	3	0.0	0	0	1
oewn-02959405-a	lobular	1	1.74	1.74	lobular	0	1	0.0	0	0	1
oewn-02776737-a	monotypic	1	1.74	1.74	monotypic	0	1	0.0	0	0	1
oewn-02859004-a	nonfinancial	1	1.74	1.74	nonfinancial	1	1	1.0	0	0	1
oewn-02391719-a	unsystematic	1	1.74	1.74	unsystematic	0	1	0.0	0	0	1
oewn-00637702-a	corrigible	6	2.77	1.73	redeemable	6	6	1.0	0	0	4
oewn-00191068-a	astringent	3	2.51	1.73	astringent	2	3	0.67	0	0	2
oewn-02624996-a	alphanumeric	4	2.46	1.73	alphanumeric	0	4	0.0	0	0	1
oewn-02881757-a	kinesthetic	2	2.13	1.73	kinesthetic	0	2	0.0	0	0	1
oewn-02822204-a	tendinous	2	2.07	1.73	sinewy	0	2	0.0	0	0	1
oewn-02818301-a	syncretic	4	2.02	1.73	syncretic	0	4	0.0	0	0	1
oewn-02818598-a	syncretic	4	2.02	1.73	syncretic	0	4	0.0	0	0	1
oewn-02683876-a	cadaverous	2	1.79	1.73	cadaveric	0	2	0.0	0	0	1
oewn-02668324-a	bacteriostatic	1	1.73	1.73	bacteriostatic	1	1	1.0	0	0	1
oewn-02712398-a	configurational	1	1.73	1.73	configurational	1	1	1.0	0	0	1
oewn-02853205-a	crinoid	1	1.73	1.73	crinoid	0	1	0.0	0	0	1
oewn-02777471-a	myelinated	2	1.73	1.73	myelinated	2	2	1.0	0	0	1
oewn-01112807-a	nontechnical	2	1.73	1.73	nontechnical	2	2	1.0	0	0	1
oewn-03115789-a	pudendal	1	1.73	1.73	pudendal	0	1	0.0	0	0	1
oewn-02255948-a	unrifled	2	1.73	1.73	smoothbore	2	2	1.0	0	0	1
oewn-00292531-a	sisterly	3	2.33	1.72	sisterly	0	3	0.0	0	0	1
oewn-00349910-a	incommutable	4	2.06	1.72	unalterable	3	4	0.75	0	0	3
oewn-03163593-a	unpasteurized	2	2.01	1.72	unpasteurized	2	2	1.0	0	0	1
oewn-02800233-a	ropy	2	1.92	1.72	ropey	0	2	0.0	0	0	1
oewn-02668748-a	balletic	1	1.72	1.72	balletic	1	1	1.0	0	0	1
oewn-03074304-a	ductless	1	1.72	1.72	ductless	1	1	1.0	0	0	1
oewn-02956851-a	libidinal	1	1.72	1.72	libidinal	0	1	0.0	0	0	1
oewn-02774292-a	mercuric	2	1.72	1.72	mercuric	0	2	0.0	0	0	1
oewn-02914483-a	mucinous	1	1.72	1.72	mucinous	0	1	0.0	0	0	1
oewn-01551174-a	multivalent	1	1.72	1.72	multivalent	0	1	0.0	0	0	1
oewn-02778368-a	natriuretic	1	1.72	1.72	natriuretic	0	1	0.0	0	0	1
oewn-02784971-a	paranasal	1	1.72	1.72	paranasal	0	1	0.0	0	0	1
oewn-02785836-a	passerine	1	1.72	1.72	passerine	0	1	0.0	0	0	1
oewn-02911164-a	sacerdotal	1	1.72	1.72	sacerdotal	0	1	0.0	0	0	1
oewn-01497734-a	seasonable	1	1.72	1.72	seasonable	0	1	0.0	0	0	1
oewn-02816789-a	supraorbital	2	1.72	1.72	supraorbital	0	2	0.0	0	0	1
oewn-00194357-a	witting	1	1.72	1.72	witting	1	1	1.0	0	0	1
oewn-01931557-a	nonrandom	2	1.97	1.71	purposive	2	2	1.0	0	0	2
oewn-00143538-a	argillaceous	2	1.91	1.71	clayey	0	2	0.0	0	0	1
oewn-02997941-a	organismal	2	1.79	1.71	organismal	0	2	0.0	0	0	1
oewn-02710187-a	collarless	1	1.71	1.71	collarless	1	1	1.0	0	0	1
oewn-02666739-a	diazo	1	1.71	1.71	diazo	0	1	0.0	0	0	1
oewn-03073556-a	dolomitic	1	1.71	1.71	dolomitic	0	1	0.0	0	0	1
oewn-02756225-a	ideographic	1	1.71	1.71	ideographic	0	1	0.0	0	0	1
oewn-02757218-a	immunosuppressed	1	1.71	1.71	immunosuppressed	1	1	1.0	0	0	1
oewn-03008735-a	phrenic	1	1.71	1.71	phrenic	0	1	0.0	0	0	1
oewn-03140766-a	viceregal	1	1.71	1.71	viceregal	0	1	0.0	0	0	1
oewn-03113275-a	praetorian	4	2.35	1.7	praetorian	0	4	0.0	0	0	1
oewn-02890206-a	lacrimal	2	2.13	1.7	lacrimal	0	2	0.0	0	0	1
oewn-02890348-a	lacrimal	2	2.13	1.7	lacrimal	0	2	0.0	0	0	1
oewn-01550389-a	monovalent	2	1.85	1.7	monovalent	0	2	0.0	0	0	1
oewn-00145996-a	unarmored	2	1.85	1.7	unarmored	0	2	0.0	0	0	1
oewn-02951452-a	epicyclic	2	1.7	1.7	epicyclic	0	2	0.0	0	0	1
oewn-02726983-a	eutrophic	1	1.7	1.7	eutrophic	0	1	0.0	0	0	1
oewn-02958356-a	monistic	1	1.7	1.7	monistic	0	1	0.0	0	0	1
oewn-01776007-a	penetrable	1	1.7	1.7	penetrable	0	1	0.0	0	0	1
oewn-02830927-a	uncial	1	1.7	1.7	uncial	0	1	0.0	0	0	1
oewn-01969942-a	unrenewable	2	1.7	1.7	nonrenewable	0	2	0.0	0	0	1
oewn-02834362-a	ventilatory	1	1.7	1.7	ventilatory	0	1	0.0	0	0	1
oewn-03166474-a	sublimed	2	2.15	1.69	sublimated	0	2	0.0	0	0	1
oewn-02851088-a	vulvar	2	1.94	1.69	vulvar	0	2	0.0	0	0	1
oewn-03123324-a	rhomboid	2	1.91	1.69	rhomboid	0	2	0.0	0	0	1
oewn-02924556-a	oncological	2	1.75	1.69	oncological	0	2	0.0	0	0	1
oewn-01151339-a	polyploid	2	1.72	1.69	triploid	1	2	0.5	0	0	2
oewn-02921121-a	lexicographic	2	1.7	1.69	lexicographic	0	2	0.0	0	0	1
oewn-01969644-a	irremediable	1	1.69	1.69	irremediable	1	1	1.0	0	0	1
oewn-02913996-a	microcosmic	1	1.69	1.69	microcosmic	0	1	0.0	0	0	1
oewn-02788929-a	pictographic	1	1.69	1.69	pictographic	0	1	0.0	0	0	1
oewn-01506062-a	tuneless	3	1.69	1.69	tuneless	3	3	1.0	0	0	1
oewn-00241915-a	unimodal	1	1.69	1.69	unimodal	0	1	0.0	0	0	1
oewn-02295008-a	vocalic	2	1.69	1.69	vocalic	1	2	0.5	0	0	2
oewn-02836924-a	vocalic	1	1.69	1.69	vocalic	0	1	0.0	0	0	1
oewn-02745280-a	genic	3	4.34	1.68	genetic	0	3	0.0	0	0	1
oewn-02805676-a	self-aggrandizing	2	2.05	1.68	self-aggrandizing	0	2	0.0	0	0	1
oewn-02856881-a	counterterror	2	1.74	1.68	counterterrorist	0	2	0.0	0	0	1
oewn-02493064-a	adnate	1	1.68	1.68	adnate	0	1	0.0	0	0	1
oewn-02616487-a	adrenocortical	1	1.68	1.68	adrenocortical	0	1	0.0	0	0	1
oewn-02859112-a	fiducial	1	1.68	1.68	fiducial	0	1	0.0	0	0	1
oewn-02944139-a	ovine	1	1.68	1.68	ovine	0	1	0.0	0	0	1
oewn-02774012-a	pouched	1	1.68	1.68	pouched	0	1	0.0	0	0	1
oewn-03032861-a	tomentose	1	1.68	1.68	tomentose	1	1	1.0	0	0	1
oewn-02832662-a	uveal	2	1.68	1.68	uveal	0	2	0.0	0	0	1
oewn-00349300-a	commutable	6	3.55	1.67	convertible	0	6	0.0	0	0	3
oewn-02408942-a	taxable	6	3.35	1.67	taxable	1	6	0.17	0	0	4
oewn-03021684-a	papillary	2	2.17	1.67	papillary	0	2	0.0	0	0	1
oewn-02730778-a	empyrean	2	1.98	1.67	empyrean	0	2	0.0	0	0	1
oewn-02614343-a	adjudicative	2	1.92	1.67	adjudicatory	0	2	0.0	0	0	1
oewn-01173680-a	antipyretic	1	1.67	1.67	antipyretic	1	1	1.0	0	0	1
oewn-03153155-a	bulbar	1	1.67	1.67	bulbar	0	1	0.0	0	0	1
oewn-02685509-a	calendric	2	1.67	1.67	calendrical	0	2	0.0	0	0	1
oewn-02996430-a	corpuscular	1	1.67	1.67	corpuscular	0	1	0.0	0	0	1
oewn-00898569-a	hypotonic	1	1.67	1.67	hypotonic	1	1	1.0	0	0	1
oewn-02417266-a	hypotonic	1	1.67	1.67	hypotonic	1	1	1.0	0	0	1
oewn-02765611-a	lathery	2	1.67	1.67	sudsy	2	2	1.0	0	0	1
oewn-02915997-a	latinate	1	1.67	1.67	latinate	0	1	0.0	0	0	1
oewn-02774699-a	metrological	1	1.67	1.67	metrological	0	1	0.0	0	0	1
oewn-03105320-a	optative	1	1.67	1.67	optative	0	1	0.0	0	0	1
oewn-03105464-a	optative	1	1.67	1.67	optative	1	1	1.0	0	0	1
oewn-02790461-a	penumbral	1	1.67	1.67	penumbral	0	1	0.0	0	0	1
oewn-02788738-a	phreatic	1	1.67	1.67	phreatic	0	1	0.0	0	0	1
oewn-02791643-a	pleomorphic	1	1.67	1.67	pleomorphic	1	1	1.0	0	0	1
oewn-02896380-a	polyatomic	1	1.67	1.67	polyatomic	0	1	0.0	0	0	1
oewn-02795507-a	prodromal	2	1.67	1.67	prodromal	0	2	0.0	0	0	1
oewn-02806748-a	seminiferous	1	1.67	1.67	seminiferous	0	1	0.0	0	0	1
oewn-02090368-a	scalable	5	2.93	1.66	scalable	5	5	1.0	0	0	2
oewn-02612357-a	acinar	4	1.66	1.66	acinar	0	4	0.0	0	0	1
oewn-02612205-a	acinar	1	1.66	1.66	acinar	0	1	0.0	0	0	1
oewn-02615926-a	antiferromagnetic	1	1.66	1.66	antiferromagnetic	0	1	0.0	0	0	1
oewn-02726303-a	dysplastic	1	1.66	1.66	dysplastic	0	1	0.0	0	0	1
oewn-03022634-a	fugal	1	1.66	1.66	fugal	0	1	0.0	0	0	1
oewn-01820954-a	imponderable	1	1.66	1.66	imponderable	1	1	1.0	0	0	1
oewn-03030733-a	microsomal	1	1.66	1.66	microsomal	0	1	0.0	0	0	1
oewn-02925727-a	neuroanatomic	2	1.66	1.66	neuroanatomical	0	2	0.0	0	0	1
oewn-90005671-a	punchable	1	1.66	1.66	punchable	0	1	0.0	0	0	1
oewn-02365376-a	surmountable	3	1.66	1.66	surmountable	3	3	1.0	0	0	2
oewn-02702268-a	chartaceous	3	2.06	1.65	papery	0	3	0.0	0	0	1
oewn-02626897-a	ameboid	2	1.65	1.65	amoeboid	0	2	0.0	0	0	1
oewn-00316943-a	carpellate	2	1.65	1.65	pistillate	0	2	0.0	0	0	1
oewn-02705685-a	chitinous	1	1.65	1.65	chitinous	0	1	0.0	0	0	1
oewn-02145221-a	estrous	5	1.65	1.65	estrous	1	5	0.2	0	0	3
oewn-03108746-a	partitive	1	1.65	1.65	partitive	0	1	0.0	0	0	1
oewn-03108959-a	partitive	1	1.65	1.65	partitive	0	1	0.0	0	0	1
oewn-03112513-a	porphyritic	1	1.65	1.65	porphyritic	0	1	0.0	0	0	1
oewn-03166660-a	thoriated	2	1.65	1.65	tittering	0	2	0.0	0	0	1
oewn-03154686-a	undescended	1	1.65	1.65	undescended	0	1	0.0	0	0	1
oewn-01971921-a	unprintable	1	1.65	1.65	unprintable	1	1	1.0	0	0	1
oewn-02901814-a	ursine	1	1.65	1.65	ursine	0	1	0.0	0	0	1
oewn-00329696-a	compartmented	4	2.3	1.64	compartmentalized	0	4	0.0	0	0	2
oewn-03014349-a	hydrometric	2	2.1	1.64	gravimetric	0	2	0.0	0	0	1
oewn-00134922-a	unappetizing	2	2.0	1.64	unappetizing	2	2	1.0	0	0	1
oewn-03016931-a	dramaturgic	2	1.64	1.64	dramaturgical	0	2	0.0	0	0	1
oewn-03001969-a	epiphyseal	2	1.64	1.64	epiphyseal	0	2	0.0	0	0	1
oewn-02733040-a	erythematous	1	1.64	1.64	erythematous	0	1	0.0	0	0	1
oewn-00656213-a	uncrossed	1	1.64	1.64	uncrossed	0	1	0.0	0	0	1
oewn-00656457-a	uncrossed	1	1.64	1.64	uncrossed	0	1	0.0	0	0	1
oewn-02924161-a	toxicological	2	2.22	1.63	toxicological	0	2	0.0	0	0	1
oewn-02759724-a	inferential	2	2.13	1.63	inferential	0	2	0.0	0	0	1
oewn-00874359-a	endogamous	2	1.63	1.63	endogamous	0	2	0.0	0	0	1
oewn-00875124-a	endogamous	2	1.63	1.63	endogamous	0	2	0.0	0	0	1
oewn-02733157-a	erythroid	1	1.63	1.63	erythroid	0	1	0.0	0	0	1
oewn-02821356-a	telluric	1	1.63	1.63	telluric	0	1	0.0	0	0	1
oewn-02873340-a	demoniac	3	3.85	1.62	possessed	3	3	1.0	0	0	1
oewn-01549023-a	polygamous	4	2.53	1.62	polygamous	0	4	0.0	0	0	4
oewn-00068376-a	inadvisable	2	2.2	1.62	inadvisable	2	2	1.0	0	0	1
oewn-02493586-a	bivalve	5	2.18	1.62	bivalve	0	5	0.0	0	0	2
oewn-02619319-a	agronomic	2	2.12	1.62	agronomic	0	2	0.0	0	0	1
oewn-00617303-a	branchless	4	1.95	1.62	unbranched	0	4	0.0	0	0	3
oewn-02628350-a	amnestic	2	1.78	1.62	amnesic	0	2	0.0	0	0	1
oewn-03051617-a	aldermanic	2	1.62	1.62	aldermanic	0	2	0.0	0	0	1
oewn-00133920-a	appealable	1	1.62	1.62	appealable	1	1	1.0	0	0	1
oewn-02680511-a	brahminic	2	1.62	1.62	brahminical	0	2	0.0	0	0	1
oewn-02701659-a	chalybeate	1	1.62	1.62	chalybeate	1	1	1.0	0	0	1
oewn-02722861-a	diaphoretic	2	1.62	1.62	diaphoretic	0	2	0.0	0	0	1
oewn-03077232-a	feudatory	1	1.62	1.62	feudatory	0	1	0.0	0	0	1
oewn-01431711-a	hatless	1	1.62	1.62	hatless	1	1	1.0	0	0	1
oewn-02605784-a	immunocompetent	1	1.62	1.62	immunocompetent	1	1	1.0	0	0	1
oewn-03026454-a	lumbosacral	1	1.62	1.62	lumbosacral	0	1	0.0	0	0	1
oewn-03162908-a	mounded over	1	1.62	1.62	mounded over	0	1	0.0	0	0	1
oewn-03022289-a	neocortical	1	1.62	1.62	neocortical	0	1	0.0	0	0	1
oewn-01473828-a	nonmagnetic	1	1.62	1.62	nonmagnetic	1	1	1.0	0	0	1
oewn-03118205-a	pyrolytic	1	1.62	1.62	pyrolytic	1	1	1.0	0	0	1
oewn-02801985-a	saccadic	1	1.62	1.62	saccadic	0	1	0.0	0	0	1
oewn-02803150-a	scalene	1	1.62	1.62	scalene	0	1	0.0	0	0	1
oewn-02803248-a	scalene	1	1.62	1.62	scalene	0	1	0.0	0	0	1
oewn-02811352-a	spermous	2	1.62	1.62	spermatic	0	2	0.0	0	0	1
oewn-02714174-a	cosmologic	5	2.8	1.61	cosmological	0	5	0.0	0	0	1
oewn-01780085-a	petalous	13	1.66	1.61	five-petalled	0	13	0.0	0	0	7
oewn-02646912-a	apsidal	1	1.61	1.61	apsidal	0	1	0.0	0	0	1
oewn-03056710-a	aspectual	1	1.61	1.61	aspectual	0	1	0.0	0	0	1
oewn-02663295-a	autotrophic	2	1.61	1.61	autotrophic	0	2	0.0	0	0	1
oewn-03059771-a	bilabial	1	1.61	1.61	bilabial	0	1	0.0	0	0	1
oewn-02684617-a	calcaneal	1	1.61	1.61	calcaneal	0	1	0.0	0	0	1
oewn-03147071-a	deictic	1	1.61	1.61	deictic	0	1	0.0	0	0	1
oewn-00099589-a	eccrine	1	1.61	1.61	eccrine	1	1	1.0	0	0	1
oewn-01035465-a	footless	3	1.61	1.61	footless	1	3	0.33	0	0	2
oewn-03024813-a	myotonic	1	1.61	1.61	myotonic	0	1	0.0	0	0	1
oewn-00554388-a	unconsummated	1	1.61	1.61	unconsummated	0	1	0.0	0	0	1
oewn-02893579-a	zygotic	1	1.61	1.61	zygotic	0	1	0.0	0	0	1
oewn-02062183-a	unholy	5	3.07	1.6	unholy	5	5	1.0	0	0	2
oewn-01201562-a	unhelpful	3	2.99	1.6	unhelpful	2	3	0.67	0	0	3
oewn-02650737-a	archipelagic	1	1.6	1.6	archipelagic	0	1	0.0	0	0	1
oewn-02848163-a	birefringent	1	1.6	1.6	birefringent	1	1	1.0	0	0	1
oewn-92266961-a	importunate	1	1.6	1.6	importunate	0	1	0.0	0	0	1
oewn-02931907-a	pietistic	2	1.6	1.6	pietistic	0	2	0.0	0	0	1
oewn-02771272-a	premedical	1	1.6	1.6	premedical	0	1	0.0	0	0	1
oewn-02811114-a	spectrographic	1	1.6	1.6	spectrographic	0	1	0.0	0	0	1
oewn-03132278-a	stingless	1	1.6	1.6	stingless	0	1	0.0	0	0	1
oewn-02921957-a	syllogistic	1	1.6	1.6	syllogistic	0	1	0.0	0	0	1
oewn-02925912-a	virological	1	1.6	1.6	virological	0	1	0.0	0	0	1
oewn-02850891-a	wolflike	2	1.6	1.6	wolfish	0	2	0.0	0	0	1
oewn-00726607-a	connotative	7	3.21	1.59	suggestive	2	7	0.29	0	0	5
oewn-01973918-a	multiform	3	2.43	1.59	polymorphic	1	3	0.33	0	0	2
oewn-02646592-a	appositional	2	1.59	1.59	appositive	0	2	0.0	0	0	1
oewn-02710025-a	collagenous	2	1.59	1.59	collagenous	0	2	0.0	0	0	1
oewn-02945651-a	lobar	1	1.59	1.59	lobar	0	1	0.0	0	0	1
oewn-02878258-a	mesoblastic	2	1.59	1.59	mesodermal	0	2	0.0	0	0	1
oewn-02922102-a	necromantic	2	1.59	1.59	necromantic	0	2	0.0	0	0	1
oewn-02794056-a	prandial	1	1.59	1.59	prandial	0	1	0.0	0	0	1
oewn-01996094-a	resistible	1	1.59	1.59	resistible	1	1	1.0	0	0	1
oewn-03156109-a	salvific	1	1.59	1.59	salvific	0	1	0.0	0	0	1
oewn-00367265-a	triclinic	2	1.59	1.59	triclinic	0	2	0.0	0	0	1
oewn-00763003-a	undiplomatic	1	1.59	1.59	undiplomatic	1	1	1.0	0	0	1
oewn-00112667-a	synthetic	3	3.95	1.58	synthetic	0	3	0.0	0	0	2
oewn-00483845-a	incommensurate	3	3.34	1.58	disproportionate	3	3	1.0	0	0	3
oewn-00474326-a	combinative	5	2.66	1.58	combinatorial	5	6	0.83	0	0	3
oewn-01333738-a	uncombined	3	2.1	1.58	unmixed	3	3	1.0	0	0	2
oewn-02115478-a	sensitizing	2	1.97	1.58	sensitizing	2	2	1.0	0	0	1
oewn-02636392-a	annelid	2	1.58	1.58	annelid	0	2	0.0	0	0	1
oewn-02675917-a	biogenetic	1	1.58	1.58	biogenetic	0	1	0.0	0	0	1
oewn-00330593-a	nonporous	1	1.58	1.58	nonporous	1	1	1.0	0	0	1
oewn-02780934-a	numerological	1	1.58	1.58	numerological	0	1	0.0	0	0	1
oewn-01720325-a	paintable	1	1.58	1.58	paintable	0	1	0.0	0	0	1
oewn-02867673-a	perianal	1	1.58	1.58	perianal	0	1	0.0	0	0	1
oewn-03138167-a	trochaic	1	1.58	1.58	trochaic	0	1	0.0	0	0	1
oewn-01707947-a	leafless	5	2.06	1.57	leafless	2	5	0.4	0	0	4
oewn-02920649-a	deconstructionist	1	1.57	1.57	deconstructionist	0	1	0.0	0	0	1
oewn-02696522-a	integumentary	2	1.57	1.57	integumentary	0	2	0.0	0	0	1
oewn-02788823-a	phrenological	1	1.57	1.57	phrenological	0	1	0.0	0	0	1
oewn-03034730-a	pianistic	1	1.57	1.57	pianistic	1	1	1.0	0	0	1
oewn-03034862-a	pianistic	1	1.57	1.57	pianistic	0	1	0.0	0	0	1
oewn-01061980-a	scentless	1	1.57	1.57	scentless	1	1	1.0	0	0	1
oewn-00355441-a	unamended	1	1.57	1.57	unamended	0	1	0.0	0	0	1
oewn-00516203-a	uncomplaining	1	1.57	1.57	uncomplaining	1	1	1.0	0	0	1
oewn-00494377-a	oleophilic	3	2.05	1.56	lipophilic	0	3	0.0	0	0	2
oewn-02930413-a	insurrectional	2	1.84	1.56	insurrectionary	0	2	0.0	0	0	1
oewn-00402711-a	uncolored	5	1.72	1.56	uncolored	1	5	0.2	0	0	3
oewn-02498123-a	downmarket	2	1.6	1.56	downscale	1	2	0.5	0	0	2
oewn-02949927-a	anaphoric	1	1.56	1.56	anaphoric	0	1	0.0	0	0	1
oewn-02948308-a	clausal	1	1.56	1.56	clausal	0	1	0.0	0	0	1
oewn-02718165-a	cubital	1	1.56	1.56	cubital	0	1	0.0	0	0	1
oewn-02607733-a	jawless	1	1.56	1.56	jawless	0	1	0.0	0	0	1
oewn-02774456-a	meretricious	1	1.56	1.56	meretricious	0	1	0.0	0	0	1
oewn-02811250-a	spermicidal	1	1.56	1.56	spermicidal	1	1	1.0	0	0	1
oewn-02295610-a	stoppable	2	1.56	1.56	stoppable	2	2	1.0	0	0	2
oewn-02830285-a	turbinate	1	1.56	1.56	turbinate	0	1	0.0	0	0	1
oewn-01624233-a	unobvious	3	1.92	1.55	unprovable	1	3	0.33	0	0	3
oewn-00148796-a	unarmored	3	1.85	1.55	unarmored	1	3	0.33	0	0	2
oewn-02952290-a	etiological	4	1.83	1.55	etiological	0	4	0.0	0	0	1
oewn-02952572-a	etiological	4	1.83	1.55	etiological	0	4	0.0	0	0	1
oewn-03052488-a	amoebic	6	1.79	1.55	amoebic	0	6	0.0	0	0	1
oewn-02298186-a	accentual	1	1.55	1.55	accentual	0	1	0.0	0	0	1
oewn-03150903-a	accentual	1	1.55	1.55	accentual	0	1	0.0	0	0	1
oewn-02640359-a	anticyclonic	1	1.55	1.55	anticyclonic	0	1	0.0	0	0	1
oewn-02709399-a	cloze	1	1.55	1.55	cloze	1	1	1.0	0	0	1
oewn-02713209-a	consubstantial	1	1.55	1.55	consubstantial	0	1	0.0	0	0	1
oewn-03142253-a	oaten	1	1.55	1.55	oaten	0	1	0.0	0	0	1
oewn-01881928-a	opisthognathous	2	1.55	1.55	chinless	0	2	0.0	0	0	2
oewn-01328643-a	unedifying	2	1.55	1.55	unedifying	0	2	0.0	0	0	1
oewn-01550760-a	univalent	1	1.55	1.55	univalent	1	1	1.0	0	0	1
oewn-02883261-a	vicinal	1	1.55	1.55	vicinal	0	1	0.0	0	0	1
oewn-02750332-a	hematopoietic	6	2.52	1.54	hematopoietic	0	6	0.0	0	0	1
oewn-02599866-a	mesic	2	1.96	1.54	mesic	1	2	0.5	0	0	2
oewn-01306479-a	noninfectious	4	1.56	1.54	noncommunicable	4	4	1.0	0	0	2
oewn-00109406-a	anastigmatic	2	1.54	1.54	stigmatic	2	2	1.0	0	0	1
oewn-02632026-a	anastigmatic	2	1.54	1.54	stigmatic	0	2	0.0	0	0	1
oewn-02637800-a	anorectal	1	1.54	1.54	anorectal	0	1	0.0	0	0	1
oewn-02658811-a	attritional	1	1.54	1.54	attritional	0	1	0.0	0	0	1
oewn-02706126-a	chlorotic	2	1.54	1.54	chlorotic	0	2	0.0	0	0	1
oewn-03085467-a	hydropathic	1	1.54	1.54	hydropathic	0	1	0.0	0	0	1
oewn-02948871-a	indexical	1	1.54	1.54	indexical	0	1	0.0	0	0	1
oewn-02761013-a	intraventricular	1	1.54	1.54	intraventricular	0	1	0.0	0	0	1
oewn-02033575-a	moneyless	1	1.54	1.54	moneyless	1	1	1.0	0	0	1
oewn-02950993-a	psycholinguistic	1	1.54	1.54	psycholinguistic	0	1	0.0	0	0	1
oewn-03116445-a	purgatorial	1	1.54	1.54	purgatorial	0	1	0.0	0	0	1
oewn-03132122-a	stigmatic	1	1.54	1.54	stigmatic	0	1	0.0	0	0	1
oewn-01307309-a	supernal	1	1.54	1.54	supernal	1	1	1.0	0	0	1
oewn-01838322-a	unplanted	4	2.24	1.53	unseeded	1	4	0.25	0	0	3
oewn-01334830-a	disintegrative	3	1.9	1.53	clastic	1	3	0.33	0	0	3
oewn-00361649-a	unowned	2	1.65	1.53	unowned	0	2	0.0	0	0	1
oewn-02662401-a	autocatalytic	1	1.53	1.53	autocatalytic	0	1	0.0	0	0	1
oewn-00110593-a	katabatic	2	1.53	1.53	katabatic	0	2	0.0	0	0	1
oewn-02814212-a	stenographic	2	1.53	1.53	stenographic	0	2	0.0	0	0	1
oewn-02994388-a	thalamocortical	1	1.53	1.53	thalamocortical	0	1	0.0	0	0	1
oewn-00924122-a	unexcited	1	1.53	1.53	unexcited	0	1	0.0	0	0	1
oewn-00118565-a	insentient	3	2.4	1.52	unfeeling	3	3	1.0	0	0	2
oewn-03147454-a	shamanist	2	1.96	1.52	shamanistic	0	2	0.0	0	0	1
oewn-01345111-a	intraspecies	2	1.9	1.52	intraspecific	0	2	0.0	0	0	1
oewn-01118823-a	ungenerous	2	1.89	1.52	ungenerous	0	2	0.0	0	0	1
oewn-02604758-a	unbaptized	2	1.86	1.52	unbaptized	2	2	1.0	0	0	1
oewn-01533412-a	nonmetallic	3	1.84	1.52	nonmetallic	2	3	0.67	0	0	2
oewn-02864898-a	vinous	2	1.77	1.52	vinous	0	2	0.0	0	0	1
oewn-02385563-a	allopatric	1	1.52	1.52	allopatric	0	1	0.0	0	0	1
oewn-03070745-a	dactylic	1	1.52	1.52	dactylic	0	1	0.0	0	0	1
oewn-03152006-a	metacentric	1	1.52	1.52	metacentric	0	1	0.0	0	0	1
oewn-03152162-a	metacentric	1	1.52	1.52	metacentric	0	1	0.0	0	0	1
oewn-02796563-a	proteinaceous	1	1.52	1.52	proteinaceous	0	1	0.0	0	0	1
oewn-01720027-a	undelineated	4	1.52	1.52	undrawn	4	4	1.0	0	0	3
oewn-03139605-a	uvular	1	1.52	1.52	uvular	0	1	0.0	0	0	1
oewn-02518026-a	unvaried	2	1.72	1.51	unvarying	0	2	0.0	0	0	1
oewn-03054175-a	aneroid	1	1.51	1.51	aneroid	1	1	1.0	0	0	1
oewn-03017370-a	aneurysmal	4	1.51	1.51	aneurysmal	0	4	0.0	0	0	1
oewn-02651769-a	armillary	1	1.51	1.51	armillary	0	1	0.0	0	0	1
oewn-02664921-a	avionic	1	1.51	1.51	avionic	0	1	0.0	0	0	1
oewn-03030315-a	classificatory	1	1.51	1.51	classificatory	0	1	0.0	0	0	1
oewn-02857812-a	dominical	1	1.51	1.51	dominical	0	1	0.0	0	0	1
oewn-02857910-a	dominical	1	1.51	1.51	dominical	0	1	0.0	0	0	1
oewn-02035641-a	handless	1	1.51	1.51	handless	1	1	1.0	0	0	1
oewn-02042146-a	hornless	1	1.51	1.51	hornless	0	1	0.0	0	0	1
oewn-02945795-a	lobate	2	1.51	1.51	lobate	0	2	0.0	0	0	1
oewn-00835614-a	numerate	1	1.51	1.51	numerate	0	1	0.0	0	0	1
oewn-03123119-a	rhizomatous	1	1.51	1.51	rhizomatous	0	1	0.0	0	0	1
oewn-02810512-a	soteriological	1	1.51	1.51	soteriological	0	1	0.0	0	0	1
oewn-02822713-a	tentacular	1	1.51	1.51	tentacular	0	1	0.0	0	0	1
oewn-02325950-a	uncoiled	3	5.04	1.5	straight	2	3	0.67	0	0	2
oewn-02548631-a	decreasing	8	3.68	1.5	decreasing	1	8	0.12	0	0	5
oewn-01820594-a	ponderable	2	1.89	1.5	assessable	2	2	1.0	0	0	2
oewn-02666923-a	azotemic	3	1.83	1.5	uremic	0	3	0.0	0	0	1
oewn-00411155-a	cismontane	3	1.66	1.5	cisalpine	0	3	0.0	0	0	2
oewn-02599077-a	xeric	2	1.65	1.5	xeric	1	2	0.5	0	0	2
oewn-02124214-a	germy	3	1.63	1.5	germy	3	3	1.0	0	0	2
oewn-01525412-a	untempered	2	1.6	1.5	unmoderated	0	2	0.0	0	0	2
oewn-02951846-a	expiatory	3	1.56	1.5	propitiatory	0	3	0.0	0	0	1
oewn-00008896-a	adsorbable	2	1.5	1.5	adsorbate	2	2	1.0	0	0	1
oewn-02605962-a	immunodeficient	1	1.5	1.5	immunodeficient	1	1	1.0	0	0	1
oewn-03109847-a	pentavalent	1	1.5	1.5	pentavalent	0	1	0.0	0	0	1
oewn-02787495-a	phalangeal	1	1.5	1.5	phalangeal	0	1	0.0	0	0	1
oewn-02838298-a	photoconductive	1	1.5	1.5	photoconductive	0	1	0.0	0	0	1
oewn-02794601-a	precordial	1	1.5	1.5	precordial	0	1	0.0	0	0	1
oewn-03117131-a	pyogenic	1	1.5	1.5	pyogenic	1	1	1.0	0	0	1
oewn-02797690-a	radiotelephonic	2	1.5	1.5	radiophonic	0	2	0.0	0	0	1
oewn-03135958-a	tetravalent	1	1.5	1.5	tetravalent	0	1	0.0	0	0	1
oewn-01043525-a	undomestic	2	1.5	1.5	undomesticated	2	2	1.0	0	0	2
oewn-02646774-a	appropriative	1	1.49	1.49	appropriative	0	1	0.0	0	0	1
oewn-02678342-a	bolometric	1	1.49	1.49	bolometric	0	1	0.0	0	0	1
oewn-02493218-a	connate	1	1.49	1.49	connate	0	1	0.0	0	0	1
oewn-01025539-a	contrasty	1	1.49	1.49	contrasty	0	1	0.0	0	0	1
oewn-02739268-a	filarial	1	1.49	1.49	filarial	1	1	1.0	0	0	1
oewn-02795364-a	pressor	1	1.49	1.49	pressor	1	1	1.0	0	0	1
oewn-03138455-a	trophoblastic	1	1.49	1.49	trophoblastic	0	1	0.0	0	0	1
oewn-02637246-a	anodic	2	1.8	1.48	anodic	0	2	0.0	0	0	1
oewn-02646445-a	appointive	1	1.48	1.48	appointive	0	1	0.0	0	0	1
oewn-03013361-a	canonist	1	1.48	1.48	canonist	0	1	0.0	0	0	1
oewn-02694387-a	catarrhal	1	1.48	1.48	catarrhal	0	1	0.0	0	0	1
oewn-02945144-a	dizygotic	2	1.48	1.48	dizygotic	0	2	0.0	0	0	1
oewn-02963039-a	euphonic	2	1.48	1.48	euphonic	2	2	1.0	0	0	1
oewn-02771387-a	medicolegal	1	1.48	1.48	medicolegal	0	1	0.0	0	0	1
oewn-02875981-a	millenary	1	1.48	1.48	millenary	0	1	0.0	0	0	1
oewn-03098280-a	millenary	1	1.48	1.48	millenary	0	1	0.0	0	0	1
oewn-00278049-a	unshaded	2	1.48	1.48	unshaded	2	2	1.0	0	0	2
oewn-00278733-a	unshaded	1	1.48	1.48	unshaded	1	1	1.0	0	0	1
oewn-02850750-a	vulpine	2	1.48	1.48	vulpine	0	2	0.0	0	0	1
oewn-00350397-a	alterable	1	1.47	1.47	alterable	1	1	1.0	0	0	1
oewn-03003470-a	cross-sentential	1	1.47	1.47	cross-sentential	0	1	0.0	0	0	1
oewn-00697535-a	defeasible	1	1.47	1.47	defeasible	1	1	1.0	0	0	1
oewn-00816429-a	earless	1	1.47	1.47	earless	0	1	0.0	0	0	1
oewn-02728414-a	electrocardiographic	1	1.47	1.47	electrocardiographic	0	1	0.0	0	0	1
oewn-00874563-a	exogamous	2	1.47	1.47	exogamous	0	2	0.0	0	0	1
oewn-00875318-a	exogamous	2	1.47	1.47	exogamous	0	2	0.0	0	0	1
oewn-01449523-a	lidless	1	1.47	1.47	lidless	1	1	1.0	0	0	1
oewn-03119843-a	quadraphonic	4	1.47	1.47	quadraphonic	0	4	0.0	0	0	1
oewn-03003198-a	sentential	1	1.47	1.47	sentential	0	1	0.0	0	0	1
oewn-01486450-a	unmated	2	1.47	1.47	unmated	0	2	0.0	0	0	2
oewn-01220250-a	echoic	5	2.17	1.46	imitative	0	5	0.0	0	0	1
oewn-02720488-a	cytological	2	1.72	1.46	cytological	0	2	0.0	0	0	1
oewn-02328637-a	atonic	2	1.6	1.46	unaccented	0	2	0.0	0	0	1
oewn-01669927-a	aboral	1	1.46	1.46	aboral	0	1	0.0	0	0	1
oewn-02985793-a	bathyal	1	1.46	1.46	bathyal	0	1	0.0	0	0	1
oewn-00706218-a	dehiscent	1	1.46	1.46	dehiscent	0	1	0.0	0	0	1
oewn-03011124-a	sophistic	1	1.46	1.46	sophistic	0	1	0.0	0	0	1
oewn-01332568-a	unblended	3	1.46	1.46	unblended	3	3	1.0	0	0	2
oewn-02618507-a	agonal	1	1.45	1.45	agonal	1	1	1.0	0	0	1
oewn-03009037-a	appetitive	1	1.45	1.45	appetitive	0	1	0.0	0	0	1
oewn-02652222-a	arsenical	1	1.45	1.45	arsenical	0	1	0.0	0	0	1
oewn-02912184-a	bimolecular	1	1.45	1.45	bimolecular	0	1	0.0	0	0	1
oewn-00319396-a	cauline	1	1.45	1.45	cauline	0	1	0.0	0	0	1
oewn-02892112-a	glossopharyngeal	1	1.45	1.45	glossopharyngeal	0	1	0.0	0	0	1
oewn-02863013-a	ictal	2	1.45	1.45	ictal	0	2	0.0	0	0	1
oewn-02991961-a	meteoritic	2	1.45	1.45	meteoritic	0	2	0.0	0	0	1
oewn-03101914-a	neuralgic	1	1.45	1.45	neuralgic	1	1	1.0	0	0	1
oewn-03117462-a	pyroelectric	2	1.45	1.45	pyroelectric	0	2	0.0	0	0	1
oewn-03135779-a	tetanic	1	1.45	1.45	tetanic	1	1	1.0	0	0	1
oewn-03135869-a	tetanic	1	1.45	1.45	tetanic	1	1	1.0	0	0	1
oewn-00703321-a	uninflected	1	1.45	1.45	uninflected	1	1	1.0	0	0	1
oewn-00703757-a	uninflected	1	1.45	1.45	uninflected	0	1	0.0	0	0	1
oewn-01505778-a	unmelodious	3	1.45	1.45	unmusical	0	3	0.0	0	0	1
oewn-02380151-a	unsworn	1	1.45	1.45	unsworn	1	1	1.0	0	0	1
oewn-00775919-a	undiscerning	4	3.04	1.44	obtuse	1	4	0.25	0	0	3
oewn-01523038-a	unmilitary	3	1.8	1.44	nonmilitary	3	3	1.0	0	0	2
oewn-02069762-a	unsalable	5	1.59	1.44	unmarketable	6	6	1.0	0	0	3
oewn-02688955-a	capitular	2	1.58	1.44	capitular	0	2	0.0	0	0	1
oewn-00109827-a	anticlinal	1	1.44	1.44	anticlinal	0	1	0.0	0	0	1
oewn-02712284-a	condylar	1	1.44	1.44	condylar	0	1	0.0	0	0	1
oewn-00951152-a	inextinguishable	1	1.44	1.44	inextinguishable	1	1	1.0	0	0	1
oewn-02781890-a	oneiric	1	1.44	1.44	oneiric	0	1	0.0	0	0	1
oewn-02821041-a	tellurian	4	3.48	1.43	terrestrial	0	4	0.0	0	0	1
oewn-00181796-a	allochthonous	1	1.43	1.43	allochthonous	0	1	0.0	0	0	1
oewn-02959700-a	anastomotic	1	1.43	1.43	anastomotic	0	1	0.0	0	0	1
oewn-00122362-a	antemortem	1	1.43	1.43	antemortem	0	1	0.0	0	0	1
oewn-02644883-a	apophatic	1	1.43	1.43	apophatic	0	1	0.0	0	0	1
oewn-02646262-a	appendicular	1	1.43	1.43	appendicular	0	1	0.0	0	0	1
oewn-00757307-a	dicotyledonous	1	1.43	1.43	dicotyledonous	0	1	0.0	0	0	1
oewn-02732354-a	equinoctial	1	1.43	1.43	equinoctial	0	1	0.0	0	0	1
oewn-02732498-a	equinoctial	1	1.43	1.43	equinoctial	0	1	0.0	0	0	1
oewn-03162681-a	mercerized	2	1.43	1.43	mercerized	0	2	0.0	0	0	1
oewn-02777374-a	myalgic	1	1.43	1.43	myalgic	0	1	0.0	0	0	1
oewn-02173482-a	nonsignificant	1	1.43	1.43	nonsignificant	1	1	1.0	0	0	1
oewn-03108560-a	participial	1	1.43	1.43	participial	0	1	0.0	0	0	1
oewn-03112684-a	postganglionic	1	1.43	1.43	postganglionic	0	1	0.0	0	0	1
oewn-02903529-a	rickettsial	1	1.43	1.43	rickettsial	0	1	0.0	0	0	1
oewn-03167204-a	saponified	1	1.43	1.43	saponified	0	1	0.0	0	0	1
oewn-03014539-a	thermohydrometric	2	1.43	1.43	thermogravimetric	0	2	0.0	0	0	1
oewn-03010906-a	tricentenary	2	1.43	1.43	tricentennial	0	2	0.0	0	0	1
oewn-02640936-a	antiphonary	2	1.64	1.42	antiphonal	0	2	0.0	0	0	1
oewn-02718625-a	cupric	2	1.45	1.42	cuprous	0	2	0.0	0	0	1
oewn-02643662-a	apneic	2	1.42	1.42	apneic	0	2	0.0	0	0	1
oewn-02753866-a	horary	1	1.42	1.42	horary	0	1	0.0	0	0	1
oewn-02879517-a	interoceptive	1	1.42	1.42	interoceptive	0	1	0.0	0	0	1
oewn-02773703-a	postglacial	1	1.42	1.42	postglacial	0	1	0.0	0	0	1
oewn-03122733-a	reversionary	1	1.42	1.42	reversionary	0	1	0.0	0	0	1
oewn-00674706-a	unendowed	3	1.42	1.42	unblessed	2	3	0.67	0	0	3
oewn-01526157-a	untempered	4	3.28	1.41	brittle	4	4	1.0	0	0	2
oewn-03016784-a	iodinated	3	1.92	1.41	iodized	3	3	1.0	0	0	1
oewn-02643014-a	aphasic	1	1.41	1.41	aphasic	1	1	1.0	0	0	1
oewn-02666023-a	axiological	1	1.41	1.41	axiological	0	1	0.0	0	0	1
oewn-03030836-a	mithraic	2	1.41	1.41	mithraic	0	2	0.0	0	0	1
oewn-03007631-a	nacreous	1	1.41	1.41	nacreous	0	1	0.0	0	0	1
oewn-02738648-a	nonfictional	1	1.41	1.41	nonfictional	0	1	0.0	0	0	1
oewn-02813399-a	stannic	2	1.41	1.41	stannous	0	2	0.0	0	0	1
oewn-02439050-a	toneless	1	1.41	1.41	toneless	0	1	0.0	0	0	1
oewn-02550320-a	unwearable	1	1.41	1.41	unwearable	1	1	1.0	0	0	1
oewn-01002749-a	unfeathered	6	3.18	1.4	plucked	3	6	0.5	0	0	3
oewn-03149065-a	onomatopoeic	2	1.67	1.4	onomatopoeic	2	2	1.0	0	0	1
oewn-02623810-a	allometric	1	1.4	1.4	allometric	0	1	0.0	0	0	1
oewn-02656920-a	astrocytic	1	1.4	1.4	astrocytic	0	1	0.0	0	0	1
oewn-02661242-a	australopithecine	1	1.4	1.4	australopithecine	0	1	0.0	0	0	1
oewn-00835739-a	innumerate	1	1.4	1.4	innumerate	1	1	1.0	0	0	1
oewn-02914658-a	mucocutaneous	1	1.4	1.4	mucocutaneous	0	1	0.0	0	0	1
oewn-00754874-a	plantigrade	1	1.4	1.4	plantigrade	0	1	0.0	0	0	1
oewn-00154919-a	unarticulated	2	1.4	1.4	unarticulated	2	2	1.0	0	0	2
oewn-03159419-a	unavenged	1	1.4	1.4	unavenged	1	1	1.0	0	0	1
oewn-02021825-a	unawakened	1	1.4	1.4	unawakened	1	1	1.0	0	0	1
oewn-01113070-a	nonproprietary	3	4.11	1.39	generic	3	3	1.0	0	0	3
oewn-03020167-a	basophilic	1	1.39	1.39	basophilic	0	1	0.0	0	0	1
oewn-02678763-a	boronic	1	1.39	1.39	boronic	0	1	0.0	0	0	1
oewn-01110682-a	branchiate	2	1.39	1.39	gilled	0	2	0.0	0	0	1
oewn-02694606-a	categorial	1	1.39	1.39	categorial	0	1	0.0	0	0	1
oewn-03052254-a	dichromatic	1	1.39	1.39	dichromatic	0	1	0.0	0	0	1
oewn-03020293-a	intimal	1	1.39	1.39	intimal	0	1	0.0	0	0	1
oewn-02761435-a	intuitionist	1	1.39	1.39	intuitionist	0	1	0.0	0	0	1
oewn-00757443-a	monocotyledonous	1	1.39	1.39	monocotyledonous	0	1	0.0	0	0	1
oewn-02781985-a	onomastic	1	1.39	1.39	onomastic	0	1	0.0	0	0	1
oewn-02944268-a	ovular	1	1.39	1.39	ovular	0	1	0.0	0	0	1
oewn-02944364-a	ovular	1	1.39	1.39	ovular	1	1	1.0	0	0	1
oewn-02900061-a	sublittoral	1	1.39	1.39	sublittoral	0	1	0.0	0	0	1
oewn-02831930-a	unpigmented	1	1.39	1.39	unpigmented	0	1	0.0	0	0	1
oewn-00344923-a	unpreventable	1	1.39	1.39	unpreventable	0	1	0.0	0	0	1
oewn-02379783-a	unswept	1	1.39	1.39	unswept	1	1	1.0	0	0	1
oewn-02832525-a	usufructuary	1	1.39	1.39	usufructuary	0	1	0.0	0	0	1
oewn-02302295-a	unstaged	2	1.5	1.38	unperformed	1	2	0.5	0	0	2
oewn-00109509-a	astigmatic	1	1.38	1.38	astigmatic	0	1	0.0	0	0	1
oewn-02686475-a	calorimetric	1	1.38	1.38	calorimetric	0	1	0.0	0	0	1
oewn-03014232-a	motional	1	1.38	1.38	motional	0	1	0.0	0	0	1
oewn-02915099-a	mucoid	2	1.38	1.38	mucoid	0	2	0.0	0	0	1
oewn-03032264-a	saprophytic	1	1.38	1.38	saprophytic	0	1	0.0	0	0	1
oewn-02830078-a	tuberculate	1	1.38	1.38	tuberculate	1	1	1.0	0	0	1
oewn-02992286-a	asteroidal	1	1.37	1.37	asteroidal	0	1	0.0	0	0	1
oewn-03160664-a	corbelled	1	1.37	1.37	corbelled	0	1	0.0	0	0	1
oewn-02717329-a	cryonic	1	1.37	1.37	cryonic	0	1	0.0	0	0	1
oewn-03020761-a	granulocytic	1	1.37	1.37	granulocytic	0	1	0.0	0	0	1
oewn-00706407-a	indehiscent	1	1.37	1.37	indehiscent	1	1	1.0	0	0	1
oewn-02768747-a	lunisolar	1	1.37	1.37	lunisolar	0	1	0.0	0	0	1
oewn-03024107-a	megaloblastic	1	1.37	1.37	megaloblastic	0	1	0.0	0	0	1
oewn-01295060-a	outbred	1	1.37	1.37	outbred	0	1	0.0	0	0	1
oewn-02792691-a	polydactyl	2	1.37	1.37	polydactyl	0	2	0.0	0	0	1
oewn-02847199-a	raptorial	1	1.37	1.37	raptorial	0	1	0.0	0	0	1
oewn-02777620-a	unmyelinated	1	1.37	1.37	unmyelinated	0	1	0.0	0	0	1
oewn-00008225-a	adsorbent	5	2.0	1.36	adsorbent	2	5	0.4	0	0	2
oewn-02164456-a	discalced	3	1.4	1.36	unshod	0	3	0.0	0	0	1
oewn-03151598-a	centromeric	1	1.36	1.36	centromeric	0	1	0.0	0	0	1
oewn-02705782-a	chlamydial	1	1.36	1.36	chlamydial	0	1	0.0	0	0	1
oewn-02749943-a	heliacal	2	1.36	1.36	heliacal	0	2	0.0	0	0	1
oewn-02767515-a	logogrammatic	2	1.36	1.36	logographic	0	2	0.0	0	0	1
oewn-03097305-a	mentholated	1	1.36	1.36	mentholated	0	1	0.0	0	0	1
oewn-02895014-a	nephritic	1	1.36	1.36	nephritic	1	1	1.0	0	0	1
oewn-00473250-a	unpublishable	1	1.36	1.36	unpublishable	1	1	1.0	0	0	1
oewn-00508965-a	uncompassionate	4	2.4	1.35	unfeeling	4	4	1.0	0	0	2
oewn-03000635-a	congeneric	3	1.35	1.35	congeneric	0	3	0.0	0	0	1
oewn-02717744-a	cryptogamic	2	1.35	1.35	cryptogamic	0	2	0.0	0	0	1
oewn-02728632-a	electroencephalographic	1	1.35	1.35	electroencephalographic	0	1	0.0	0	0	1
oewn-02774803-a	micaceous	1	1.35	1.35	micaceous	0	1	0.0	0	0	1
oewn-02816558-a	suppurative	1	1.35	1.35	suppurative	1	1	1.0	0	0	1
oewn-02675793-a	bioclimatic	1	1.34	1.34	bioclimatic	0	1	0.0	0	0	1
oewn-02756763-a	immunochemical	1	1.34	1.34	immunochemical	0	1	0.0	0	0	1
oewn-02991267-a	maturational	1	1.34	1.34	maturational	0	1	0.0	0	0	1
oewn-01212351-a	neckless	1	1.34	1.34	neckless	0	1	0.0	0	0	1
oewn-03117736-a	pyrogenic	3	1.34	1.34	pyrogenic	0	3	0.0	0	0	1
oewn-02898419-a	sexagesimal	1	1.34	1.34	sexagesimal	0	1	0.0	0	0	1
oewn-03135498-a	tertian	1	1.34	1.34	tertian	0	1	0.0	0	0	1
oewn-03135632-a	tertian	1	1.34	1.34	tertian	0	1	0.0	0	0	1
oewn-00757180-a	unpresidential	1	1.34	1.34	unpresidential	0	1	0.0	0	0	1
oewn-03155330-a	vesical	1	1.34	1.34	vesical	0	1	0.0	0	0	1
oewn-01510449-a	unmelted	3	4.32	1.33	frozen	2	3	0.67	0	0	3
oewn-01729487-a	impassable	6	2.74	1.33	impassable	6	6	1.0	0	0	4
oewn-02722582-a	diametral	3	1.6	1.33	diametric	0	3	0.0	0	0	1
oewn-00411526-a	tramontane	4	1.45	1.33	transalpine	0	4	0.0	0	0	2
oewn-02669334-a	baric	1	1.33	1.33	baric	0	1	0.0	0	0	1
oewn-03002128-a	diaphyseal	2	1.33	1.33	diaphyseal	0	2	0.0	0	0	1
oewn-02599401-a	hydric	3	1.33	1.33	hydric	2	3	0.67	0	0	3
oewn-02757496-a	immunotherapeutic	1	1.33	1.33	immunotherapeutic	0	1	0.0	0	0	1
oewn-02766797-a	limnological	1	1.33	1.33	limnological	0	1	0.0	0	0	1
oewn-01709128-a	lipless	2	1.33	1.33	lipless	2	2	1.0	0	0	1
oewn-02842249-a	lysogenic	1	1.33	1.33	lysogenic	1	1	1.0	0	0	1
oewn-02842363-a	lysogenic	1	1.33	1.33	lysogenic	0	1	0.0	0	0	1
oewn-03154595-a	ultramontane	1	1.33	1.33	ultramontane	0	1	0.0	0	0	1
oewn-03084848-a	homiletic	2	1.64	1.32	homiletic	0	2	0.0	0	0	1
oewn-03085002-a	homiletic	2	1.64	1.32	homiletic	2	2	1.0	0	0	1
oewn-03068480-a	creedal	2	1.44	1.32	creedal	0	2	0.0	0	0	1
oewn-02624001-a	allophonic	1	1.32	1.32	allophonic	0	1	0.0	0	0	1
oewn-02658063-a	atonic	1	1.32	1.32	atonic	1	1	1.0	0	0	1
oewn-02704015-a	chemiluminescent	1	1.32	1.32	chemiluminescent	0	1	0.0	0	0	1
oewn-03004199-a	ferial	1	1.32	1.32	ferial	0	1	0.0	0	0	1
oewn-00124676-a	retrorse	2	1.32	1.32	decurved	0	2	0.0	0	0	2
oewn-01092719-a	undrained	1	1.32	1.32	undrained	0	1	0.0	0	0	1
oewn-01973380-a	unrhymed	4	1.32	1.32	unrhymed	4	4	1.0	0	0	1
oewn-00021440-a	unaccommodating	4	2.65	1.31	uncooperative	0	4	0.0	0	0	2
oewn-01970334-a	reparable	3	2.21	1.31	maintainable	3	3	1.0	0	0	2
oewn-02706703-a	chordate	1	1.31	1.31	chordate	0	1	0.0	0	0	1
oewn-03070603-a	dacitic	1	1.31	1.31	dacitic	0	1	0.0	0	0	1
oewn-02733237-a	erythropoietic	1	1.31	1.31	erythropoietic	0	1	0.0	0	0	1
oewn-03005361-a	homophonous	1	1.31	1.31	homophonous	0	1	0.0	0	0	1
oewn-03112872-a	postictal	1	1.31	1.31	postictal	0	1	0.0	0	0	1
oewn-02453826-a	testate	1	1.31	1.31	testate	1	1	1.0	0	0	1
oewn-03137460-a	tonsorial	1	1.31	1.31	tonsorial	0	1	0.0	0	0	1
oewn-03154954-a	universalistic	1	1.31	1.31	universalistic	0	1	0.0	0	0	1
oewn-02959977-a	arteriolar	1	1.3	1.3	arteriolar	0	1	0.0	0	0	1
oewn-02685933-a	calisthenic	1	1.3	1.3	calisthenic	0	1	0.0	0	0	1
oewn-00754691-a	digitigrade	1	1.3	1.3	digitigrade	0	1	0.0	0	0	1
oewn-03102070-a	neurasthenic	1	1.3	1.3	neurasthenic	1	1	1.0	0	0	1
oewn-02895218-a	neurotropic	1	1.3	1.3	neurotropic	0	1	0.0	0	0	1
oewn-03054885-a	postnuptial	1	1.3	1.3	postnuptial	0	1	0.0	0	0	1
oewn-02544889-a	unwaxed	1	1.3	1.3	unwaxed	1	1	1.0	0	0	1
oewn-02896070-a	monatomic	2	1.58	1.29	monatomic	0	2	0.0	0	0	1
oewn-02614090-a	adenoidal	1	1.29	1.29	adenoidal	0	1	0.0	0	0	1
oewn-02626128-a	amaranthine	1	1.29	1.29	amaranthine	0	1	0.0	0	0	1
oewn-02689239-a	caprine	1	1.29	1.29	caprine	0	1	0.0	0	0	1
oewn-02994272-a	cortico-hypothalamic	1	1.29	1.29	cortico-hypothalamic	0	1	0.0	0	0	1
oewn-02914368-a	macrocosmic	1	1.29	1.29	macrocosmic	0	1	0.0	0	0	1
oewn-03109283-a	pectic	1	1.29	1.29	pectic	0	1	0.0	0	0	1
oewn-02829341-a	totipotent	1	1.29	1.29	totipotent	0	1	0.0	0	0	1
oewn-02695479-a	cecal	2	1.5	1.28	cecal	0	2	0.0	0	0	1
oewn-02382917-a	actinomorphic	3	1.28	1.28	actinomorphic	0	3	0.0	0	0	2
oewn-03017236-a	aneuploid	1	1.28	1.28	aneuploid	1	1	1.0	0	0	1
oewn-00141501-a	arbitrable	1	1.28	1.28	arbitrable	0	1	0.0	0	0	1
oewn-02685379-a	calculous	1	1.28	1.28	calculous	0	1	0.0	0	0	1
oewn-02700279-a	ceric	1	1.28	1.28	ceric	0	1	0.0	0	0	1
oewn-01603922-a	normotensive	1	1.28	1.28	normotensive	0	1	0.0	0	0	1
oewn-02165504-a	shrinkable	1	1.28	1.28	shrinkable	1	1	1.0	0	0	1
oewn-00085425-a	unaggressive	3	4.84	1.27	low-pressure	3	3	1.0	0	0	2
oewn-00462569-a	unsaddled	3	2.75	1.27	bareback	2	3	0.67	0	0	2
oewn-02244015-a	nonslippery	3	1.34	1.27	nonslip	1	3	0.33	0	0	3
oewn-02646150-a	appellative	1	1.27	1.27	appellative	0	1	0.0	0	0	1
oewn-03159196-a	asphaltic	1	1.27	1.27	asphaltic	0	1	0.0	0	0	1
oewn-03017101-a	autodidactic	1	1.27	1.27	autodidactic	0	1	0.0	0	0	1
oewn-02672847-a	benzylic	1	1.27	1.27	benzylic	0	1	0.0	0	0	1
oewn-02698315-a	censorial	1	1.27	1.27	censorial	0	1	0.0	0	0	1
oewn-02857053-a	cyprinid	2	1.27	1.27	cyprinid	0	2	0.0	0	0	1
oewn-00928701-a	exhaustible	2	1.27	1.27	exhaustible	2	2	1.0	0	0	2
oewn-01934780-a	nonracial	1	1.27	1.27	nonracial	0	1	0.0	0	0	1
oewn-00494640-a	oleophobic	1	1.27	1.27	oleophobic	1	1	1.0	0	0	1
oewn-02788162-a	photomechanical	1	1.27	1.27	photomechanical	0	1	0.0	0	0	1
oewn-00102213-a	precocial	1	1.27	1.27	precocial	1	1	1.0	0	0	1
oewn-02812172-a	splintery	2	1.27	1.27	splintery	0	2	0.0	0	0	1
oewn-00225275-a	unbelted	2	1.27	1.27	beltless	0	2	0.0	0	0	1
oewn-02657657-a	ataxic	2	1.48	1.26	ataxic	2	2	1.0	0	0	1
oewn-02244501-a	unlubricated	2	1.4	1.26	ungreased	0	2	0.0	0	0	1
oewn-01383053-a	unlamented	2	1.31	1.26	unlamented	2	2	1.0	0	0	1
oewn-03120079-a	quincentennial	2	1.27	1.26	quincentennial	0	2	0.0	0	0	1
oewn-02709747-a	coccygeal	1	1.26	1.26	coccygeal	0	1	0.0	0	0	1
oewn-02719242-a	cytolytic	1	1.26	1.26	cytolytic	0	1	0.0	0	0	1
oewn-02600929-a	fossorial	1	1.26	1.26	fossorial	0	1	0.0	0	0	1
oewn-02843854-a	fungoid	2	1.26	1.26	fungoid	0	2	0.0	0	0	1
oewn-02746647-a	glabellar	1	1.26	1.26	glabellar	0	1	0.0	0	0	1
oewn-00260299-a	lentic	1	1.26	1.26	lentic	0	1	0.0	0	0	1
oewn-01969457-a	remediable	1	1.26	1.26	remediable	0	1	0.0	0	0	1
oewn-02676837-a	sociobiologic	2	1.26	1.26	sociobiological	0	2	0.0	0	0	1
oewn-01508997-a	unmusical	2	1.45	1.25	unmusical	2	2	1.0	0	0	1
oewn-01509465-a	unmusical	2	1.45	1.25	unmusical	2	2	1.0	0	0	1
oewn-02818949-a	synesthetic	2	1.4	1.25	synesthetic	0	2	0.0	0	0	1
oewn-02628058-a	ammoniac	2	1.33	1.25	ammoniac	0	2	0.0	0	0	1
oewn-02643246-a	apian	1	1.25	1.25	apian	0	1	0.0	0	0	1
oewn-02658975-a	audiometric	1	1.25	1.25	audiometric	0	1	0.0	0	0	1
oewn-02692139-a	carpetbag	1	1.25	1.25	carpetbag	0	1	0.0	0	0	1
oewn-02725444-a	dithyrambic	1	1.25	1.25	dithyrambic	1	1	1.0	0	0	1
oewn-02887818-a	encysted	1	1.25	1.25	encysted	0	1	0.0	0	0	1
oewn-00260195-a	lotic	1	1.25	1.25	lotic	0	1	0.0	0	0	1
oewn-02943394-a	mensural	1	1.25	1.25	mensural	0	1	0.0	0	0	1
oewn-02985381-a	neritic	1	1.25	1.25	neritic	0	1	0.0	0	0	1
oewn-00654719-a	noncritical	3	1.25	1.25	noncritical	3	3	1.0	0	0	2
oewn-00655555-a	noncritical	1	1.25	1.25	noncritical	1	1	1.0	0	0	1
oewn-00174955-a	nonpregnant	1	1.25	1.25	nonpregnant	0	1	0.0	0	0	1
oewn-02820797-a	technophobic	1	1.25	1.25	technophobic	0	1	0.0	0	0	1
oewn-02768218-a	sublunar	3	1.29	1.24	cislunar	0	3	0.0	0	0	1
oewn-02666428-a	azido	1	1.24	1.24	azido	0	1	0.0	0	0	1
oewn-02667635-a	bacillar	2	1.24	1.24	bacillary	0	2	0.0	0	0	1
oewn-03065621-a	cataleptic	1	1.24	1.24	cataleptic	1	1	1.0	0	0	1
oewn-03030478-a	eutherian	1	1.24	1.24	eutherian	0	1	0.0	0	0	1
oewn-03145459-a	paniculate	1	1.24	1.24	paniculate	0	1	0.0	0	0	1
oewn-02796453-a	prosthodontic	1	1.24	1.24	prosthodontic	0	1	0.0	0	0	1
oewn-02463536-a	untraveled	3	1.24	1.24	untraveled	3	3	1.0	0	0	2
oewn-02998172-a	artifactual	2	1.32	1.23	artifactual	0	2	0.0	0	0	1
oewn-02651397-a	areolar	2	1.31	1.23	areolar	0	2	0.0	0	0	1
oewn-02614534-a	adnexal	2	1.23	1.23	adnexal	0	2	0.0	0	0	1
oewn-00306929-a	camphorated	1	1.23	1.23	camphorated	1	1	1.0	0	0	1
oewn-02985938-a	hadal	1	1.23	1.23	hadal	0	1	0.0	0	0	1
oewn-02787303-a	petaloid	1	1.23	1.23	petaloid	0	1	0.0	0	0	1
oewn-00129539-a	precedented	1	1.23	1.23	precedented	1	1	1.0	0	0	1
oewn-03148608-a	sulcate	1	1.23	1.23	sulcate	0	1	0.0	0	0	1
oewn-01408823-a	undeciphered	1	1.23	1.23	undeciphered	1	1	1.0	0	0	1
oewn-00102092-a	altricial	1	1.22	1.22	altricial	0	1	0.0	0	0	1
oewn-00140612-a	apteral	7	1.22	1.22	prostyle	7	7	1.0	0	0	3
oewn-02995923-a	copular	1	1.22	1.22	copular	0	1	0.0	0	0	1
oewn-01477139-a	majuscule	2	1.22	1.22	majuscule	1	2	0.5	0	0	2
oewn-02794874-a	prelapsarian	1	1.22	1.22	prelapsarian	0	1	0.0	0	0	1
oewn-03115112-a	proconsular	1	1.22	1.22	proconsular	0	1	0.0	0	0	1
oewn-02851596-a	ungual	1	1.22	1.22	ungual	0	1	0.0	0	0	1
oewn-02162050-a	unsheared	2	1.22	1.22	unshorn	0	2	0.0	0	0	1
oewn-00071192-a	inaesthetic	4	1.3	1.21	unaesthetic	2	4	0.5	0	0	2
oewn-02651852-a	aroid	2	1.21	1.21	aroid	0	2	0.0	0	0	1
oewn-02680321-a	bracteate	2	1.21	1.21	bracteate	2	2	1.0	0	0	1
oewn-00747629-a	diabatic	1	1.21	1.21	diabatic	0	1	0.0	0	0	1
oewn-02726101-a	dysgenic	2	1.21	1.21	dysgenic	2	2	1.0	0	0	1
oewn-02825043-a	thenal	2	1.21	1.21	thenar	0	2	0.0	0	0	1
oewn-03136599-a	thermometric	1	1.21	1.21	thermometric	0	1	0.0	0	0	1
oewn-01508210-a	unmined	1	1.21	1.21	unmined	1	1	1.0	0	0	1
oewn-01100164-a	unfledged	3	3.66	1.2	immature	3	3	1.0	0	0	2
oewn-02682853-a	bursal	1	1.2	1.2	bursal	0	1	0.0	0	0	1
oewn-03021204-a	calcific	1	1.2	1.2	calcific	1	1	1.0	0	0	1
oewn-03144650-a	carroty	1	1.2	1.2	carroty	0	1	0.0	0	0	1
oewn-00998091-a	fathomable	3	1.2	1.2	fathomable	3	3	1.0	0	0	1
oewn-01739871-a	husbandly	1	1.2	1.2	husbandly	0	1	0.0	0	0	1
oewn-01182400-a	phlegmy	1	1.2	1.2	phlegmy	0	1	0.0	0	0	1
oewn-02773176-a	presocratic	1	1.2	1.2	presocratic	0	1	0.0	0	0	1
oewn-02641889-a	anuran	3	1.19	1.19	anuran	0	3	0.0	0	0	1
oewn-02687347-a	campanulate	3	1.19	1.19	campanulate	0	3	0.0	0	0	1
oewn-02962521-a	cinerary	1	1.19	1.19	cinerary	0	1	0.0	0	0	1
oewn-02716787-a	crustaceous	1	1.19	1.19	crustaceous	0	1	0.0	0	0	1
oewn-02738849-a	filar	1	1.19	1.19	filar	0	1	0.0	0	0	1
oewn-02948196-a	morphophonemic	1	1.19	1.19	morphophonemic	0	1	0.0	0	0	1
oewn-02806463-a	semiautobiographical	1	1.19	1.19	semiautobiographical	0	1	0.0	0	0	1
oewn-02822599-a	tensional	1	1.19	1.19	tensional	0	1	0.0	0	0	1
oewn-03135363-a	terpsichorean	1	1.19	1.19	terpsichorean	0	1	0.0	0	0	1
oewn-01571027-a	unseamanlike	3	1.19	1.19	lubberly	3	3	1.0	0	0	2
oewn-02632318-a	androgenetic	2	1.18	1.18	androgenetic	0	2	0.0	0	0	1
oewn-02662626-a	autographic	1	1.18	1.18	autographic	0	1	0.0	0	0	1
oewn-02717041-a	crustose	1	1.18	1.18	crustose	0	1	0.0	0	0	1
oewn-02604176-a	nomothetic	1	1.18	1.18	nomothetic	0	1	0.0	0	0	1
oewn-02872008-a	parturient	1	1.18	1.18	parturient	0	1	0.0	0	0	1
oewn-02090662-a	unscalable	2	1.18	1.18	unclimbable	2	2	1.0	0	0	1
oewn-03143301-a	zenithal	1	1.18	1.18	zenithal	0	1	0.0	0	0	1
oewn-03151417-a	acculturational	2	1.17	1.17	acculturative	0	2	0.0	0	0	1
oewn-02942300-a	arteriosclerotic	1	1.17	1.17	arteriosclerotic	1	1	1.0	0	0	1
oewn-02318451-a	astomatous	2	1.17	1.17	mouthless	2	2	1.0	0	0	1
oewn-00207595-a	balconied	1	1.17	1.17	balconied	0	1	0.0	0	0	1
oewn-00238431-a	bibbed	1	1.17	1.17	bibbed	0	1	0.0	0	0	1
oewn-02685267-a	calcitic	1	1.17	1.17	calcitic	0	1	0.0	0	0	1
oewn-02703208-a	chelonian	1	1.17	1.17	chelonian	0	1	0.0	0	0	1
oewn-02769100-a	macaronic	1	1.17	1.17	macaronic	0	1	0.0	0	0	1
oewn-00780797-a	nonreturnable	1	1.17	1.17	nonreturnable	0	1	0.0	0	0	1
oewn-01612491-a	noseless	1	1.17	1.17	noseless	0	1	0.0	0	0	1
oewn-02529455-a	ovoviviparous	1	1.17	1.17	ovoviviparous	0	1	0.0	0	0	1
oewn-02656068-a	stoloniferous	1	1.17	1.17	stoloniferous	0	1	0.0	0	0	1
oewn-00318719-a	uncarved	1	1.17	1.17	uncarved	0	1	0.0	0	0	1
oewn-02012341-a	unrestrictive	3	1.17	1.17	nonrestrictive	3	3	1.0	0	0	3
oewn-01663873-a	untanned	1	1.17	1.17	untanned	1	1	1.0	0	0	1
oewn-02832814-a	vacuolate	2	1.17	1.17	vacuolated	0	2	0.0	0	0	1
oewn-02992940-a	antithyroid	1	1.16	1.16	antithyroid	0	1	0.0	0	0	1
oewn-02644528-a	apomictic	2	1.16	1.16	apomictic	0	2	0.0	0	0	1
oewn-03023480-a	psychopharmacological	1	1.16	1.16	psychopharmacological	0	1	0.0	0	0	1
oewn-02612091-a	acidotic	1	1.15	1.15	acidotic	1	1	1.0	0	0	1
oewn-02665147-a	avocational	1	1.15	1.15	avocational	0	1	0.0	0	0	1
oewn-00292714-a	exergonic	1	1.15	1.15	exergonic	0	1	0.0	0	0	1
oewn-02913058-a	microcephalic	3	1.15	1.15	microcephalic	0	3	0.0	0	0	1
oewn-02947747-a	morphemic	1	1.15	1.15	morphemic	0	1	0.0	0	0	1
oewn-00693247-a	nondeductible	1	1.15	1.15	nondeductible	1	1	1.0	0	0	1
oewn-02825697-a	nonthermal	1	1.15	1.15	nonthermal	1	1	1.0	0	0	1
oewn-02123898-a	germfree	2	1.19	1.14	germfree	1	2	0.5	0	0	2
oewn-02737657-a	afebrile	1	1.14	1.14	afebrile	0	1	0.0	0	0	1
oewn-02626619-a	ambulacral	1	1.14	1.14	ambulacral	0	1	0.0	0	0	1
oewn-03019955-a	atheromatous	2	1.14	1.14	atheromatous	0	2	0.0	0	0	1
oewn-02679137-a	botryoid	3	1.14	1.14	botryoidal	0	3	0.0	0	0	1
oewn-02689939-a	carbocyclic	1	1.14	1.14	carbocyclic	0	1	0.0	0	0	1
oewn-02704438-a	cherty	1	1.14	1.14	cherty	0	1	0.0	0	0	1
oewn-02857515-a	diluvian	2	1.14	1.14	diluvial	0	2	0.0	0	0	1
oewn-02730939-a	emulous	1	1.14	1.14	emulous	1	1	1.0	0	0	1
oewn-02959535-a	interlobular	1	1.14	1.14	interlobular	0	1	0.0	0	0	1
oewn-03111772-a	piscatorial	2	1.14	1.14	piscatorial	0	2	0.0	0	0	1
oewn-00109944-a	synclinal	1	1.14	1.14	synclinal	0	1	0.0	0	0	1
oewn-03152694-a	bronchoscopic	1	1.13	1.13	bronchoscopic	0	1	0.0	0	0	1
oewn-02685040-a	calcic	1	1.13	1.13	calcic	0	1	0.0	0	0	1
oewn-02737999-a	fibrillose	1	1.13	1.13	fibrillose	1	1	1.0	0	0	1
oewn-03023258-a	hyperemic	1	1.13	1.13	hyperemic	0	1	0.0	0	0	1
oewn-02893771-a	multinucleate	1	1.13	1.13	multinucleate	0	1	0.0	0	0	1
oewn-00436407-a	radiolucent	1	1.13	1.13	radiolucent	0	1	0.0	0	0	1
oewn-03154823-a	undulatory	2	1.13	1.13	undulatory	2	2	1.0	0	0	1
oewn-02670636-a	basilican	1	1.12	1.12	basilican	0	1	0.0	0	0	1
oewn-03064865-a	casuistic	2	1.12	1.12	casuistic	0	2	0.0	0	0	1
oewn-03065062-a	casuistic	2	1.12	1.12	casuistic	0	2	0.0	0	0	1
oewn-02867469-a	epicanthic	1	1.12	1.12	epicanthic	0	1	0.0	0	0	1
oewn-02738105-a	fibrinous	1	1.12	1.12	fibrinous	0	1	0.0	0	0	1
oewn-02839195-a	hydrokinetic	1	1.12	1.12	hydrokinetic	0	1	0.0	0	0	1
oewn-00428752-a	nonradioactive	1	1.12	1.12	nonradioactive	1	1	1.0	0	0	1
oewn-02768371-a	translunar	4	1.12	1.12	translunar	0	4	0.0	0	0	1
oewn-00134136-a	unappealable	1	1.12	1.12	unappealable	1	1	1.0	0	0	1
oewn-01363608-a	unwrinkled	2	1.12	1.12	unwrinkled	2	2	1.0	0	0	1
oewn-02861194-a	hemal	4	1.16	1.11	hemal	0	4	0.0	0	0	1
oewn-02616599-a	advective	1	1.11	1.11	advective	0	1	0.0	0	0	1
oewn-02620781-a	albuminous	1	1.11	1.11	albuminous	0	1	0.0	0	0	1
oewn-02635698-a	annalistic	1	1.11	1.11	annalistic	0	1	0.0	0	0	1
oewn-02638588-a	antecubital	1	1.11	1.11	antecubital	0	1	0.0	0	0	1
oewn-02674381-a	bicipital	1	1.11	1.11	bicipital	0	1	0.0	0	0	1
oewn-02685135-a	calciferous	1	1.11	1.11	calciferous	1	1	1.0	0	0	1
oewn-02716545-a	crural	1	1.11	1.11	crural	0	1	0.0	0	0	1
oewn-02633454-a	anginal	3	1.1	1.1	anginal	3	3	1.0	0	0	1
oewn-02662966-a	autoradiographic	1	1.1	1.1	autoradiographic	0	1	0.0	0	0	1
oewn-02604050-a	idiographic	1	1.1	1.1	idiographic	0	1	0.0	0	0	1
oewn-02880650-a	ocellated	1	1.1	1.1	ocellated	0	1	0.0	0	0	1
oewn-02871808-a	particularistic	1	1.1	1.1	particularistic	0	1	0.0	0	0	1
oewn-02923367-a	supernaturalist	2	1.1	1.1	supernaturalist	0	2	0.0	0	0	1
oewn-02439471-a	tongueless	1	1.1	1.1	tongueless	1	1	1.0	0	0	1
oewn-03162442-a	unmalted	1	1.1	1.1	unmalted	1	1	1.0	0	0	1
oewn-02638029-a	anosmic	2	1.09	1.09	anosmic	0	2	0.0	0	0	1
oewn-02701166-a	chaffy	2	1.09	1.09	chaffy	2	2	1.0	0	0	1
oewn-00089343-a	unagitated	3	1.09	1.09	unstirred	3	3	1.0	0	0	3
oewn-02550621-a	weedless	1	1.09	1.09	weedless	1	1	1.0	0	0	1
oewn-02655058-a	ascitic	1	1.08	1.08	ascitic	0	1	0.0	0	0	1
oewn-03070040-a	cyclothymic	1	1.08	1.08	cyclothymic	0	1	0.0	0	0	1
oewn-02766297-a	lexicalized	2	1.08	1.08	lexicalized	0	2	0.0	0	0	1
oewn-03106714-a	orthoptic	1	1.08	1.08	orthoptic	0	1	0.0	0	0	1
oewn-03021845-a	papillate	1	1.08	1.08	papillate	1	1	1.0	0	0	1
oewn-01435480-a	unextended	1	1.08	1.08	unextended	1	1	1.0	0	0	1
oewn-02618326-a	agential	1	1.07	1.07	agential	0	1	0.0	0	0	1
oewn-02625624-a	aluminous	1	1.07	1.07	aluminous	0	1	0.0	0	0	1
oewn-02661500-a	autarchic	3	1.07	1.07	autarchic	3	3	1.0	0	0	1
oewn-02663077-a	autotelic	1	1.07	1.07	autotelic	0	1	0.0	0	0	1
oewn-03020639-a	emphysematous	1	1.07	1.07	emphysematous	0	1	0.0	0	0	1
oewn-02990473-a	perinasal	2	1.07	1.07	perirhinal	0	2	0.0	0	0	1
oewn-02793435-a	positionable	1	1.07	1.07	positionable	1	1	1.0	0	0	1
oewn-02810124-a	solanaceous	1	1.07	1.07	solanaceous	0	1	0.0	0	0	1
oewn-03137978-a	trihydroxy	1	1.07	1.07	trihydroxy	0	1	0.0	0	0	1
oewn-02574346-a	wieldy	1	1.07	1.07	wieldy	1	1	1.0	0	0	1
oewn-03142526-a	xerographic	1	1.07	1.07	xerographic	0	1	0.0	0	0	1
oewn-02633095-a	anencephalic	2	1.06	1.06	anencephalic	2	2	1.0	0	0	1
oewn-00279132-a	bridgeable	1	1.06	1.06	bridgeable	1	1	1.0	0	0	1
oewn-02698464-a	centesimal	1	1.06	1.06	centesimal	0	1	0.0	0	0	1
oewn-00455562-a	cousinly	1	1.06	1.06	cousinly	0	1	0.0	0	0	1
oewn-02600834-a	cursorial	1	1.06	1.06	cursorial	0	1	0.0	0	0	1
oewn-03004766-a	gallinaceous	1	1.06	1.06	gallinaceous	0	1	0.0	0	0	1
oewn-03080816-a	gonadotropic	2	1.06	1.06	gonadotropic	0	2	0.0	0	0	1
oewn-02755648-a	hydrolyzable	1	1.06	1.06	hydrolyzable	1	1	1.0	0	0	1
oewn-03148798-a	hymeneal	1	1.06	1.06	hymeneal	0	1	0.0	0	0	1
oewn-03051070-a	monocarpic	1	1.06	1.06	monocarpic	0	1	0.0	0	0	1
oewn-02777724-a	myopathic	1	1.06	1.06	myopathic	0	1	0.0	0	0	1
oewn-02804505-a	scurfy	1	1.06	1.06	scurfy	1	1	1.0	0	0	1
oewn-02835764-a	vigesimal	1	1.06	1.06	vigesimal	0	1	0.0	0	0	1
oewn-03151888-a	acrocentric	1	1.05	1.05	acrocentric	0	1	0.0	0	0	1
oewn-02626338-a	amblyopic	1	1.05	1.05	amblyopic	0	1	0.0	0	0	1
oewn-02615833-a	antidotal	1	1.05	1.05	antidotal	0	1	0.0	0	0	1
oewn-02849355-a	transpolar	1	1.05	1.05	transpolar	0	1	0.0	0	0	1
oewn-03164361-a	unposed	1	1.05	1.05	unposed	1	1	1.0	0	0	1
oewn-01097649-a	unrigged	1	1.05	1.05	unrigged	0	1	0.0	0	0	1
oewn-02666826-a	zoic	1	1.05	1.05	zoic	0	1	0.0	0	0	1
oewn-02708518-a	cleistogamous	2	1.04	1.04	cleistogamous	0	2	0.0	0	0	1
oewn-00831462-a	ectomorphic	2	1.04	1.04	asthenic	1	2	0.5	0	0	2
oewn-91001511-a	hoopy	1	1.04	1.04	hoopy	0	1	0.0	0	0	1
oewn-02998764-a	mutative	1	1.04	1.04	mutative	0	1	0.0	0	0	1
oewn-02779193-a	neotenic	2	1.04	1.04	neotenous	2	2	1.0	0	0	1
oewn-03113010-a	postmillennial	1	1.04	1.04	postmillennial	0	1	0.0	0	0	1
oewn-02794723-a	predestinarian	1	1.04	1.04	predestinarian	0	1	0.0	0	0	1
oewn-01173613-a	pyretic	1	1.04	1.04	pyretic	1	1	1.0	0	0	1
oewn-01621654-a	unobligated	2	1.04	1.04	unobligated	2	2	1.0	0	0	2
oewn-02835133-a	viatical	1	1.04	1.04	viatical	1	1	1.0	0	0	1
oewn-02624100-a	allotropic	2	1.03	1.03	allotropic	2	2	1.0	0	0	1
oewn-03144383-a	ammoniated	1	1.03	1.03	ammoniated	1	1	1.0	0	0	1
oewn-02660919-a	auscultatory	1	1.03	1.03	auscultatory	0	1	0.0	0	0	1
oewn-02684183-a	caecilian	1	1.03	1.03	caecilian	0	1	0.0	0	0	1
oewn-02948631-a	infinitival	1	1.03	1.03	infinitival	0	1	0.0	0	0	1
oewn-02986052-a	operculate	2	1.03	1.03	operculate	0	2	0.0	0	0	1
oewn-03125549-a	satyric	2	1.03	1.03	satyrical	0	2	0.0	0	0	1
oewn-02637674-a	anopheline	1	1.02	1.02	anopheline	0	1	0.0	0	0	1
oewn-02675530-a	biocatalytic	1	1.02	1.02	biocatalytic	0	1	0.0	0	0	1
oewn-02740838-a	foliaceous	1	1.02	1.02	foliaceous	0	1	0.0	0	0	1
oewn-02773912-a	postpositive	1	1.02	1.02	postpositive	0	1	0.0	0	0	1
oewn-02819476-a	syntagmatic	1	1.02	1.02	syntagmatic	0	1	0.0	0	0	1
oewn-00056146-a	unadoptable	1	1.02	1.02	unadoptable	0	1	0.0	0	0	1
oewn-01343200-a	undesigned	1	1.02	1.02	undesigned	1	1	1.0	0	0	1
oewn-02549967-a	unweaned	1	1.02	1.02	unweaned	1	1	1.0	0	0	1
oewn-02630669-a	anagrammatic	2	1.01	1.01	anagrammatic	0	2	0.0	0	0	1
oewn-02739039-a	bifilar	1	1.01	1.01	bifilar	0	1	0.0	0	0	1
oewn-03119629-a	biquadratic	1	1.01	1.01	biquadratic	0	1	0.0	0	0	1
oewn-02687193-a	cambial	1	1.01	1.01	cambial	0	1	0.0	0	0	1
oewn-02687849-a	canalicular	1	1.01	1.01	canalicular	0	1	0.0	0	0	1
oewn-03006380-a	marmorean	2	1.01	1.01	marmoreal	0	2	0.0	0	0	1
oewn-03001389-a	mediatorial	1	1.01	1.01	mediatorial	0	1	0.0	0	0	1
oewn-01233943-a	noninstitutionalized	2	1.01	1.01	noninstitutionalized	2	2	1.0	0	0	1
oewn-03009408-a	quartan	1	1.01	1.01	quartan	0	1	0.0	0	0	1
