family_id	head	size	peak_zipf	median_zipf	peak_word	charged	labelled	charged_pct	held	eligible	covered	synsets
oewn-02156396-v	watch	9	5.81	5.34	look after	9	9	1.0	0	1	0	4
oewn-00663742-v	check	13	6.03	5.31	go over	13	13	1.0	0	1	0	2
oewn-00597330-v	know	9	6.79	5.2	be with it	7	10	0.7	0	1	0	4
oewn-01429048-v	sleep together	29	6.71	5.06	have	26	29	0.9	0	1	0	4
oewn-02550045-v	gamble	11	5.26	4.91	chance	9	11	0.82	0	1	0	3
oewn-02677669-v	satisfy	9	6.35	4.85	do	8	10	0.8	0	1	0	4
oewn-00249545-v	progress	9	6.28	4.78	get on	7	9	0.78	0	1	0	3
oewn-00620568-v	identify	11	5.71	4.78	place	9	11	0.82	0	1	0	2
oewn-00611237-v	remember	9	6.08	4.71	think of	8	9	0.89	0	1	0	5
oewn-02581808-v	flim-flam	9	4.82	4.48	pull a fast one on	8	9	0.89	0	1	0	2
oewn-02551275-v	risk	9	5.49	4.46	put on the line	8	9	0.89	0	1	0	3
oewn-02355171-v	rid	10	5.63	4.4	free	8	10	0.8	0	1	0	7
oewn-00843665-v	denounce	11	5.62	4.38	give away	10	11	0.91	0	1	0	2
oewn-02459338-v	back	10	6.04	4.34	back	8	10	0.8	0	1	0	3
oewn-02197640-v	spot	14	6.08	4.33	make out	13	14	0.93	0	1	0	4
oewn-00839722-v	feign	12	4.83	4.33	mouth	9	12	0.75	0	1	0	5
oewn-00690278-v	trust	16	5.81	4.29	look	15	16	0.94	0	1	0	5
oewn-02725274-v	tend	8	5.49	4.29	run	6	8	0.75	0	1	0	4
oewn-00695834-v	respect	12	5.89	4.28	think the world of	12	12	1.0	0	1	0	4
oewn-00205454-v	better	20	6.08	4.18	get over	19	21	0.9	0	1	0	10
oewn-02513385-v	trouble	9	5.66	4.17	put out	9	9	1.0	0	1	0	2
oewn-01802947-v	disappoint	8	5.6	4.14	let down	8	8	1.0	0	1	0	4
oewn-02488014-v	murder	10	5.93	4.13	off	9	10	0.9	0	1	0	3
oewn-02582588-v	cheat on	8	5.88	4.06	two-time	7	8	0.88	0	1	0	3
oewn-02462665-v	respect	9	5.03	4.06	respect	8	9	0.89	0	1	0	3
oewn-01796596-v	pain	11	5.5	4.03	try	10	11	0.91	0	1	0	5
oewn-00799092-v	refuse	13	5.32	4.03	turn down	10	13	0.77	0	1	0	6
oewn-02329474-v	lend	11	5.27	3.92	bring	9	11	0.82	0	1	0	5
oewn-00074774-v	tire	20	5.01	3.86	beat	15	20	0.75	0	1	0	3
oewn-00064660-v	indispose	16	4.94	3.86	hurt	16	16	1.0	0	1	0	4
oewn-02427126-v	free	14	5.92	3.85	take over	10	14	0.71	0	1	0	8
oewn-00727236-v	surprise	14	5.04	3.83	ball over	11	14	0.79	0	1	0	6
oewn-01810472-v	capture	15	5.96	3.81	work	13	15	0.87	0	1	0	3
oewn-01800044-v	rage	17	4.95	3.81	have a fit	17	17	1.0	0	1	0	3
oewn-00258155-v	expand	9	4.35	3.64	expand	8	9	0.89	0	1	0	3
oewn-01148517-v	strive	10	4.94	3.63	reach	10	10	1.0	0	1	0	4
oewn-00064841-v	suffer	26	6.71	3.62	have	19	27	0.7	0	1	0	15
oewn-01885173-v	roll	16	5.12	3.56	range	12	16	0.75	0	1	0	3
oewn-01433266-v	masturbate	8	5.39	3.52	fuck off	6	8	0.75	0	1	0	3
oewn-00273709-v	inure	10	4.55	3.52	prepare for	7	10	0.7	0	1	0	3
oewn-01803805-v	humiliate	12	5.88	3.5	take down	12	12	1.0	0	1	0	3
oewn-01804404-v	take down	8	5.88	3.5	take down	6	8	0.75	0	1	0	3
oewn-01801358-v	grieve	8	5.67	3.49	feel for	8	8	1.0	0	1	0	3
oewn-01811849-v	attract	16	4.87	3.49	catch	15	16	0.94	0	1	0	3
oewn-01766380-v	agitate	12	5.32	3.48	turn on	10	12	0.83	0	1	0	5
oewn-01794768-v	confuse	8	5.66	3.42	put off	6	8	0.75	0	1	0	4
oewn-00860817-v	cheer	11	4.06	3.35	cheer	11	11	1.0	0	1	0	3
oewn-00826456-v	call on the carpet	27	5.53	3.33	tell off	27	27	1.0	0	1	0	3
oewn-02534046-v	fail	38	5.39	3.28	fuck up	34	39	0.87	0	1	0	11
oewn-01797206-v	hurt	16	4.94	3.23	hurt	13	16	0.81	0	1	0	5
oewn-00828170-v	knock	53	5.78	3.22	come down	40	54	0.74	0	1	4	15
oewn-01812736-v	repel	9	5.66	3.2	put off	9	9	1.0	0	1	0	3
oewn-00798638-v	reject	11	5.32	3.2	turn down	10	11	0.91	0	1	0	3
oewn-02583006-v	fudge	8	4.65	3.17	cook	7	8	0.88	0	1	0	2
oewn-02064997-v	flinch	10	3.73	3.16	shrink	8	10	0.8	0	1	0	2
oewn-02539728-v	waive	8	5.71	3.12	give up	6	8	0.75	0	1	0	2
oewn-01778057-v	hate	10	5.11	3.11	hate	10	10	1.0	0	1	0	3
oewn-01040538-v	chew the fat	19	5.04	3.0	visit	14	19	0.74	0	1	0	2
oewn-00635105-v	speculate	14	4.75	2.96	develop	11	14	0.79	0	1	0	3
oewn-00478872-v	mar	13	4.46	2.93	cloud	13	13	1.0	0	1	0	3
oewn-01815703-v	elate	12	5.08	2.92	pick up	13	13	1.0	0	1	0	4
oewn-00208618-v	worsen	8	3.28	2.86	degrade	6	8	0.75	0	1	0	4
oewn-00022679-v	stimulate	21	4.41	2.81	repair	17	23	0.74	0	1	0	5
oewn-00905999-v	acquit	9	5.25	2.71	clear	7	9	0.78	0	1	0	4
oewn-01812341-v	disgust	12	4.46	2.68	shock	12	12	1.0	0	1	0	2
oewn-00843259-v	denounce	8	4.41	2.6	rail	7	8	0.88	0	1	0	3
oewn-00848188-v	defame	15	4.13	2.59	drag through the mud	11	15	0.73	0	1	0	4
oewn-00065962-v	cry	14	4.59	2.42	cry	13	14	0.93	0	1	5	6
oewn-00770823-v	wheedle	11	4.79	2.26	sweet-talk	11	11	1.0	0	1	0	3
oewn-02585532-v	corrupt	22	5.2	2.2	lead off	19	22	0.86	0	1	0	7
oewn-02272834-v	take	4	6.79	5.87	be	0	4	0.0	0	0	0	2
oewn-01868216-v	start	8	6.03	5.85	go	0	8	0.0	0	0	0	3
oewn-00120124-v	make	6	6.71	5.84	have	0	7	0.0	0	0	0	4
oewn-00427534-v	emerge	6	6.38	5.78	out	1	6	0.17	0	0	0	3
oewn-00812391-v	get off	6	6.28	5.78	get by	0	6	0.0	0	0	0	2
oewn-00661773-v	rank	5	5.78	5.78	come	0	5	0.0	0	0	0	3
oewn-00523831-v	receive	7	6.28	5.76	get	0	7	0.0	0	0	0	3
oewn-02209474-v	own	4	6.71	5.74	have	0	4	0.0	0	0	0	2
oewn-01156228-v	get even	6	6.28	5.7	get	0	6	0.0	0	0	0	2
oewn-01164263-v	work through	4	5.87	5.68	go through	0	4	0.0	0	0	0	2
oewn-01643749-v	create	4	6.35	5.62	do	0	6	0.0	0	0	0	4
oewn-01828678-v	wish	4	6.41	5.61	like	0	4	0.0	0	0	0	2
oewn-00736371-v	think about	6	6.08	5.61	think about	1	6	0.17	0	0	0	3
oewn-02113108-v	get	4	6.28	5.58	get	0	4	0.0	0	0	0	2
oewn-02210796-v	come by	4	5.78	5.58	come by	0	4	0.0	0	0	0	2
oewn-02616880-v	turn out	4	5.96	5.55	work out	0	4	0.0	0	0	0	3
oewn-02114674-v	experience	13	6.1	5.54	know	1	16	0.06	0	0	0	8
oewn-02493222-v	visit	8	6.1	5.51	see	3	9	0.33	0	0	0	5
oewn-01866904-v	stop	4	5.52	5.51	stop	0	5	0.0	0	0	0	3
oewn-00340548-v	arise	5	5.78	5.48	come up	1	6	0.17	0	0	0	4
oewn-02431018-v	open	6	5.68	5.48	found	0	6	0.0	0	0	0	2
oewn-01832678-v	love	4	5.93	5.46	get off	3	4	0.75	0	0	0	3
oewn-02444146-v	set about	6	6.03	5.45	go about	3	6	0.5	0	0	0	2
oewn-01632781-v	bring	6	6.08	5.44	make for	0	6	0.0	0	0	0	2
oewn-00087488-v	contract	4	6.28	5.43	get	3	4	0.75	0	0	0	2
oewn-00973047-v	call	5	5.51	5.43	call	5	5	1.0	0	0	0	3
oewn-02708368-v	cost	6	6.79	5.42	be	0	6	0.0	0	0	0	3
oewn-00149403-v	become	11	6.28	5.4	get	3	13	0.23	0	0	0	9
oewn-00598039-v	know	6	6.1	5.4	know	0	6	0.0	0	0	0	3
oewn-02257962-v	pay	3	5.4	5.4	pay	0	4	0.0	0	0	0	2
oewn-02257739-v	pay up	5	5.4	5.4	pay	0	5	0.0	0	0	0	2
oewn-01191258-v	want	4	6.04	5.38	want	1	5	0.2	0	0	0	3
oewn-02690747-v	continue	17	6.03	5.38	go	0	17	0.0	0	0	0	5
oewn-00924838-v	read	6	5.89	5.38	say	0	7	0.0	0	0	0	4
oewn-02699161-v	front	4	5.81	5.37	look	0	4	0.0	0	0	0	2
oewn-00725311-v	occur	5	5.78	5.37	come	2	5	0.4	0	0	0	2
oewn-00747485-v	order	6	5.71	5.33	place	0	6	0.0	0	0	0	6
oewn-01781131-v	like	6	6.41	5.32	like	5	6	0.83	0	0	0	5
oewn-02211988-v	buy	15	6.28	5.32	get	0	16	0.0	0	0	0	9
oewn-00899077-v	address	3	5.51	5.32	call	0	4	0.0	0	0	0	2
oewn-00685199-v	believe	7	5.51	5.32	believe	3	8	0.38	0	0	0	7
oewn-02133338-v	witness	4	6.1	5.31	see	0	4	0.0	0	0	0	2
oewn-02555278-v	attend	6	6.1	5.3	see	0	6	0.0	0	0	0	3
oewn-02410046-v	take out	6	5.92	5.3	take out	0	6	0.0	0	0	0	4
oewn-00791110-v	call	7	5.51	5.3	call	0	7	0.0	0	0	0	3
oewn-02381520-v	pursue	5	5.49	5.3	run down	0	5	0.0	0	0	0	2
oewn-00706993-v	plan	9	6.11	5.29	be after	0	9	0.0	0	0	0	4
oewn-00136799-v	leave	5	5.6	5.29	let	1	5	0.2	0	0	0	2
oewn-02112480-v	experience	8	6.71	5.27	have	1	10	0.1	0	0	0	4
oewn-00120854-v	have	5	6.71	5.27	have	0	5	0.0	0	0	0	2
oewn-00732037-v	think of	9	6.08	5.27	think of	0	9	0.0	0	0	0	2
oewn-01081873-v	meet	7	5.92	5.27	take on	2	7	0.29	0	0	0	3
oewn-02445635-v	take hold	4	5.4	5.27	take control	0	4	0.0	0	0	0	2
oewn-02376902-v	exert	5	5.96	5.26	do work	2	6	0.33	0	0	0	5
oewn-00383306-v	transform	12	5.96	5.26	work	2	13	0.15	0	0	0	6
oewn-00922307-v	determine	8	6.1	5.25	see	0	8	0.0	0	0	0	2
oewn-02026953-v	meet	12	6.1	5.25	see	0	13	0.0	0	0	0	3
oewn-00612810-v	remember	6	6.04	5.25	think back	0	6	0.0	0	0	0	3
oewn-01066821-v	write out	5	6.08	5.24	make out	0	5	0.0	0	0	0	2
oewn-01133899-v	check	8	5.52	5.24	stop	0	8	0.0	0	0	0	2
oewn-01442997-v	intercept	4	5.52	5.24	stop	0	4	0.0	0	0	0	2
oewn-01513208-v	switch off	5	5.32	5.24	turn off	0	5	0.0	0	0	0	2
oewn-02174146-v	hear	5	6.28	5.23	get	0	6	0.0	0	0	0	3
oewn-02729826-v	go back	4	6.03	5.22	go back	0	4	0.0	0	0	0	2
oewn-01062366-v	give	4	5.71	5.22	give	2	4	0.5	0	0	0	2
oewn-00620873-v	date	4	5.22	5.22	date	1	4	0.25	0	0	0	3
oewn-01644092-v	design	4	6.08	5.21	make up	0	4	0.0	0	0	0	3
oewn-01631641-v	originate	12	6.03	5.21	go back	0	13	0.0	0	0	0	5
oewn-00929986-v	indicate	7	5.68	5.21	show	0	7	0.0	0	0	0	4
oewn-00022092-v	bring to	6	5.27	5.21	bring around	0	6	0.0	0	0	0	2
oewn-02003250-v	precede	3	5.51	5.2	head	0	4	0.0	0	0	0	2
oewn-02641740-v	leave	3	5.34	5.2	leave	0	4	0.0	0	0	0	2
oewn-00117793-v	stay	12	6.79	5.19	be	2	12	0.17	0	0	0	8
oewn-02444366-v	direct	13	6.71	5.19	have	0	13	0.0	0	0	0	6
oewn-00691086-v	think	20	6.1	5.19	know as	1	22	0.05	0	0	0	7
oewn-02651091-v	total	10	6.08	5.19	make	2	10	0.2	0	0	0	5
oewn-02624202-v	survive	12	6.03	5.19	go	0	13	0.0	0	0	0	4
oewn-01216829-v	take	7	5.92	5.19	take	0	8	0.0	0	0	0	3
oewn-02503969-v	reserve	7	5.66	5.19	keep	0	7	0.0	0	0	0	2
oewn-02288169-v	retain	5	5.66	5.19	keep back	0	5	0.0	0	0	0	2
oewn-02647547-v	wait	5	5.35	5.19	wait	4	5	0.8	0	0	0	3
oewn-02538948-v	check	6	5.31	5.19	check	2	6	0.33	0	0	0	4
oewn-00938019-v	break	5	6.28	5.18	get out	0	5	0.0	0	0	0	2
oewn-01488139-v	unpack	7	6.28	5.18	get out	1	7	0.14	0	0	0	5
oewn-02615799-v	end	29	6.03	5.18	go	6	32	0.19	0	0	0	16
oewn-00364717-v	interrupt	9	5.52	5.18	stop	0	9	0.0	0	0	0	4
oewn-02639962-v	prove	5	5.32	5.18	turn out	0	5	0.0	0	0	0	2
oewn-00337070-v	crack	3	5.31	5.18	check	0	4	0.0	0	0	0	2
oewn-00363458-v	cut short	4	5.24	5.18	cut short	0	4	0.0	0	0	0	2
oewn-00757790-v	ask	4	5.51	5.17	call	0	4	0.0	0	0	0	2
oewn-02020375-v	enter	27	6.38	5.16	out in	4	27	0.15	0	0	0	14
oewn-00721987-v	expect	14	5.81	5.16	look	8	17	0.47	0	0	0	8
oewn-02640346-v	result	8	5.78	5.16	come	0	9	0.0	0	0	0	5
oewn-00969657-v	publish	6	5.66	5.16	put out	0	6	0.0	0	0	0	2
oewn-01151427-v	side	4	5.5	5.16	side	0	4	0.0	0	0	0	2
oewn-02161530-v	produce	4	5.27	5.16	bring on	0	4	0.0	0	0	0	2
oewn-00346415-v	get down	33	6.28	5.15	get	1	34	0.03	0	0	0	16
oewn-02053645-v	pass	6	6.28	5.15	get by	0	6	0.0	0	0	0	3
oewn-02344167-v	yield	9	5.71	5.15	give	0	9	0.0	0	0	0	3
oewn-01849171-v	tour	4	6.1	5.14	see	0	4	0.0	0	0	0	3
oewn-00486949-v	follow through	8	5.87	5.14	go through with	0	8	0.0	0	0	0	2
oewn-00343467-v	come	7	5.78	5.14	come	0	7	0.0	0	0	0	4
oewn-02726229-v	follow	3	5.78	5.14	come after	0	4	0.0	0	0	0	2
oewn-01548893-v	stand	7	5.49	5.14	line up	0	7	0.0	0	0	0	4
oewn-02250547-v	transact	6	5.32	5.14	deal	0	6	0.0	0	0	0	4
oewn-00144967-v	round	4	5.14	5.14	round	0	4	0.0	0	0	0	2
oewn-00030640-v	break down	5	6.03	5.13	go over	2	5	0.4	0	0	0	3
oewn-01976312-v	fall	3	5.78	5.13	come down	0	4	0.0	0	0	0	2
oewn-02006752-v	chase away	13	5.49	5.13	run off	0	13	0.0	0	0	0	5
oewn-02234332-v	fall	5	5.33	5.13	light	0	6	0.0	0	0	0	2
oewn-02626667-v	constitute	15	6.79	5.12	be	1	18	0.06	0	0	0	9
oewn-02290474-v	find	17	5.76	5.12	find	0	17	0.0	0	0	0	5
oewn-00950885-v	number	4	5.62	5.12	number	0	4	0.0	0	0	0	2
oewn-01197832-v	sample	5	5.5	5.12	try	1	5	0.2	0	0	0	2
oewn-01349486-v	open	4	5.48	5.12	open	0	4	0.0	0	0	0	3
oewn-01309802-v	flush	7	5.99	5.11	even	0	8	0.0	0	0	0	4
oewn-01439891-v	send	6	5.93	5.11	get off	0	6	0.0	0	0	0	4
oewn-01977139-v	lower	9	5.88	5.11	get down	0	9	0.0	0	0	0	5
oewn-00426920-v	appear	4	5.78	5.11	come out	0	4	0.0	0	0	0	3
oewn-02633444-v	come	4	5.78	5.11	come	0	4	0.0	0	0	0	2
oewn-01063503-v	express	3	5.78	5.11	state	0	4	0.0	0	0	0	3
oewn-02445109-v	head	10	5.51	5.11	head	0	11	0.0	0	0	0	6
oewn-02733337-v	stay	8	5.33	5.11	stay	0	9	0.0	0	0	0	4
oewn-02567247-v	practice	4	5.81	5.1	use	3	4	0.75	0	0	0	2
oewn-01715304-v	stage	7	5.71	5.1	place	0	7	0.0	0	0	0	2
oewn-02622439-v	be	33	6.79	5.09	be	14	37	0.38	0	0	0	15
oewn-02627475-v	form	5	6.08	5.09	make	0	5	0.0	0	0	0	3
oewn-02134765-v	view	5	5.81	5.09	look at	3	5	0.6	0	0	0	3
oewn-00361585-v	be born	7	5.78	5.09	come into being	0	7	0.0	0	0	0	5
oewn-02632685-v	become	11	5.78	5.09	come	0	11	0.0	0	0	0	5
oewn-02321284-v	release	8	5.71	5.09	give	2	8	0.25	0	0	0	3
oewn-02638434-v	miss	5	6.04	5.08	want	1	6	0.17	0	0	0	5
oewn-01074673-v	compete	17	6.03	5.08	go for	4	19	0.21	0	0	0	9
oewn-02139137-v	appear	3	5.81	5.08	look	0	5	0.0	0	0	0	2
oewn-02685340-v	prolong	7	5.66	5.08	keep	0	7	0.0	0	0	0	2
oewn-00967719-v	report	7	5.32	5.08	report	0	7	0.0	0	0	0	4
oewn-02415071-v	sign	5	5.08	5.08	sign	0	5	0.0	0	0	0	2
oewn-01528454-v	function	12	6.03	5.07	go	0	13	0.0	0	0	0	7
oewn-01557581-v	cut out	5	5.24	5.07	cut out	0	5	0.0	0	0	0	4
oewn-02112831-v	undergo	12	6.71	5.06	have	0	13	0.0	0	0	0	6
oewn-02531113-v	work	4	5.96	5.06	work	0	4	0.0	0	0	0	2
oewn-02464596-v	house	9	5.92	5.06	take in	0	9	0.0	0	0	0	6
oewn-01091334-v	station	8	5.71	5.06	place	0	9	0.0	0	0	0	4
oewn-02745355-v	meet	4	5.49	5.06	run into	2	5	0.4	0	0	0	2
oewn-00667394-v	lay down	5	6.08	5.05	make	2	5	0.4	0	0	0	2
oewn-01916152-v	traverse	19	6.08	5.05	get over	0	19	0.0	0	0	0	10
oewn-02710788-v	last	8	5.86	5.05	last	3	9	0.33	0	0	0	4
oewn-02206426-v	distribute	9	5.71	5.05	give out	0	9	0.0	0	0	0	2
oewn-02301114-v	impart	5	5.71	5.05	give	0	5	0.0	0	0	0	2
oewn-02427979-v	let	5	5.71	5.05	give up	1	6	0.17	0	0	0	3
oewn-00880167-v	submit	5	5.71	5.05	give	1	6	0.17	0	0	0	4
oewn-00638550-v	establish	5	5.68	5.05	found	0	5	0.0	0	0	0	2
oewn-00105712-v	feel	4	5.67	5.05	feel	3	4	0.75	0	0	0	3
oewn-02381180-v	engage	5	5.66	5.05	put up	0	5	0.0	0	0	0	2
oewn-02056400-v	pass	7	5.49	5.05	run	0	7	0.0	0	0	0	5
oewn-02292634-v	lose	7	5.45	5.05	white-out	3	7	0.43	0	0	0	5
oewn-01919358-v	transit	6	5.35	5.05	move through	0	6	0.0	0	0	0	2
oewn-00664100-v	check	7	5.31	5.05	check	0	7	0.0	0	0	0	2
oewn-02733758-v	sell	6	5.27	5.05	bring	0	6	0.0	0	0	0	4
oewn-02236443-v	convey	7	5.25	5.05	put across	0	8	0.0	0	0	0	2
oewn-01022365-v	write down	10	5.88	5.04	get down	0	10	0.0	0	0	0	5
oewn-02133118-v	watch	7	5.81	5.04	look on	3	7	0.43	0	0	0	3
oewn-01088514-v	race	8	5.71	5.04	place	0	9	0.0	0	0	0	7
oewn-02492581-v	meet	11	5.51	5.04	call	2	11	0.18	0	0	0	7
oewn-00945595-v	talk of	6	5.42	5.04	talk about	1	6	0.17	0	0	0	3
oewn-02669721-v	repose on	5	5.23	5.04	rest on	0	5	0.0	0	0	0	2
oewn-01934845-v	drive	4	5.13	5.04	drive	0	5	0.0	0	0	0	5
oewn-00710367-v	intend	10	6.11	5.03	be after	0	10	0.0	0	0	0	4
oewn-02154940-v	watch	8	6.1	5.03	see	0	9	0.0	0	0	1	5
oewn-00995046-v	write	29	6.08	5.03	make out	2	31	0.06	0	0	0	16
oewn-00965602-v	speak	5	5.49	5.03	run on	2	5	0.4	0	0	0	4
oewn-02145619-v	produce	4	5.32	5.03	turn on	0	4	0.0	0	0	0	3
oewn-01000444-v	record	7	5.24	5.03	cut	0	8	0.0	0	0	0	6
oewn-01029677-v	opine	7	5.15	5.03	sound off	5	7	0.71	0	0	0	2
oewn-00617464-v	exclude	7	5.92	5.02	take out	0	7	0.0	0	0	0	2
oewn-00701581-v	determine	20	5.71	5.02	place	0	21	0.0	0	0	0	11
oewn-00611060-v	mind	4	5.41	5.01	mind	2	4	0.5	0	0	0	2
oewn-02300511-v	share	5	5.2	5.01	share	0	5	0.0	0	0	0	4
oewn-02055618-v	travel by	11	6.03	5.0	go by	0	12	0.0	0	0	0	5
oewn-02296669-v	yield	6	5.4	5.0	pay	1	6	0.17	0	0	0	3
oewn-02651923-v	count	4	5.38	5.0	matter	0	5	0.0	0	0	0	2
oewn-01756692-v	produce	8	5.34	4.99	leave	0	8	0.0	0	0	0	3
oewn-02678329-v	compensate	10	6.08	4.98	make up	3	11	0.27	0	0	0	3
oewn-00428350-v	vanish	4	6.03	4.98	go	0	4	0.0	0	0	0	3
oewn-02421408-v	collaborate	5	5.38	4.98	go along	3	6	0.5	0	0	0	3
oewn-00642490-v	add	4	5.09	4.98	add	0	4	0.0	0	0	0	2
oewn-02122959-v	notice	6	5.21	4.97	record	2	6	0.33	0	0	0	3
oewn-02060895-v	drive	4	5.13	4.97	drive	0	4	0.0	0	0	0	3
oewn-01153576-v	aim	15	5.92	4.96	take	0	19	0.0	0	0	0	9
oewn-01004785-v	film	4	5.92	4.96	take	0	4	0.0	0	0	0	2
oewn-00601387-v	learn	11	5.92	4.96	take	0	11	0.0	0	0	0	4
oewn-00745330-v	reach	6	5.87	4.96	get through	0	7	0.0	0	0	0	4
oewn-01439155-v	turn	4	5.32	4.96	turn	0	4	0.0	0	0	0	3
oewn-01119003-v	resist	15	5.19	4.96	hold	2	16	0.12	0	0	0	8
oewn-02009962-v	arrive	25	6.28	4.94	get	2	28	0.07	0	0	0	14
oewn-00087206-v	sicken	7	6.28	4.94	get	5	7	0.71	0	0	0	4
oewn-02738673-v	accommodate	6	5.71	4.94	house	0	6	0.0	0	0	0	4
oewn-02235554-v	pass	27	5.71	4.94	give	5	29	0.17	0	0	0	8
oewn-02010848-v	reach	5	5.37	4.94	hit	0	5	0.0	0	0	0	3
oewn-01853188-v	come	21	6.03	4.93	go up	0	23	0.0	0	0	0	7
oewn-01067899-v	keep	4	5.66	4.93	keep	0	4	0.0	0	0	0	2
oewn-02328282-v	stock	5	5.32	4.93	buy in	1	5	0.2	0	0	0	3
oewn-02691488-v	reach	4	4.94	4.93	reach	0	4	0.0	0	0	0	2
oewn-00840203-v	make	4	6.08	4.92	make	0	4	0.0	0	0	0	2
oewn-00878858-v	research	4	5.81	4.92	look up	0	4	0.0	0	0	0	2
oewn-01492094-v	drop	8	5.66	4.92	put down	0	8	0.0	0	0	0	3
oewn-00515544-v	bring out	8	5.61	4.92	play up	0	8	0.0	0	0	0	4
oewn-02629987-v	form	5	5.31	4.92	form	0	5	0.0	0	0	0	2
oewn-02326371-v	rob	4	5.19	4.92	hold up	1	4	0.25	0	0	1	3
oewn-00470295-v	wear	7	4.92	4.92	wear	0	7	0.0	0	0	0	3
oewn-02110960-v	perceive	28	6.71	4.91	have	6	31	0.19	0	0	0	23
oewn-02024442-v	reach	26	6.28	4.91	get	0	28	0.0	0	0	0	15
oewn-01031885-v	label	12	6.1	4.91	know as	5	13	0.38	0	0	0	5
oewn-01102003-v	lose	6	5.88	4.91	go down	2	6	0.33	0	0	0	5
oewn-00485097-v	complete	29	5.87	4.91	get through	1	30	0.03	0	0	0	9
oewn-01153025-v	target	9	5.81	4.91	home in	0	9	0.0	0	0	0	3
oewn-01689208-v	create	4	5.04	4.91	build	0	4	0.0	0	0	0	4
oewn-02661230-v	be	51	6.79	4.9	be	3	65	0.05	0	0	0	37
oewn-02021901-v	board	6	6.28	4.9	get on	0	6	0.0	0	0	0	4
oewn-00600349-v	learn	17	6.1	4.9	see	7	17	0.41	0	0	0	7
oewn-01672498-v	work	13	6.08	4.9	make over	0	13	0.0	0	0	0	8
oewn-00254647-v	develop	11	5.96	4.9	work out	0	12	0.0	0	0	0	6
oewn-01203572-v	trip	5	5.93	4.9	get off	4	5	0.8	0	0	0	2
oewn-01022014-v	note	9	5.81	4.9	look on	0	10	0.0	0	0	0	3
oewn-00125649-v	turn	3	5.32	4.9	turn	0	4	0.0	0	0	0	3
oewn-01548665-v	rest	7	5.23	4.9	rest	0	7	0.0	0	0	0	5
oewn-02208144-v	have	27	6.71	4.89	have	9	43	0.21	0	0	0	22
oewn-02714280-v	spend	15	6.35	4.89	do	0	15	0.0	0	0	0	10
oewn-00744289-v	communicate	27	5.66	4.89	put over	2	28	0.07	0	0	0	14
oewn-00118331-v	continue	9	5.49	4.89	run	0	9	0.0	0	0	0	4
oewn-02681865-v	refer	40	6.79	4.88	be	2	41	0.05	0	0	0	9
oewn-01987278-v	arise	6	6.28	4.88	get up	0	7	0.0	0	0	0	3
oewn-02399325-v	fill	4	5.92	4.88	take	0	4	0.0	0	0	0	2
oewn-01991174-v	position	10	5.92	4.88	take	0	10	0.0	0	0	0	5
oewn-01476839-v	range	5	5.59	4.88	set out	0	5	0.0	0	0	0	2
oewn-01480632-v	barricade	10	5.52	4.88	stop	7	11	0.64	0	0	0	3
oewn-02460829-v	watch	9	5.34	4.88	watch	5	10	0.5	0	0	0	5
oewn-02574587-v	practice	6	6.35	4.87	do	0	6	0.0	0	0	0	2
oewn-02306786-v	bear	6	5.92	4.87	take over	2	6	0.33	0	0	0	2
oewn-01203078-v	drug	9	5.37	4.87	take a hit	0	9	0.0	0	0	0	6
oewn-02629610-v	become	18	6.08	4.86	make	3	19	0.16	0	0	0	7
oewn-01302344-v	detach	9	5.78	4.86	come off	0	9	0.0	0	0	0	5
oewn-02559394-v	discipline	5	5.31	4.86	check	0	5	0.0	0	0	0	2
oewn-00686739-v	include	5	5.21	4.86	include	0	5	0.0	0	0	0	4
oewn-00373318-v	heat	5	5.16	4.86	hot up	2	5	0.4	0	0	0	3
oewn-00457695-v	match	6	5.13	4.86	match	0	6	0.0	0	0	0	2
oewn-01546780-v	seat	4	4.9	4.86	sit	0	4	0.0	0	0	0	2
oewn-02240906-v	accept	15	6.71	4.85	have	0	17	0.0	0	0	0	6
oewn-02214901-v	receive	10	6.71	4.85	have	1	12	0.08	0	0	0	9
oewn-02604140-v	assemble	4	6.08	4.85	make	0	4	0.0	0	0	0	2
oewn-02241406-v	accept	5	5.92	4.85	take	0	5	0.0	0	0	0	2
oewn-00736077-v	consider	10	5.92	4.85	take	4	10	0.4	0	0	0	5
oewn-02708690-v	suit	5	5.92	4.85	take	3	5	0.6	0	0	0	2
oewn-00748704-v	order	12	5.89	4.85	say	0	12	0.0	0	0	0	7
oewn-02625202-v	last out	5	5.86	4.85	last out	0	5	0.0	0	0	0	2
oewn-00344828-v	happen	5	5.78	4.85	come out	0	5	0.0	0	0	0	2
oewn-01440941-v	deliver	12	5.66	4.85	put down	1	12	0.08	0	0	0	5
oewn-02687605-v	keep	18	5.66	4.85	keep	0	19	0.0	0	0	0	10
oewn-02265169-v	trade	9	5.49	4.85	run	0	10	0.0	0	0	0	8
oewn-02226741-v	change hands	8	5.19	4.85	return	1	9	0.11	0	0	0	4
oewn-02019450-v	exit	22	6.28	4.84	get out	0	23	0.0	0	0	0	12
oewn-02259066-v	settle	9	6.08	4.84	make up	0	10	0.0	0	0	0	7
oewn-00276642-v	tidy	12	6.08	4.84	make	0	12	0.0	0	0	0	3
oewn-00435327-v	fail	17	6.03	4.84	go	0	17	0.0	0	0	0	5
oewn-02691775-v	run	15	6.03	4.84	go	2	15	0.13	0	0	0	7
oewn-01991507-v	square	4	5.99	4.84	even up	0	4	0.0	0	0	0	2
oewn-01019835-v	demand	5	5.51	4.84	call	0	5	0.0	0	0	0	3
oewn-02537291-v	test	10	5.5	4.84	try	6	10	0.6	0	0	0	4
oewn-01769760-v	worry	6	5.13	4.84	eat	2	6	0.33	0	0	0	4
oewn-00208905-v	deteriorate	8	4.92	4.84	wear	3	8	0.38	0	0	0	3
oewn-00342215-v	proceed	10	6.35	4.83	do	0	10	0.0	0	0	0	3
oewn-00544490-v	develop	4	6.08	4.83	make	0	4	0.0	0	0	0	3
oewn-02665841-v	fit	4	6.03	4.83	go	3	4	0.75	0	0	0	3
oewn-00423043-v	appear	39	5.78	4.83	come on	6	45	0.13	0	0	0	24
oewn-02387509-v	leave office	10	5.71	4.83	give up	4	11	0.36	0	0	0	5
oewn-00299337-v	set	4	5.59	4.83	set	0	4	0.0	0	0	0	3
oewn-01852297-v	stay in place	7	5.33	4.83	stay	0	7	0.0	0	0	0	2
oewn-01512805-v	throw	9	5.32	4.83	turn off	0	9	0.0	0	0	0	3
oewn-01747665-v	model	5	5.13	4.83	model	0	5	0.0	0	0	0	3
oewn-01999243-v	draw	6	6.28	4.82	get out	0	6	0.0	0	0	0	2
oewn-00081834-v	help	7	6.12	4.82	do good	2	7	0.29	0	0	0	3
oewn-00592510-v	understand	19	6.1	4.82	see	2	19	0.11	0	0	0	5
oewn-01998474-v	withdraw	13	6.04	4.82	back up	8	14	0.57	0	0	0	4
oewn-02057865-v	approach	15	6.03	4.82	go up	0	15	0.0	0	0	0	6
oewn-01242426-v	down	6	5.88	4.82	down	0	6	0.0	0	0	0	2
oewn-00549346-v	erupt	5	5.78	4.82	come out	0	5	0.0	0	0	0	2
oewn-01095583-v	war	5	5.46	4.82	go to war	3	5	0.6	0	0	0	3
oewn-02557529-v	save	7	5.27	4.82	bring through	5	9	0.56	0	0	0	3
oewn-02215637-v	get	65	6.71	4.81	have	4	85	0.05	0	0	0	38
oewn-02675578-v	suffice	12	6.35	4.81	do	8	13	0.62	0	0	0	6
oewn-01507886-v	attract	11	6.28	4.81	get	1	12	0.08	0	0	0	5
oewn-01987785-v	change posture	25	6.28	4.81	get up	0	27	0.0	0	0	0	14
oewn-00756987-v	demand	8	6.04	4.81	want	1	9	0.11	0	0	0	6
oewn-01973223-v	ascend	7	6.03	4.81	go up	0	7	0.0	0	0	0	3
oewn-01994295-v	surface	10	6.03	4.81	well	0	10	0.0	0	0	0	5
oewn-02388984-v	take office	7	5.92	4.81	take on	0	7	0.0	0	0	0	3
oewn-00755473-v	request	12	5.89	4.81	say	0	12	0.0	0	0	0	5
oewn-02230274-v	save	9	5.66	4.81	put down	0	9	0.0	0	0	0	3
oewn-02484912-v	issue	7	5.63	4.81	free	0	9	0.0	0	0	0	4
oewn-01113439-v	gain	11	5.39	4.81	win	7	11	0.64	0	0	0	3
oewn-02672137-v	approximate	4	5.36	4.81	come close	2	4	0.5	0	0	0	2
oewn-02676679-v	serve	4	5.3	4.81	act as	0	4	0.0	0	0	0	3
oewn-02047080-v	circulate	9	5.11	4.81	send around	0	10	0.0	0	0	0	5
oewn-00248912-v	senesce	9	6.28	4.8	get on	3	9	0.33	0	0	0	4
oewn-02054081-v	pass	34	6.08	4.8	get over	2	37	0.05	0	0	0	17
oewn-00813960-v	confront	6	5.92	4.8	take on	3	6	0.5	0	0	0	2
oewn-00751211-v	direct	4	5.4	4.8	control	1	4	0.25	0	0	0	3
oewn-01954657-v	transport	10	5.12	4.8	forward	0	10	0.0	0	0	0	5
oewn-02566682-v	effect	4	5.02	4.8	effect	0	4	0.0	0	0	0	4
oewn-01845021-v	travel	4	5.0	4.8	travel	0	4	0.0	0	0	0	4
oewn-01536230-v	houseclean	5	4.97	4.8	clean	0	5	0.0	0	0	0	3
oewn-01438013-v	transmit	17	6.28	4.79	get	0	17	0.0	0	0	0	7
oewn-01158153-v	bet	11	6.1	4.79	see	0	12	0.0	0	0	0	5
oewn-00664507-v	see	16	6.1	4.79	see	3	17	0.18	0	0	0	9
oewn-00961556-v	hark back	6	6.03	4.79	go back	0	6	0.0	0	0	0	2
oewn-02448714-v	operate	6	5.96	4.79	work	0	6	0.0	0	0	0	5
oewn-02398228-v	transfer	4	5.63	4.79	second	0	4	0.0	0	0	0	3
oewn-01436911-v	take away	9	5.62	4.79	take away	0	10	0.0	0	0	0	4
oewn-01516758-v	pitch	4	5.59	4.79	set up	0	4	0.0	0	0	0	2
oewn-01035399-v	cover	11	5.42	4.79	talk about	0	11	0.0	0	0	0	3
oewn-00649877-v	research	10	5.39	4.79	research	0	10	0.0	0	0	0	6
oewn-02001894-v	lag	10	5.29	4.79	get behind	0	10	0.0	0	0	0	2
oewn-01636439-v	project	5	5.22	4.79	project	0	5	0.0	0	0	0	2
oewn-00070587-v	trouble	6	5.18	4.79	break out	3	6	0.5	0	0	0	2
oewn-00820824-v	stand pat	5	5.13	4.79	stand fast	4	5	0.8	0	0	0	2
oewn-02490159-v	shoot	4	5.08	4.79	pick off	0	4	0.0	0	0	0	3
oewn-02158938-v	detect	19	6.1	4.78	see	8	19	0.42	0	0	0	7
oewn-02321848-v	give	6	5.71	4.78	give	0	8	0.0	0	0	0	5
oewn-01743695-v	grow	7	5.66	4.78	keep	0	7	0.0	0	0	0	4
oewn-01214794-v	guide	6	5.49	4.78	run	0	7	0.0	0	0	0	4
oewn-01846997-v	travel	12	5.49	4.78	run	2	13	0.15	0	0	0	7
oewn-01372011-v	break	7	5.18	4.78	break	0	7	0.0	0	0	0	2
oewn-01788114-v	break down	7	5.18	4.78	break down	3	7	0.43	0	0	0	4
oewn-00333645-v	partition	4	4.85	4.78	screen off	0	4	0.0	0	0	0	2
oewn-02561616-v	contribute	4	6.03	4.77	go into	3	4	0.75	0	0	0	2
oewn-01167359-v	use	5	5.81	4.77	use	0	5	0.0	0	0	0	3
oewn-02240011-v	surrender	8	5.71	4.77	give up	0	8	0.0	0	0	0	4
oewn-02388582-v	leave	8	5.34	4.77	leave	0	8	0.0	0	0	0	3
oewn-00966943-v	broach	8	5.32	4.77	deal	0	8	0.0	0	0	0	2
oewn-02093687-v	turn	4	5.32	4.77	turn	0	4	0.0	0	0	0	3
oewn-00050369-v	wear	10	6.11	4.76	get into	0	10	0.0	0	0	0	5
oewn-00351115-v	persevere	17	5.86	4.76	last out	10	17	0.59	0	0	0	6
oewn-00352060-v	stick to	6	5.66	4.76	keep	0	6	0.0	0	0	0	2
oewn-00018806-v	awaken	12	5.51	4.76	call	6	12	0.5	0	0	0	4
oewn-01861378-v	stay	9	5.35	4.76	wait	0	10	0.0	0	0	0	5
oewn-02270039-v	account	9	5.21	4.76	account	0	9	0.0	0	0	0	7
oewn-02478854-v	veto	8	5.11	4.76	vote down	3	8	0.38	0	0	0	2
oewn-02630344-v	originate	15	6.03	4.75	well up	0	15	0.0	0	0	0	6
oewn-02222955-v	collect	4	5.92	4.75	take in	0	4	0.0	0	0	0	3
oewn-00546637-v	develop	5	5.92	4.75	take	3	5	0.6	0	0	0	2
oewn-00671680-v	take	4	5.92	4.75	take	0	4	0.0	0	0	0	3
oewn-00342572-v	come	5	5.78	4.75	come	3	7	0.43	0	0	0	5
oewn-01630392-v	generate	9	5.78	4.75	come up	1	9	0.11	0	0	0	5
oewn-02275982-v	invest	11	5.71	4.75	place	0	11	0.0	0	0	0	7
oewn-01650771-v	establish	9	5.68	4.75	found	0	10	0.0	0	0	0	3
oewn-02674312-v	violate	5	5.68	4.75	go against	3	5	0.6	0	0	0	2
oewn-01151936-v	play	4	5.61	4.75	play	0	4	0.0	0	0	0	4
oewn-02560130-v	foster	7	5.31	4.75	further	3	7	0.43	0	0	0	2
oewn-01850858-v	travel	7	5.0	4.75	travel	0	7	0.0	0	0	0	6
oewn-02710209-v	measure	6	5.86	4.74	last	0	6	0.0	0	0	0	5
oewn-01393487-v	iron	4	5.16	4.74	press	0	4	0.0	0	0	0	2
oewn-01393270-v	press	4	5.16	4.74	press	0	5	0.0	0	0	0	3
oewn-00992844-v	address	6	4.91	4.74	address	2	6	0.33	0	0	0	4
oewn-00219829-v	dry	4	4.74	4.74	dry	0	5	0.0	0	0	0	3
oewn-01139564-v	shoot	9	5.88	4.73	down	0	9	0.0	0	0	0	5
oewn-00045868-v	gain	6	5.66	4.73	put on	0	6	0.0	0	0	0	3
oewn-01130221-v	defend	10	5.52	4.73	stop	1	10	0.1	0	0	0	5
oewn-02766580-v	erupt	9	5.33	4.73	light up	0	9	0.0	0	0	0	4
oewn-02461453-v	guard	10	5.33	4.73	police	0	12	0.0	0	0	0	5
oewn-02094251-v	turn	4	5.32	4.73	turn	0	4	0.0	0	0	0	4
oewn-01136251-v	fire	9	5.3	4.73	fire	0	9	0.0	0	0	0	5
oewn-02412468-v	fight	8	5.23	4.73	fight	0	8	0.0	0	0	0	3
oewn-02412046-v	tug	8	5.13	4.73	drive	3	8	0.38	0	0	0	2
oewn-01431486-v	copulate	42	6.35	4.72	do it	27	44	0.61	0	0	0	10
oewn-02225243-v	transfer	20	6.03	4.72	go	1	22	0.05	0	0	0	13
oewn-02386122-v	chicken out	6	5.93	4.72	back off	0	6	0.0	0	0	0	2
oewn-02614382-v	begin	11	5.78	4.72	come	0	14	0.0	0	0	0	10
oewn-00925764-v	indicate	11	5.68	4.72	show	0	12	0.0	0	0	0	6
oewn-01654152-v	start	7	5.56	4.72	start	0	7	0.0	0	0	0	3
oewn-00781106-v	pause	9	5.45	4.72	take five	0	9	0.0	0	0	0	4
oewn-00894956-v	excuse	4	5.21	4.72	account for	0	4	0.0	0	0	0	3
oewn-01661660-v	disassemble	6	5.18	4.72	break up	0	6	0.0	0	0	0	2
oewn-00820635-v	insist	9	5.13	4.72	stand fast	6	9	0.67	0	0	0	3
oewn-01165936-v	mine	4	5.04	4.72	mine	0	4	0.0	0	0	0	2
oewn-01565786-v	segment	7	5.0	4.72	section	0	7	0.0	0	0	0	3
oewn-00742582-v	communicate	65	6.28	4.71	get	12	72	0.17	0	0	0	37
oewn-01472854-v	receive	8	6.1	4.71	see	1	8	0.12	0	0	0	6
oewn-02294200-v	gain	22	6.08	4.71	make	0	22	0.0	0	0	0	8
oewn-00340744-v	happen	50	6.03	4.71	go	1	58	0.02	0	0	0	28
oewn-00930591-v	convey	14	5.89	4.71	say	2	14	0.14	0	0	0	9
oewn-00485823-v	get through	8	5.87	4.71	get through	0	8	0.0	0	0	0	2
oewn-00670017-v	digest	22	5.66	4.71	put up	14	22	0.64	0	0	0	8
oewn-02455370-v	prevent	17	5.66	4.71	keep	0	17	0.0	0	0	0	11
oewn-02295101-v	earn	4	5.39	4.71	win	0	4	0.0	0	0	0	2
oewn-02450374-v	conduct	4	5.32	4.71	deal	0	4	0.0	0	0	0	2
oewn-00708009-v	project	4	5.22	4.71	project	0	4	0.0	0	0	0	3
oewn-01084999-v	enter	4	4.81	4.71	enter	0	4	0.0	0	0	0	3
oewn-02529837-v	succeed	32	6.28	4.7	get in	1	34	0.03	0	0	0	14
oewn-01570056-v	plant	11	5.59	4.7	set	0	11	0.0	0	0	0	9
oewn-01863207-v	stop	14	5.52	4.7	stop	0	15	0.0	0	0	0	11
oewn-02414542-v	hire	14	5.5	4.7	job	0	15	0.0	0	0	0	8
oewn-02295422-v	profit	13	5.25	4.7	clear	7	13	0.54	0	0	0	6
oewn-02545000-v	dominate	5	4.96	4.7	subject	0	5	0.0	0	0	0	3
oewn-02636270-v	have	22	6.71	4.69	have	1	30	0.03	0	0	0	19
oewn-02137900-v	look	35	6.08	4.69	make	5	37	0.14	0	0	0	19
oewn-02169987-v	inspect	7	6.03	4.69	go over	0	7	0.0	0	0	0	5
oewn-02139513-v	sound	10	6.03	4.69	go	2	10	0.2	0	0	0	9
oewn-02153218-v	show	6	5.68	4.69	show	1	6	0.17	0	0	0	2
oewn-00616690-v	neglect	13	5.34	4.69	leave out	4	13	0.31	0	0	0	3
oewn-00772482-v	induce	54	6.71	4.68	have	1	56	0.02	0	0	0	32
oewn-01033289-v	mail	7	5.43	4.68	post	0	7	0.0	0	0	0	5
oewn-01097629-v	serve	10	5.3	4.68	act	0	10	0.0	0	0	0	8
oewn-00680201-v	schedule	5	6.29	4.67	time	0	5	0.0	0	0	0	5
oewn-00596016-v	know	11	6.1	4.67	know	7	14	0.5	0	0	0	7
oewn-00666401-v	verify	16	6.1	4.67	see	1	21	0.05	0	0	0	5
oewn-01165070-v	exploit	9	5.96	4.67	work	6	9	0.67	0	0	0	6
oewn-00754770-v	request	35	5.92	4.67	take out	2	43	0.05	0	0	0	24
oewn-00757492-v	appeal	5	5.51	4.67	call on	0	5	0.0	0	0	0	3
oewn-01955339-v	send	13	5.32	4.67	turn	0	14	0.0	0	0	0	9
oewn-02170904-v	study	8	5.26	4.67	study	2	8	0.25	0	0	0	3
oewn-02002464-v	follow	8	5.14	4.67	follow	1	8	0.12	0	0	0	5
oewn-01359453-v	adhere	6	5.13	4.67	hold fast	0	7	0.0	0	0	0	2
oewn-01020361-v	claim	4	4.95	4.67	claim	0	5	0.0	0	0	0	4
oewn-01178529-v	regale	6	4.75	4.67	treat	1	6	0.17	0	0	0	4
oewn-01114241-v	score	19	6.71	4.66	have	0	20	0.0	0	0	0	14
oewn-01644397-v	carry through	15	6.35	4.66	do	1	16	0.06	0	0	0	7
oewn-02531751-v	achieve	17	6.28	4.66	get to	1	18	0.06	0	0	0	9
oewn-02555993-v	care	16	6.1	4.66	see	0	16	0.0	0	0	0	6
oewn-02128368-v	cause to be perceived	12	6.03	4.66	go	7	12	0.58	0	0	0	7
oewn-00636568-v	solve	13	5.96	4.66	work	2	14	0.14	0	0	0	7
oewn-00856586-v	gull	12	5.92	4.66	take in	0	12	0.0	0	0	0	2
oewn-00179456-v	take away	17	5.92	4.66	take out	0	17	0.0	0	0	0	6
oewn-00432779-v	decline	6	5.88	4.66	go down	0	6	0.0	0	0	0	4
oewn-02762779-v	precipitate	10	5.78	4.66	come down	0	10	0.0	0	0	0	7
oewn-01728928-v	play	11	5.61	4.66	play	1	11	0.09	0	0	0	7
oewn-01036184-v	discourse	5	5.42	4.66	talk about	1	5	0.2	0	0	0	3
oewn-01006737-v	type	7	5.27	4.66	type	1	7	0.14	0	0	0	6
oewn-01260866-v	fell	10	5.24	4.66	cut	0	10	0.0	0	0	0	5
oewn-02684248-v	concern	5	5.17	4.66	interest	5	5	1.0	0	0	0	2
oewn-02522260-v	mistreat	7	5.13	4.66	step	7	7	1.0	0	0	0	2
oewn-02222048-v	finance	5	6.04	4.65	back	0	5	0.0	0	0	0	5
oewn-00427911-v	disappear	22	6.03	4.65	go	8	23	0.35	0	0	0	11
oewn-02034003-v	separate	9	5.78	4.65	part	0	9	0.0	0	0	0	4
oewn-02731589-v	refrain	27	5.75	4.65	help	7	28	0.25	0	0	0	12
oewn-02207710-v	keep	5	5.66	4.65	keep	4	5	0.8	0	0	0	2
oewn-02329178-v	lend	7	5.13	4.65	trust	0	7	0.0	0	0	0	4
oewn-01062889-v	carry	7	4.89	4.65	carry	0	7	0.0	0	0	0	3
oewn-00434185-v	wax	7	4.81	4.65	gain	0	7	0.0	0	0	0	3
oewn-00814706-v	consider	9	6.1	4.64	see	0	10	0.0	0	0	0	6
oewn-01983915-v	land	14	5.59	4.64	set down	0	15	0.0	0	0	0	10
oewn-01861703-v	start	11	5.56	4.64	start	1	11	0.09	0	0	0	6
oewn-02262178-v	exchange	19	5.54	4.64	change	4	21	0.19	0	0	0	10
oewn-01185870-v	fit	23	5.54	4.64	live up to	13	27	0.48	0	0	0	9
oewn-00834860-v	inform	4	5.53	4.64	tell	0	4	0.0	0	0	0	3
oewn-01425939-v	close	8	5.52	4.64	stop up	0	8	0.0	0	0	0	4
oewn-00452793-v	fill	5	5.52	4.64	water	1	5	0.2	0	0	0	4
oewn-01884666-v	beat	4	5.01	4.64	beat	0	4	0.0	0	0	0	2
oewn-00699355-v	decide	26	6.45	4.63	will	0	26	0.0	0	0	0	10
oewn-02566500-v	make	4	6.35	4.63	do	0	4	0.0	0	0	0	2
oewn-01770804-v	retire	7	5.93	4.63	back off	0	7	0.0	0	0	0	2
oewn-00949109-v	specify	9	5.61	4.63	name	0	10	0.0	0	0	0	5
oewn-00124250-v	move	6	5.35	4.63	move	0	6	0.0	0	0	0	4
oewn-01093838-v	fight	17	5.23	4.63	fight	1	18	0.06	0	0	0	5
oewn-01295488-v	match	7	5.19	4.63	couple	1	7	0.14	0	0	0	3
oewn-00204753-v	slip	6	5.13	4.63	fall away	6	6	1.0	0	0	0	2
oewn-00316131-v	depreciate	4	5.03	4.63	write down	1	4	0.25	0	0	0	2
oewn-00729953-v	blame	3	5.02	4.63	charge	0	4	0.0	0	0	0	2
oewn-00449635-v	empty	4	4.68	4.63	flow away	0	4	0.0	0	0	0	2
oewn-01869369-v	bob	4	4.63	4.63	bob	0	4	0.0	0	0	0	3
oewn-02670846-v	equal	8	6.79	4.62	be	0	9	0.0	0	0	0	5
oewn-00038562-v	dress	9	6.35	4.62	do	0	9	0.0	0	0	0	3
oewn-02081903-v	bring	18	5.92	4.62	take	1	20	0.05	0	0	0	11
oewn-00514573-v	background	5	5.61	4.62	play down	4	5	0.8	0	0	0	3
oewn-00735655-v	align	4	5.5	4.62	side	0	4	0.0	0	0	0	3
oewn-00620141-v	identify	6	5.27	4.62	type	1	6	0.17	0	0	0	4
oewn-00796643-v	schedule	4	5.27	4.62	program	0	4	0.0	0	0	0	3
oewn-01910816-v	walk	4	5.26	4.62	march	0	5	0.0	0	0	0	3
oewn-00440913-v	decelerate	8	5.19	4.62	hold up	0	11	0.0	0	0	0	3
oewn-01491585-v	charge	6	5.02	4.62	charge	0	6	0.0	0	0	0	3
oewn-01986058-v	straighten	6	4.82	4.62	pull up	0	6	0.0	0	0	0	3
oewn-02311261-v	raise	4	4.75	4.62	fund raise	0	4	0.0	0	0	0	2
oewn-00320687-v	bake	4	5.3	4.61	fire	0	4	0.0	0	0	0	4
oewn-02706727-v	hold	8	5.19	4.61	hold	0	8	0.0	0	0	0	3
oewn-01034323-v	e-mail	4	4.68	4.61	email	0	4	0.0	0	0	0	2
oewn-00380830-v	switch	6	6.04	4.6	back	0	6	0.0	0	0	0	4
oewn-00226497-v	dilute	6	5.52	4.6	water down	0	6	0.0	0	0	0	2
oewn-02401858-v	name	4	6.08	4.59	make	0	4	0.0	0	0	0	2
oewn-02686624-v	discontinue	59	6.04	4.59	back out	8	65	0.12	0	0	0	22
oewn-00137133-v	affect	49	5.96	4.59	work	21	51	0.41	0	0	0	17
oewn-00780320-v	interrupt	32	5.92	4.59	take off	0	35	0.0	0	0	0	13
oewn-00876925-v	propose	19	5.78	4.59	state	0	19	0.0	0	0	0	8
oewn-00251067-v	mature	7	5.76	4.59	find	0	7	0.0	0	0	0	4
oewn-02477113-v	register	11	5.43	4.59	book	0	12	0.0	0	0	0	6
oewn-00310092-v	burst	7	5.18	4.59	break open	0	7	0.0	0	0	0	4
oewn-00371065-v	cool	6	5.15	4.59	cool	0	6	0.0	0	0	0	4
oewn-02260917-v	prize	7	5.15	4.59	value	2	7	0.29	0	0	0	3
oewn-02283675-v	profit	7	4.97	4.59	clean up	0	7	0.0	0	0	0	4
oewn-01708311-v	author	4	4.95	4.59	author	0	4	0.0	0	0	0	3
oewn-02233837-v	bequeath	8	6.45	4.58	will	1	8	0.12	0	0	0	5
oewn-02214527-v	subscribe	4	5.92	4.58	take	0	5	0.0	0	0	0	3
oewn-01092289-v	group	9	5.67	4.58	team	2	9	0.22	0	0	0	6
oewn-00982485-v	give voice	17	5.66	4.58	put	0	17	0.0	0	0	0	6
oewn-02508185-v	admit	6	5.6	4.58	let in	0	6	0.0	0	0	0	3
oewn-00551194-v	switch	12	5.54	4.58	change	1	14	0.07	0	0	0	9
oewn-00775012-v	present	9	5.45	4.58	face	0	11	0.0	0	0	0	5
oewn-01641910-v	plan	13	5.29	4.58	plan	0	13	0.0	0	0	0	7
oewn-01621566-v	institute	5	5.27	4.58	bring	0	5	0.0	0	0	0	3
oewn-02060390-v	rout out	6	5.23	4.58	force out	0	6	0.0	0	0	0	3
oewn-02405179-v	prefer	4	4.78	4.58	advantage	4	4	1.0	0	0	0	2
oewn-02386868-v	assume	5	5.92	4.57	take on	0	5	0.0	0	0	0	2
oewn-02302103-v	offer	4	5.71	4.57	give	0	4	0.0	0	0	0	3
oewn-01591414-v	tag	12	5.54	4.57	point	3	14	0.21	0	0	0	9
oewn-00870790-v	challenge	4	5.51	4.57	call	1	5	0.2	0	0	0	3
oewn-02477646-v	list	9	5.43	4.57	post	0	9	0.0	0	0	0	6
oewn-00676526-v	choose	48	6.08	4.56	think of	3	53	0.06	0	0	0	26
oewn-02561834-v	support	23	6.04	4.56	back	5	24	0.21	0	0	0	8
oewn-02535833-v	try	28	6.03	4.56	have a go	11	30	0.37	0	0	0	10
oewn-00895399-v	excuse	5	5.6	4.56	let off	0	5	0.0	0	0	0	2
oewn-01096497-v	campaign	7	5.49	4.56	run	0	7	0.0	0	0	0	5
oewn-02522868-v	misbehave	6	5.3	4.56	act up	6	6	1.0	0	0	0	3
oewn-00713964-v	calculate	8	5.21	4.56	take into account	0	8	0.0	0	0	0	2
oewn-00171865-v	build up	4	5.04	4.56	build up	0	4	0.0	0	0	0	3
oewn-01516062-v	shed	16	4.99	4.56	drop	0	17	0.0	0	0	0	5
oewn-02273196-v	waste	4	4.81	4.56	waste	0	4	0.0	0	0	0	2
oewn-01393934-v	roll out	4	4.75	4.56	roll	0	4	0.0	0	0	0	3
oewn-01891013-v	wheel	4	4.75	4.56	roll	0	4	0.0	0	0	0	3
oewn-00633898-v	assume	5	4.61	4.56	take for granted	3	5	0.6	0	0	0	2
oewn-01668067-v	cook	21	6.08	4.55	make	0	21	0.0	0	0	0	12
oewn-02618797-v	attend	5	6.03	4.55	go to	0	5	0.0	0	0	0	4
oewn-02406665-v	nominate	4	5.66	4.55	put up	3	5	0.6	0	0	0	2
oewn-02078906-v	escape	16	5.62	4.55	get away	0	18	0.0	0	0	0	8
oewn-02546367-v	serve	7	5.35	4.55	wait on	0	7	0.0	0	0	0	3
oewn-00765444-v	settle	9	5.25	4.55	clear	0	9	0.0	0	0	0	5
oewn-02450790-v	be	4	6.79	4.54	be	0	4	0.0	0	0	0	3
oewn-02372362-v	act	377	6.71	4.54	have	84	486	0.17	0	0	1	191
oewn-00252905-v	develop	30	6.28	4.54	get on	10	37	0.27	0	0	0	16
oewn-02133754-v	see	7	6.1	4.54	see	1	8	0.12	0	0	0	5
oewn-00715072-v	associate	15	6.08	4.54	think of	1	15	0.07	0	0	0	7
oewn-00633399-v	think	8	6.08	4.54	think	0	8	0.0	0	0	0	3
oewn-00628065-v	read	4	5.54	4.54	read	0	4	0.0	0	0	0	4
oewn-01938286-v	park	4	5.16	4.54	park	0	4	0.0	0	0	0	4
oewn-02150244-v	hide	7	5.06	4.54	earth	1	8	0.12	0	0	0	7
oewn-02059191-v	tear	6	5.02	4.54	charge	0	6	0.0	0	0	0	2
oewn-00378022-v	burn down	4	6.03	4.53	go up	3	4	0.75	0	0	0	2
oewn-00525762-v	assume	6	5.92	4.53	take	0	6	0.0	0	0	0	2
oewn-01159815-v	consume	30	5.81	4.53	use	8	33	0.24	0	0	0	12
oewn-01709988-v	arrange	9	5.66	4.53	put	2	9	0.22	0	0	0	5
oewn-01691771-v	map	4	4.76	4.53	map	0	4	0.0	0	0	0	3
oewn-01374421-v	kick	5	4.72	4.53	kick	0	7	0.0	0	0	0	5
oewn-02620216-v	be	5	6.79	4.52	be	0	5	0.0	0	0	0	2
oewn-00730579-v	recognize	7	6.1	4.52	know	6	7	0.86	0	0	0	2
oewn-00609334-v	remember	13	6.1	4.52	know	1	13	0.08	0	0	0	4
oewn-02003830-v	lead	13	5.92	4.52	take	4	13	0.31	0	0	0	5
oewn-01452567-v	transport	22	5.92	4.52	take	3	23	0.13	0	0	0	17
oewn-00992687-v	address	7	5.78	4.52	come up to	0	7	0.0	0	0	0	3
oewn-00817348-v	answer	14	5.78	4.52	come back	4	15	0.27	0	0	0	8
oewn-00530070-v	issue	13	5.78	4.52	come out	0	14	0.0	0	0	0	8
oewn-01718067-v	perform	21	5.71	4.52	give	1	24	0.04	0	0	0	18
oewn-01441809-v	catch	9	5.52	4.52	stop	0	9	0.0	0	0	0	6
oewn-00893836-v	thank	5	5.48	4.52	thank	0	5	0.0	0	0	0	2
oewn-01790925-v	anger	5	5.32	4.52	see red	0	5	0.0	0	0	0	4
oewn-02716988-v	enclose	11	5.19	4.52	hold in	0	11	0.0	0	0	0	6
oewn-01654986-v	organize	14	6.28	4.51	get up	0	14	0.0	0	0	0	8
oewn-02696550-v	lie	35	6.04	4.51	back	1	36	0.03	0	0	0	21
oewn-01102556-v	win	11	5.92	4.51	take	5	12	0.42	0	0	0	9
oewn-01357376-v	connect	18	5.66	4.51	put through	0	20	0.0	0	0	0	13
oewn-00236085-v	limit	11	5.66	4.51	keep down	0	11	0.0	0	0	0	5
oewn-01349980-v	confine	13	5.62	4.51	put away	0	14	0.0	0	0	0	6
oewn-01193481-v	delight	8	6.12	4.5	have a good time	5	8	0.62	0	0	0	5
oewn-01079008-v	move	17	6.03	4.5	go	3	17	0.18	0	0	0	10
oewn-00349400-v	begin	16	5.59	4.5	set off	0	18	0.0	0	0	0	7
oewn-02506927-v	judge	4	5.5	4.5	try	0	4	0.0	0	0	0	2
oewn-01514338-v	propel	16	5.37	4.5	hit	0	16	0.0	0	0	0	13
oewn-01006107-v	score	4	5.05	4.5	mark	0	4	0.0	0	0	0	2
oewn-01513459-v	engage	8	4.85	4.5	ride	0	8	0.0	0	0	0	3
oewn-01023429-v	conclude	6	4.84	4.5	square off	0	6	0.0	0	0	0	2
oewn-00099475-v	exercise	13	5.96	4.49	work out	8	13	0.62	0	0	0	6
oewn-02207166-v	keep	24	5.66	4.49	keep	2	25	0.08	0	0	0	9
oewn-00592914-v	perceive	4	5.19	4.49	sense	0	4	0.0	0	0	0	2
oewn-01700543-v	color	4	4.91	4.49	color	0	4	0.0	0	0	0	2
oewn-02081395-v	expand	4	4.81	4.49	spread out	0	4	0.0	0	0	0	3
oewn-01758079-v	prepare	4	4.55	4.49	prepare	0	4	0.0	0	0	0	2
oewn-02575545-v	undertake	4	5.92	4.48	take on	0	4	0.0	0	0	0	2
oewn-00792365-v	telecommunicate	16	5.51	4.48	call	0	17	0.0	0	0	0	7
oewn-01441318-v	serve	6	5.26	4.48	process	0	6	0.0	0	0	0	3
oewn-00238763-v	deoxidize	5	4.73	4.48	reduce	0	5	0.0	0	0	0	3
oewn-01159300-v	consume	32	6.71	4.47	have	6	36	0.17	0	0	0	14
oewn-02678923-v	balance	18	6.08	4.47	make up	0	19	0.0	0	0	0	7
oewn-00407168-v	fix	28	5.96	4.47	work	2	31	0.06	0	0	0	15
oewn-02436167-v	separate	20	5.78	4.47	part	2	24	0.08	0	0	0	8
oewn-02293158-v	acquire	6	5.39	4.47	win	1	7	0.14	0	0	0	3
oewn-00706456-v	plan	21	5.29	4.47	plan	0	22	0.0	0	0	0	11
oewn-00736950-v	date	5	5.22	4.47	date	0	6	0.0	0	0	0	3
oewn-00230459-v	enhance	4	5.14	4.47	follow up	1	4	0.25	0	0	0	3
oewn-00542243-v	expand	4	4.75	4.47	develop	0	4	0.0	0	0	0	3
oewn-02013448-v	leave	63	6.28	4.46	get	0	65	0.0	0	0	0	20
oewn-01723161-v	act	14	6.08	4.46	make	0	15	0.0	0	0	0	8
oewn-01572394-v	install	9	5.66	4.46	put in	0	12	0.0	0	0	0	5
oewn-00774234-v	argue	7	5.53	4.46	support	0	7	0.0	0	0	0	4
oewn-02488856-v	execute	6	5.4	4.46	put to death	0	6	0.0	0	0	0	4
oewn-01060995-v	notice	4	4.9	4.46	notice	0	4	0.0	0	0	0	2
oewn-01030757-v	name	16	6.1	4.45	know as	4	17	0.24	0	0	0	9
oewn-01428543-v	pet	5	6.08	4.45	make out	3	5	0.6	0	0	0	4
oewn-02018017-v	depart	14	5.92	4.45	take off	0	15	0.0	0	0	0	5
oewn-02008888-v	return	17	5.81	4.45	go home	0	18	0.0	0	0	0	11
oewn-02100445-v	turn	4	5.77	4.45	go around	0	4	0.0	0	0	0	2
oewn-01690027-v	represent	26	5.68	4.45	show	0	28	0.0	0	0	0	15
oewn-00656296-v	classify	23	5.62	4.45	number	3	23	0.13	0	0	0	12
oewn-01645979-v	introduce	6	5.48	4.45	open up	0	6	0.0	0	0	0	4
oewn-02470006-v	spare	4	5.14	4.45	save	4	4	1.0	0	0	0	2
oewn-01456044-v	drag	6	4.96	4.45	train	1	6	0.17	0	0	0	3
oewn-02267085-v	award	4	4.88	4.45	award	0	4	0.0	0	0	0	2
oewn-00083562-v	operate on	13	4.75	4.45	fix	7	13	0.54	0	0	0	5
oewn-01927367-v	hop on	8	6.28	4.44	get on	0	8	0.0	0	0	0	2
oewn-02029396-v	accompany	7	6.1	4.44	see	0	8	0.0	0	0	0	6
oewn-00672179-v	evaluate	55	6.08	4.44	think	12	61	0.2	0	0	0	23
oewn-00892111-v	guarantee	7	6.08	4.44	make	1	7	0.14	0	0	0	3
oewn-02005890-v	chase	15	6.03	4.44	go after	0	15	0.0	0	0	0	5
oewn-02004900-v	pursue	13	6.03	4.44	go after	0	14	0.0	0	0	0	4
oewn-01002259-v	record	35	5.92	4.44	take	0	39	0.0	0	0	0	24
oewn-02141597-v	show	22	5.71	4.44	give	1	24	0.04	0	0	0	15
oewn-01802463-v	try	4	5.5	4.44	try	4	4	1.0	0	0	0	2
oewn-02540158-v	woo	7	5.41	4.44	court	4	7	0.57	0	0	0	3
oewn-01534053-v	emboss	4	4.88	4.44	block	0	4	0.0	0	0	0	2
oewn-00065410-v	suffer	12	6.71	4.43	have	7	13	0.54	0	0	0	5
oewn-00942415-v	express	45	5.93	4.43	get off	13	46	0.28	0	0	1	22
oewn-02655144-v	occupy	6	5.92	4.43	take up	0	6	0.0	0	0	0	4
oewn-02560630-v	promote	16	5.75	4.43	help	7	17	0.41	0	0	0	8
oewn-02431242-v	close up	8	5.36	4.43	close	0	8	0.0	0	0	0	2
oewn-01985637-v	rear	6	5.14	4.43	stand up	3	6	0.5	0	0	0	3
oewn-01950855-v	row	6	4.84	4.43	square	0	6	0.0	0	0	0	5
oewn-02702643-v	rise	7	4.81	4.43	rise	0	7	0.0	0	0	0	2
oewn-01362135-v	string	5	4.81	4.43	draw	0	5	0.0	0	0	0	3
oewn-00046251-v	dress	29	6.28	4.42	get up	3	32	0.09	0	0	0	10
oewn-00590283-v	understand	29	6.28	4.42	get	5	32	0.16	0	0	0	12
oewn-02771422-v	absorb	4	5.92	4.42	take in	0	4	0.0	0	0	0	2
oewn-01651214-v	establish	4	5.71	4.42	give	0	4	0.0	0	0	0	3
oewn-02284977-v	conserve	7	5.66	4.42	keep up	4	7	0.57	0	0	0	4
oewn-00521437-v	interrupt	4	5.24	4.42	cut in	2	4	0.5	0	0	0	3
oewn-02091423-v	land	4	5.22	4.42	land	0	5	0.0	0	0	0	3
oewn-01995963-v	follow	4	5.14	4.42	follow	0	4	0.0	0	0	0	3
oewn-00871595-v	charge	4	5.02	4.42	charge	1	4	0.25	0	0	0	2
oewn-02277394-v	appropriate	5	4.89	4.42	carry	0	5	0.0	0	0	0	2
oewn-02609706-v	exist	96	6.79	4.41	be	32	114	0.28	0	0	0	68
oewn-01854282-v	move	173	6.28	4.41	get up	6	201	0.03	0	0	0	95
oewn-02565578-v	stop	6	5.52	4.41	stop	0	6	0.0	0	0	0	3
oewn-00334996-v	break	21	5.49	4.41	run	2	22	0.09	0	0	0	10
oewn-02035003-v	separate	15	5.36	4.41	close off	0	15	0.0	0	0	0	7
oewn-01877523-v	push up	3	4.82	4.41	push up	0	4	0.0	0	0	0	3
oewn-01756303-v	produce	13	6.71	4.4	have	0	13	0.0	0	0	0	6
oewn-02722040-v	attach to	10	6.03	4.4	go with	0	11	0.0	0	0	0	4
oewn-02634015-v	necessitate	32	5.97	4.4	need	4	35	0.11	0	0	0	13
oewn-02079709-v	flee	20	5.93	4.4	go off	2	21	0.1	0	0	0	8
oewn-02671359-v	resemble	9	5.92	4.4	take after	5	9	0.56	0	0	0	7
oewn-00933429-v	denote	19	5.78	4.4	come back	0	19	0.0	0	0	0	8
oewn-02317458-v	recall	5	5.51	4.4	call back	4	5	0.8	0	0	0	2
oewn-02245263-v	seek	5	5.41	4.4	court	0	5	0.0	0	0	0	4
oewn-00460731-v	delay	7	5.32	4.4	buy time	0	7	0.0	0	0	0	5
oewn-01650408-v	provoke	5	5.08	4.4	pick	1	5	0.2	0	0	0	2
oewn-01013752-v	affirm	7	4.95	4.4	claim	0	7	0.0	0	0	0	5
oewn-02205200-v	give	30	6.45	4.39	will	1	30	0.03	0	0	0	14
oewn-02567910-v	do	12	6.35	4.39	do	1	12	0.08	0	0	0	7
oewn-01620211-v	make	108	6.35	4.39	do	1	129	0.01	0	0	0	60
oewn-00630153-v	think	83	6.1	4.39	see	23	92	0.25	0	0	0	30
oewn-01353852-v	extract	12	5.92	4.39	take out	0	12	0.0	0	0	0	4
oewn-02144506-v	expose	21	5.68	4.39	show off	3	22	0.14	0	0	0	11
oewn-02217607-v	deny	7	5.66	4.39	keep back	2	8	0.25	0	0	0	3
oewn-01026199-v	mention	18	5.61	4.39	name	4	21	0.19	0	0	0	11
oewn-02022376-v	intrude	8	5.35	4.39	move in on	4	8	0.5	0	0	0	5
oewn-01098310-v	act	4	5.3	4.39	act	0	4	0.0	0	0	0	3
oewn-01152836-v	weight-lift	5	5.16	4.39	press	3	6	0.5	0	0	0	4
oewn-01989937-v	sink	10	5.13	4.39	fall open	0	11	0.0	0	0	0	4
oewn-02140736-v	reflect	3	4.47	4.39	mirror	0	4	0.0	0	0	0	3
oewn-01539132-v	wash	4	4.46	4.39	wash	0	4	0.0	0	0	0	2
oewn-01716563-v	perform	38	6.35	4.38	do	4	38	0.11	0	0	0	21
oewn-01839438-v	travel	221	6.35	4.38	do	23	264	0.09	0	0	0	136
oewn-00702806-v	determine	18	6.29	4.38	time	2	18	0.11	0	0	0	11
oewn-00073791-v	stool	10	6.08	4.38	make	0	10	0.0	0	0	0	3
oewn-02553283-v	help	21	5.75	4.38	help	4	22	0.18	0	0	0	11
oewn-01482779-v	capture	15	5.49	4.38	run	0	15	0.0	0	0	0	7
oewn-02548492-v	obey	8	5.41	4.38	mind	1	8	0.12	0	0	0	4
oewn-01655681-v	bear	7	5.32	4.38	turn out	0	7	0.0	0	0	0	6
oewn-02545454-v	rear	8	5.27	4.38	bring up	0	8	0.0	0	0	0	4
oewn-02669057-v	conform	4	4.95	4.38	fit	1	4	0.25	0	0	0	4
oewn-01144038-v	angle	4	4.52	4.38	fly-fish	0	4	0.0	0	0	0	3
oewn-02685709-v	continue	20	6.35	4.37	do	5	20	0.25	0	0	0	7
oewn-00957180-v	mean	13	6.28	4.37	get	0	14	0.0	0	0	0	6
oewn-00799359-v	accept	20	6.03	4.37	go for	10	21	0.48	0	0	0	9
oewn-02210054-v	take	28	5.92	4.37	take	8	30	0.27	0	0	0	13
oewn-01217350-v	take in	4	5.92	4.37	take in	0	4	0.0	0	0	0	3
oewn-01993887-v	sink	8	5.88	4.37	go down	0	9	0.0	0	0	0	4
oewn-02082838-v	bring in	5	5.27	4.37	bring in	0	5	0.0	0	0	0	4
oewn-02253616-v	access	5	5.05	4.37	access	0	5	0.0	0	0	0	3
oewn-01703755-v	spell	5	5.03	4.37	write	0	5	0.0	0	0	0	3
oewn-01387093-v	collect	7	5.01	4.37	beat up	0	7	0.0	0	0	0	3
oewn-01023638-v	arrange	5	4.79	4.37	firm up	0	5	0.0	0	0	0	4
oewn-02552164-v	recognize	6	4.69	4.37	honor	5	6	0.83	0	0	0	3
oewn-00272745-v	stabilize	10	4.54	4.37	calm	0	10	0.0	0	0	0	3
oewn-01719384-v	sightread	4	4.5	4.37	sight-read	2	4	0.5	0	0	0	2
oewn-00416323-v	settle	6	4.41	4.37	root	0	6	0.0	0	0	0	2
oewn-00692380-v	see	41	6.41	4.36	like	17	47	0.36	0	0	0	23
oewn-01011267-v	state	34	6.28	4.36	get out	4	37	0.11	0	0	0	16
oewn-01092746-v	contend	34	6.04	4.36	get back	5	36	0.14	0	0	0	24
oewn-01208838-v	touch	26	5.67	4.36	feel	0	33	0.0	0	0	0	21
oewn-02160976-v	vanish	7	5.62	4.36	go away	6	7	0.86	0	0	0	4
oewn-02084180-v	impart	10	5.27	4.36	bring in	0	10	0.0	0	0	0	5
oewn-02151220-v	conceal	4	5.19	4.36	hold back	0	4	0.0	0	0	0	2
oewn-02331351-v	shop	5	4.88	4.36	shop	0	5	0.0	0	0	0	4
oewn-01255535-v	smooth	11	4.75	4.36	file	0	11	0.0	0	0	0	9
oewn-00027698-v	exsert	12	5.66	4.35	put out	0	12	0.0	0	0	0	3
oewn-01081176-v	confront	9	5.61	4.35	play off	3	9	0.33	0	0	0	4
oewn-00162496-v	replace	6	5.54	4.35	change	1	7	0.14	0	0	0	4
oewn-00488684-v	load	9	5.52	4.35	water down	5	9	0.56	0	0	0	3
oewn-00978685-v	advertise	13	5.23	4.35	fight	0	14	0.0	0	0	0	5
oewn-01354457-v	press out	4	5.16	4.35	press out	0	4	0.0	0	0	0	2
oewn-02466737-v	vote	7	5.11	4.35	vote	2	7	0.29	0	0	0	6
oewn-01989043-v	lie down	7	5.02	4.35	charge	0	7	0.0	0	0	0	4
oewn-00319617-v	elongate	4	4.85	4.35	tree	0	4	0.0	0	0	0	2
oewn-02542223-v	influence	24	6.28	4.34	get at	4	24	0.17	0	0	0	12
oewn-00154951-v	rise	5	6.03	4.34	go up	3	5	0.6	0	0	0	3
oewn-00790800-v	investigate	8	5.81	4.34	look into	2	10	0.2	0	0	0	6
oewn-02313721-v	contribute	5	5.71	4.34	give	1	5	0.2	0	0	0	2
oewn-02079296-v	scat	17	5.49	4.34	run	0	17	0.0	0	0	0	3
oewn-00902866-v	introduce	6	5.27	4.34	bring out	0	8	0.0	0	0	0	4
oewn-01484705-v	hang	7	4.99	4.34	drop	0	7	0.0	0	0	0	4
oewn-00768022-v	push	5	4.82	4.34	push	0	5	0.0	0	0	0	3
oewn-00318689-v	prolong	8	4.81	4.34	draw out	0	9	0.0	0	0	0	4
oewn-00027261-v	stretch	5	4.35	4.34	stretch	1	5	0.2	0	0	0	3
oewn-02530710-v	pass	10	6.08	4.33	make it	6	10	0.6	0	0	0	3
oewn-02588700-v	perpetrate	5	6.08	4.33	make	0	5	0.0	0	0	0	3
oewn-00929020-v	speculate	7	5.89	4.33	say	1	7	0.14	0	0	0	3
oewn-01130619-v	protect	25	5.81	4.33	look out	14	29	0.48	0	0	0	19
oewn-00666706-v	prove	13	5.76	4.33	find	9	14	0.64	0	0	0	6
oewn-00910304-v	foster	9	5.66	4.33	keep going	2	9	0.22	0	0	0	3
oewn-02380222-v	prosecute	7	5.36	4.33	close	0	7	0.0	0	0	0	4
oewn-02527076-v	protest	12	5.26	4.33	march	0	13	0.0	0	0	0	5
oewn-02712676-v	defy	8	5.19	4.33	hold	4	8	0.5	0	0	0	2
oewn-00898754-v	greet	15	5.18	4.33	present	2	17	0.12	0	0	0	10
oewn-02095677-v	step	4	5.13	4.33	step	0	4	0.0	0	0	0	2
oewn-02716547-v	bound	5	4.7	4.33	border	0	5	0.0	0	0	0	4
oewn-00896689-v	defend	13	5.53	4.32	support	2	13	0.15	0	0	0	5
oewn-00217853-v	flow	4	4.68	4.32	flow	0	4	0.0	0	0	0	2
oewn-02682907-v	involve	4	4.59	4.32	affect	0	4	0.0	0	0	0	2
oewn-01645456-v	initiate	31	6.28	4.31	get up	0	31	0.0	0	0	0	9
oewn-02595401-v	consort	13	6.1	4.31	see	0	13	0.0	0	0	0	4
oewn-00646245-v	analyze	35	6.03	4.31	go over	14	38	0.37	0	0	0	16
oewn-02168177-v	spy	10	5.76	4.31	find	0	11	0.0	0	0	0	3
oewn-00803980-v	permit	40	5.71	4.31	give	16	46	0.35	0	0	0	12
oewn-00426024-v	appear	8	5.38	4.31	come along	0	8	0.0	0	0	0	6
oewn-01751525-v	program	4	5.27	4.31	program	0	4	0.0	0	0	0	2
oewn-00749422-v	force	4	5.23	4.31	force	2	4	0.5	0	0	0	2
oewn-01226979-v	wield	8	4.79	4.31	handle	4	8	0.5	0	0	0	4
oewn-01996535-v	advance	37	6.03	4.3	go	0	38	0.0	0	0	0	13
oewn-00737576-v	arrange	9	5.66	4.3	put	0	9	0.0	0	0	0	3
oewn-01347791-v	close	12	5.36	4.3	close	5	12	0.42	0	0	0	9
oewn-01137207-v	blast	11	5.3	4.3	fire	0	11	0.0	0	0	0	7
oewn-02485579-v	distribute	4	5.23	4.3	issue	0	4	0.0	0	0	0	3
oewn-00795242-v	invite	5	4.88	4.3	challenge	0	5	0.0	0	0	0	3
oewn-00900454-v	bow	4	4.3	4.3	bow	0	4	0.0	0	0	0	2
oewn-02254246-v	recover	5	6.08	4.29	make up	0	5	0.0	0	0	0	2
oewn-02076777-v	elapse	12	6.03	4.29	go by	0	12	0.0	0	0	0	2
oewn-00529419-v	recover	5	6.03	4.29	go back	0	5	0.0	0	0	0	2
oewn-02413117-v	work	10	5.96	4.29	work	0	11	0.0	0	0	0	5
oewn-01199335-v	eat up	11	5.88	4.29	down	0	11	0.0	0	0	0	3
oewn-02411715-v	succeed	9	5.78	4.29	come after	0	9	0.0	0	0	0	3
oewn-02252785-v	recover	5	5.76	4.29	find	0	5	0.0	0	0	0	2
oewn-00353480-v	end	36	5.71	4.29	give up	1	43	0.02	0	0	0	21
oewn-00659723-v	rate	16	5.71	4.29	place	4	16	0.25	0	0	0	10
oewn-01547474-v	lay	11	5.66	4.29	put down	0	12	0.0	0	0	0	6
oewn-01187158-v	sustain	6	5.66	4.29	keep	0	6	0.0	0	0	0	4
oewn-02227100-v	discard	29	5.62	4.29	put away	0	29	0.0	0	0	0	12
oewn-02534950-v	fail	13	5.22	4.29	miss	1	14	0.07	0	0	0	9
oewn-00474503-v	perfect	9	5.2	4.29	perfect	0	9	0.0	0	0	0	3
oewn-02266695-v	award	5	5.18	4.29	present	0	5	0.0	0	0	0	3
oewn-00643334-v	multiply	4	4.84	4.29	square	0	4	0.0	0	0	0	4
oewn-01485079-v	pack	8	4.79	4.29	bag	0	8	0.0	0	0	0	5
oewn-01944952-v	fly	16	4.75	4.29	fly	1	16	0.06	0	0	0	11
oewn-01888570-v	cant	6	4.43	4.29	pitch	0	6	0.0	0	0	0	2
oewn-01155952-v	revenge	5	6.04	4.28	get back	3	5	0.6	0	0	0	2
oewn-01318273-v	search	26	6.04	4.28	want	7	27	0.26	0	0	0	17
oewn-01858118-v	draw	13	5.92	4.28	take out	0	13	0.0	0	0	0	9
oewn-01118865-v	yield	5	5.71	4.28	give up	0	5	0.0	0	0	0	4
oewn-00786670-v	question	12	5.67	4.28	feel out	3	12	0.25	0	0	0	7
oewn-02454712-v	admit	7	5.6	4.28	let in	0	7	0.0	0	0	0	4
oewn-02402779-v	promote	16	5.27	4.28	bring up	10	16	0.62	0	0	0	7
oewn-01469607-v	border	10	5.26	4.28	march	0	10	0.0	0	0	0	2
oewn-02446762-v	hold	5	5.19	4.28	hold	0	5	0.0	0	0	0	2
oewn-00619438-v	err	9	5.13	4.28	fall for	4	9	0.44	0	0	0	5
oewn-00610654-v	forget	6	5.06	4.28	forget	4	6	0.67	0	0	0	2
oewn-00702474-v	determine	7	4.63	4.28	determine	0	7	0.0	0	0	0	2
oewn-01646466-v	effect	18	6.28	4.27	get	0	18	0.0	0	0	0	6
oewn-01690851-v	picture	6	5.68	4.27	show	0	6	0.0	0	0	0	3
oewn-00933814-v	mean	6	5.53	4.27	mean	0	6	0.0	0	0	0	2
oewn-00296747-v	tune	6	5.49	4.27	service	2	6	0.33	0	0	0	4
oewn-01126313-v	strike	7	5.37	4.27	hit	1	7	0.14	0	0	0	5
oewn-01847631-v	travel to	5	5.04	4.27	visit	0	5	0.0	0	0	0	3
oewn-00700621-v	decide	6	4.95	4.27	judge	0	6	0.0	0	0	0	3
oewn-00871260-v	contest	6	4.88	4.27	challenge	0	6	0.0	0	0	0	2
oewn-01978076-v	raise	32	6.28	4.26	get up	0	37	0.0	0	0	0	20
oewn-01560556-v	separate	27	5.78	4.26	come off	1	29	0.03	0	0	0	14
oewn-02383714-v	react	7	5.68	4.26	go against	0	7	0.0	0	0	0	3
oewn-00904187-v	absolve	8	5.63	4.26	free	0	8	0.0	0	0	0	4
oewn-01028104-v	name	9	5.62	4.26	number	0	9	0.0	0	0	0	4
oewn-02622766-v	exist	7	5.54	4.26	live	1	7	0.14	0	0	0	3
oewn-02684473-v	matter to	4	5.38	4.26	matter to	4	4	1.0	0	0	0	2
oewn-02260270-v	allow	4	5.01	4.26	allow	3	4	0.75	0	0	0	3
oewn-01428804-v	neck	4	6.08	4.25	make out	2	4	0.5	0	0	0	2
oewn-02441196-v	manage	24	5.96	4.25	work	3	25	0.12	0	0	0	14
oewn-00626148-v	take	4	5.92	4.25	take	0	4	0.0	0	0	0	2
oewn-82474083-v	euthanize	7	5.66	4.25	put down	2	7	0.29	0	0	0	2
oewn-01647199-v	trip	9	5.59	4.25	set off	0	10	0.0	0	0	0	2
oewn-02175483-v	listen	4	5.23	4.25	hear	0	4	0.0	0	0	0	2
oewn-01167895-v	strain	6	5.14	4.25	tax	2	6	0.33	0	0	0	3
oewn-01392596-v	wall in	5	5.04	4.25	wall in	0	5	0.0	0	0	0	2
oewn-00885532-v	promise	8	4.94	4.25	contract	2	9	0.22	0	0	0	5
oewn-00421085-v	tighten	8	4.84	4.25	wind	0	8	0.0	0	0	0	5
oewn-02609063-v	unite	4	4.81	4.25	draw together	0	4	0.0	0	0	0	2
oewn-00651134-v	explore	5	4.76	4.25	map	0	5	0.0	0	0	0	4
oewn-02463535-v	relate	29	6.28	4.24	get on	10	31	0.32	0	0	0	15
oewn-00688348-v	accept	21	6.1	4.24	know	7	22	0.32	0	0	0	10
oewn-01807900-v	manipulate	6	5.49	4.24	keep in line	4	6	0.67	0	0	0	4
oewn-01838672-v	freeze	4	5.19	4.24	stop dead	0	4	0.0	0	0	0	2
oewn-01784999-v	intimidate	10	5.19	4.24	hold over	0	10	0.0	0	0	0	3
oewn-02468003-v	vote	4	5.11	4.24	vote	0	4	0.0	0	0	0	4
oewn-00064414-v	hurt	7	5.03	4.24	pain	6	7	0.86	0	0	0	4
oewn-00490773-v	quantify	15	6.29	4.23	time	0	15	0.0	0	0	0	10
oewn-01986880-v	rear	7	5.59	4.23	set up	0	7	0.0	0	0	0	3
oewn-01299048-v	attach	50	5.19	4.23	couple	2	57	0.04	0	0	0	31
oewn-00890307-v	contract	11	5.08	4.23	sign	0	14	0.0	0	0	0	6
oewn-01612191-v	pull	14	5.08	4.23	pick at	0	14	0.0	0	0	0	8
oewn-00802592-v	dismiss	22	5.05	4.23	pass off	7	22	0.32	0	0	0	10
oewn-01035061-v	comment	5	5.04	4.23	second-guess	0	5	0.0	0	0	0	3
oewn-00897737-v	justify	6	4.89	4.23	explain	0	6	0.0	0	0	0	4
oewn-01005294-v	photograph	5	4.73	4.23	shoot	0	5	0.0	0	0	0	3
oewn-01538034-v	wash	17	4.46	4.23	machine wash	1	17	0.06	0	0	0	11
oewn-02415985-v	work	35	6.79	4.22	be	0	36	0.0	0	0	0	18
oewn-01829179-v	desire	28	6.41	4.22	like	19	30	0.63	0	0	0	15
oewn-02242867-v	obtain	33	6.28	4.22	get in	21	34	0.62	0	0	0	17
oewn-00173351-v	remove	170	6.28	4.22	get out	7	208	0.03	0	0	0	115
oewn-01925957-v	climb	10	6.03	4.22	go up	0	10	0.0	0	0	0	6
oewn-02377696-v	go	8	6.03	4.22	go	0	8	0.0	0	0	0	4
oewn-02236972-v	transfer	24	5.93	4.22	get off	5	28	0.18	0	0	0	17
oewn-00870255-v	challenge	21	5.51	4.22	call out	6	22	0.27	0	0	0	13
oewn-00081478-v	bring around	4	5.27	4.22	bring around	1	4	0.25	0	0	0	2
oewn-02588127-v	action	5	5.26	4.22	process	0	5	0.0	0	0	0	2
oewn-02314987-v	render	4	5.19	4.22	return	0	4	0.0	0	0	0	2
oewn-00604693-v	train	9	4.96	4.22	train	1	9	0.11	0	0	0	5
oewn-02261162-v	cash	4	4.92	4.22	cash	0	4	0.0	0	0	0	3
oewn-02744576-v	wind	6	4.84	4.22	wind	0	6	0.0	0	0	0	4
oewn-01313763-v	dig	5	4.5	4.22	lift	0	5	0.0	0	0	0	4
oewn-02148002-v	excavate	5	4.22	4.22	dig	0	5	0.0	0	0	0	2
oewn-00040659-v	make up	5	6.08	4.21	make up	0	5	0.0	0	0	0	5
oewn-00231172-v	grow	26	6.03	4.21	go up	3	29	0.1	0	0	0	20
oewn-01993067-v	collapse	15	5.93	4.21	go off	0	16	0.0	0	0	0	6
oewn-01185006-v	provide	39	5.75	4.21	help	0	44	0.0	0	0	0	22
oewn-02299397-v	distribute	18	5.71	4.21	give	0	20	0.0	0	0	0	6
oewn-01407698-v	hit	45	5.61	4.21	play	1	48	0.02	0	0	0	45
oewn-01770600-v	worry	4	5.56	4.21	care	0	4	0.0	0	0	0	2
oewn-01359073-v	affix	6	5.43	4.21	post	0	6	0.0	0	0	0	5
oewn-02242120-v	refuse	8	5.32	4.21	turn down	0	8	0.0	0	0	0	3
oewn-00142011-v	shape	38	5.32	4.21	turn	4	39	0.1	0	0	0	28
oewn-02126629-v	ache	12	5.3	4.21	act up	9	13	0.69	0	0	0	9
oewn-02300169-v	partake	4	5.24	4.21	cut in	0	4	0.0	0	0	0	2
oewn-01903255-v	thrust	14	5.23	4.21	force	0	18	0.0	0	0	0	9
oewn-00433636-v	drop	5	5.13	4.21	fall off	0	5	0.0	0	0	0	3
oewn-01182648-v	serve	6	4.85	4.21	serve	0	6	0.0	0	0	0	2
oewn-00807711-v	concede	4	4.67	4.21	grant	1	4	0.25	0	0	0	2
oewn-00717446-v	pin down	7	4.39	4.21	narrow	0	7	0.0	0	0	0	2
oewn-00336733-v	smash	4	4.35	4.21	knock down	0	4	0.0	0	0	0	2
oewn-00667804-v	confirm	17	6.04	4.2	back	8	17	0.47	0	0	0	7
oewn-00719282-v	react	22	6.03	4.2	go for	9	27	0.33	0	0	0	18
oewn-02662486-v	shelter	9	5.71	4.2	house	0	9	0.0	0	0	0	6
oewn-00281861-v	discolor	31	5.51	4.2	white	0	32	0.0	0	0	0	17
oewn-02565990-v	enforce	5	5.49	4.2	run	1	6	0.17	0	0	0	3
oewn-02717862-v	depend on	11	5.32	4.2	turn on	0	11	0.0	0	0	0	2
oewn-02343382-v	fuel	4	5.01	4.2	gas up	0	4	0.0	0	0	0	4
oewn-00083983-v	medicate	5	4.87	4.2	drug	0	5	0.0	0	0	0	3
oewn-01515097-v	fling	5	4.72	4.2	sky	0	5	0.0	0	0	0	2
oewn-02729107-v	elude	5	4.64	4.2	escape	0	5	0.0	0	0	0	2
oewn-00813037-v	avoid	28	6.28	4.19	get by	5	29	0.17	0	0	0	9
oewn-01435927-v	bring	6	6.28	4.19	get	0	7	0.0	0	0	0	4
oewn-01656555-v	create from raw material	29	6.08	4.19	make	0	32	0.0	0	0	0	18
oewn-02204104-v	give	56	5.78	4.19	part with	4	64	0.06	0	0	0	24
oewn-00950103-v	count	18	5.62	4.19	number	1	18	0.06	0	0	0	5
oewn-01488938-v	encase	8	5.55	4.19	case	0	8	0.0	0	0	0	5
oewn-01999581-v	proceed	9	5.51	4.19	head	0	9	0.0	0	0	0	6
oewn-01585566-v	trace	9	5.49	4.19	line	0	10	0.0	0	0	0	6
oewn-00771598-v	convert	4	5.39	4.19	win over	0	4	0.0	0	0	0	2
oewn-01519166-v	force	5	5.23	4.19	force	0	5	0.0	0	0	0	2
oewn-01020937-v	stipulate	5	5.15	4.19	provide	0	5	0.0	0	0	0	2
oewn-02351891-v	adopt	5	5.14	4.19	follow	0	5	0.0	0	0	0	2
oewn-01702148-v	write	36	5.03	4.19	write	0	37	0.0	0	0	0	19
oewn-02392176-v	prepare	5	4.96	4.19	train	0	5	0.0	0	0	0	2
oewn-02135744-v	examine	23	6.1	4.18	see	5	25	0.2	0	0	0	15
oewn-00674352-v	estimate	20	6.08	4.18	make	1	20	0.05	0	0	0	11
oewn-01161188-v	use	44	6.03	4.18	go by	12	47	0.26	0	0	0	25
oewn-02158139-v	search	10	5.81	4.18	look	1	10	0.1	0	0	0	5
oewn-00195686-v	clear	10	5.25	4.18	clear	0	10	0.0	0	0	0	5
oewn-00788478-v	examine	8	5.19	4.18	test	0	8	0.0	0	0	0	5
oewn-01365439-v	paint	7	5.15	4.18	ground	0	7	0.0	0	0	0	5
oewn-00682265-v	bias	5	5.02	4.18	weight	3	5	0.6	0	0	0	2
oewn-01210147-v	touch	4	4.91	4.18	touch	0	4	0.0	0	0	0	3
oewn-02243552-v	procure	7	4.64	4.18	secure	3	7	0.43	0	0	0	5
oewn-00195256-v	denude	6	4.53	4.18	burn off	0	6	0.0	0	0	0	3
oewn-00094214-v	grow	20	6.28	4.17	get	0	20	0.0	0	0	0	12
oewn-00807038-v	agree	19	6.08	4.17	make up	0	20	0.0	0	0	0	8
oewn-01479113-v	obstruct	32	6.04	4.17	back up	7	38	0.18	0	0	0	11
oewn-02314145-v	give	4	5.71	4.17	give	0	4	0.0	0	0	0	3
oewn-00833312-v	inform	71	5.68	4.17	show	27	85	0.32	0	0	0	38
oewn-02287351-v	store	12	5.66	4.17	keep	1	12	0.08	0	0	0	12
oewn-01589199-v	toy	6	5.66	4.17	put out	4	6	0.67	0	0	0	2
oewn-01808562-v	ingratiate	7	5.61	4.17	play up	6	7	0.86	0	0	0	2
oewn-01015376-v	stress	21	5.61	4.17	play down	3	23	0.13	0	0	0	9
oewn-02213685-v	lease	5	5.6	4.17	let	0	5	0.0	0	0	0	2
oewn-02679754-v	excel	17	5.57	4.17	top	7	17	0.41	0	0	0	5
oewn-01780135-v	care for	5	5.56	4.17	care for	1	5	0.2	0	0	0	2
oewn-00448264-v	dissolve	7	5.49	4.17	run	0	7	0.0	0	0	0	3
oewn-01875972-v	push	31	5.23	4.17	force	4	37	0.11	0	0	0	18
oewn-01806476-v	express emotion	12	5.18	4.17	break	2	12	0.17	0	0	2	5
oewn-00767694-v	urge	10	5.16	4.17	press	0	10	0.0	0	0	0	4
oewn-00169459-v	change magnitude	7	5.13	4.17	fall	0	7	0.0	0	0	0	4
oewn-02399804-v	substitute	5	5.13	4.17	step in	0	5	0.0	0	0	0	2
oewn-01957669-v	transport	19	5.08	4.17	pick up	0	19	0.0	0	0	0	18
oewn-01983476-v	embark	4	4.93	4.17	ship	0	4	0.0	0	0	0	2
oewn-01058906-v	jam	6	4.88	4.17	block	0	6	0.0	0	0	0	5
oewn-02262575-v	substitute	9	4.85	4.17	exchange	0	9	0.0	0	0	0	6
oewn-02297086-v	derive	4	4.81	4.17	draw	0	4	0.0	0	0	0	2
oewn-00893988-v	acknowledge	6	4.74	4.17	appreciate	2	6	0.33	0	0	0	3
oewn-00556524-v	shift	4	4.72	4.17	transfer	0	4	0.0	0	0	0	2
oewn-01786037-v	panic	4	4.45	4.17	gross out	1	4	0.25	0	0	0	2
oewn-00735067-v	resolve	4	4.42	4.17	solve	0	4	0.0	0	0	0	2
oewn-01495382-v	bruise	4	4.17	4.17	crush	0	4	0.0	0	0	0	2
oewn-01864781-v	stop	14	5.93	4.16	go off	1	17	0.06	0	0	0	12
oewn-02332196-v	supply	129	5.71	4.16	give	1	136	0.01	0	0	0	99
oewn-01914366-v	startle	7	5.56	4.16	start	1	7	0.14	0	0	0	5
oewn-00790226-v	probe	8	5.5	4.16	try	2	8	0.25	0	0	0	4
oewn-02000767-v	march	10	5.26	4.16	march	0	10	0.0	0	0	0	6
oewn-01324555-v	scratch	5	5.11	4.16	character	0	5	0.0	0	0	0	2
oewn-00876672-v	recommend	4	4.61	4.16	recommend	0	4	0.0	0	0	0	2
oewn-02409366-v	remove	26	6.46	4.15	can	0	26	0.0	0	0	0	10
oewn-01141530-v	bet on	9	6.04	4.15	back	0	9	0.0	0	0	0	3
oewn-00182551-v	add	29	5.96	4.15	work in	0	30	0.0	0	0	0	24
oewn-01745327-v	cultivate	5	5.96	4.15	work	2	5	0.4	0	0	0	2
oewn-02309962-v	roll up	22	5.78	4.15	come up	2	24	0.08	0	0	0	11
oewn-02773266-v	emit	18	5.71	4.15	give off	2	19	0.11	0	0	0	13
oewn-01120867-v	attack	7	5.31	4.15	check	2	7	0.29	0	0	0	6
oewn-00431323-v	thin out	9	5.24	4.15	cut back	0	9	0.0	0	0	0	2
oewn-00025196-v	tense	5	4.35	4.15	stretch	0	5	0.0	0	0	0	2
oewn-02256551-v	pay	39	5.71	4.14	give back	0	41	0.0	0	0	0	23
oewn-00187671-v	insert	21	5.66	4.14	put in	2	23	0.09	0	0	0	14
oewn-02620422-v	live	18	5.54	4.14	live	5	18	0.28	0	0	0	15
oewn-02288941-v	bribe	7	5.4	4.14	pay off	0	7	0.0	0	0	0	3
oewn-02042202-v	lean	13	5.28	4.14	list	0	13	0.0	0	0	0	5
oewn-01208316-v	touch	32	5.27	4.14	meet	5	34	0.15	0	0	0	9
oewn-02577166-v	trespass	4	5.18	4.14	break	0	4	0.0	0	0	0	2
oewn-01170802-v	eat	32	5.13	4.14	eat	0	33	0.0	0	0	0	15
oewn-01029183-v	add	8	5.09	4.14	add	4	8	0.5	0	0	0	3
oewn-01915332-v	circle	8	5.08	4.14	walk around	0	8	0.0	0	0	0	4
oewn-02095432-v	pace	6	5.08	4.14	walk	0	6	0.0	0	0	0	5
oewn-02113644-v	suffer	4	5.07	4.14	die	3	5	0.6	0	0	0	4
oewn-01483990-v	hang	4	4.6	4.14	hang	1	4	0.25	0	0	0	3
oewn-01563925-v	collide	6	4.55	4.14	crash	3	6	0.5	0	0	0	4
oewn-01852660-v	go	6	6.03	4.13	go	3	6	0.5	0	0	0	2
oewn-00599310-v	learn	11	5.92	4.13	take in	4	11	0.36	0	0	0	5
oewn-00140787-v	change shape	35	5.78	4.13	come out	4	42	0.1	0	0	0	15
oewn-00075174-v	exhaust	8	5.61	4.13	play	2	8	0.25	0	0	0	4
oewn-01709353-v	compose	13	5.59	4.13	set	2	13	0.15	0	0	0	8
oewn-00794133-v	call	16	5.51	4.13	call	0	17	0.0	0	0	0	10
oewn-02012411-v	depart	9	5.34	4.13	take leave	0	9	0.0	0	0	0	6
oewn-02173796-v	observe	16	6.1	4.12	see	3	18	0.17	0	0	0	9
oewn-00643760-v	divide	5	6.03	4.12	go	0	5	0.0	0	0	0	4
oewn-01320383-v	search	10	6.03	4.12	go	3	10	0.3	0	0	0	8
oewn-02433771-v	meet	22	5.57	4.12	group	2	23	0.09	0	0	0	13
oewn-00824028-v	declare	21	5.51	4.12	call	5	21	0.24	0	0	0	11
oewn-00830768-v	teach	25	5.42	4.12	talk	4	27	0.15	0	0	0	17
oewn-01896097-v	bounce	14	4.92	4.12	spring	0	15	0.0	0	0	0	4
oewn-02016196-v	transfer	12	4.89	4.12	carry	0	13	0.0	0	0	0	10
oewn-02031458-v	crowd	15	4.87	4.12	mass	0	15	0.0	0	0	0	6
oewn-01576346-v	tear	12	4.82	4.12	pull	7	12	0.58	0	0	0	4
oewn-00212840-v	preserve	14	6.46	4.11	can	0	14	0.0	0	0	0	10
oewn-00608509-v	study	15	6.28	4.11	get up	0	15	0.0	0	0	0	3
oewn-00021058-v	anesthetize	13	5.66	4.11	put out	0	13	0.0	0	0	0	6
oewn-00658931-v	categorize	8	5.36	4.11	class	0	8	0.0	0	0	0	2
oewn-02406951-v	oust	9	5.23	4.11	force out	0	9	0.0	0	0	0	3
oewn-01275580-v	stamp	7	5.22	4.11	date	0	7	0.0	0	0	0	4
oewn-01838427-v	stand still	7	5.19	4.11	stop dead	4	7	0.57	0	0	0	3
oewn-00227591-v	intensify	12	5.16	4.11	hot up	0	15	0.0	0	0	0	7
oewn-00376536-v	freeze	5	5.0	4.11	ice	0	5	0.0	0	0	0	4
oewn-01003339-v	set forth	7	4.81	4.11	draw	0	7	0.0	0	0	0	3
oewn-00652006-v	distinguish	24	6.1	4.1	know	13	29	0.45	0	0	0	15
oewn-02223876-v	support	10	5.87	4.1	see through	1	10	0.1	0	0	0	6
oewn-02147248-v	model	5	5.13	4.1	model	1	5	0.2	0	0	0	2
oewn-02233480-v	assign	10	5.01	4.1	allow	0	10	0.0	0	0	0	3
oewn-02449527-v	license	8	4.52	4.1	license	0	8	0.0	0	0	0	4
oewn-00935783-v	unwrap	34	6.38	4.09	out	0	36	0.0	0	0	0	13
oewn-00122978-v	change	53	5.92	4.09	take in	8	56	0.14	0	0	0	28
oewn-02724418-v	disagree	4	5.24	4.09	cut across	4	4	1.0	0	0	0	2
oewn-02322641-v	impoverish	9	5.18	4.09	break	0	9	0.0	0	0	0	4
oewn-01527659-v	stuff	10	5.14	4.09	stuff	0	10	0.0	0	0	0	4
oewn-01429911-v	fornicate	7	5.05	4.09	sleep around	1	7	0.14	0	0	0	5
oewn-00607730-v	drill	8	5.01	4.09	beat in	0	8	0.0	0	0	0	3
oewn-00604200-v	train	5	4.96	4.09	train	0	5	0.0	0	0	0	4
oewn-00045548-v	reduce	7	4.73	4.09	reduce	0	7	0.0	0	0	0	2
oewn-00472642-v	extinguish	22	5.92	4.08	take out	1	24	0.04	0	0	0	11
oewn-00049617-v	undress	9	5.92	4.08	take off	0	9	0.0	0	0	0	2
oewn-00486540-v	culminate	4	5.57	4.08	top	0	4	0.0	0	0	0	2
oewn-01401573-v	beat	14	5.54	4.08	full	0	15	0.0	0	0	0	10
oewn-00918880-v	guess	13	5.51	4.08	call	2	13	0.15	0	0	0	3
oewn-00218901-v	dry	16	5.37	4.08	air	1	18	0.06	0	0	0	12
oewn-02654741-v	occupy	7	5.35	4.08	move in	0	7	0.0	0	0	0	5
oewn-01461602-v	separate	23	5.18	4.08	break down	0	25	0.0	0	0	0	14
oewn-01757596-v	create	4	5.02	4.08	create	0	4	0.0	0	0	0	4
oewn-01530857-v	lodge	5	4.76	4.08	stick	0	5	0.0	0	0	0	2
oewn-02038831-v	arch	4	4.21	4.08	arc	0	4	0.0	0	0	0	2
oewn-02454205-v	exclude	10	5.66	4.07	keep out	2	10	0.2	0	0	0	4
oewn-01633150-v	raise	20	5.51	4.07	call down	8	20	0.4	0	0	0	3
oewn-01911251-v	turn	48	5.45	4.07	face	1	57	0.02	0	0	0	29
oewn-02062918-v	rush	25	5.13	4.07	step on it	0	26	0.0	0	0	0	4
oewn-02693758-v	cover	14	5.08	4.07	continue	0	15	0.0	0	0	0	7
oewn-02592711-v	govern	6	4.94	4.07	rule	1	6	0.17	0	0	0	5
oewn-00731363-v	wonder	4	4.93	4.07	wonder	4	4	1.0	0	0	0	2
oewn-00684847-v	censor	4	4.3	4.07	edit	0	4	0.0	0	0	0	2
oewn-02407967-v	displace	19	6.46	4.06	can	1	21	0.05	0	0	0	7
oewn-01217985-v	get	7	6.28	4.06	get	0	7	0.0	0	0	0	3
oewn-00705641-v	contemplate	6	6.08	4.06	think about	0	6	0.0	0	0	0	2
oewn-00768463-v	persuade	29	6.08	4.06	make	10	30	0.33	0	0	0	17
oewn-01412877-v	strike	33	5.88	4.06	down	0	35	0.0	0	0	0	21
oewn-02584595-v	observe	9	5.66	4.06	keep	0	10	0.0	0	0	0	5
oewn-00956640-v	publicize	25	5.66	4.06	put out	1	27	0.04	0	0	0	6
oewn-00509113-v	mark	27	5.49	4.06	line	0	27	0.0	0	0	0	19
oewn-01766135-v	arouse	6	5.32	4.06	turn on	5	6	0.83	0	0	0	2
oewn-01530059-v	wedge	7	5.23	4.06	force	0	7	0.0	0	0	0	3
oewn-00209582-v	decompose	6	5.18	4.06	break down	0	6	0.0	0	0	0	4
oewn-00420903-v	tighten	13	5.16	4.06	press	0	14	0.0	0	0	0	5
oewn-01817851-v	rejoice	10	5.08	4.06	walk on air	5	10	0.5	0	0	0	4
oewn-00929401-v	hint	9	4.91	4.06	touch	2	9	0.22	0	0	0	4
oewn-01013058-v	affirm	15	5.92	4.05	take	3	15	0.2	0	0	0	7
oewn-01819152-v	still	5	5.92	4.05	still	1	5	0.2	0	0	0	2
oewn-02316367-v	withdraw	13	5.92	4.05	take out	0	13	0.0	0	0	0	7
oewn-01172332-v	drink	25	5.88	4.05	down	9	25	0.36	0	0	0	10
oewn-01262255-v	chip	10	5.78	4.05	come off	0	10	0.0	0	0	0	3
oewn-01075360-v	play	42	5.66	4.05	put out	6	43	0.14	0	0	0	38
oewn-01477180-v	let go of	17	5.6	4.05	let go	0	19	0.0	0	0	0	11
oewn-01532886-v	bury	4	5.59	4.05	set	0	4	0.0	0	0	0	2
oewn-00200761-v	edit	14	5.46	4.05	black out	0	14	0.0	0	0	0	7
oewn-02639021-v	include	16	5.21	4.05	include	0	18	0.0	0	0	0	8
oewn-02303593-v	offer	8	5.05	4.05	offer	3	9	0.33	0	0	0	7
oewn-01694952-v	write	14	5.03	4.05	write	1	16	0.06	0	0	0	13
oewn-01944262-v	fly	9	4.86	4.05	flight	1	10	0.1	0	0	0	8
oewn-01515257-v	flip	8	4.83	4.05	throw back	0	8	0.0	0	0	0	4
oewn-01564990-v	crash	4	4.55	4.05	crash	0	4	0.0	0	0	0	4
oewn-02124916-v	bite	5	4.53	4.05	burn	5	5	1.0	0	0	0	2
oewn-01506036-v	stack	5	4.32	4.05	rick	0	5	0.0	0	0	0	3
oewn-02384895-v	retire	4	4.3	4.05	bow out	0	4	0.0	0	0	0	3
oewn-01972576-v	rise	23	6.03	4.04	go up	1	30	0.03	0	0	0	11
oewn-00964479-v	talk	35	6.03	4.04	go on	3	36	0.08	0	0	0	16
oewn-02077642-v	abscond	8	5.93	4.04	go off	1	8	0.12	0	0	0	2
oewn-00050171-v	take off	5	5.92	4.04	take off	2	5	0.4	0	0	0	5
oewn-00206293-v	better	54	5.88	4.04	down	21	57	0.37	0	0	0	26
oewn-01204494-v	swallow	4	5.88	4.04	get down	0	4	0.0	0	0	0	3
oewn-01559703-v	separate	30	5.78	4.04	part	0	33	0.0	0	0	0	16
oewn-02700775-v	situate	9	5.71	4.04	place	0	9	0.0	0	0	0	6
oewn-02547977-v	comply	9	5.66	4.04	keep	0	9	0.0	0	0	0	5
oewn-00382272-v	transform	6	5.4	4.04	become	0	6	0.0	0	0	0	3
oewn-00335806-v	break	6	5.18	4.04	break	0	6	0.0	0	0	0	5
oewn-00683348-v	measure	16	5.15	4.04	value	3	17	0.18	0	0	1	7
oewn-00250199-v	regress	7	5.13	4.04	fall back	0	7	0.0	0	0	0	2
oewn-01535377-v	clean	25	4.97	4.04	clean	2	25	0.08	0	0	0	15
oewn-01959843-v	ride	26	4.96	4.04	train	6	27	0.22	0	0	0	14
oewn-01008466-v	sketch	5	4.88	4.04	block out	0	5	0.0	0	0	0	2
oewn-00295007-v	bloom	5	4.42	4.04	flower	0	5	0.0	0	0	0	2
oewn-01544361-v	spill	4	4.37	4.04	seed	0	4	0.0	0	0	0	2
oewn-01387824-v	aggregate	4	4.13	4.04	combine	0	4	0.0	0	0	0	2
oewn-00947287-v	recite	10	5.89	4.03	say	0	10	0.0	0	0	0	5
oewn-00394655-v	get used to	4	5.8	4.03	get used to	0	4	0.0	0	0	0	2
oewn-02298282-v	hand over	9	5.62	4.03	give away	0	9	0.0	0	0	0	3
oewn-00381684-v	convert	10	5.54	4.03	change over	0	10	0.0	0	0	0	5
oewn-01173463-v	hit the bottle	18	5.37	4.03	hit it up	0	18	0.0	0	0	0	9
oewn-01604155-v	hold	8	5.19	4.03	hold	0	8	0.0	0	0	0	5
oewn-01397703-v	plate	12	4.81	4.03	silver	0	13	0.0	0	0	0	9
oewn-00784104-v	solicit	7	4.28	4.03	tap	0	7	0.0	0	0	0	4
oewn-00056644-v	give birth	23	6.71	4.02	have	0	24	0.0	0	0	0	13
oewn-02382049-v	interact	54	6.71	4.02	have	7	55	0.13	0	0	0	23
oewn-00638921-v	calculate	44	5.96	4.02	work out	3	44	0.07	0	0	0	22
oewn-02232523-v	abandon	6	5.71	4.02	give up	0	6	0.0	0	0	0	2
oewn-02657519-v	lodge	7	5.66	4.02	keep	0	7	0.0	0	0	0	4
oewn-00615374-v	leave	7	5.34	4.02	leave	6	9	0.67	0	0	0	5
oewn-00562167-v	cut	4	5.24	4.02	cut	0	4	0.0	0	0	0	3
oewn-01094777-v	battle	4	4.94	4.02	battle	2	4	0.5	0	0	0	3
oewn-01835473-v	move	181	6.28	4.01	get on	18	211	0.09	0	0	0	100
oewn-01214263-v	manipulate	23	5.96	4.01	work	9	25	0.36	0	0	0	11
oewn-02426474-v	free	12	5.63	4.01	free	7	12	0.58	0	0	0	7
oewn-01297878-v	join	33	5.59	4.01	set up	1	36	0.03	0	0	0	22
oewn-00261534-v	repair	26	5.54	4.01	point	0	27	0.0	0	0	0	12
oewn-01935739-v	steer	24	5.54	4.01	point	0	25	0.0	0	0	0	14
oewn-00014542-v	be active	4	5.35	4.01	move	0	4	0.0	0	0	0	2
oewn-00804987-v	authorize	17	5.25	4.01	clear	0	17	0.0	0	0	0	8
oewn-00450647-v	empty	16	5.25	4.01	clear	0	18	0.0	0	0	0	15
oewn-01420833-v	beat	5	5.01	4.01	beat	2	5	0.4	0	0	0	3
oewn-01551969-v	delete	11	4.83	4.01	score out	0	11	0.0	0	0	0	3
oewn-01027611-v	slip in	5	4.76	4.01	stick in	4	5	0.8	0	0	0	2
oewn-02400924-v	inaugurate	4	4.72	4.01	kick off	0	4	0.0	0	0	0	3
oewn-00891621-v	guarantee	5	4.64	4.01	secure	0	5	0.0	0	0	0	4
oewn-00109468-v	change	304	6.71	4.0	have	51	338	0.15	0	0	0	197
oewn-02593624-v	cope	20	6.28	4.0	get by	1	20	0.05	0	0	0	6
oewn-01566925-v	destroy	34	6.28	4.0	get	12	36	0.33	0	0	0	18
oewn-00642914-v	subtract	4	5.92	4.0	take off	0	4	0.0	0	0	0	2
oewn-01496967-v	put	100	5.71	4.0	place	1	119	0.01	0	0	0	79
oewn-01060446-v	comment	11	5.54	4.0	point out	4	11	0.36	0	0	1	4
oewn-02311442-v	levy	10	5.23	4.0	fine	1	10	0.1	0	0	0	8
oewn-02475258-v	unite	26	5.2	4.0	club	0	27	0.0	0	0	0	12
oewn-02405902-v	elect	5	5.19	4.0	return	0	5	0.0	0	0	0	3
oewn-00904886-v	wish	4	5.18	4.0	wish	0	4	0.0	0	0	0	2
oewn-00857194-v	review	4	5.12	4.0	review	0	4	0.0	0	0	0	2
oewn-01651668-v	stage	5	5.1	4.0	stage	0	5	0.0	0	0	0	4
oewn-01133033-v	wall	7	5.04	4.0	wall	0	7	0.0	0	0	0	3
oewn-02280210-v	claim	6	4.95	4.0	claim	0	7	0.0	0	0	0	4
oewn-02589224-v	rebel	6	4.81	4.0	rise	0	6	0.0	0	0	0	3
oewn-01134328-v	bombard	18	4.6	4.0	bomb	1	19	0.05	0	0	0	13
oewn-01748949-v	format	4	4.47	4.0	format	0	4	0.0	0	0	0	3
oewn-00860463-v	cheer	9	4.41	4.0	root on	0	9	0.0	0	0	0	2
oewn-01566505-v	partition	4	4.32	4.0	pound	0	4	0.0	0	0	0	2
oewn-01448551-v	bite	8	4.31	4.0	bite	0	9	0.0	0	0	0	7
oewn-01217161-v	bring out	4	6.28	3.99	get out	0	4	0.0	0	0	0	2
oewn-00084491-v	drug	14	5.66	3.99	put out	1	14	0.07	0	0	0	6
oewn-01751753-v	print	13	5.59	3.99	set	0	13	0.0	0	0	0	9
oewn-01551500-v	erase	8	5.24	3.99	cut out	0	8	0.0	0	0	0	3
oewn-01450719-v	pull	24	5.08	3.99	pick	1	28	0.04	0	0	0	14
oewn-01879288-v	rock	7	5.03	3.99	rock	1	7	0.14	0	0	0	5
oewn-01492993-v	load	4	5.02	3.99	charge	0	4	0.0	0	0	0	2
oewn-01080628-v	trump	4	4.93	3.99	trump	0	4	0.0	0	0	0	3
oewn-00384213-v	translate	6	4.04	3.99	transform	0	6	0.0	0	0	0	3
oewn-01658171-v	construct	23	6.08	3.98	make	1	23	0.04	0	0	0	13
oewn-01635076-v	create by mental act	37	6.08	3.98	make	4	39	0.1	0	0	0	15
oewn-01657416-v	make	9	6.08	3.98	make	0	10	0.0	0	0	0	6
oewn-01177764-v	toast	6	5.71	3.98	give	0	6	0.0	0	0	0	2
oewn-01820398-v	satisfy	5	5.66	3.98	please	4	6	0.67	0	0	0	4
oewn-00711208-v	intend	10	5.53	3.98	mean	0	10	0.0	0	0	0	5
oewn-01238728-v	hit	25	5.49	3.98	run into	0	26	0.0	0	0	0	15
oewn-00017858-v	go to bed	12	5.32	3.98	turn in	0	12	0.0	0	0	0	2
oewn-00989103-v	describe	8	4.81	3.98	draw	2	8	0.25	0	0	0	4
oewn-01955135-v	freight	4	4.8	3.98	air-ship	0	4	0.0	0	0	0	2
oewn-01939335-v	bicycle	7	4.6	3.98	cycle	0	7	0.0	0	0	0	3
oewn-01656984-v	manufacture	5	4.52	3.98	mass-produce	0	5	0.0	0	0	0	3
oewn-01215136-v	seize	26	6.28	3.97	get	1	31	0.03	0	0	0	14
oewn-01624592-v	produce	48	6.08	3.97	make	3	50	0.06	0	0	0	29
oewn-00603217-v	espouse	9	5.92	3.97	take up	0	9	0.0	0	0	0	2
oewn-01622948-v	destroy	35	5.88	3.97	take down	5	38	0.13	0	0	0	16
oewn-00572138-v	remove	11	5.63	3.97	free	5	11	0.45	0	0	0	6
oewn-01771801-v	affect	31	5.37	3.97	hit home	3	34	0.09	0	0	0	21
oewn-02247246-v	sell	29	5.35	3.97	move	6	29	0.21	0	0	0	22
oewn-01219234-v	hold	13	5.19	3.97	hold	0	14	0.0	0	0	0	8
oewn-02040935-v	slope	8	5.13	3.97	fall	0	8	0.0	0	0	0	6
oewn-01256888-v	wear away	7	4.92	3.97	wear away	2	7	0.29	0	0	0	2
oewn-02683377-v	involve	9	4.29	3.97	drag	0	9	0.0	0	0	0	3
oewn-02155378-v	watch	11	6.1	3.96	see	0	10	0.0	0	0	0	6
oewn-02418610-v	work	45	5.96	3.96	work	3	46	0.07	0	0	0	25
oewn-01366351-v	put on	15	5.66	3.96	put on	0	15	0.0	0	0	0	10
oewn-00852919-v	incite	5	5.59	3.96	set off	0	5	0.0	0	0	0	2
oewn-01949375-v	sail	16	5.54	3.96	point	1	16	0.06	0	0	0	10
oewn-01633724-v	call up	13	5.51	3.96	call down	0	13	0.0	0	0	0	2
oewn-00445584-v	melt	6	5.5	3.96	try	0	6	0.0	0	0	0	3
oewn-01764964-v	inflame	7	5.3	3.96	fire up	0	7	0.0	0	0	0	2
oewn-01213301-v	handle	6	5.24	3.96	field	2	6	0.33	0	0	0	5
oewn-01715824-v	film	4	5.2	3.96	film	0	4	0.0	0	0	0	3
oewn-01449876-v	press	17	5.16	3.96	press	1	18	0.06	0	0	0	7
oewn-01817635-v	exult	7	5.08	3.96	walk on air	3	7	0.43	0	0	0	2
oewn-01525056-v	wind	12	5.04	3.96	ball	0	12	0.0	0	0	0	6
oewn-01849662-v	travel	9	5.0	3.96	travel	0	10	0.0	0	0	0	7
oewn-01967949-v	jump	25	4.92	3.96	spring	0	30	0.0	0	0	0	16
oewn-00689827-v	distrust	4	4.9	3.96	doubt	1	4	0.25	0	0	0	2
oewn-02551772-v	honor	11	4.9	3.96	drink	6	11	0.55	0	0	0	4
oewn-01810076-v	brace	4	4.71	3.96	steel	4	4	1.0	0	0	0	2
oewn-02347128-v	supplement	6	4.64	3.96	fill out	2	6	0.33	0	0	0	4
oewn-00882499-v	fawn	11	4.58	3.96	court favor	0	11	0.0	0	0	0	2
oewn-02730292-v	relate	6	4.51	3.96	tie in	2	6	0.33	0	0	0	5
oewn-00871877-v	warn	9	4.33	3.96	alert	2	9	0.22	0	0	0	5
oewn-00286768-v	stain	7	4.14	3.96	tattoo	0	7	0.0	0	0	0	6
oewn-00758383-v	claim	8	6.08	3.95	make out	0	9	0.0	0	0	0	7
oewn-02396945-v	delegate	24	5.71	3.95	place	11	29	0.38	0	0	0	15
oewn-01146304-v	hunt	23	5.49	3.95	run	0	25	0.0	0	0	0	19
oewn-00313162-v	darken	7	5.46	3.95	black out	3	7	0.43	0	0	0	4
oewn-02516039-v	control	22	5.4	3.95	control	2	23	0.09	0	0	0	10
oewn-01886807-v	weave	6	4.84	3.95	wind	0	6	0.0	0	0	0	2
oewn-01285148-v	hollow	19	4.81	3.95	draw in	0	19	0.0	0	0	0	11
oewn-02673287-v	conflict	4	4.64	3.95	conflict	0	4	0.0	0	0	0	2
oewn-00005815-v	cough	5	4.3	3.95	clear the throat	0	5	0.0	0	0	0	3
oewn-01850262-v	voyage	5	4.22	3.95	cruise	0	5	0.0	0	0	0	3
oewn-00145958-v	change state	171	6.28	3.94	get	16	180	0.09	0	0	1	73
oewn-02070867-v	run	30	6.03	3.94	well out	0	31	0.0	0	0	0	15
oewn-01663142-v	shape	32	5.96	3.94	work	5	37	0.14	0	0	0	23
oewn-00436806-v	roll up	8	5.92	3.94	take in	0	8	0.0	0	0	0	6
oewn-01779085-v	love	8	5.82	3.94	love	3	9	0.33	0	0	0	6
oewn-02271905-v	spend	35	5.81	3.94	use	2	41	0.05	0	0	0	15
oewn-02289796-v	refund	7	5.71	3.94	give back	0	7	0.0	0	0	0	3
oewn-00075867-v	tire	12	5.49	3.94	run down	0	12	0.0	0	0	0	3
oewn-02196212-v	season	12	5.48	3.94	season	3	12	0.25	0	0	0	7
oewn-02291049-v	locate	5	5.32	3.94	turn up	0	5	0.0	0	0	0	3
oewn-02174335-v	listen	12	5.23	3.94	hear out	4	13	0.31	0	0	0	6
oewn-02564777-v	ruin	4	5.18	3.94	break	3	4	0.75	0	0	0	4
oewn-01906776-v	float	7	4.62	3.94	stream	0	7	0.0	0	0	0	4
oewn-02174871-v	attend	6	4.6	3.94	hang	0	6	0.0	0	0	0	2
oewn-00777876-v	oppose	4	4.53	3.94	contest	0	4	0.0	0	0	0	2
oewn-01219086-v	clasp	5	4.16	3.94	embrace	4	5	0.8	0	0	0	2
oewn-02197016-v	zest	5	4.14	3.94	pepper	0	5	0.0	0	0	0	3
oewn-00920843-v	determine	22	5.76	3.93	find	5	22	0.23	0	0	0	11
oewn-02420961-v	busy	7	5.61	3.93	play around	2	7	0.29	0	0	0	3
oewn-00144670-v	form	18	5.51	3.93	head	0	18	0.0	0	0	0	12
oewn-00815640-v	hash out	29	5.42	3.93	talk over	0	32	0.0	0	0	0	13
oewn-01227308-v	operate	15	5.4	3.93	control	0	15	0.0	0	0	0	11
oewn-02635337-v	obviate	11	5.36	3.93	close out	0	11	0.0	0	0	0	3
oewn-00355288-v	check	5	5.31	3.93	check	0	5	0.0	0	0	0	2
oewn-02453050-v	form	11	5.31	3.93	form	0	11	0.0	0	0	0	7
oewn-01958986-v	dispatch	5	5.11	3.93	send off	0	5	0.0	0	0	0	3
oewn-01534530-v	impress	5	4.76	3.93	boss	0	6	0.0	0	0	0	3
oewn-00105308-v	joke	5	4.68	3.93	joke	2	5	0.4	0	0	0	2
oewn-01486416-v	pack	5	4.66	3.93	pack	0	5	0.0	0	0	0	2
oewn-01487029-v	bunch	5	4.57	3.93	bunch	0	5	0.0	0	0	0	2
oewn-01445640-v	bore	5	4.09	3.93	drill	0	5	0.0	0	0	0	4
oewn-01818782-v	comfort	16	5.92	3.92	still	4	17	0.24	0	0	0	3
oewn-00474948-v	polish	12	5.88	3.92	down	6	12	0.5	0	0	0	3
oewn-01335412-v	cover	96	5.66	3.92	put on	2	105	0.02	0	0	0	84
oewn-00832422-v	lecture	4	5.42	3.92	talk	0	4	0.0	0	0	0	2
oewn-02644022-v	wait	25	5.35	3.92	wait	0	26	0.0	0	0	0	5
oewn-01694189-v	draw	21	5.31	3.92	check	0	21	0.0	0	0	0	14
oewn-01313320-v	excavate	6	5.13	3.92	drive	0	6	0.0	0	0	0	3
oewn-00832735-v	instruct	5	4.91	3.92	direct	0	5	0.0	0	0	0	3
oewn-01576722-v	shred	4	4.35	3.92	tear up	3	4	0.75	0	0	0	2
oewn-00861956-v	applaud	5	4.06	3.92	cheer	4	5	0.8	0	0	1	3
oewn-01775456-v	feel	77	6.41	3.91	like	55	81	0.68	0	0	0	40
oewn-01649143-v	cause	31	6.35	3.91	do	0	32	0.0	0	0	0	11
oewn-02228837-v	get rid of	50	5.93	3.91	work off	0	50	0.0	0	0	0	31
oewn-02134989-v	look	34	5.81	3.91	have a look	6	35	0.17	0	0	10	21
oewn-02392628-v	educate	9	5.71	3.91	school	2	9	0.22	0	0	0	5
oewn-02142175-v	disclose	4	5.45	3.91	face	0	6	0.0	0	0	0	3
oewn-02403605-v	ennoble	8	5.1	3.91	lord	2	8	0.25	0	0	0	4
oewn-01637684-v	think up	12	6.08	3.9	make up	5	12	0.42	0	0	0	3
oewn-00276406-v	regularize	4	5.99	3.9	even	0	4	0.0	0	0	0	2
oewn-02420169-v	work at	4	5.96	3.9	work at	0	4	0.0	0	0	0	2
oewn-00954556-v	tell	45	5.71	3.9	give	0	45	0.0	0	0	0	10
oewn-02648041-v	delay	20	5.66	3.9	put off	0	20	0.0	0	0	0	4
oewn-00994073-v	gesticulate	26	5.66	3.9	put out	0	28	0.0	0	0	0	14
oewn-01466592-v	arrange	52	5.59	3.9	set	0	56	0.0	0	0	0	34
oewn-02445887-v	control	40	5.56	3.9	care	1	42	0.02	0	0	0	19
oewn-02506551-v	hear	4	5.5	3.9	try	0	4	0.0	0	0	0	2
oewn-01348685-v	open	21	5.48	3.9	open	0	21	0.0	0	0	0	13
oewn-02439823-v	join	19	5.46	3.9	get together	0	19	0.0	0	0	0	10
oewn-01471205-v	eject	12	5.32	3.9	turn out	1	13	0.08	0	0	0	6
oewn-00615748-v	abandon	9	5.08	3.9	walk out	4	9	0.44	0	0	0	5
oewn-00681308-v	choose	8	4.91	3.9	choose	5	8	0.62	0	0	0	3
oewn-01444129-v	pierce	13	4.76	3.9	stick	0	14	0.0	0	0	0	9
oewn-01492646-v	load	12	4.66	3.9	pack	0	12	0.0	0	0	0	6
oewn-00856102-v	deceive	23	5.92	3.89	take in	12	23	0.52	0	0	0	5
oewn-00430013-v	reduce	23	5.62	3.89	take away	1	23	0.04	0	0	0	14
oewn-01323662-v	snip	14	5.57	3.89	top	1	14	0.07	0	0	0	5
oewn-00441241-v	check	6	5.33	3.89	stay	0	7	0.0	0	0	0	3
oewn-02512195-v	compel	18	5.23	3.89	force	6	20	0.3	0	0	0	9
oewn-01780648-v	dislike	5	5.11	3.89	hate	4	5	0.8	0	0	0	4
oewn-01531609-v	implant	9	4.89	3.89	plant	0	9	0.0	0	0	0	4
oewn-00312341-v	darken	13	4.52	3.89	blind	1	14	0.07	0	0	0	9
oewn-02309628-v	snap up	4	4.52	3.89	grab	0	4	0.0	0	0	0	2
oewn-02703567-v	embody	6	6.79	3.88	be	0	7	0.0	0	0	0	3
oewn-01285811-v	wrap	8	6.35	3.88	do up	0	8	0.0	0	0	0	7
oewn-01219607-v	hold	20	5.53	3.88	support	0	22	0.0	0	0	0	13
oewn-02325354-v	charge	9	5.15	3.88	bill	1	9	0.11	0	0	0	7
oewn-02194160-v	listen in	6	5.06	3.88	listen in	2	6	0.33	0	0	0	2
oewn-02201394-v	change taste	10	4.73	3.88	change taste	4	10	0.4	0	0	0	4
oewn-02048171-v	circle	6	4.55	3.88	circle	0	7	0.0	0	0	0	5
oewn-00601765-v	absorb	7	4.36	3.88	engage	0	7	0.0	0	0	0	4
oewn-02524849-v	pose	4	4.1	3.88	pose	2	4	0.5	0	0	0	2
oewn-01878561-v	float	4	4.05	3.88	tide	0	4	0.0	0	0	0	4
oewn-00071765-v	make	17	6.08	3.87	make	0	17	0.0	0	0	0	3
oewn-01315031-v	scoop	6	5.92	3.87	take up	0	6	0.0	0	0	0	2
oewn-00427254-v	reappear	5	5.78	3.87	come back	2	5	0.4	0	0	0	3
oewn-00233707-v	restrain	24	5.66	3.87	keep	1	25	0.04	0	0	0	9
oewn-02401347-v	appoint	6	5.61	3.87	name	0	6	0.0	0	0	0	3
oewn-01589983-v	enclose	40	5.55	3.87	case	0	40	0.0	0	0	0	18
oewn-01825361-v	interest	11	5.17	3.87	interest	4	11	0.36	0	0	0	4
oewn-00275523-v	erode	4	5.13	3.87	eat away	0	4	0.0	0	0	0	2
oewn-00958719-v	qualify	7	5.05	3.87	mark	4	7	0.57	0	0	0	3
oewn-01099911-v	enlist	6	4.75	3.87	raise	0	6	0.0	0	0	0	2
oewn-01924925-v	hike	4	4.66	3.87	pack	1	4	0.25	0	0	0	3
oewn-01085766-v	demolish	5	4.52	3.87	destroy	1	5	0.2	0	0	0	4
oewn-02775199-v	blow	7	5.59	3.86	set in	2	7	0.29	0	0	0	7
oewn-02344409-v	equip	39	5.59	3.86	set	0	41	0.0	0	0	0	26
oewn-02456614-v	impede	16	5.59	3.86	set back	0	17	0.0	0	0	0	9
oewn-02356006-v	price	6	5.23	3.86	price	3	6	0.5	0	0	0	5
oewn-00733774-v	concenter	6	5.0	3.86	focus	0	6	0.0	0	0	0	2
oewn-00301542-v	qualify	4	4.19	3.86	qualify	1	4	0.25	0	0	0	3
oewn-02655932-v	populate	27	6.25	3.85	people	1	28	0.04	0	0	0	12
oewn-00766947-v	reconcile	8	6.08	3.85	make up	1	8	0.12	0	0	0	3
oewn-01746767-v	imitate	13	5.92	3.85	take after	6	14	0.43	0	0	0	8
oewn-00204228-v	worsen	23	5.78	3.85	come down	15	24	0.62	0	0	0	12
oewn-00465234-v	align	17	5.49	3.85	line up	0	17	0.0	0	0	0	7
oewn-00941308-v	explain	11	5.25	3.85	clear up	7	11	0.64	0	0	0	7
oewn-01266043-v	strip	12	4.91	3.85	skin	0	13	0.0	0	0	0	5
oewn-02672941-v	contrast	6	4.64	3.85	conflict	0	6	0.0	0	0	0	4
oewn-01749530-v	print	4	4.54	3.85	print	0	4	0.0	0	0	0	3
oewn-01463957-v	compound	8	4.18	3.85	compound	0	8	0.0	0	0	0	5
oewn-00006238-v	expectorate	13	3.95	3.85	cough	3	14	0.21	0	0	0	4
oewn-02073816-v	spill	7	6.03	3.84	well over	0	7	0.0	0	0	0	2
oewn-00945869-v	express	40	5.71	3.84	give	8	43	0.19	0	0	0	17
oewn-00658247-v	group	11	5.57	3.84	group	0	11	0.0	0	0	0	6
oewn-02064069-v	diffuse	9	5.49	3.84	run	0	9	0.0	0	0	0	5
oewn-01012145-v	declare	40	5.21	3.84	account	5	44	0.11	0	0	0	18
oewn-01813288-v	overwhelm	15	5.19	3.84	get hold of	3	15	0.2	0	0	0	8
oewn-01016830-v	testify	5	5.14	3.84	take the stand	0	5	0.0	0	0	0	2
oewn-00467564-v	integrate	6	5.04	3.84	build in	1	6	0.17	0	0	0	5
oewn-02073479-v	pour	11	4.99	3.84	drop	0	13	0.0	0	0	0	6
oewn-00305890-v	narrow	4	4.94	3.84	contract	0	4	0.0	0	0	0	3
oewn-02536865-v	endeavor	7	4.62	3.84	struggle	1	7	0.14	0	0	0	4
oewn-02032212-v	pour	8	4.62	3.84	stream	0	8	0.0	0	0	0	2
oewn-02028855-v	cluster	9	4.57	3.84	bunch	0	9	0.0	0	0	0	3
oewn-00724156-v	concentrate	19	6.08	3.83	think	0	19	0.0	0	0	0	6
oewn-02218472-v	withhold	10	5.66	3.83	keep back	0	12	0.0	0	0	0	7
oewn-02059573-v	travel rapidly	13	5.49	3.83	run	0	13	0.0	0	0	0	4
oewn-02619895-v	cut	4	5.24	3.83	cut	0	4	0.0	0	0	0	2
oewn-00209244-v	decay	20	5.18	3.83	break	7	20	0.35	0	0	0	8
oewn-01149384-v	fence	4	4.88	3.83	block	0	4	0.0	0	0	0	2
oewn-00932561-v	imply	7	4.75	3.83	suggest	5	7	0.71	0	0	0	4
oewn-00898147-v	uphold	4	4.65	3.83	maintain	0	4	0.0	0	0	0	2
oewn-00438402-v	specialize	6	4.39	3.83	narrow	0	6	0.0	0	0	0	2
oewn-00296959-v	adjust	44	6.29	3.82	time	5	50	0.1	0	0	0	27
oewn-01111038-v	overcome	6	6.08	3.82	get over	0	6	0.0	0	0	0	2
oewn-02705946-v	harmonize	11	6.03	3.82	go	0	11	0.0	0	0	0	3
oewn-02653599-v	prevail	7	5.49	3.82	run	0	7	0.0	0	0	0	3
oewn-00405549-v	organize	7	5.46	3.82	get your shit together	0	7	0.0	0	0	0	4
oewn-00717773-v	rule	9	4.94	3.82	rule	0	9	0.0	0	0	0	3
oewn-01579309-v	crop	5	4.38	3.82	grass	0	5	0.0	0	0	0	3
oewn-00326129-v	fry	9	3.89	3.82	fry	0	9	0.0	0	0	0	7
oewn-02220288-v	fund	5	5.92	3.81	take over	0	5	0.0	0	0	0	4
oewn-01543237-v	sorb	6	5.92	3.81	take in	0	7	0.0	0	0	0	5
oewn-02260076-v	accord	5	5.71	3.81	give	0	5	0.0	0	0	0	3
oewn-01730049-v	play	14	5.61	3.81	play	1	14	0.07	0	0	0	13
oewn-01763170-v	arouse	51	5.34	3.81	ask for	16	53	0.3	0	0	0	19
oewn-02249738-v	deal	13	5.32	3.81	deal	0	14	0.0	0	0	0	7
oewn-00203443-v	corrupt	7	4.58	3.81	load	5	7	0.71	0	0	0	2
oewn-02007615-v	hound	4	4.49	3.81	hunt	0	4	0.0	0	0	0	2
oewn-02713660-v	defy	4	4.39	3.81	refuse	1	4	0.25	0	0	0	2
oewn-00787624-v	investigate	4	4.31	3.81	investigate	0	4	0.0	0	0	0	2
oewn-01874268-v	skid	7	4.3	3.81	slide	0	8	0.0	0	0	0	4
oewn-01528083-v	malfunction	5	4.25	3.81	brick	1	5	0.2	0	0	0	4
oewn-00283850-v	dye	10	4.2	3.81	bronze	1	12	0.08	0	0	0	10
oewn-00179205-v	take off	11	5.92	3.8	take off	0	11	0.0	0	0	0	4
oewn-00156409-v	increase	36	5.54	3.8	full	1	40	0.03	0	0	0	22
oewn-00919743-v	predict	17	5.54	3.8	read	2	17	0.12	0	0	0	7
oewn-01265500-v	skin	5	4.91	3.8	skin	0	5	0.0	0	0	0	3
oewn-01346574-v	fasten	3	4.76	3.8	stick	0	5	0.0	0	0	0	5
oewn-00846978-v	abuse	10	4.66	3.8	abuse	4	10	0.4	0	0	0	4
oewn-02763991-v	pour	8	4.62	3.8	stream	0	8	0.0	0	0	0	3
oewn-01226565-v	grip	9	4.31	3.8	bite	1	9	0.11	0	0	0	3
oewn-02165374-v	glow	4	3.91	3.8	glow	0	4	0.0	0	0	0	4
oewn-02279327-v	assume	12	5.92	3.79	take over	5	13	0.38	0	0	0	6
oewn-01665698-v	level	8	5.88	3.79	take down	0	8	0.0	0	0	0	2
oewn-01118003-v	surrender	5	5.71	3.79	give up	0	5	0.0	0	0	0	4
oewn-02285938-v	store	19	5.66	3.79	put in	0	19	0.0	0	0	0	6
oewn-00948787-v	number	4	5.62	3.79	number	0	4	0.0	0	0	0	2
oewn-00169614-v	modify	21	5.16	3.79	hot up	4	23	0.17	0	0	0	15
oewn-02149298-v	hide	26	5.08	3.79	cover	0	27	0.0	0	0	0	13
oewn-01143220-v	fish	14	4.9	3.79	fish	0	14	0.0	0	0	0	13
oewn-02086937-v	spread	9	4.81	3.79	spread	0	9	0.0	0	0	0	5
oewn-00618547-v	neglect	4	4.48	3.79	ignore	0	4	0.0	0	0	0	2
oewn-02573434-v	rape	8	4.48	3.79	rape	0	8	0.0	0	0	0	2
oewn-01229439-v	probe	4	4.22	3.79	dig into	0	4	0.0	0	0	0	2
oewn-00682064-v	prejudice	4	4.18	3.79	bias	1	5	0.2	0	0	0	3
oewn-00043880-v	overdress	25	6.28	3.78	get up	3	25	0.12	0	0	0	6
oewn-02255433-v	compensate	5	5.71	3.78	give	0	5	0.0	0	0	0	2
oewn-02570061-v	exempt	8	5.63	3.78	free	0	8	0.0	0	0	0	6
oewn-00749139-v	order	4	5.49	3.78	order	0	4	0.0	0	0	0	2
oewn-01322669-v	reap	4	5.24	3.78	cut	0	4	0.0	0	0	0	2
oewn-01279534-v	notch	5	5.05	3.78	mark	0	5	0.0	0	0	0	3
oewn-01662082-v	fashion	7	4.82	3.78	fashion	0	7	0.0	0	0	0	4
oewn-00679602-v	assign	5	4.78	3.78	set apart	0	5	0.0	0	0	0	3
oewn-01679140-v	forge	4	4.16	3.78	hammer	0	4	0.0	0	0	0	3
oewn-01259737-v	chop	4	4.05	3.78	hack	0	4	0.0	0	0	0	2
oewn-00961859-v	translate	6	3.93	3.78	translate	1	6	0.17	0	0	0	4
oewn-02211401-v	take	25	5.92	3.77	take	8	26	0.31	0	0	1	10
oewn-01140949-v	gamble	6	5.61	3.77	play	0	7	0.0	0	0	0	5
oewn-00806464-v	disagree	8	5.23	3.77	take issue	1	9	0.11	0	0	0	4
oewn-01666666-v	cast	9	5.16	3.77	press	0	9	0.0	0	0	0	4
oewn-02556841-v	rescue	7	5.14	3.77	save	7	7	1.0	0	0	0	3
oewn-01553977-v	scar	7	5.05	3.77	mark	0	7	0.0	0	0	0	3
oewn-00073096-v	evacuate	4	4.59	3.77	empty	0	4	0.0	0	0	0	2
oewn-00908688-v	sentence	5	4.58	3.77	sentence	0	5	0.0	0	0	0	3
oewn-01221568-v	prop up	5	4.33	3.77	shore	0	5	0.0	0	0	0	2
oewn-01228534-v	stroke	5	4.27	3.77	stroke	0	5	0.0	0	0	0	3
oewn-01017253-v	testify	13	5.68	3.76	show	0	14	0.0	0	0	0	4
oewn-02563998-v	thwart	14	5.6	3.76	let down	3	14	0.21	0	0	0	5
oewn-00914001-v	exclaim	9	5.51	3.76	call out	6	9	0.67	0	0	0	3
oewn-01821905-v	cheer	6	5.31	3.76	take heart	4	6	0.67	0	0	0	2
oewn-01459400-v	pinch	8	4.17	3.76	tweet	1	8	0.12	0	0	0	3
oewn-00858260-v	condemn	4	3.92	3.76	boo	1	4	0.25	0	0	0	3
oewn-01326622-v	kill	77	6.35	3.75	do in	18	82	0.22	0	0	0	38
oewn-00721658-v	expect	20	6.08	3.75	think	13	21	0.62	0	0	0	5
oewn-00220887-v	strengthen	6	6.04	3.75	back	1	6	0.17	0	0	0	6
oewn-00356912-v	change surface	32	5.99	3.75	even	0	33	0.0	0	0	0	15
oewn-01622373-v	re-create	23	5.61	3.75	play	0	28	0.0	0	0	0	14
oewn-01122487-v	assail	24	5.59	3.75	set	8	27	0.3	0	0	0	13
oewn-00078513-v	treat	41	5.56	3.75	care for	1	41	0.02	0	0	0	25
oewn-01343121-v	fasten	75	5.49	3.75	run up	4	82	0.05	0	0	0	60
oewn-02422604-v	idle	25	5.39	3.75	fuck off	13	26	0.5	0	0	0	6
oewn-00966726-v	converse	23	5.35	3.75	question	14	25	0.56	0	0	0	7
oewn-00886738-v	oblige	9	5.19	3.75	hold	0	9	0.0	0	0	0	5
oewn-01304044-v	restrain	18	5.19	3.75	hold	0	20	0.0	0	0	0	9
oewn-01293025-v	attach	11	5.13	3.75	hold fast	0	11	0.0	0	0	0	6
oewn-02039764-v	bend	29	5.01	3.75	double	3	31	0.1	0	0	0	10
oewn-01288043-v	tie	19	4.92	3.75	band	0	19	0.0	0	0	0	14
oewn-00395719-v	blend	23	4.9	3.75	grow together	0	24	0.0	0	0	0	10
oewn-02701971-v	dominate	7	4.7	3.75	command	0	7	0.0	0	0	0	2
oewn-01971380-v	dive	10	4.69	3.75	jump	0	10	0.0	0	0	0	6
oewn-02543752-v	bind	7	4.59	3.75	bond	0	7	0.0	0	0	0	4
oewn-01875673-v	jostle	4	4.5	3.75	shoulder in	0	4	0.0	0	0	0	3
oewn-00589616-v	grok	19	6.28	3.74	get it	1	19	0.05	0	0	0	5
oewn-00783045-v	continue	8	6.03	3.74	go on	0	8	0.0	0	0	0	3
oewn-01168667-v	eat	38	5.92	3.74	take out	0	38	0.0	0	0	0	16
oewn-01964770-v	swim	10	5.71	3.74	school	0	11	0.0	0	0	0	10
oewn-02437377-v	organize	15	5.66	3.74	put	0	15	0.0	0	0	0	6
oewn-01801741-v	afflict	7	5.5	3.74	try	7	7	1.0	0	0	0	4
oewn-00379335-v	burn	7	5.3	3.74	fire	1	7	0.14	0	0	0	5
oewn-02571602-v	sin	4	5.13	3.74	fall	4	4	1.0	0	0	0	2
oewn-00017275-v	fall asleep	9	4.99	3.74	drop off	1	9	0.11	0	0	0	2
oewn-00932330-v	suggest	9	4.75	3.74	suggest	6	9	0.67	0	0	0	3
oewn-01457421-v	haul	7	4.29	3.74	drag	0	7	0.0	0	0	0	3
oewn-00468364-v	integrate	5	3.9	3.74	unite	0	5	0.0	0	0	0	3
oewn-01940612-v	skate	5	3.74	3.74	figure skate	0	5	0.0	0	0	0	5
oewn-01104324-v	beat	53	6.08	3.73	get over	8	54	0.15	0	0	0	18
oewn-01808928-v	anticipate	5	5.81	3.73	look for	3	5	0.6	0	0	0	2
oewn-02463257-v	disrespect	13	5.68	3.73	go against	6	13	0.46	0	0	0	3
oewn-00228662-v	water	6	5.52	3.73	water	0	6	0.0	0	0	0	4
oewn-01218568-v	grasp	6	5.19	3.73	hold on	0	6	0.0	0	0	0	4
oewn-01813031-v	shock	8	5.04	3.73	ball over	5	8	0.62	0	0	0	2
oewn-01489937-v	burden	7	5.02	3.73	weight	0	7	0.0	0	0	0	4
oewn-00752538-v	charge	9	5.02	3.73	charge	3	9	0.33	0	0	0	5
oewn-02389183-v	install	7	4.82	3.73	seat	0	8	0.0	0	0	0	3
oewn-01734912-v	sing	6	4.54	3.73	sing	0	6	0.0	0	0	0	6
oewn-01043826-v	dish the dirt	5	4.21	3.73	dish the dirt	2	5	0.4	0	0	0	2
oewn-01032865-v	covenant	3	4.2	3.73	communicate	0	4	0.0	0	0	0	3
oewn-01481233-v	clog	15	6.04	3.72	back up	0	15	0.0	0	0	0	4
oewn-02120601-v	stimulate	22	5.96	3.72	work	6	23	0.26	0	0	0	9
oewn-00463047-v	suppress	17	5.92	3.72	still	0	19	0.0	0	0	0	7
oewn-00164252-v	refresh	6	5.37	3.72	air	0	6	0.0	0	0	0	2
oewn-02404473-v	demote	7	5.18	3.72	break	5	7	0.71	0	0	0	3
oewn-00874568-v	rede	20	5.16	3.72	press	7	20	0.35	0	0	0	9
oewn-00104622-v	exhaust	30	5.09	3.72	release	2	30	0.07	0	0	0	11
oewn-02628315-v	connect	12	5.0	3.72	join	0	13	0.0	0	0	0	7
oewn-01456329-v	shlep	4	4.82	3.72	pull along	0	4	0.0	0	0	0	2
oewn-01785339-v	strong-arm	11	4.82	3.72	push around	0	11	0.0	0	0	0	2
oewn-00074587-v	shed blood	5	4.68	3.72	flow	0	5	0.0	0	0	0	2
oewn-01541851-v	absorb	14	5.92	3.71	take in	0	14	0.0	0	0	0	4
oewn-02500687-v	confine	21	5.66	3.71	keep	2	22	0.09	0	0	0	10
oewn-01425540-v	plug	9	5.52	3.71	stop up	0	9	0.0	0	0	0	5
oewn-00398482-v	disintegrate	15	5.49	3.71	run	0	19	0.0	0	0	0	8
oewn-00442400-v	decrease	42	5.32	3.71	turn down	8	48	0.17	0	0	0	16
oewn-00223926-v	weaken	27	5.07	3.71	die down	5	29	0.17	0	0	0	15
oewn-00311168-v	boom	6	4.35	3.71	expand	0	6	0.0	0	0	0	3
oewn-00245511-v	digest	8	4.07	3.71	concentrate	0	8	0.0	0	0	0	3
oewn-01380788-v	strew	4	3.99	3.71	straw	0	4	0.0	0	0	0	3
oewn-02137210-v	gaze	7	3.91	3.71	stare	3	7	0.43	0	0	1	4
oewn-02519853-v	treat	43	6.35	3.7	do by	18	44	0.41	0	0	0	18
oewn-01641524-v	discover	4	5.76	3.7	find	0	4	0.0	0	0	0	2
oewn-01381221-v	spread	22	5.71	3.7	give off	0	23	0.0	0	0	0	12
oewn-02719247-v	stick out	13	5.22	3.7	project	0	13	0.0	0	0	0	6
oewn-02672316-v	differ	13	5.14	3.7	stand out	7	14	0.5	0	0	0	6
oewn-00092045-v	devolve	13	4.99	3.7	drop	6	13	0.46	0	0	0	4
oewn-00203575-v	pervert	5	4.66	3.7	abuse	4	5	0.8	0	0	0	3
oewn-01609126-v	fortify	4	4.45	3.7	fort	0	4	0.0	0	0	0	3
oewn-02666520-v	coincide	4	4.4	3.7	co-occur	1	4	0.25	0	0	0	2
oewn-01446945-v	transfix	6	4.28	3.7	pin	0	6	0.0	0	0	0	3
oewn-00914426-v	shout	9	4.14	3.7	scream	0	9	0.0	0	0	0	5
oewn-01260655-v	chop	4	3.77	3.7	chop	0	4	0.0	0	0	0	3
oewn-00377673-v	burn	16	6.03	3.69	go up	5	17	0.29	0	0	0	8
oewn-02648898-v	postpone	21	5.66	3.69	put off	2	21	0.1	0	0	0	8
oewn-02580591-v	cheat	15	5.59	3.69	set up	9	15	0.6	0	0	0	7
oewn-00307505-v	explode	6	5.59	3.69	set off	0	6	0.0	0	0	0	3
oewn-01278326-v	score	7	5.49	3.69	line	0	7	0.0	0	0	0	5
oewn-01582662-v	unfold	10	5.48	3.69	open	0	10	0.0	0	0	0	7
oewn-01222867-v	cling to	10	5.19	3.69	hold close	6	10	0.6	0	0	0	2
oewn-02270824-v	save	9	5.14	3.69	save	0	9	0.0	0	0	0	2
oewn-01182162-v	feed	10	5.13	3.69	eat	0	10	0.0	0	0	0	5
oewn-00923709-v	mark	8	5.05	3.69	mark	3	8	0.38	0	0	0	6
oewn-00359085-v	die	31	6.03	3.68	go	4	31	0.13	0	0	3	9
oewn-00200023-v	correct	8	5.96	3.68	right	3	9	0.33	0	0	0	3
oewn-02048992-v	revolve	15	5.77	3.68	go around	0	17	0.0	0	0	0	6
oewn-02507387-v	expel	25	5.32	3.68	turn out	2	29	0.07	0	0	0	8
oewn-00822637-v	attest	10	5.14	3.68	evidence	2	11	0.18	0	0	0	6
oewn-01887337-v	shift	4	5.01	3.68	beat down	0	4	0.0	0	0	0	2
oewn-00070949-v	torture	7	4.15	3.68	torture	0	7	0.0	0	0	0	3
oewn-01995486-v	submerge	4	4.12	3.68	dive	0	4	0.0	0	0	0	3
oewn-00040084-v	groom	33	6.35	3.67	do	4	33	0.12	0	0	0	15
oewn-02232813-v	abandon	14	5.71	3.67	give up	0	14	0.0	0	0	0	6
oewn-02581157-v	deceive	30	5.59	3.67	set up	23	33	0.7	0	0	0	10
oewn-02517217-v	regulate	9	5.49	3.67	order	2	9	0.22	0	0	0	3
oewn-00293903-v	fancify	23	5.4	3.67	become	11	24	0.46	0	0	0	7
oewn-02711395-v	inhere in	5	5.23	3.67	rest	0	5	0.0	0	0	0	2
oewn-00605971-v	memorize	6	5.17	3.67	learn	0	6	0.0	0	0	0	2
oewn-01210571-v	cover	22	5.08	3.67	cover	2	22	0.09	0	0	0	14
oewn-01166589-v	exploit	10	5.04	3.67	mine	3	10	0.3	0	0	0	8
oewn-00401789-v	complicate	7	4.75	3.67	develop	0	7	0.0	0	0	0	4
oewn-02762516-v	rain	16	4.71	3.67	rain	4	16	0.25	0	0	0	5
oewn-01427110-v	embrace	8	4.51	3.67	lock	4	8	0.5	0	0	0	4
oewn-01375347-v	spray	6	4.5	3.67	shower	0	6	0.0	0	0	0	5
oewn-02162161-v	obscure	9	4.46	3.67	cloud	0	9	0.0	0	0	0	2
oewn-01383303-v	gather	37	5.78	3.66	come up	0	38	0.0	0	0	0	20
oewn-00973682-v	pronounce	17	5.76	3.66	find	10	17	0.59	0	0	0	8
oewn-01379697-v	discharge	12	5.61	3.66	play	0	12	0.0	0	0	0	5
oewn-00161033-v	change	10	5.54	3.66	change	0	10	0.0	0	0	0	6
oewn-00069650-v	injure	40	5.49	3.66	run down	12	40	0.3	0	0	0	19
oewn-00645135-v	analyze	8	5.18	3.66	break down	0	8	0.0	0	0	0	3
oewn-00047662-v	dress	31	5.08	3.66	cover	5	31	0.16	0	0	0	16
oewn-02143239-v	develop	5	4.75	3.66	develop	0	5	0.0	0	0	0	4
oewn-01578506-v	situate	6	4.75	3.66	fix	0	6	0.0	0	0	0	3
oewn-01948551-v	boat	8	4.71	3.66	boat	0	8	0.0	0	0	0	8
oewn-02387229-v	officiate	5	4.51	3.66	tie	0	5	0.0	0	0	0	2
oewn-02776675-v	overcast	4	4.46	3.66	cloud	0	4	0.0	0	0	0	3
oewn-00331892-v	grind	8	4.38	3.66	mill	0	8	0.0	0	0	0	4
oewn-01001860-v	erase	4	4.22	3.66	delete	0	4	0.0	0	0	0	2
oewn-00738221-v	analyze	4	3.84	3.66	analyze	0	4	0.0	0	0	0	2
oewn-00010428-v	act	75	6.35	3.65	do	9	79	0.11	0	0	0	44
oewn-00820214-v	concede	6	5.74	3.65	own up	0	6	0.0	0	0	0	2
oewn-02357015-v	liquidate	5	5.4	3.65	pay off	0	5	0.0	0	0	0	3
oewn-00753573-v	command	13	5.02	3.65	charge	0	13	0.0	0	0	0	4
oewn-01424276-v	insert	24	4.89	3.65	plant	0	24	0.0	0	0	0	9
oewn-00778104-v	oppose	9	4.79	3.65	negative	6	9	0.67	0	0	0	3
oewn-00886061-v	pledge	6	4.44	3.65	guarantee	0	7	0.0	0	0	0	5
oewn-02765572-v	ignite	10	5.33	3.64	light	0	12	0.0	0	0	0	6
oewn-01282617-v	flex	12	5.32	3.64	turn	0	12	0.0	0	0	0	6
oewn-02017423-v	displace	11	5.23	3.64	force out	0	11	0.0	0	0	0	7
oewn-00226992-v	intensify	16	5.18	3.64	break open	0	16	0.0	0	0	0	7
oewn-00246343-v	grow	7	5.03	3.64	culture	1	7	0.14	0	0	0	7
oewn-02769698-v	shine	17	5.01	3.64	beat down	6	17	0.35	0	0	0	11
oewn-01363602-v	plaster	7	4.13	3.64	mud	0	7	0.0	0	0	0	6
oewn-00153083-v	increase	35	6.39	3.63	up	3	43	0.07	0	0	0	23
oewn-00808164-v	approve	13	6.04	3.63	back	6	14	0.43	0	0	0	6
oewn-01237919-v	knead	4	5.96	3.63	work	1	4	0.25	0	0	0	3
oewn-01198570-v	abstain	7	5.66	3.63	keep off	3	8	0.38	0	0	0	5
oewn-01511000-v	throw	31	5.15	3.63	ground	0	31	0.0	0	0	0	21
oewn-01384737-v	pick	5	5.08	3.63	pick	0	5	0.0	0	0	0	3
oewn-00890750-v	sign	10	5.08	3.63	sign	0	10	0.0	0	0	0	8
oewn-00999839-v	endorse	5	4.84	3.63	co-sign	0	5	0.0	0	0	0	3
oewn-00855315-v	joke	9	4.76	3.63	horse around	6	9	0.67	0	0	0	4
oewn-02157242-v	peruse	7	4.22	3.63	leaf	0	7	0.0	0	0	0	2
oewn-00622345-v	confuse	5	3.85	3.63	obscure	0	5	0.0	0	0	0	2
oewn-02663315-v	match	44	5.81	3.62	look	14	46	0.3	0	0	0	22
oewn-00337528-v	crack	4	5.31	3.62	check	0	4	0.0	0	0	0	3
oewn-01822202-v	encourage	22	5.27	3.62	bring out	9	24	0.38	0	0	0	9
oewn-00653662-v	distinguish	5	5.05	3.62	mark	0	5	0.0	0	0	0	2
oewn-01205348-v	nourish	4	4.89	3.62	carry	0	4	0.0	0	0	0	2
oewn-01942285-v	ski	6	4.83	3.62	hot-dog	0	6	0.0	0	0	0	6
oewn-02195552-v	change intensity	12	4.65	3.62	quiet	0	12	0.0	0	0	0	6
oewn-02195078-v	soften	7	4.49	3.62	tone down	0	7	0.0	0	0	0	2
oewn-00007739-v	blink	7	4.3	3.62	bat	0	7	0.0	0	0	0	3
oewn-01251346-v	shave	4	3.89	3.62	trim	0	4	0.0	0	0	0	2
oewn-01402698-v	hit	60	6.28	3.61	get	14	63	0.22	0	0	0	34
oewn-00782236-v	chime in	9	5.66	3.61	put in	2	9	0.22	0	0	0	2
oewn-02473085-v	divide	21	5.61	3.61	lot	3	21	0.14	0	0	0	11
oewn-00626756-v	read	13	5.54	3.61	read	3	13	0.23	0	0	0	7
oewn-01670222-v	sew	5	5.49	3.61	run up	0	5	0.0	0	0	0	3
oewn-01121587-v	attack	27	5.37	3.61	hit	2	27	0.07	0	0	0	15
oewn-01745745-v	plow	6	5.32	3.61	turn	0	6	0.0	0	0	0	3
oewn-02352633-v	consign	7	5.31	3.61	check	0	8	0.0	0	0	0	5
oewn-00097837-v	resuscitate	8	5.27	3.61	bring up	0	8	0.0	0	0	0	3
oewn-00602438-v	steep	9	4.9	3.61	drink	0	9	0.0	0	0	0	2
oewn-01558524-v	incise	10	4.84	3.61	worry	0	10	0.0	0	0	0	7
oewn-02491069-v	hang	4	4.6	3.61	hang	0	4	0.0	0	0	0	3
oewn-02199359-v	disgust	7	4.45	3.61	gross out	0	7	0.0	0	0	0	2
oewn-00457106-v	soak	5	3.99	3.61	steep	0	5	0.0	0	0	0	3
oewn-01301854-v	cut off	5	5.24	3.6	cut off	0	5	0.0	0	0	0	3
oewn-01230239-v	penetrate	31	5.24	3.6	cut	2	38	0.05	0	0	0	20
oewn-01301254-v	detach	6	5.18	3.6	break	0	6	0.0	0	0	0	4
oewn-00171599-v	enrich	8	5.14	3.6	round out	1	8	0.12	0	0	0	4
oewn-01559128-v	tear	4	4.65	3.6	split	0	4	0.0	0	0	0	2
oewn-01443719-v	pierce	11	4.32	3.6	punch	0	13	0.0	0	0	0	9
oewn-00748070-v	ordain	7	6.45	3.59	will	0	7	0.0	0	0	0	4
oewn-02054955-v	make	5	6.08	3.59	make	1	5	0.2	0	0	0	4
oewn-01222557-v	brace	6	5.4	3.59	guy	0	6	0.0	0	0	0	3
oewn-00850760-v	mock	23	5.4	3.59	guy	3	23	0.13	0	0	0	4
oewn-00853615-v	ridicule	16	5.4	3.59	guy	3	16	0.19	0	0	0	5
oewn-01394891-v	wipe	9	5.05	3.59	pass over	0	9	0.0	0	0	0	6
oewn-02049739-v	rotate	9	4.38	3.59	spin	0	10	0.0	0	0	0	4
oewn-01596858-v	squash	10	4.17	3.59	crush	0	10	0.0	0	0	0	6
oewn-01311803-v	scratch	5	4.16	3.59	scratch	0	5	0.0	0	0	0	3
oewn-00885156-v	gloat	5	3.96	3.59	triumph	5	5	1.0	0	0	1	2
oewn-02085825-v	leave behind	4	5.29	3.58	leave behind	0	4	0.0	0	0	0	2
oewn-02510211-v	coerce	18	5.23	3.58	force	5	18	0.28	0	0	0	9
oewn-01809651-v	ache	6	5.07	3.58	die	0	6	0.0	0	0	0	2
oewn-01422127-v	agitate	13	5.01	3.58	beat	2	13	0.15	0	0	0	5
oewn-00896259-v	apologize	12	4.91	3.58	color	0	12	0.0	0	0	0	4
oewn-02468933-v	avoid	5	4.87	3.58	avoid	0	5	0.0	0	0	0	2
oewn-02684649-v	intrigue	4	4.52	3.58	grab	2	4	0.5	0	0	0	2
oewn-02128797-v	smell	4	4.49	3.58	smell	4	4	1.0	0	0	0	3
oewn-00036355-v	wash	9	4.46	3.58	wash	2	10	0.2	0	0	0	6
oewn-01038191-v	queer	6	4.15	3.58	compromise	6	6	1.0	0	0	0	2
oewn-02593176-v	dictate	4	3.94	3.58	grind down	0	4	0.0	0	0	0	2
oewn-00072742-v	excrete	56	6.08	3.57	make	0	58	0.0	0	0	0	8
oewn-01637966-v	fabricate	13	6.08	3.57	make up	5	13	0.38	0	0	0	6
oewn-01913390-v	overturn	8	5.32	3.57	turn over	0	8	0.0	0	0	0	3
oewn-02037140-v	swerve	10	5.24	3.57	cut	0	10	0.0	0	0	0	3
oewn-01252288-v	rub	21	5.05	3.57	pass over	2	23	0.09	0	0	0	14
oewn-01738383-v	duplicate	8	5.01	3.57	double	0	10	0.0	0	0	0	4
oewn-00343988-v	recur	4	4.6	3.57	cycle	0	4	0.0	0	0	0	3
oewn-01706373-v	verse	10	4.18	3.57	verse	2	10	0.2	0	0	0	5
oewn-00860989-v	cheer	5	4.06	3.57	cheer	5	5	1.0	0	0	0	2
oewn-00138328-v	change by reversal	35	5.96	3.56	right	5	36	0.14	0	0	0	13
oewn-01974840-v	descend	41	5.93	3.56	get off	0	45	0.0	0	0	0	21
oewn-01774422-v	disturb	18	5.32	3.56	turn on	8	19	0.42	0	0	0	5
oewn-00259743-v	damage	35	5.24	3.56	cut up	20	36	0.56	0	0	0	19
oewn-00302911-v	domesticate	7	5.18	3.56	break	5	7	0.71	0	0	0	2
oewn-00381095-v	permute	5	4.76	3.56	map	0	5	0.0	0	0	0	2
oewn-01391983-v	compress	6	4.66	3.56	pack	0	6	0.0	0	0	0	2
oewn-00357608-v	heave	4	4.5	3.56	lift	0	4	0.0	0	0	0	2
oewn-00462448-v	hush	12	5.92	3.55	still	0	12	0.0	0	0	0	5
oewn-02669219-v	contradict	6	5.68	3.55	go against	3	6	0.5	0	0	0	2
oewn-00338881-v	break up	20	5.18	3.55	break up	0	21	0.0	0	0	0	11
oewn-02525332-v	behave	5	5.08	3.55	walk	3	5	0.6	0	0	0	4
oewn-00792796-v	summon	5	4.84	3.55	demand	0	5	0.0	0	0	0	3
oewn-01049617-v	bark	6	4.73	3.55	bay	0	6	0.0	0	0	0	3
oewn-01356709-v	seal	7	4.66	3.55	pack	0	7	0.0	0	0	0	5
oewn-00265272-v	inflate	5	4.59	3.55	blow up	0	5	0.0	0	0	0	2
oewn-00257393-v	swell	15	4.59	3.55	blow up	8	15	0.53	0	0	0	6
oewn-02481345-v	appoint	16	6.08	3.54	make	4	17	0.24	0	0	0	7
oewn-00636134-v	reason	16	5.76	3.54	find	2	19	0.11	0	0	0	8
oewn-00888984-v	give	8	5.71	3.54	give	2	9	0.22	0	0	0	4
oewn-00244786-v	abridge	14	5.24	3.54	cut	0	15	0.0	0	0	0	3
oewn-01927862-v	climb	8	4.91	3.54	skin	0	8	0.0	0	0	0	2
oewn-01891569-v	glide	16	4.87	3.54	coast	0	16	0.0	0	0	0	10
oewn-00001740-v	breathe	20	4.78	3.54	saw wood	2	22	0.09	0	0	0	11
oewn-01196951-v	host	8	4.77	3.54	host	0	8	0.0	0	0	0	5
oewn-00004227-v	exhale	5	4.59	3.54	blow	1	5	0.2	0	0	0	3
oewn-01188514-v	feast	4	3.95	3.54	feast	0	4	0.0	0	0	0	2
oewn-01859592-v	move	7	5.35	3.53	move	0	8	0.0	0	0	0	7
oewn-00150107-v	adjust	15	5.13	3.53	match	4	16	0.25	0	0	0	9
oewn-00777201-v	quarrel	13	5.13	3.53	fall out	7	13	0.54	0	0	0	5
oewn-01593092-v	patch	4	5.04	3.53	piece	0	4	0.0	0	0	0	2
oewn-01112274-v	manoeuver	5	4.5	3.53	operate	0	5	0.0	0	0	0	2
oewn-01248201-v	polish	10	4.4	3.53	smooth	0	10	0.0	0	0	0	4
oewn-01442364-v	snatch	5	4.21	3.53	snap	0	5	0.0	0	0	0	2
oewn-01740703-v	reproduce	20	5.61	3.52	play back	3	21	0.14	0	0	0	11
oewn-02641628-v	necessitate	4	5.53	3.52	mean	3	4	0.75	0	0	0	2
oewn-01469999-v	surround	14	5.36	3.52	close in	1	15	0.07	0	0	0	7
oewn-01727101-v	rehearse	5	5.08	3.52	walk through	0	5	0.0	0	0	0	3
oewn-02065423-v	dart	7	4.73	3.52	shoot	0	7	0.0	0	0	0	2
oewn-00274244-v	habituate	8	4.67	3.52	teach	0	8	0.0	0	0	0	4
oewn-01289516-v	tie down	9	4.65	3.52	chain up	0	11	0.0	0	0	0	5
oewn-01225209-v	twist	5	4.62	3.52	wave	0	5	0.0	0	0	0	4
oewn-00808840-v	disapprove	6	4.56	3.52	object	2	6	0.33	0	0	0	4
oewn-02432181-v	abolish	4	4.5	3.52	get rid of	0	4	0.0	0	0	0	3
oewn-00063866-v	relieve	7	4.41	3.52	comfort	7	7	1.0	0	0	0	3
oewn-01903884-v	flit	5	4.33	3.52	fleet	0	5	0.0	0	0	0	2
oewn-00091720-v	disable	5	3.78	3.52	invalid	5	5	1.0	0	0	0	2
oewn-00038078-v	comb	8	3.71	3.52	slick	3	8	0.38	0	0	0	3
oewn-02479662-v	endow	7	5.08	3.51	cover	0	7	0.0	0	0	0	2
oewn-00893457-v	guarantee	8	5.08	3.51	cover	5	8	0.62	0	0	0	3
oewn-02447914-v	oversee	5	5.04	3.51	build	0	5	0.0	0	0	0	2
oewn-01701711-v	create verbally	8	5.03	3.51	write	0	8	0.0	0	0	0	4
oewn-02509452-v	banish	4	4.94	3.51	bar	0	4	0.0	0	0	0	2
oewn-01972282-v	chute	5	4.69	3.51	jump	0	5	0.0	0	0	0	2
oewn-00282836-v	discolor	15	4.46	3.51	wash out	0	15	0.0	0	0	0	5
oewn-00251950-v	evolve	6	3.8	3.51	evolve	0	6	0.0	0	0	0	3
oewn-01697776-v	copy	13	6.04	3.5	back up	0	13	0.0	0	0	0	9
oewn-00806138-v	yield	9	5.71	3.5	give in	5	10	0.5	0	0	0	2
oewn-00905339-v	forgive	8	5.63	3.5	free	1	11	0.09	0	0	0	7
oewn-01660471-v	assemble	16	5.59	3.5	set up	3	16	0.19	0	0	0	7
oewn-00054856-v	reproduce	11	5.59	3.5	set	1	12	0.08	0	0	0	5
oewn-01331921-v	sew	20	5.49	3.5	run up	0	21	0.0	0	0	0	14
oewn-02517971-v	discriminate	11	5.41	3.5	single out	3	11	0.27	0	0	0	6
oewn-02705339-v	represent	7	5.14	3.5	stand for	0	7	0.0	0	0	0	2
oewn-00274762-v	corrode	4	5.13	3.5	eat away	2	4	0.5	0	0	0	2
oewn-01331387-v	append	5	5.09	3.5	add on	0	5	0.0	0	0	0	2
oewn-00884747-v	boast	14	5.01	3.5	gas	4	14	0.29	0	0	3	3
oewn-00241924-v	shrink	11	4.94	3.5	contract	2	12	0.17	0	0	0	8
oewn-00711834-v	mastermind	7	4.91	3.5	direct	0	7	0.0	0	0	0	2
oewn-02188233-v	resound	7	4.81	3.5	ring	0	8	0.0	0	0	0	5
oewn-00513958-v	enable	8	4.78	3.5	gift	1	8	0.12	0	0	0	3
oewn-00039201-v	wave	5	4.62	3.5	wave	0	5	0.0	0	0	0	4
oewn-00957633-v	elaborate	19	4.59	3.5	instance	3	21	0.14	0	0	0	5
oewn-02164320-v	flash	7	4.45	3.5	flash	5	7	0.71	0	0	0	2
oewn-01254492-v	smear	6	4.41	3.5	dust	0	6	0.0	0	0	0	3
oewn-01473673-v	kidnap	6	4.04	3.5	shanghai	0	6	0.0	0	0	0	2
oewn-00387981-v	revert	14	6.03	3.49	go back	6	15	0.4	0	0	0	4
oewn-00980581-v	pronounce	42	5.89	3.49	say	2	46	0.04	0	0	0	25
oewn-00139943-v	change integrity	65	5.59	3.49	set off	0	78	0.0	0	0	0	29
oewn-02326737-v	steal	43	5.08	3.49	walk off	8	46	0.17	0	0	7	14
oewn-02097668-v	beat	5	5.01	3.49	beat	0	5	0.0	0	0	0	3
oewn-02097888-v	beat	5	5.01	3.49	beat	0	5	0.0	0	0	0	4
oewn-00835938-v	lie	4	4.84	3.49	lie	1	4	0.25	0	0	0	4
oewn-01905776-v	roll	5	4.75	3.49	roll	0	5	0.0	0	0	0	2
oewn-00959711-v	repeat	8	4.49	3.49	repeat	0	8	0.0	0	0	0	6
oewn-00151509-v	decrease	50	5.88	3.48	go down	10	56	0.18	0	0	0	25
oewn-00976399-v	announce	18	5.51	3.48	call out	0	20	0.0	0	0	0	13
oewn-01273348-v	line	5	5.49	3.48	line	0	5	0.0	0	0	0	5
oewn-00158612-v	accumulate	11	5.46	3.48	get together	0	12	0.0	0	0	0	5
oewn-00991233-v	address	7	5.03	3.48	speak	0	7	0.0	0	0	0	5
oewn-00323648-v	cook	21	5.01	3.48	brown	0	21	0.0	0	0	0	17
oewn-00338044-v	crack	4	4.41	3.48	crack	2	4	0.5	0	0	0	4
oewn-01342187-v	uncover	9	4.18	3.48	bare	0	9	0.0	0	0	0	7
oewn-02594833-v	befriend	4	3.99	3.48	pal	0	4	0.0	0	0	0	2
oewn-01128786-v	invade	4	3.93	3.48	occupy	0	4	0.0	0	0	0	2
oewn-01538956-v	rinse	5	3.8	3.48	flush	0	5	0.0	0	0	0	2
oewn-01232914-v	stab	4	3.78	3.48	stab	0	4	0.0	0	0	0	2
oewn-01293672-v	join	23	5.19	3.47	couple	2	24	0.08	0	0	0	15
oewn-02152799-v	cover	6	5.08	3.47	cover	4	6	0.67	0	0	0	2
oewn-01223449-v	cling	9	4.76	3.47	stick	0	9	0.0	0	0	0	4
oewn-00707283-v	draw a bead on	5	4.73	3.47	shoot for	1	5	0.2	0	0	0	2
oewn-00761314-v	beg	7	4.4	3.47	pray	0	7	0.0	0	0	0	4
oewn-00244010-v	unite	6	3.9	3.47	unite	0	6	0.0	0	0	0	4
oewn-00809123-v	object	13	5.41	3.46	mind	1	13	0.08	0	0	0	7
oewn-02147756-v	bring out	10	5.27	3.46	bring out	0	10	0.0	0	0	0	5
oewn-01981715-v	drop	7	4.99	3.46	drop	0	7	0.0	0	0	0	5
oewn-00098938-v	heal	4	4.91	3.46	skin over	2	4	0.5	0	0	0	4
oewn-01711165-v	harmonize	6	4.83	3.46	realize	0	6	0.0	0	0	0	3
oewn-01014100-v	confirm	8	4.65	3.46	maintain	0	8	0.0	0	0	0	5
oewn-01433863-v	snog	6	4.58	3.46	kiss	0	6	0.0	0	0	0	2
oewn-01308202-v	moor	4	4.51	3.46	tie up	0	4	0.0	0	0	0	2
oewn-00888280-v	vow	7	4.51	3.46	swear	0	7	0.0	0	0	0	4
oewn-02130106-v	odorize	12	4.49	3.46	smell up	6	12	0.5	0	0	0	4
oewn-01234216-v	knife	4	4.41	3.46	knife	0	4	0.0	0	0	0	3
oewn-00859605-v	exuberate	6	4.36	3.46	glory	5	6	0.83	0	0	0	2
oewn-01184590-v	gratify	8	4.19	3.46	humor	2	8	0.25	0	0	0	4
oewn-02089989-v	dock	4	3.99	3.46	dock	0	4	0.0	0	0	0	2
oewn-01179996-v	forage	4	3.98	3.46	prey	0	4	0.0	0	0	0	2
oewn-00863593-v	applaud	5	3.77	3.46	bravo	0	5	0.0	0	0	0	2
oewn-00632042-v	chew over	23	6.08	3.45	think over	3	23	0.13	0	0	0	9
oewn-00750288-v	inflict	15	5.71	3.45	give	6	15	0.4	0	0	0	7
oewn-01725631-v	simulate	6	5.61	3.45	play	1	6	0.17	0	0	0	3
oewn-02183962-v	sound	13	5.61	3.45	play	1	13	0.08	0	0	0	11
oewn-01725433-v	dissemble	7	5.3	3.45	act	0	7	0.0	0	0	0	2
oewn-00090460-v	mutilate	4	5.23	3.45	force out	2	4	0.5	0	0	0	2
oewn-00017524-v	bed down	5	5.07	3.45	bed down	0	5	0.0	0	0	0	2
oewn-01771015-v	worry	6	4.95	3.45	fear	7	7	1.0	0	0	0	5
oewn-02680690-v	imitate	4	4.7	3.45	follow suit	2	4	0.5	0	0	0	4
oewn-00211164-v	mold	5	3.77	3.45	mold	2	5	0.4	0	0	0	3
oewn-01676648-v	crochet	6	3.64	3.45	double stitch	0	6	0.0	0	0	0	4
oewn-00624056-v	perplex	21	6.28	3.44	get	3	21	0.14	0	0	0	4
oewn-00080825-v	administer	7	5.71	3.44	give	0	7	0.0	0	0	0	5
oewn-01180862-v	feed	32	5.71	3.44	give	5	32	0.16	0	0	0	19
oewn-00811316-v	hedge	13	5.66	3.44	put off	1	13	0.08	0	0	0	3
oewn-00955248-v	tell	9	5.53	3.44	tell	0	9	0.0	0	0	0	5
oewn-00300361-v	adapt	19	4.95	3.44	fit	4	23	0.17	0	0	0	12
oewn-01462658-v	sift	8	4.85	3.44	screen	0	8	0.0	0	0	0	5
oewn-02129213-v	smell	10	4.84	3.44	wind	3	10	0.3	0	0	0	5
oewn-00299025-v	gear	4	4.46	3.44	gear	2	4	0.5	0	0	0	2
oewn-00258536-v	swell	5	4.19	3.44	bulk	2	5	0.4	0	0	0	4
oewn-02712465-v	hum	6	4.05	3.44	buzz	0	6	0.0	0	0	0	2
oewn-02720849-v	teem	4	3.77	3.44	crawl	0	4	0.0	0	0	0	2
oewn-01832347-v	hanker	7	5.81	3.43	long	0	8	0.0	0	0	0	2
oewn-01387406-v	scrape	5	5.78	3.43	come up	0	5	0.0	0	0	0	2
oewn-02657288-v	cohabit	4	5.46	3.43	live together	0	4	0.0	0	0	0	2
oewn-02514936-v	restrict	6	5.4	3.43	control	0	6	0.0	0	0	0	4
oewn-00439133-v	accelerate	7	5.0	3.43	speed	3	7	0.43	0	0	0	2
oewn-02036260-v	diverge	6	4.83	3.43	separate	0	6	0.0	0	0	0	2
oewn-01677786-v	weave	10	4.76	3.43	net	0	11	0.0	0	0	0	7
oewn-02617665-v	specify	7	4.63	3.43	determine	5	7	0.71	0	0	0	3
oewn-01029517-v	decree	3	3.82	3.43	decree	0	4	0.0	0	0	0	3
oewn-01778720-v	contemn	5	5.81	3.42	look down on	4	5	0.8	0	0	0	2
oewn-02393545-v	educate	7	5.71	3.42	school	6	7	0.86	0	0	0	2
oewn-02689663-v	discontinue	8	5.49	3.42	run out	0	8	0.0	0	0	0	4
oewn-01312361-v	dig	15	5.32	3.42	turn over	0	15	0.0	0	0	0	7
oewn-02410394-v	depose	6	5.27	3.42	bring down	0	6	0.0	0	0	0	2
oewn-00192383-v	deaden	9	5.18	3.42	break	0	9	0.0	0	0	0	4
oewn-02650318-v	predominate	11	4.94	3.42	rule	0	11	0.0	0	0	0	4
oewn-02476750-v	enroll	13	4.81	3.42	enter	0	13	0.0	0	0	0	5
oewn-02497847-v	entertain	5	4.77	3.42	host	3	5	0.6	0	0	0	3
oewn-02163017-v	disguise	7	4.31	3.42	mask	3	8	0.38	0	0	0	5
oewn-02029675-v	escort	6	4.0	3.42	escort	0	6	0.0	0	0	0	5
oewn-01397118-v	grate	7	3.98	3.42	jaw	0	7	0.0	0	0	0	3
oewn-01629175-v	compose	8	3.91	3.42	catalog	0	8	0.0	0	0	0	4
oewn-01399864-v	beat	33	5.96	3.41	work over	6	34	0.18	0	0	0	12
oewn-01018011-v	allege	4	5.89	3.41	say	0	4	0.0	0	0	0	2
oewn-02572443-v	transgress	18	5.68	3.41	go against	8	22	0.36	0	0	0	6
oewn-01555301-v	cut	75	5.34	3.41	saw	1	88	0.01	0	0	0	53
oewn-02768426-v	burn	11	5.33	3.41	light	0	11	0.0	0	0	0	5
oewn-01258531-v	carve	5	5.24	3.41	cut up	0	5	0.0	0	0	0	3
oewn-00818972-v	admit	14	5.03	3.41	write off	4	16	0.25	0	0	0	10
oewn-01961388-v	ride	10	4.9	3.41	sit	0	10	0.0	0	0	0	8
oewn-01636885-v	gestate	8	5.76	3.4	find	1	8	0.12	0	0	0	4
oewn-01728336-v	play	18	5.61	3.4	play	0	18	0.0	0	0	0	14
oewn-01475437-v	scramble	4	4.83	3.4	throw together	0	4	0.0	0	0	0	2
oewn-01236557-v	roof	4	4.55	3.4	roof	0	4	0.0	0	0	0	4
oewn-00306798-v	explode	9	5.93	3.39	go off	0	10	0.0	0	0	0	5
oewn-02563025-v	obstruct	12	5.31	3.39	check	1	12	0.08	0	0	0	6
oewn-00960366-v	repeat	22	4.51	3.39	quote	0	22	0.0	0	0	0	8
oewn-00903562-v	precede	8	4.37	3.39	introduce	0	8	0.0	0	0	0	3
oewn-01771464-v	seethe	7	4.16	3.39	bubble over	6	7	0.86	0	0	0	4
oewn-01395993-v	wipe up	6	4.01	3.39	wipe up	0	6	0.0	0	0	0	3
oewn-01947577-v	soar	7	3.83	3.39	zoom	0	7	0.0	0	0	0	2
oewn-02519126-v	disadvantage	7	3.79	3.39	prejudice	7	7	1.0	0	0	0	3
oewn-02076087-v	overflow	6	6.03	3.38	well over	0	6	0.0	0	0	0	2
oewn-00784574-v	entice	12	5.51	3.38	call	3	12	0.25	0	0	0	9
oewn-00899241-v	ask	9	5.35	3.38	question	0	10	0.0	0	0	0	5
oewn-01712535-v	dance	53	5.18	3.38	break	0	53	0.0	0	0	0	39
oewn-00864347-v	attack	21	5.14	3.38	round	9	21	0.43	0	0	0	9
oewn-00242575-v	shrivel	10	5.07	3.38	die back	4	10	0.4	0	0	0	5
oewn-01880523-v	move back and forth	10	5.03	3.38	rock	0	11	0.0	0	0	0	4
oewn-00686564-v	disbelieve	6	4.9	3.38	doubt	2	6	0.33	0	0	0	3
oewn-01536935-v	dirty	21	4.89	3.38	spot	15	22	0.68	0	0	0	10
oewn-00082467-v	dress	4	4.76	3.38	dress	0	4	0.0	0	0	0	3
oewn-00545629-v	lift	5	4.75	3.38	raise	3	5	0.6	0	0	0	3
oewn-00515811-v	de-emphasize	4	4.73	3.38	reduce	3	4	0.75	0	0	0	2
oewn-01503512-v	sow	6	4.39	3.38	broadcast	0	7	0.0	0	0	0	4
oewn-01881348-v	swing	8	4.34	3.38	swing	1	8	0.12	0	0	0	5
oewn-01243284-v	brush	5	4.23	3.38	brush	0	5	0.0	0	0	0	3
oewn-02739209-v	shine	4	4.17	3.38	shine	4	4	1.0	0	0	0	2
oewn-00520136-v	bubble	7	4.16	3.38	bubble	0	7	0.0	0	0	0	2
oewn-02433334-v	adjourn	4	4.05	3.38	retire	1	4	0.25	0	0	0	2
oewn-00742058-v	assign	6	3.77	3.38	attribute	0	6	0.0	0	0	0	3
oewn-02479404-v	empower	5	3.51	3.38	empower	0	5	0.0	0	0	0	3
oewn-01110559-v	get the better of	29	6.08	3.37	make it	0	29	0.0	0	0	0	12
oewn-01032165-v	designate	5	5.62	3.37	number	0	5	0.0	0	0	0	4
oewn-00026378-v	relax	11	5.6	3.37	let go	1	11	0.09	0	0	0	4
oewn-00975088-v	air	12	5.37	3.37	air	0	12	0.0	0	0	0	6
oewn-00761546-v	plead	10	5.16	3.37	press	0	10	0.0	0	0	0	3
oewn-00019441-v	affect	29	5.09	3.37	attack	19	29	0.66	0	0	0	11
oewn-00439450-v	decelerate	5	4.85	3.37	slow down	0	5	0.0	0	0	0	4
oewn-00858506-v	praise	26	4.82	3.37	push	15	27	0.56	0	0	8	14
oewn-01471892-v	superimpose	4	4.75	3.37	develop	0	4	0.0	0	0	0	2
oewn-01331195-v	append	6	4.6	3.37	hang on	0	6	0.0	0	0	0	2
oewn-02771882-v	reflect	9	4.39	3.37	reflect	6	9	0.67	0	0	0	6
oewn-00779033-v	hex	8	4.37	3.37	spell	0	8	0.0	0	0	0	3
oewn-00025647-v	relax	7	4.29	3.37	relax	7	7	1.0	0	0	0	2
oewn-01872363-v	writhe	7	4.22	3.37	twist	0	7	0.0	0	0	0	2
oewn-01693274-v	delineate	5	3.92	3.37	outline	0	5	0.0	0	0	0	3
oewn-00390886-v	dampen	7	5.18	3.36	break	1	9	0.11	0	0	0	3
oewn-00847588-v	disparage	14	5.08	3.36	pick at	5	15	0.33	0	0	0	5
oewn-00234091-v	restrict	31	5.05	3.36	mark off	4	32	0.12	0	0	0	12
oewn-00687584-v	reject	17	4.59	3.36	push aside	5	18	0.28	0	0	0	8
oewn-02486512-v	outlaw	7	4.55	3.36	ban	0	7	0.0	0	0	0	2
oewn-01228779-v	caress	11	4.51	3.36	nose	3	12	0.25	0	0	0	9
oewn-01946206-v	glide	4	3.55	3.36	kite	0	4	0.0	0	0	0	3
oewn-00284671-v	color	42	5.01	3.35	brown	0	42	0.0	0	0	0	21
oewn-00825097-v	contradict	5	4.34	3.35	deny	1	6	0.17	0	0	0	3
oewn-01164741-v	recycle	7	4.29	3.35	recover	1	7	0.14	0	0	0	4
oewn-00860250-v	cheer	4	4.06	3.35	cheer	4	4	1.0	0	0	0	2
oewn-02458316-v	prevent	40	5.52	3.34	stop	7	41	0.17	0	0	0	8
oewn-00331375-v	break up	4	5.18	3.34	break up	0	4	0.0	0	0	0	2
oewn-02032840-v	disperse	8	5.18	3.34	break	0	8	0.0	0	0	0	4
oewn-01980855-v	drop	8	4.99	3.34	drop	2	8	0.25	0	0	0	5
oewn-00766267-v	agree	6	4.97	3.34	agree	1	6	0.17	0	0	0	4
oewn-00441741-v	slow	7	4.85	3.34	slow	2	7	0.29	0	0	0	3
oewn-00010234-v	act involuntarily	10	4.84	3.34	break wind	0	10	0.0	0	0	0	5
oewn-01509775-v	hurl	9	4.79	3.34	cast	2	9	0.22	0	0	0	5
oewn-01793315-v	harass	20	4.72	3.34	harry	0	20	0.0	0	0	0	4
oewn-02740827-v	hang	5	4.6	3.34	hang	5	5	1.0	0	0	0	2
oewn-00314788-v	obscure	6	4.54	3.34	hide	5	6	0.83	0	0	0	2
oewn-01378910-v	scatter	15	4.41	3.34	dust	0	19	0.0	0	0	0	7
oewn-02749936-v	brood	7	4.19	3.34	bulk large	4	7	0.57	0	0	0	2
oewn-01243078-v	graze	4	3.83	3.34	shave	0	4	0.0	0	0	0	2
oewn-02549304-v	sabotage	7	3.65	3.34	undermine	0	7	0.0	0	0	0	2
oewn-02660511-v	inhabit	4	3.61	3.34	invade	0	5	0.0	0	0	0	3
oewn-01639939-v	imagine	23	6.1	3.33	see	6	28	0.21	0	0	0	9
oewn-02146446-v	flaunt	7	5.68	3.33	show off	0	7	0.0	0	0	0	3
oewn-00023861-v	zonk out	6	5.46	3.33	black out	4	7	0.57	0	0	0	2
oewn-00281690-v	lighten	8	5.33	3.33	light	0	8	0.0	0	0	0	3
oewn-00868169-v	bless	6	5.1	3.33	oil	0	6	0.0	0	0	0	2
oewn-00248276-v	multiply	9	5.01	3.33	double	0	9	0.0	0	0	0	6
oewn-01160479-v	consume	20	4.9	3.33	drink	1	20	0.05	0	0	0	7
oewn-00376777-v	dissolve	10	4.8	3.33	de-ice	0	10	0.0	0	0	0	3
oewn-00193180-v	enliven	12	4.79	3.33	spirit	7	12	0.58	0	0	0	3
oewn-00264117-v	bulge	4	4.19	3.33	bulk	0	4	0.0	0	0	0	2
oewn-02308311-v	forfeit	7	5.71	3.32	give up	0	7	0.0	0	0	0	2
oewn-00453467-v	fill	42	5.57	3.32	top off	3	45	0.07	0	0	0	25
oewn-02391530-v	invest	10	5.49	3.32	order	1	12	0.08	0	0	0	5
oewn-00469704-v	reorient	6	5.49	3.32	line up	0	6	0.0	0	0	0	3
oewn-01200739-v	smoke	7	4.67	3.32	smoke	0	7	0.0	0	0	0	6
oewn-02754802-v	deck	7	4.56	3.32	grace	6	7	0.86	0	0	0	2
oewn-02436818-v	administer	7	4.54	3.32	manage	0	7	0.0	0	0	0	3
oewn-02050704-v	spin	6	4.38	3.32	spin	0	6	0.0	0	0	0	2
oewn-02167732-v	monitor	7	4.37	3.32	monitor	0	7	0.0	0	0	0	3
oewn-01598751-v	weld	5	3.33	3.32	weld	0	5	0.0	0	0	0	3
oewn-00222898-v	reinforce	7	5.49	3.31	line	0	7	0.0	0	0	0	5
oewn-00031813-v	laugh	21	5.18	3.31	break up	3	21	0.14	0	0	8	12
oewn-02198732-v	taste	4	4.73	3.31	taste	0	5	0.0	0	0	0	2
oewn-00775477-v	argue	18	4.64	3.31	debate	5	18	0.28	0	0	0	6
oewn-02645159-v	loiter	15	4.6	3.31	hang around	2	15	0.13	0	0	0	2
oewn-02431646-v	restore	4	4.18	3.31	restore	0	4	0.0	0	0	0	2
oewn-02592550-v	charm	8	4.12	3.31	charm	0	8	0.0	0	0	0	2
oewn-01823521-v	intimidate	9	4.07	3.31	scare	0	9	0.0	0	0	0	2
oewn-02115410-v	subject	9	5.66	3.3	put	0	10	0.0	0	0	0	9
oewn-00292635-v	light	7	5.33	3.3	light	0	7	0.0	0	0	0	3
oewn-02480203-v	covenant	4	4.4	3.3	confirm	0	4	0.0	0	0	0	4
oewn-00541315-v	widen	8	4.35	3.3	stretch	0	9	0.0	0	0	0	5
oewn-00063062-v	irritate	7	4.16	3.3	scratch	1	7	0.14	0	0	0	3
oewn-01175702-v	nosh	4	3.9	3.3	snack	0	4	0.0	0	0	0	2
oewn-01233816-v	nudge	5	3.84	3.3	elbow	0	5	0.0	0	0	0	3
oewn-01823114-v	discourage	14	5.88	3.29	get down	5	14	0.36	0	0	0	5
oewn-00970243-v	circulate	21	5.49	3.29	run	0	21	0.0	0	0	0	5
oewn-01765558-v	stimulate	30	5.32	3.29	turn on	19	31	0.61	0	0	0	9
oewn-01043634-v	summon	6	5.12	3.29	page	0	6	0.0	0	0	0	5
oewn-00496934-v	seclude	5	5.08	3.29	lose	0	5	0.0	0	0	0	2
oewn-00035769-v	cleanse	10	4.97	3.29	clean	0	11	0.0	0	0	0	8
oewn-01413739-v	flog	16	4.78	3.29	cat	0	16	0.0	0	0	0	8
oewn-00394859-v	synchronize	4	4.64	3.29	phase	0	4	0.0	0	0	0	2
oewn-02120261-v	sensitize	7	3.96	3.29	stir	0	7	0.0	0	0	0	3
oewn-01266847-v	coat	55	5.13	3.28	size	0	55	0.0	0	0	0	40
oewn-01089608-v	arm	7	5.04	3.28	build up	0	7	0.0	0	0	0	3
oewn-02199916-v	sweeten	11	4.68	3.28	sugar	4	11	0.36	0	0	0	5
oewn-01475976-v	putter	9	4.57	3.28	mess around	0	9	0.0	0	0	0	2
oewn-01023982-v	specify	6	4.37	3.28	spell out	0	6	0.0	0	0	0	2
oewn-01053236-v	declaim	5	4.07	3.28	scan	2	5	0.4	0	0	0	4
oewn-01791774-v	annoy	34	6.28	3.27	get	5	35	0.14	0	0	0	8
oewn-00634289-v	reason	15	5.96	3.27	work out	1	16	0.06	0	0	0	8
oewn-01018787-v	assert	8	5.89	3.27	say	0	8	0.0	0	0	0	3
oewn-02496526-v	celebrate	13	5.49	3.27	party	0	13	0.0	0	0	0	5
oewn-02618403-v	occur	10	5.49	3.27	run	0	10	0.0	0	0	0	6
oewn-00278429-v	order	15	5.49	3.27	order	1	16	0.06	0	0	0	5
oewn-02544431-v	intervene	7	5.13	3.27	step in	1	7	0.14	0	0	0	3
oewn-01595377-v	pluck	5	5.08	3.27	pick off	0	5	0.0	0	0	0	2
oewn-01377432-v	sprinkle	6	4.6	3.27	salt	2	6	0.33	0	0	0	3
oewn-02495105-v	marry	6	4.51	3.27	tie	0	6	0.0	0	0	0	2
oewn-00881748-v	flatter	14	4.42	3.27	suck up	3	14	0.21	0	0	1	6
oewn-02610484-v	coexist	5	4.4	3.27	co-occur	0	6	0.0	0	0	0	3
oewn-01371262-v	straighten	10	4.34	3.27	extend	2	10	0.2	0	0	0	8
oewn-01258721-v	carve	7	4.31	3.27	grave	0	7	0.0	0	0	0	4
oewn-02245889-v	extort	6	3.94	3.27	squeeze	0	6	0.0	0	0	0	2
oewn-00466966-v	align	4	3.82	3.27	coordinate	1	4	0.25	0	0	0	2
oewn-01796126-v	embarrass	6	5.66	3.26	put off	6	6	1.0	0	0	0	2
oewn-01545905-v	sit	13	5.23	3.26	rest	0	13	0.0	0	0	0	5
oewn-01600207-v	shoot	11	5.18	3.26	break	0	11	0.0	0	0	0	10
oewn-00696992-v	value	6	5.15	3.26	value	4	6	0.67	0	0	0	4
oewn-02312527-v	tax	5	5.14	3.26	tax	1	5	0.2	0	0	0	5
oewn-02482757-v	cancel	19	5.03	3.26	write off	6	20	0.3	0	0	0	6
oewn-00676259-v	disapprove	4	3.26	3.26	frown on	2	4	0.5	0	0	0	3
oewn-01930264-v	run	16	5.49	3.25	run	0	18	0.0	0	0	0	13
oewn-02505278-v	punish	18	5.4	3.25	put to death	7	18	0.39	0	0	0	10
oewn-01744489-v	till	5	5.32	3.25	turn	0	5	0.0	0	0	0	3
oewn-00105087-v	emit	12	5.23	3.25	force out	0	13	0.0	0	0	0	6
oewn-00816512-v	refute	6	5.17	3.25	answer	3	6	0.5	0	0	0	3
oewn-00291064-v	escalate	4	5.13	3.25	step up	0	4	0.0	0	0	0	2
oewn-01989538-v	sag	7	4.79	3.25	bag	0	7	0.0	0	0	0	3
oewn-01677367-v	loop	5	4.37	3.25	hook	0	5	0.0	0	0	0	3
oewn-01460583-v	percolate	5	4.28	3.25	filter	0	6	0.0	0	0	0	3
oewn-02074802-v	trickle	5	4.28	3.25	filter	0	5	0.0	0	0	0	2
oewn-02047875-v	orb	4	4.03	3.25	orbit	0	4	0.0	0	0	0	2
oewn-02169748-v	glance	4	3.91	3.25	glance	0	4	0.0	0	0	0	2
oewn-00444339-v	harden	7	3.81	3.25	temper	0	7	0.0	0	0	0	4
oewn-00304246-v	widen	5	3.64	3.25	flare	0	5	0.0	0	0	0	3
oewn-02353564-v	commit	7	5.11	3.24	send	5	7	0.71	0	0	0	2
oewn-00611721-v	forget	6	5.06	3.24	forget	2	6	0.33	0	0	0	4
oewn-00260813-v	afflict	5	5.04	3.24	visit	5	5	1.0	0	0	0	3
oewn-01679858-v	decorate	68	4.91	3.24	color	3	70	0.04	0	0	0	45
oewn-01490942-v	empty	4	4.59	3.24	empty	0	4	0.0	0	0	0	2
oewn-02675266-v	exceed	4	3.92	3.24	exceed	0	4	0.0	0	0	0	2
oewn-00446124-v	solidify	12	5.59	3.23	set	0	12	0.0	0	0	0	5
oewn-00553892-v	decay	9	5.53	3.23	go bad	1	9	0.11	0	0	0	5
oewn-01688794-v	paint	11	5.02	3.23	charge	0	12	0.0	0	0	0	10
oewn-01622250-v	unmake	4	4.52	3.23	destroy	2	4	0.5	0	0	0	2
oewn-00420328-v	loosen	8	4.46	3.23	loose	0	9	0.0	0	0	0	6
oewn-01009951-v	sum up	9	4.34	3.23	sum up	0	9	0.0	0	0	0	5
oewn-01466149-v	disentangle	9	3.59	3.23	tease	0	9	0.0	0	0	0	3
oewn-00795741-v	provoke	13	5.59	3.22	set off	0	14	0.0	0	0	0	6
oewn-00393662-v	sharpen	4	5.54	3.22	point	0	4	0.0	0	0	0	2
oewn-00516235-v	process	49	5.49	3.22	run	10	49	0.2	0	0	0	33
oewn-02407551-v	overthrow	5	5.27	3.22	bring down	0	5	0.0	0	0	0	2
oewn-00941888-v	clarify	24	5.25	3.22	clear	3	26	0.12	0	0	0	5
oewn-01378302-v	squirt	6	5.23	3.22	force out	0	6	0.0	0	0	0	3
oewn-01782485-v	reverence	7	4.95	3.22	fear	4	7	0.57	0	0	0	3
oewn-01787213-v	preoccupy	5	4.42	3.22	ghost	1	5	0.2	0	0	0	3
oewn-00090640-v	maim	5	4.19	3.22	mar	2	5	0.4	0	0	0	3
oewn-00635752-v	reconstruct	5	3.98	3.22	construct	3	5	0.6	0	0	0	2
oewn-01041202-v	sign	9	5.08	3.21	sign	0	9	0.0	0	0	0	6
oewn-00318501-v	lengthen	7	4.81	3.21	draw out	0	7	0.0	0	0	0	3
oewn-01464634-v	mix	13	4.71	3.21	mix	0	14	0.0	0	0	0	5
oewn-00126072-v	change	725	6.28	3.2	get	153	833	0.18	0	0	0	423
oewn-02034269-v	disperse	6	5.18	3.2	break up	0	6	0.0	0	0	0	2
oewn-00417926-v	equal	11	5.13	3.2	match	0	11	0.0	0	0	0	4
oewn-00014735-v	sleep	17	5.05	3.2	sleep	0	17	0.0	0	0	0	7
oewn-02319255-v	deprive	13	4.97	3.2	clean	5	13	0.38	0	0	0	10
oewn-00005041-v	inhale	14	4.81	3.2	draw	0	14	0.0	0	0	0	7
oewn-00154586-v	enlarge	4	4.35	3.2	expand	0	4	0.0	0	0	0	4
oewn-01129837-v	besiege	8	4.3	3.2	seal off	0	8	0.0	0	0	0	3
oewn-02647119-v	hesitate	6	4.0	3.2	pause	1	7	0.14	0	0	0	4
oewn-01503011-v	set down	11	5.71	3.19	place down	0	11	0.0	0	0	0	2
oewn-02372031-v	vacate	5	5.71	3.19	give up	4	6	0.67	0	0	0	2
oewn-02723706-v	cancel	7	5.59	3.19	set off	0	7	0.0	0	0	0	2
oewn-00092442-v	recuperate	9	5.08	3.19	pick up	3	9	0.33	0	0	0	3
oewn-02548878-v	disobey	12	4.9	3.19	sit in	1	12	0.08	0	0	0	4
oewn-00389306-v	lay waste to	7	4.81	3.19	waste	0	7	0.0	0	0	0	2
oewn-00093529-v	waste	6	4.81	3.19	waste	0	6	0.0	0	0	0	2
oewn-02268154-v	confer	5	4.5	3.19	graduate	1	5	0.2	0	0	0	4
oewn-01233274-v	prod	6	4.46	3.19	egg on	0	6	0.0	0	0	0	4
oewn-01683875-v	deck	4	4.41	3.19	deck	0	4	0.0	0	0	0	2
oewn-01259164-v	carve	8	4.31	3.19	chip at	0	9	0.0	0	0	0	4
oewn-00718663-v	postulate	4	4.03	3.19	insist	0	4	0.0	0	0	0	2
oewn-00878196-v	confer	5	3.87	3.19	consult	0	5	0.0	0	0	0	2
oewn-00851012-v	mock	7	3.85	3.19	mock	2	7	0.29	0	0	0	4
oewn-00801460-v	revoke	13	6.03	3.18	go back on	0	13	0.0	0	0	0	2
oewn-00317569-v	shorten	7	5.24	3.18	cut short	3	8	0.38	0	0	0	5
oewn-00221295-v	strengthen	22	4.64	3.18	secure	4	23	0.17	0	0	0	12
oewn-00007012-v	blow	8	4.59	3.18	blow	5	9	0.56	0	0	0	4
oewn-01579924-v	dunk	8	4.21	3.18	duck	0	10	0.0	0	0	0	4
oewn-02219783-v	withhold	4	3.99	3.18	dock	0	4	0.0	0	0	0	2
oewn-00311895-v	blur	5	3.62	3.18	dim	0	5	0.0	0	0	0	2
oewn-00237442-v	restrict	9	5.4	3.17	control	2	10	0.2	0	0	0	5
oewn-00277172-v	disorder	12	5.39	3.17	fuck shit up	3	12	0.25	0	0	0	6
oewn-02238869-v	allocate	8	5.18	3.17	present	0	8	0.0	0	0	0	4
oewn-01390440-v	compress	17	5.16	3.17	press	0	20	0.0	0	0	0	10
oewn-01824240-v	enjoy	7	5.09	3.17	enjoy	7	7	1.0	0	0	0	3
oewn-01946577-v	plane	3	4.72	3.17	plane	0	4	0.0	0	0	0	3
oewn-01570669-v	afforest	4	4.7	3.17	forest	0	4	0.0	0	0	0	3
oewn-02164982-v	radiate	9	4.45	3.17	flash	5	9	0.56	0	0	0	4
oewn-00114965-v	convert	45	5.96	3.16	work	1	47	0.02	0	0	0	37
oewn-02497032-v	revel	11	5.35	3.16	make happy	0	11	0.0	0	0	0	2
oewn-01908923-v	walk	90	5.26	3.16	march	14	93	0.15	0	0	0	42
oewn-00483111-v	harmonize	4	5.12	3.16	key	0	4	0.0	0	0	0	2
oewn-01249165-v	sharpen	6	4.74	3.16	edge	0	6	0.0	0	0	0	6
oewn-00619957-v	mistake	4	4.67	3.16	mistake	0	4	0.0	0	0	0	2
oewn-02232269-v	foreswear	5	4.54	3.16	quit	0	5	0.0	0	0	0	2
oewn-00385291-v	reform	6	4.53	3.16	reform	0	6	0.0	0	0	0	2
oewn-02324030-v	overcharge	14	4.37	3.16	hook	0	14	0.0	0	0	0	2
oewn-01806967-v	torment	15	4.2	3.16	bug	1	15	0.07	0	0	0	5
oewn-02646524-v	hesitate	12	3.79	3.16	hesitate	2	14	0.14	0	0	0	6
oewn-00624823-v	interpret	27	6.1	3.15	see	6	29	0.21	0	0	0	12
oewn-02525657-v	right	10	5.96	3.15	right	0	10	0.0	0	0	0	3
oewn-00479148-v	snuff out	5	5.66	3.15	put out	0	5	0.0	0	0	0	3
oewn-00225327-v	weaken	36	5.48	3.15	season	4	36	0.11	0	0	0	19
oewn-01421321-v	shuffle	6	5.24	3.15	cut	0	6	0.0	0	0	0	4
oewn-00315073-v	focus	5	5.0	3.15	focus	0	5	0.0	0	0	0	2
oewn-01893603-v	shake	25	4.92	3.15	fan	0	27	0.0	0	0	0	13
oewn-00168396-v	regenerate	7	4.18	3.15	restore	4	7	0.57	0	0	0	3
oewn-01894785-v	convulse	9	4.01	3.15	whip	1	9	0.11	0	0	0	2
oewn-00368338-v	unify	12	3.9	3.15	unite	0	12	0.0	0	0	0	7
oewn-01821097-v	displease	17	6.28	3.14	get at	3	17	0.18	0	0	0	4
oewn-02423786-v	play	21	5.61	3.14	play	4	21	0.19	0	0	0	5
oewn-00891076-v	undertake	5	4.44	3.14	guarantee	2	5	0.4	0	0	0	2
oewn-02066560-v	crouch	7	4.3	3.14	bow	0	7	0.0	0	0	0	3
oewn-00704735-v	predestine	4	3.14	3.14	jinx	0	4	0.0	0	0	0	2
oewn-02116512-v	expose	11	5.37	3.13	air	1	11	0.09	0	0	0	6
oewn-02119407-v	desensitize	13	3.99	3.13	deaf	6	13	0.46	0	0	0	5
oewn-00875857-v	familiarize	6	6.11	3.12	get into	1	6	0.17	0	0	0	4
oewn-02767855-v	snuff out	10	5.66	3.12	put out	0	11	0.0	0	0	0	3
oewn-01962474-v	ride horseback	6	5.43	3.12	post	0	6	0.0	0	0	0	6
oewn-02643286-v	bide	6	5.33	3.12	stay	0	6	0.0	0	0	0	3
oewn-01280538-v	fold	20	5.32	3.12	turn up	1	23	0.04	0	0	0	10
oewn-01457813-v	hoist	5	4.84	3.12	wind	0	5	0.0	0	0	0	2
oewn-01269662-v	pave	6	4.83	3.12	hard surface	0	6	0.0	0	0	0	5
oewn-00476114-v	purify	8	4.64	3.12	make pure	0	8	0.0	0	0	0	3
oewn-00438078-v	diversify	4	4.25	3.12	vary	0	4	0.0	0	0	0	2
oewn-00565772-v	fold	7	4.08	3.12	fold	0	7	0.0	0	0	0	2
oewn-02180402-v	resonate	4	3.67	3.12	make vibrant sounds	0	4	0.0	0	0	0	2
oewn-02549571-v	counteract	5	3.42	3.12	override	0	5	0.0	0	0	0	2
oewn-02185344-v	ring	7	4.81	3.11	ring	0	8	0.0	0	0	0	5
oewn-00010047-v	move involuntarily	8	4.33	3.11	shake	0	8	0.0	0	0	0	4
oewn-01216178-v	seize	11	3.96	3.11	pirate	0	11	0.0	0	0	0	5
oewn-00034281-v	grimace	15	5.45	3.1	make a face	5	15	0.33	0	0	0	7
oewn-01465557-v	entangle	8	5.13	3.1	felt	0	8	0.0	0	0	0	3
oewn-00844668-v	accuse	11	5.02	3.1	charge	3	11	0.27	0	0	0	5
oewn-00845147-v	charge	17	5.02	3.1	charge	11	18	0.61	0	0	0	5
oewn-01884106-v	beat	10	5.01	3.1	beat	0	10	0.0	0	0	0	5
oewn-00851619-v	spoof	4	3.78	3.1	parody	0	4	0.0	0	0	0	2
oewn-01598181-v	solder	4	3.11	3.1	dip solder	0	4	0.0	0	0	0	4
oewn-01526611-v	unwind	5	4.75	3.09	roll out	0	5	0.0	0	0	0	3
oewn-01781734-v	adore	7	4.29	3.09	worship	1	7	0.14	0	0	0	3
oewn-00979368-v	proclaim	6	4.05	3.09	declare	0	6	0.0	0	0	0	4
oewn-02656647-v	reside	5	3.67	3.09	reside	0	5	0.0	0	0	0	2
oewn-01010930-v	recapitulate	5	3.63	3.09	hash over	0	5	0.0	0	0	0	2
oewn-00638236-v	deduce	7	3.51	3.09	derive	0	7	0.0	0	0	0	4
oewn-01768652-v	calm	19	5.92	3.08	still	9	20	0.45	0	0	0	4
oewn-00483404-v	harmonize	4	5.12	3.08	key	0	4	0.0	0	0	0	2
oewn-01583316-v	envelop	19	5.08	3.08	cover	1	19	0.05	0	0	0	9
oewn-00437832-v	vary	5	4.25	3.08	vary	0	5	0.0	0	0	0	2
oewn-00484112-v	harmonize	6	4.11	3.08	proportion	1	6	0.17	0	0	0	3
oewn-01203727-v	chew	12	3.98	3.08	jaw	6	13	0.46	0	0	0	7
oewn-00480863-v	automatize	5	3.08	3.08	automate	0	5	0.0	0	0	0	2
oewn-02750526-v	open	5	5.48	3.07	open	0	5	0.0	0	0	0	3
oewn-00709957-v	plot	10	4.58	3.07	plot	0	10	0.0	0	0	0	4
oewn-00985856-v	utter	100	5.71	3.06	give	9	108	0.08	0	0	0	63
oewn-01825946-v	feel for	9	5.67	3.06	feel for	6	9	0.67	0	0	0	3
oewn-02429499-v	oppress	9	5.66	3.06	keep down	3	9	0.33	0	0	0	2
oewn-00915018-v	shout	27	5.51	3.06	call	7	28	0.25	0	0	0	8
oewn-02271765-v	save	4	5.14	3.06	save	0	4	0.0	0	0	0	2
oewn-00532569-v	lower	5	5.11	3.06	lower	0	5	0.0	0	0	0	3
oewn-01882056-v	oscillate	4	4.49	3.06	hunt	0	4	0.0	0	0	0	3
oewn-02667330-v	deviate	8	4.25	3.06	vary	1	9	0.11	0	0	0	4
oewn-00009140-v	shed	7	4.23	3.06	shed	0	7	0.0	0	0	0	2
oewn-02127889-v	prick	4	3.8	3.06	sting	5	5	1.0	0	0	0	2
oewn-00603650-v	absorb	5	5.92	3.05	take in	5	5	1.0	0	0	0	2
oewn-01278925-v	line	4	5.49	3.05	line	0	4	0.0	0	0	0	4
oewn-02484290-v	validate	8	5.08	3.05	sign	0	8	0.0	0	0	0	4
oewn-00217578-v	flood	7	4.68	3.05	flow	0	7	0.0	0	0	0	4
oewn-00838967-v	pose	4	4.1	3.05	pose	3	4	0.75	0	0	0	2
oewn-00837915-v	typify	11	6.79	3.04	be	3	12	0.25	0	0	0	4
oewn-00014398-v	rest	7	5.23	3.04	rest	0	7	0.0	0	0	0	3
oewn-01908113-v	fall back	6	5.13	3.04	fall back	0	6	0.0	0	0	0	2
oewn-01660937-v	jumble	6	4.71	3.04	mix up	6	6	1.0	0	0	0	2
oewn-00028558-v	smile	7	4.64	3.04	smile	2	7	0.29	0	0	0	6
oewn-01510546-v	pelt	5	4.46	3.04	egg	0	5	0.0	0	0	0	4
oewn-02349564-v	plunder	11	4.36	3.04	strip	0	11	0.0	0	0	0	2
oewn-01781934-v	idolize	7	4.29	3.04	worship	0	7	0.0	0	0	0	2
oewn-02469127-v	fiddle	8	3.73	3.04	shrink from	2	8	0.25	0	0	0	4
oewn-01892504-v	tremble	8	3.72	3.04	thrill	4	8	0.5	0	0	0	3
oewn-00923271-v	bespeak	20	5.54	3.03	point	0	21	0.0	0	0	0	5
oewn-00329612-v	branch	10	4.83	3.03	separate	1	10	0.1	0	0	0	5
oewn-01509215-v	draw in	4	4.81	3.03	draw in	0	4	0.0	0	0	0	2
oewn-01705717-v	rhyme	4	4.44	3.03	tag	0	4	0.0	0	0	0	3
oewn-01271572-v	varnish	4	4.3	3.03	seal	0	4	0.0	0	0	0	2
oewn-01827478-v	estrange	6	3.82	3.03	drift apart	4	6	0.67	0	0	0	3
oewn-02642040-v	lead	4	5.2	3.02	lead	0	4	0.0	0	0	0	3
oewn-02579332-v	cheat	37	5.12	3.02	short-change	4	38	0.11	0	0	0	11
oewn-02428558-v	inhibit	10	4.57	3.02	bottle up	0	11	0.0	0	0	0	4
oewn-01895242-v	vibrate	5	4.33	3.02	shake	0	5	0.0	0	0	0	3
oewn-00997883-v	rewrite	7	3.48	3.02	revise	0	8	0.0	0	0	0	5
oewn-02432763-v	ordain	5	5.05	3.01	pass	0	5	0.0	0	0	0	3
oewn-00161975-v	capitalize	4	3.34	3.01	capitalize	0	4	0.0	0	0	0	2
oewn-00733144-v	capitalize	4	3.34	3.01	capitalize	0	4	0.0	0	0	0	2
oewn-01723780-v	act	13	5.61	3.0	play	4	13	0.31	0	0	0	5
oewn-02483482-v	invalidate	9	5.18	3.0	break	6	9	0.67	0	0	0	4
oewn-00797525-v	forbid	17	4.94	3.0	bar	0	17	0.0	0	0	0	5
oewn-02558146-v	restore	7	4.18	3.0	restore	3	8	0.38	0	0	0	6
oewn-01278080-v	loosen	4	3.37	3.0	loosen	0	4	0.0	0	0	0	3
oewn-00393290-v	sharpen	4	3.15	3.0	sharpen	0	4	0.0	0	0	0	2
oewn-01648288-v	realize	7	4.83	2.99	realize	1	7	0.14	0	0	0	3
oewn-02278138-v	impound	9	3.8	2.99	seize	2	9	0.22	0	0	0	4
oewn-00464382-v	flatten	4	5.16	2.98	press	0	4	0.0	0	0	0	3
oewn-02703792-v	characterize	4	4.31	2.98	define	1	4	0.25	0	0	0	3
oewn-00493642-v	pollute	5	4.05	2.98	foul	0	5	0.0	0	0	0	2
oewn-02254549-v	compensate	5	3.78	2.98	compensate	0	5	0.0	0	0	0	2
oewn-00088465-v	infect	4	3.36	2.98	infect	0	4	0.0	0	0	0	3
oewn-02167378-v	glitter	7	4.17	2.97	shine	1	7	0.14	0	0	0	3
oewn-00504245-v	stimulate	6	3.67	2.97	stimulate	0	6	0.0	0	0	0	4
oewn-00944022-v	talk	99	5.89	2.96	say	7	104	0.07	0	0	1	44
oewn-02580280-v	victimize	9	5.2	2.96	lead on	4	9	0.44	0	0	0	3
oewn-00852181-v	tease	21	4.99	2.96	kid	10	21	0.48	0	0	0	3
oewn-00264920-v	inflate	6	4.59	2.96	blow up	0	6	0.0	0	0	0	3
oewn-02172999-v	blind	6	4.52	2.96	blind	1	6	0.17	0	0	0	4
oewn-02068815-v	deviate	8	3.67	2.96	depart	0	8	0.0	0	0	0	4
oewn-00668804-v	negate	6	3.35	2.96	contradict	4	6	0.67	0	0	0	3
oewn-02180712-v	sound	102	6.03	2.95	go	1	120	0.01	0	0	0	59
oewn-00995937-v	encode	8	5.08	2.95	code	0	8	0.0	0	0	0	2
oewn-00835688-v	misinform	19	4.84	2.95	lie	13	19	0.68	0	0	0	6
oewn-01871802-v	roll over	4	4.75	2.95	roll over	0	4	0.0	0	0	0	4
oewn-01047931-v	roar	6	4.14	2.95	thunder	0	6	0.0	0	0	0	4
oewn-00963768-v	paraphrase	4	3.93	2.95	translate	0	4	0.0	0	0	0	2
oewn-01622744-v	remake	7	6.08	2.94	make over	0	7	0.0	0	0	0	2
oewn-00363763-v	drop	4	4.99	2.94	drop	0	4	0.0	0	0	0	2
oewn-00193830-v	compound	8	4.71	2.94	mix	0	8	0.0	0	0	0	5
oewn-02709149-v	yield	4	4.16	2.94	yield	1	4	0.25	0	0	0	2
oewn-01580466-v	immerse	10	4.05	2.94	dip	0	15	0.0	0	0	0	8
oewn-01549783-v	lie	10	4.97	2.93	sun	1	11	0.09	0	0	0	8
oewn-00391513-v	stifle	4	3.72	2.93	choke	0	4	0.0	0	0	0	2
oewn-00262962-v	overhaul	4	3.59	2.93	overhaul	0	4	0.0	0	0	0	2
oewn-00360165-v	suffocate	4	3.04	2.93	strangle	3	4	0.75	0	0	0	2
oewn-00210685-v	spoil	4	5.53	2.92	go bad	2	4	0.5	0	0	0	3
oewn-00513267-v	disable	10	5.19	2.92	hold	4	10	0.4	0	0	0	5
oewn-00763758-v	negociate	13	5.1	2.92	talk terms	0	13	0.0	0	0	0	5
oewn-00247103-v	double	4	5.01	2.92	double	0	4	0.0	0	0	0	3
oewn-02723347-v	dangle	5	4.99	2.92	drop	0	5	0.0	0	0	0	2
oewn-02177332-v	make noise	36	4.81	2.92	ring out	0	36	0.0	0	0	0	17
oewn-00503838-v	fertilize	6	4.67	2.92	feed	0	6	0.0	0	0	0	4
oewn-02023568-v	intrude on	6	4.19	2.92	raid	4	6	0.67	0	0	0	2
oewn-01599566-v	comb	6	3.52	2.92	comb	3	6	0.5	0	0	0	4
oewn-00708804-v	conspire	6	3.1	2.92	conjure	0	6	0.0	0	0	0	2
oewn-00825330-v	reprimand	4	2.94	2.92	censure	3	4	0.75	0	0	1	2
oewn-02057114-v	pass through	3	5.05	2.91	pass through	0	5	0.0	0	0	0	5
oewn-01226180-v	curl	8	4.62	2.91	wave	0	8	0.0	0	0	0	2
oewn-00607995-v	inculcate	4	3.56	2.91	din	0	4	0.0	0	0	0	2
oewn-00231983-v	grow	15	5.24	2.9	cut	0	16	0.0	0	0	0	9
oewn-00927844-v	explicate	6	4.75	2.9	develop	0	6	0.0	0	0	0	3
oewn-01582002-v	lift	7	4.5	2.9	lift	0	7	0.0	0	0	0	3
oewn-00477675-v	deform	4	4.15	2.9	strain	0	4	0.0	0	0	0	2
oewn-01458495-v	heave	7	3.99	2.9	weigh anchor	0	7	0.0	0	0	0	3
oewn-01316583-v	excavate	8	5.32	2.89	turn up	0	8	0.0	0	0	0	4
oewn-02394092-v	socialize	8	5.77	2.88	get around	0	8	0.0	0	0	0	5
oewn-02354208-v	entrust	10	5.13	2.88	trust	5	10	0.5	0	0	0	5
oewn-02509014-v	extradite	4	4.55	2.88	deliver	0	4	0.0	0	0	0	2
oewn-02725805-v	belong to	5	4.38	2.88	belong	0	5	0.0	0	0	0	3
oewn-01783082-v	frighten	18	4.28	2.88	alarm	4	18	0.22	0	0	0	9
oewn-02066140-v	lunge	6	3.86	2.88	thrust	0	6	0.0	0	0	0	3
oewn-01303637-v	restrain	6	3.79	2.88	curb	0	6	0.0	0	0	0	4
oewn-00464691-v	flatten	7	4.75	2.87	roll	0	7	0.0	0	0	0	5
oewn-00165779-v	proof	10	4.7	2.87	proof	4	10	0.4	0	0	0	7
oewn-01559354-v	cleave	5	4.65	2.87	split	0	5	0.0	0	0	0	3
oewn-01449520-v	brandish	4	4.62	2.87	wave	0	4	0.0	0	0	0	2
oewn-01634614-v	regenerate	21	4.58	2.87	replace	4	24	0.17	0	0	0	11
oewn-01816687-v	inspire	6	4.45	2.87	encourage	1	6	0.17	0	0	0	2
oewn-00558293-v	swing	4	4.34	2.87	swing	1	4	0.25	0	0	0	2
oewn-00520443-v	foam	8	3.79	2.87	form bubbles	0	8	0.0	0	0	0	3
oewn-01540197-v	tarnish	6	3.7	2.87	stain	0	6	0.0	0	0	0	2
oewn-00866139-v	minimize	5	5.42	2.86	talk down	0	5	0.0	0	0	0	2
oewn-01943033-v	sled	8	4.63	2.86	bob	0	8	0.0	0	0	0	4
oewn-01039782-v	chat up	11	4.57	2.86	chat up	1	11	0.09	0	0	0	3
oewn-00984546-v	inflect	6	4.45	2.86	compare	2	6	0.33	0	0	0	5
oewn-01789790-v	anger	14	4.42	2.86	anger	4	15	0.27	0	0	0	9
oewn-02125653-v	itch	6	3.36	2.86	itch	2	6	0.33	0	0	0	3
oewn-02412896-v	precede	7	5.78	2.85	come before	0	8	0.0	0	0	0	2
oewn-01552687-v	deface	9	5.05	2.85	mark	5	9	0.56	0	0	0	3
oewn-01768023-v	perturb	9	4.84	2.85	worry	0	9	0.0	0	0	0	2
oewn-00024807-v	freshen	6	4.46	2.85	wash up	0	6	0.0	0	0	0	2
oewn-01569697-v	uproot	5	4.41	2.85	root out	0	5	0.0	0	0	0	2
oewn-00948137-v	enumerate	6	5.61	2.84	name	0	6	0.0	0	0	0	2
oewn-01455157-v	pluck	4	5.08	2.84	pick	0	4	0.0	0	0	0	2
oewn-00287688-v	tint	7	4.91	2.84	touch	0	7	0.0	0	0	0	4
oewn-02072341-v	spurt	7	4.59	2.84	blow	0	7	0.0	0	0	0	4
oewn-01025268-v	quote	4	4.51	2.84	quote	1	4	0.25	0	0	0	3
oewn-01300869-v	affix	4	3.23	2.84	prefix	0	4	0.0	0	0	0	4
oewn-00215377-v	wet	18	5.52	2.83	water	2	20	0.1	0	0	0	8
oewn-00862284-v	laud	10	4.41	2.83	crack up	6	10	0.6	0	0	1	5
oewn-02073176-v	pour	6	4.1	2.83	pour	0	6	0.0	0	0	0	3
oewn-00495205-v	isolate	12	4.05	2.83	withdraw	0	12	0.0	0	0	0	7
oewn-01791641-v	madden	4	3.53	2.83	madden	2	4	0.5	0	0	0	2
oewn-02724891-v	sulk	5	3.48	2.83	stew	6	6	1.0	0	0	0	2
oewn-02507686-v	suspend	4	5.11	2.82	send down	2	4	0.5	0	0	0	2
oewn-00328172-v	steep	6	4.81	2.82	draw	1	7	0.14	0	0	0	5
oewn-00916373-v	shriek	6	4.25	2.82	pipe	0	6	0.0	0	0	0	2
oewn-02069013-v	deviate	3	3.06	2.82	deviate	0	4	0.0	0	0	0	4
oewn-00909100-v	complain	39	5.32	2.81	report	26	41	0.63	0	0	4	13
oewn-02163627-v	orient	6	4.75	2.81	guide	0	6	0.0	0	0	0	3
oewn-02459761-v	poll	4	4.35	2.81	poll	0	4	0.0	0	0	0	2
oewn-00015491-v	nap	6	3.82	2.81	nap	0	6	0.0	0	0	0	2
oewn-02575977-v	trespass	6	4.78	2.8	take advantage	0	6	0.0	0	0	0	2
oewn-02437970-v	reorganize	5	4.33	2.8	shake up	0	5	0.0	0	0	0	2
oewn-01733312-v	sing	30	5.71	2.79	place	1	33	0.03	0	0	0	21
oewn-00648747-v	measure	8	4.73	2.79	shoot	2	8	0.25	0	0	0	5
oewn-02552922-v	dishonor	9	4.55	2.79	shame	5	9	0.56	0	0	0	2
oewn-02282906-v	plagiarize	4	4.5	2.79	lift	4	4	1.0	0	0	1	2
oewn-01483400-v	trap	6	4.33	2.79	trap	0	6	0.0	0	0	0	2
oewn-01921542-v	shuffle	5	4.29	2.79	drag	2	5	0.4	0	0	0	2
oewn-01784760-v	terrify	4	4.26	2.79	panic	3	4	0.75	0	0	0	2
oewn-01048804-v	howl	9	3.7	2.79	roar	0	9	0.0	0	0	0	2
oewn-01634293-v	extort	4	3.08	2.79	pry	2	4	0.5	0	0	0	2
oewn-00850387-v	mind	5	5.41	2.78	mind	1	5	0.2	0	0	0	2
oewn-02494483-v	marry	12	5.03	2.78	get married	2	13	0.15	0	0	0	7
oewn-00414801-v	settle	5	4.37	2.78	settle	0	5	0.0	0	0	0	3
oewn-02275249-v	mooch	6	3.75	2.78	bum	5	6	0.83	0	0	0	2
oewn-01060096-v	crunch	7	3.66	2.78	crunch	0	7	0.0	0	0	0	2
oewn-02179501-v	rattle	4	3.35	2.78	rattle	0	4	0.0	0	0	0	3
oewn-00612092-v	remind	8	5.92	2.76	take back	0	8	0.0	0	0	0	4
oewn-02578034-v	victimize	14	5.33	2.76	short	2	15	0.13	0	0	0	2
oewn-00216642-v	drench	13	3.8	2.76	flush	0	13	0.0	0	0	0	6
oewn-01478583-v	free	10	5.63	2.75	free	6	10	0.6	0	0	0	5
oewn-01550172-v	recumb	4	5.23	2.75	rest	0	4	0.0	0	0	0	2
oewn-02362227-v	save	4	5.14	2.75	save	0	4	0.0	0	0	0	2
oewn-01534786-v	spot	14	4.89	2.75	spot	0	14	0.0	0	0	0	5
oewn-01196254-v	satiate	6	4.64	2.75	fill	6	6	1.0	0	0	0	2
oewn-01225746-v	twist	19	4.38	2.75	spin	2	22	0.09	0	0	0	7
oewn-01860612-v	migrate	4	3.43	2.75	migrate	0	5	0.0	0	0	0	4
oewn-00726794-v	amaze	4	3.19	2.75	amaze	4	4	1.0	0	0	0	2
oewn-01353381-v	contort	5	3.08	2.75	distort	0	5	0.0	0	0	0	2
oewn-00067770-v	exude	16	5.09	2.74	release	0	16	0.0	0	0	0	9
oewn-02502465-v	subjugate	4	4.96	2.74	subject	0	4	0.0	0	0	0	3
oewn-02711906-v	hover	5	3.26	2.74	hover	1	5	0.2	0	0	0	2
oewn-00371917-v	heat	15	4.86	2.73	heat	0	15	0.0	0	0	0	10
oewn-00086072-v	inject	7	4.73	2.73	shoot	0	7	0.0	0	0	0	3
oewn-00764523-v	negociate	6	4.75	2.72	treat	0	6	0.0	0	0	0	5
oewn-00829391-v	preach	7	4.21	2.71	advocate	0	7	0.0	0	0	0	2
oewn-01925197-v	slog	12	4.01	2.71	pad	0	12	0.0	0	0	0	2
oewn-00444939-v	liquefy	13	3.96	2.71	melt	0	13	0.0	0	0	0	4
oewn-00476750-v	purify	6	3.57	2.71	purge	3	6	0.5	0	0	0	3
oewn-00163249-v	refurbish	4	3.05	2.71	renovate	3	4	0.75	0	0	0	2
oewn-01574185-v	decapitate	4	3.0	2.71	guillotine	0	4	0.0	0	0	0	2
oewn-01111670-v	outdo	8	5.84	2.7	best	3	8	0.38	0	0	0	2
oewn-01740180-v	photocopy	5	5.49	2.7	run off	0	5	0.0	0	0	0	3
oewn-00327574-v	grill	7	4.65	2.7	cook out	0	7	0.0	0	0	0	4
oewn-00229706-v	distill	4	4.02	2.7	extract	0	4	0.0	0	0	0	2
oewn-02410532-v	supplant	12	5.13	2.69	step in	0	12	0.0	0	0	0	5
oewn-01786469-v	dismay	6	4.46	2.69	shock	0	6	0.0	0	0	0	2
oewn-01581670-v	ladle	4	3.74	2.69	laden	1	4	0.25	0	0	0	2
oewn-01902275-v	jiggle	5	3.26	2.69	wiggle	0	5	0.0	0	0	0	2
oewn-01805829-v	mortify	3	3.06	2.69	subdue	0	4	0.0	0	0	0	2
oewn-00718436-v	presuppose	6	4.56	2.68	suppose	0	6	0.0	0	0	0	3
oewn-00854877-v	debunk	4	3.98	2.68	expose	2	4	0.5	0	0	0	2
oewn-00256275-v	soften	4	3.36	2.68	soften	1	4	0.25	0	0	0	4
oewn-01108050-v	surpass	37	5.76	2.67	better	9	41	0.22	0	0	0	22
oewn-00841513-v	overstate	29	5.01	2.67	gas	7	29	0.24	0	0	1	4
oewn-01752992-v	print	6	4.54	2.67	print	0	7	0.0	0	0	0	6
oewn-02187621-v	honk	6	3.45	2.67	beep	0	6	0.0	0	0	0	2
oewn-01024429-v	generalize	8	3.16	2.67	infer	0	8	0.0	0	0	0	3
oewn-00759589-v	disown	18	5.92	2.66	take back	5	18	0.28	0	0	0	6
oewn-01714340-v	cast	4	4.79	2.66	cast	0	4	0.0	0	0	0	4
oewn-00060248-v	alter	6	4.05	2.66	alter	0	6	0.0	0	0	0	2
oewn-00606481-v	indoctrinate	5	4.0	2.66	inspire	1	5	0.2	0	0	0	3
oewn-00928673-v	prophesy	4	3.22	2.66	enlighten	2	5	0.4	0	0	0	3
oewn-00623406-v	confuse	27	6.28	2.65	get	11	27	0.41	0	0	0	4
oewn-02264354-v	haggle	6	5.01	2.65	beat down	0	6	0.0	0	0	0	2
oewn-00990060-v	represent	7	4.58	2.65	represent	2	7	0.29	0	0	0	5
oewn-02767330-v	kindle	5	3.81	2.65	kindle	0	5	0.0	0	0	0	2
oewn-00208136-v	degrade	4	3.28	2.65	degrade	0	4	0.0	0	0	0	2
oewn-02305021-v	bid	9	5.51	2.64	call	1	9	0.11	0	0	0	8
oewn-01422383-v	roil	4	3.26	2.64	puddle	0	4	0.0	0	0	0	2
oewn-01054173-v	peep	6	4.83	2.63	twitter	0	6	0.0	0	0	0	2
oewn-01469362-v	disarrange	10	4.57	2.63	mess up	6	10	0.6	0	0	0	4
oewn-01231635-v	permeate	9	3.55	2.63	penetrate	2	9	0.22	0	0	0	2
oewn-01520294-v	intertwine	15	4.84	2.62	wind	0	15	0.0	0	0	0	6
oewn-01889423-v	churn	6	4.75	2.62	roll	6	6	1.0	0	0	0	2
oewn-00838384-v	misrepresent	13	4.59	2.62	affect	5	13	0.38	0	0	0	4
oewn-00977934-v	advertise	6	4.03	2.62	headline	1	6	0.17	0	0	0	3
oewn-00403446-v	complicate	6	3.26	2.62	complicate	0	6	0.0	0	0	0	3
oewn-00403738-v	snarl	4	2.62	2.62	snarl	0	4	0.0	0	0	0	2
oewn-00892737-v	cover	5	5.08	2.61	cover	3	5	0.6	0	0	0	3
oewn-00669342-v	disprove	7	3.8	2.6	explode	6	7	0.86	0	0	0	4
oewn-00842804-v	understate	6	3.8	2.6	minimize	4	6	0.67	0	0	0	2
oewn-01263249-v	hew	4	2.61	2.6	hew	2	4	0.5	0	0	0	2
oewn-00444071-v	harden	7	4.32	2.59	cure	1	7	0.14	0	0	0	5
oewn-01906398-v	scurry	5	3.76	2.59	crab	0	5	0.0	0	0	0	2
oewn-01112928-v	overpower	5	3.15	2.59	overwhelm	3	5	0.6	0	0	0	2
oewn-00535917-v	redden	7	2.98	2.59	carmine	0	7	0.0	0	0	0	7
oewn-02070438-v	flow	9	4.68	2.58	flow	0	9	0.0	0	0	0	3
oewn-01100154-v	discharge	8	4.02	2.58	cannon	0	10	0.0	0	0	0	5
oewn-00380111-v	char	6	3.47	2.57	char	0	6	0.0	0	0	0	2
oewn-00257003-v	balloon	4	3.9	2.56	balloon	3	4	0.75	0	0	0	2
oewn-01290655-v	fetter	5	3.51	2.56	cuff	0	5	0.0	0	0	0	2
oewn-01358741-v	disconnect	4	3.46	2.56	disconnect	0	4	0.0	0	0	0	3
oewn-00494639-v	devalue	6	5.11	2.55	lower	2	6	0.33	0	0	0	4
oewn-00837582-v	falsify	7	4.86	2.55	murder	0	7	0.0	0	0	0	2
oewn-00958437-v	embroider	10	4.59	2.55	blow up	1	10	0.1	0	0	0	2
oewn-00660783-v	reorder	4	4.37	2.55	reverse	0	4	0.0	0	0	0	3
oewn-00887802-v	pledge	4	5.71	2.54	give	2	4	0.5	0	0	0	4
oewn-01521557-v	weave	10	4.73	2.54	shoot	0	10	0.0	0	0	0	7
oewn-00857615-v	deprecate	5	3.23	2.54	puncture	0	5	0.0	0	0	0	2
oewn-00498786-v	impregnate	13	5.14	2.53	stuff	4	13	0.31	0	0	0	9
oewn-00825981-v	chastise	6	4.79	2.53	correct	5	6	0.83	0	0	0	2
oewn-00818217-v	deny	4	4.34	2.53	deny	2	4	0.5	0	0	0	4
oewn-02591135-v	agitate	4	3.96	2.52	stir up	1	4	0.25	0	0	0	2
oewn-00032974-v	frown	5	5.11	2.51	lower	5	5	1.0	0	0	0	2
oewn-02281167-v	reclaim	4	3.44	2.51	reclaim	0	4	0.0	0	0	0	3
oewn-02318230-v	deprive	13	4.13	2.5	tongue-tie	1	14	0.07	0	0	0	10
oewn-01586914-v	bevel	4	3.83	2.5	cone	0	4	0.0	0	0	0	3
oewn-00989377-v	represent	5	4.58	2.49	represent	1	5	0.2	0	0	0	3
oewn-00910930-v	patronize	4	3.14	2.49	stoop to	0	4	0.0	0	0	0	2
oewn-00805801-v	assent	4	3.03	2.49	assent	1	4	0.25	0	0	0	2
oewn-00196708-v	burn	8	4.53	2.48	burn	0	9	0.0	0	0	0	4
oewn-00404874-v	depressurize	4	3.23	2.47	puncture	0	4	0.0	0	0	0	2
oewn-00829664-v	preach	4	3.69	2.46	preach	0	4	0.0	0	0	0	2
oewn-01826198-v	commiserate	4	3.06	2.46	sympathize	1	4	0.25	0	0	0	2
oewn-02224722-v	sponsor	4	4.04	2.45	sponsor	0	4	0.0	0	0	0	2
oewn-01305902-v	bind	6	3.94	2.45	cement	0	6	0.0	0	0	0	4
oewn-00924409-v	signalize	5	3.87	2.45	distinguish	5	5	1.0	0	0	0	2
oewn-00210263-v	decompose	6	4.6	2.44	hang	0	6	0.0	0	0	0	3
oewn-01793821-v	upset	21	5.03	2.43	pain	14	21	0.67	0	0	0	8
oewn-00061366-v	sterilize	16	4.75	2.43	fix	7	17	0.41	0	0	0	4
oewn-00052265-v	inseminate	14	4.35	2.43	knock up	0	15	0.0	0	0	0	6
oewn-02487025-v	legalize	11	4.22	2.43	legitimate	0	11	0.0	0	0	0	2
oewn-01280991-v	wrinkle	14	3.7	2.43	crisp	3	15	0.2	0	0	0	3
oewn-01101801-v	demilitarize	4	3.12	2.43	neutralize	0	4	0.0	0	0	0	2
oewn-00940278-v	rede	12	4.88	2.42	comment	2	13	0.15	0	0	0	8
oewn-00230031-v	enhance	6	4.75	2.42	raise	0	6	0.0	0	0	0	4
oewn-00654571-v	compare	4	4.45	2.42	compare	0	4	0.0	0	0	0	3
oewn-02574914-v	overdo	5	3.19	2.42	exaggerate	1	5	0.2	0	0	0	4
oewn-00367511-v	evaporate	4	3.01	2.42	evaporate	0	4	0.0	0	0	0	2
oewn-00191849-v	inactivate	4	2.97	2.42	deactivate	2	4	0.5	0	0	0	2
oewn-00412717-v	denationalize	4	2.55	2.42	privatize	0	4	0.0	0	0	0	2
oewn-00868366-v	consecrate	5	4.17	2.4	bless	0	5	0.0	0	0	0	2
oewn-01256577-v	abrade	8	3.97	2.4	rub down	1	8	0.12	0	0	0	3
oewn-01376685-v	spatter	11	3.85	2.4	splash	4	11	0.36	0	0	0	3
oewn-01090416-v	disarm	4	3.21	2.4	disarm	0	4	0.0	0	0	0	2
oewn-00102545-v	salivate	7	3.06	2.4	dribble	0	7	0.0	0	0	0	2
oewn-00673936-v	overestimate	4	2.83	2.4	overestimate	0	4	0.0	0	0	0	2
oewn-00218382-v	moisten	7	4.46	2.39	wash	0	7	0.0	0	0	0	3
oewn-00873606-v	bode	15	4.09	2.39	forecast	1	15	0.07	0	0	0	3
oewn-00481900-v	systematize	6	3.71	2.39	digest	0	6	0.0	0	0	0	3
oewn-00728262-v	impute	22	5.22	2.38	project	0	24	0.0	0	0	0	11
oewn-01753598-v	engrave	4	2.78	2.37	etch	0	4	0.0	0	0	0	3
oewn-00510688-v	spot	5	4.89	2.36	spot	0	5	0.0	0	0	0	3
oewn-00239753-v	oxidize	6	4.26	2.36	breathe	0	6	0.0	0	0	0	3
oewn-00240207-v	oxidise	4	3.74	2.36	rust	0	4	0.0	0	0	0	2
oewn-01819595-v	please	9	5.66	2.35	please	3	10	0.3	0	0	0	3
oewn-02672590-v	oppose	7	3.94	2.34	oppose	0	7	0.0	0	0	0	3
oewn-00305203-v	constrict	5	4.39	2.33	narrow	0	5	0.0	0	0	0	3
oewn-02629050-v	complect	4	2.7	2.33	interconnect	0	4	0.0	0	0	0	2
oewn-01422636-v	box	4	5.04	2.32	box	0	4	0.0	0	0	0	4
oewn-01542421-v	absorb	5	3.81	2.32	absorb	0	5	0.0	0	0	0	3
oewn-02275660-v	beg	6	4.05	2.3	beg	1	6	0.17	0	0	0	3
oewn-00422078-v	slacken	4	3.09	2.29	remit	0	4	0.0	0	0	0	2
oewn-01675909-v	knit	5	4.29	2.28	loop	0	5	0.0	0	0	0	3
oewn-01522610-v	undo	28	5.48	2.27	open	0	29	0.0	0	0	0	18
oewn-00252501-v	derive	4	3.51	2.26	derive	0	4	0.0	0	0	0	2
oewn-02255873-v	insure	3	3.4	2.26	insure	0	4	0.0	0	0	0	4
oewn-02519655-v	wrong	5	5.39	2.24	wrong	2	5	0.4	0	0	0	4
oewn-01474455-v	commandeer	6	3.96	2.24	pirate	0	6	0.0	0	0	0	3
oewn-00443222-v	gasify	6	3.48	2.24	sublime	0	6	0.0	0	0	0	2
oewn-01101280-v	militarize	6	3.18	2.23	mobilize	0	6	0.0	0	0	0	3
oewn-00089076-v	disinfect	5	2.62	2.23	sterilize	2	5	0.4	0	0	0	4
oewn-00270026-v	immobilize	6	3.37	2.22	stun	4	6	0.67	0	0	0	3
oewn-00060604-v	emasculate	8	5.24	2.21	cut	0	8	0.0	0	0	0	3
oewn-01671502-v	embroider	5	3.48	2.21	faggot	0	6	0.0	0	0	0	4
oewn-01818363-v	depress	12	5.88	2.2	get down	4	12	0.33	0	0	0	3
oewn-00216226-v	humidify	4	3.03	2.2	hydrate	0	4	0.0	0	0	0	2
oewn-02484525-v	formalize	4	2.47	2.2	formalize	0	4	0.0	0	0	0	2
oewn-00412472-v	nationalize	4	2.29	2.17	nationalize	0	4	0.0	0	0	0	2
oewn-02044118-v	bow	7	4.3	2.16	bow	0	8	0.0	0	0	0	5
oewn-00673109-v	misjudge	7	3.69	2.15	underestimate	1	7	0.14	0	0	0	4
oewn-02264636-v	dicker	6	3.95	2.14	bargain	0	6	0.0	0	0	0	2
oewn-01038676-v	chatter	19	3.38	2.13	chatter	0	19	0.0	0	0	0	2
oewn-01797944-v	fuss	7	3.62	2.11	fuss	3	7	0.43	0	0	0	3
oewn-01898642-v	dance	7	4.93	2.09	dance	0	7	0.0	0	0	0	6
oewn-00954214-v	voice	7	5.15	2.06	sound	0	7	0.0	0	0	0	3
oewn-00511445-v	mottle	6	4.46	2.06	cloud	0	6	0.0	0	0	0	3
oewn-00613596-v	commemorate	7	3.49	2.06	commemorate	0	7	0.0	0	0	0	2
oewn-00114645-v	convert	8	4.11	2.04	convert	0	8	0.0	0	0	0	5
oewn-01465097-v	blend	5	3.95	2.04	blend	0	5	0.0	0	0	0	2
oewn-00386056-v	convert	9	4.11	2.03	convert	0	9	0.0	0	0	0	4
oewn-01432088-v	breed	8	5.0	2.01	cross	3	8	0.38	0	0	0	3
oewn-00778568-v	charm	9	4.78	2.01	influence	0	9	0.0	0	0	0	2
oewn-02297496-v	embezzle	6	3.43	2.01	fiddle	0	6	0.0	0	0	1	2
oewn-02273988-v	conserve	5	5.0	2.0	husband	0	5	0.0	0	0	0	2
oewn-00067316-v	sweat	4	4.14	2.0	sweat	0	4	0.0	0	0	0	2
oewn-01051609-v	chant	5	3.6	1.98	chant	0	5	0.0	0	0	0	2
oewn-00022309-v	sedate	9	4.54	1.97	calm	5	9	0.56	0	0	0	2
oewn-00020664-v	hypnotize	6	4.39	1.97	entrance	0	6	0.0	0	0	0	2
oewn-01112658-v	outmaneuver	4	2.67	1.97	outsmart	3	4	0.75	0	0	0	2
oewn-00494865-v	devalue	4	2.65	1.94	devalue	0	4	0.0	0	0	0	2
oewn-01432586-v	crossbreed	6	5.0	1.93	cross	0	6	0.0	0	0	0	2
oewn-00444625-v	crystallize	5	2.35	1.92	crystallize	0	5	0.0	0	0	0	2
oewn-01787700-v	faze	5	2.91	1.91	faze	4	5	0.8	0	0	0	2
oewn-00316611-v	revalue	4	4.74	1.9	appreciate	0	4	0.0	0	0	0	2
oewn-02390514-v	divest	5	2.88	1.87	divest	2	5	0.4	0	0	0	3
oewn-00695167-v	deify	4	1.82	1.82	deify	0	4	0.0	0	0	0	2
oewn-00694673-v	idealize	7	2.3	1.81	romanticize	0	7	0.0	0	0	0	3
oewn-01346975-v	unfasten	4	2.55	1.75	unzip	0	4	0.0	0	0	0	4
oewn-00418521-v	stiffen	6	3.3	1.74	starch	0	6	0.0	0	0	0	4
oewn-00390309-v	enfeeble	6	4.81	1.7	waste	0	6	0.0	0	0	0	2
oewn-00990319-v	dramatize	4	2.3	1.7	dramatize	2	4	0.5	0	0	0	2
oewn-01254989-v	smear	4	3.46	1.68	smear	2	4	0.5	0	0	0	3
oewn-00267083-v	polymerize	4	1.67	1.67	polymerize	0	4	0.0	0	0	0	2
oewn-02502711-v	liberate	8	5.59	1.63	set free	2	8	0.25	0	0	0	4
oewn-01193027-v	intoxicate	5	3.61	1.63	soak	0	5	0.0	0	0	0	2
oewn-00480529-v	mechanize	4	2.15	1.58	dehumanize	0	4	0.0	0	0	0	2
oewn-00406465-v	decentralize	5	2.19	1.55	decentralize	0	5	0.0	0	0	0	2
oewn-00508745-v	fossilize	4	1.67	1.54	petrify	0	4	0.0	0	0	0	2
oewn-01573763-v	strangle	7	3.47	1.48	throttle	0	7	0.0	0	0	0	2
oewn-00455823-v	flush	3	3.8	1.46	flush	0	4	0.0	0	0	0	3
oewn-00278169-v	chronologize	6	2.59	1.45	predate	0	6	0.0	0	0	0	3
oewn-00704539-v	predetermine	5	1.68	1.4	predetermine	3	7	0.43	0	0	0	3
oewn-01287064-v	untie	6	2.51	1.29	untie	0	6	0.0	0	0	0	3
oewn-00827994-v	deplore	8	2.43	1.2	deplore	0	8	0.0	0	0	0	2
oewn-01553002-v	dissect	4	2.9	1.1	dissect	0	4	0.0	0	0	0	3
